time,open,high,low,close,volume,volume_valid,SMA5,SMA20,SMA60,SMA120,SMA200,RSI(14),SMA(9),VolumeSMA5,VolumeSMA20,VolumeSMA60,credit,foreign,investmentTrust
2025-04-22,32897.9235855097,32957.9235855097,32801.46302830114,32861.46302830114,113600,1,32986.52021530163,32891.15669797211,32691.238886827556,32415.32787098428,32062.099234326473,49.010776989863125,68.06011624717314,113520,113220,112420,1,0.7,1500
2025-04-23,32830.19979730988,32890.19979730988,32738.614982566556,32798.614982566556,113640,1,32926.25179261054,32908.37053808542,32693.20702286386,32425.271950617534,32071.007124901535,44.57395446911743,64.35369138488211,113560,113260,112460,0,0.8,500
2025-04-24,32766.72373557269,32826.72373557269,32683.49171260172,32743.49171260172,113680,1,32864.70644721245,32921.42225094015,32693.732258619875,32434.444137634393,32079.852397328148,41.06274808283113,60.195042295376,113600,113300,112500,0.1,0.9,2000
2025-04-25,32712.37515448476,32772.37515448476,32640.053446261354,32700.053446261354,113720,1,32806.243700507686,32930.033274159476,32693.31486739377,32442.80707978444,32088.618025321735,38.489733256307524,55.758279649401,113640,113340,112540,0.2,1,1000
2025-04-28,32671.58883905158,32731.58883905158,32611.53389447021,32671.53389447021,113760,1,32755.031412840188,32934.20114593996,32692.513730463907,32450.37373974358,32097.291934502824,36.8568058849244,51.39663208927478,113680,113380,112580,0.3,1.1,2500
2025-04-29,32648.02132704424,32720.23919473999,32588.02132704424,32660.23919473999,113800,1,32714.786646127955,32934.19965811459,32691.911588557876,32457.206589157595,32105.867753123453,36.201765026986344,47.437399908795065,113720,113420,112620,0.4,1.2,1500
2025-04-30,32644.258864230585,32727.40452670846,32584.258864230585,32667.40452670846,113840,1,32688.544554956337,32930.56183310265,32692.078809856495,32463.413724457834,32114.34520823164,36.9671221701508,44.182498167939244,113760,113460,112660,0.5,1.3,3000
2025-05-01,32661.59187327678,32753.117314652078,32601.59187327678,32693.117314652078,113880,1,32678.46967536641,32924.04678315743,32693.537927262878,32469.14214594862,32122.73014264216,39.75991418143607,41.912652154924245,113800,113500,112700,0.6,1.4,2000
2025-05-02,32699.87708471932,32796.3117918679,32639.87708471932,32736.311791867898,113920,1,32685.72134448772,32915.5925124429,32696.731149837342,32474.568618040354,32131.03415165868,44.23019037953801,40.79477893790616,113840,113540,112740,0.7,1.5,3500
2025-05-05,32757.50224704654,32854.83526488523,32697.50224704654,32794.83526488523,113960,1,32710.381618570722,32906.257596478026,32701.992868379868,32479.888678894593,32139.273862133894,49.67880705974524,40.869004501226385,113880,113580,112780,0.8,1.6,2500
2025-05-06,32831.460475600674,32925.581957519214,32771.460475600674,32865.581957519214,114000,1,32751.45017112657,32897.15536503812,32709.528864629727,32485.30448280824,32147.46989869237,55.356896230615106,42.0671091413928,113920,113620,112820,0.9,1.7,4000
2025-05-07,32917.53246811518,33004.686112991454,32857.53246811518,32944.686112991454,114040,1,32806.90648838317,32889.38468070169,32719.40351675364,32491.01223123851,32155.645601391298,60.69705548399541,44.248698852633275,113960,113660,112860,1,1.8,3000
2025-05-08,33010.56577919431,33087.762347962955,32950.56577919431,33027.762347962955,114080,1,32873.835495045336,32883.96161689762,32731.53579662317,32497.18997394656,32163.825574548762,65.38066557421024,47.23658022128913,114000,113700,112900,0,1.9,4500
2025-05-09,33104.83192508478,33170.178314429926,33044.83192508478,33110.178314429926,114120,1,32948.60879955775,32881.75628338059,32745.704307751315,32503.98653872575,32172.03415696642,69.2904142086658,50.84031447948261,114040,113740,112940,0.1,2,3500
2025-05-12,33194.43506995608,33254.43506995608,33127.342716686246,33187.342716686246,114160,1,33027.11028991795,32883.43872702087,32761.561050653716,32511.51227801027,32180.293908660697,72.42990172560442,54.86566300155128,114080,113780,112980,0.2,2.1,5000
2025-05-13,33273.741102174085,33333.741102174085,33194.990775852835,33254.990775852835,114200,1,33104.99205358468,32889.43727153521,32778.65305977113,32519.832207695265,32188.624208190224,74.85668180605947,59.0756140722078,114120,113820,113020,0.3,2.2,4000
2025-05-14,33337.793542108346,33397.793542108346,33249.44939317231,33309.44939317231,114240,1,33177.94470962086,32899.91188639273,32796.450566673964,32528.961964763374,32197.040047790942,76.63935940804504,63.17333020849768,114160,113860,113060,0.4,2.3,5500
2025-05-15,33382.683200027015,33442.683200027015,33287.8655254993,33347.8655254993,114280,1,33241.96534512813,32914.74424068809,32814.37993849735,32538.866835052904,32205.55110123147,77.83330066211238,66.90700912878373,114200,113900,113100,0.5,2.4,4500
2025-05-16,33405.841831567705,33465.841831567705,33308.383573704756,33368.383573704756,114320,1,33293.60639698309,32933.545060384065,32831.85934365436,32549.463911616236,32214.161122345027,78.46632931557417,70.10562271276471,114240,113940,113140,0.6,2.5,6000
2025-05-19,33406.23596224352,33466.23596224352,33310.26075484235,33370.26075484235,114360,1,33330.190004614306,32955.67833148579,32848.334927305965,32560.627249472298,32222.867711634255,78.52674851512327,72.68005074437673,114280,113980,113180,0.7,2.6,5000
2025-05-20,33384.4450711892,33444.4450711892,33293.91328479445,33353.91328479445,114400,1,33349.97450640263,32980.300844310455,32863.31524737245,32572.195696255483,32231.662465460366,76.51337969796754,74.43742010148473,114320,114020,113220,0.8,2.7,6500
2025-05-21,33342.61773985755,33402.61773985755,33260.890499984496,33320.890499984496,114440,1,33352.26272776506,33006.41462018136,32876.4018300216,32583.982911889205,32240.53149854068,72.47117014738359,75.22525394294843,114360,114060,113260,0.9,2.8,5500
2025-05-22,33284.30935323207,33344.30935323207,33213.77852714223,33273.77852714223,114480,1,33337.44532809365,33032.92896090838,32887.313944841655,32595.788954309344,32249.456307268265,67.03045619804091,74.97414749732346,114400,114100,113300,1,2.9,7000
2025-05-23,33214.21460512439,33276.0394904694,33154.21460512439,33216.0394904694,114520,1,33306.976511446584,33058.728263118785,32895.90605929862,32607.412710893383,32258.41492017657,60.9874375808862,73.70276259235476,114440,114140,113340,0,3,6000
2025-05-26,33137.81655126953,33211.79625352535,33077.81655126953,33151.79625352535,114560,1,33263.283611183186,33082.74138107154,32902.17688724431,32618.664402669212,32267.383264018834,55.041571210531934,71.50108363729616,114480,114180,113380,0.1,3.1,7500
2025-05-27,33060.98053137665,33145.576079539744,33000.98053137665,33085.576079539744,114600,1,33209.61617013225,33104.008225311525,32906.26946888287,32629.37738385242,32276.33666052594,49.6664812640238,68.50409717684936,114520,114220,113420,0.2,3.2,6500
2025-05-28,32989.5253821979,33082.02914811235,32929.5253821979,33022.02914811235,114640,1,33149.84389975782,33121.73945638172,32908.462277223625,32639.418503074052,32285.251360781676,45.11355216369099,64.86856956591365,114560,114260,113460,0.3,3.3,8000
2025-05-29,32928.80565896688,33025.63942956828,32868.80565896688,32965.63942956828,114680,1,33088.21608024302,33135.36556212754,32909.151903978185,32648.696382087808,32294.10602181533,41.47980868192124,60.75895616217443,114600,114300,113500,0.4,3.4,7000
2025-05-30,32883.33700453791,32980.445893400974,32823.33700453791,32920.445893400974,114720,1,33029.09736082934,33144.57226720419,32908.82840140863,32657.16709722682,32302.88303360421,38.783582943515256,56.34304887644021,114640,114340,113540,0.5,3.5,8500
2025-06-02,32856.49255071057,32949.79138471152,32796.49255071057,32889.79138471152,114760,1,32976.69638706658,33149.3200731955,32908.044813251414,32664.836910364516,32311.56961397958,37.02556262005257,51.955513645560764,114680,114380,113580,0.6,3.6,7500
2025-06-03,32850.29174216736,32936.11478229105,32790.29174216736,32876.11478229105,114800,1,32934.80412761684,33149.84671443409,32907.38278913643,32671.761879581667,32320.15860336,36.23635901081544,47.92942351927541,114720,114420,113620,0.7,0,9000
2025-06-04,32865.294872671315,32940.799360950055,32805.294872671315,32880.799360950055,114840,1,32906.55817018438,33146.65237683202,32907.41642043022,32678.044373746427,32328.648909899424,36.73379383429853,44.56312770108181,114760,114460,113660,0.8,0.1,8000
2025-06-05,32900.60767851803,32964.08678619044,32840.60767851803,32904.08678619044,114880,1,32894.24764150881,33140.46859874339,32908.67654601536,32683.826707713924,32337.04557737289,39.270097686817664,42.1500899350742,114800,114500,113700,0.9,0.2,9500
2025-06-06,32953.9913629698,33013.9913629698,32885.06208861511,32945.06208861511,114920,1,32899.17088055164,33132.212787452656,32911.61774729982,32689.28229387787,32345.35947157903,43.55774654456607,40.87410941663355,114840,114540,113740,1,0.3,8500
2025-06-09,33022.06521961991,33082.06521961991,32941.710552293465,33001.710552293465,114960,1,32921.55471406803,33122.93117923302,32916.59008454673,32694.604860227828,32353.606604757333,48.92638187823959,40.79187615154641,114880,114580,113780,0,0.4,10000
2025-06-10,33100.582274245324,33160.582274245324,33011.042980039914,33071.042980039914,115000,1,32960.54035361779,33113.733789442376,32923.81733182275,32699.99640528112,32361.807140024634,54.61614165427895,41.84771942827841,114920,114620,113820,0.1,0.5,9000
2025-06-11,33184.753602387675,33244.753602387675,33089.28154721685,33149.28154721685,115040,1,33014.23679087115,33105.725397144604,32933.38306381038,32705.654638793385,32369.984137730204,60.027735808323854,43.90860022010093,114960,114660,113860,0.2,0.6,10500
2025-06-12,33269.594524235144,33329.594524235144,33172.09468857309,33232.09468857309,115080,1,33079.83837134768,33099.936855298285,32945.22545953903,32711.760689123577,32378.16212167488,64.81070345415432,46.800502499060826,115000,114700,113900,0.3,0.7,9500
2025-06-13,33350.26581920978,33410.26581920978,33254.86641399157,33314.86641399157,115120,1,33153.79923642297,33097.260997312624,32959.14114611354,32718.46784154986,32386.365554339936,68.82584464759164,50.333867168787386,115040,114740,113940,0.4,0.8,11000
2025-06-16,33422.38530044831,33482.38530044831,33332.98330839764,33392.98330839764,115160,1,33232.05378764381,33098.39712499039,32974.79784345578,32725.892007733477,32394.61731592847,72.06536613277108,54.31486796011579,115080,114780,113980,0.5,0.9,10000
2025-06-17,33482.28919959301,33542.28919959301,33402.12137156369,33462.12137156369,115200,1,33310.26946594857,33103.80752932885,32991.75502387051,32734.10451889302,32402.9372817852,74.58286713228823,58.520320548781314,115120,114820,114020,0.6,1,11500
2025-06-18,33527.22832982646,33587.22832982646,33458.51486350035,33518.51486350035,115240,1,33384.11612920527,33113.688747504646,33009.49130192384,32743.127690774774,32411.34108664379,76.44736794598415,62.65112835535537,115160,114860,114060,0.7,1.1,10500
2025-06-19,33555.49031296334,33619.19043992998,33495.49031296334,33559.19043992998,115280,1,33449.53527947665,33127.95934314403,33027.43685166422,32752.933436167685,32419.839152534823,77.717058670843,66.44660748049725,115200,114900,114100,0.8,1.2,12000
2025-06-20,33566.4456327478,33642.15202043266,33506.4456327478,33582.15202043266,115320,1,33502.992400764866,33146.264969642194,33045.00883564018,32763.44501123011,32428.436040794444,78.42415575032909,69.72413791072943,115240,114940,114140,0.9,1.3,11000
2025-06-23,33560.521301736866,33646.504895058875,33500.521301736866,33586.504895058875,115360,1,33541.69671809711,33168.00040171888,33061.64764291016,32774.541787050184,32437.13016846255,78.5630323081929,72.38490353894207,115280,114980,114180,1,1.4,12500
2025-06-24,33539.11098674587,33632.511353060705,33479.11098674587,33572.511353060705,115400,1,33563.77471439651,33192.347165394924,33076.851682940374,32786.066749767306,32445.913906703598,76.85047975064438,74.25409731031101,115320,115020,114220,0,1.5,11500
2025-06-25,33504.434152021204,33601.574375016506,33444.434152021204,33541.574375016506,115440,1,33568.38661669974,33218.32442674013,33090.20857207487,32797.83626293352,32454.77405513063,73.05878777141997,75.17055112334053,115360,115060,114260,0.1,1.6,13000
2025-06-26,33459.358945194435,33556.15040229379,33399.358945194435,33496.15040229379,115480,1,33555.77860917251,33244.849975376404,33101.42077355382,32809.65148513837,32463.692662541423,67.77158441498571,75.05341109749541,115400,115100,114300,0.2,1.7,12000
2025-06-27,33407.204144515694,33499.596607422536,33347.204144515694,33439.596607422536,115520,1,33527.26752657048,33270.80751107748,33110.324096908225,32821.31073300481,32472.648143037273,61.77721882445345,73.91028361879347,115440,115140,114340,0.3,1.8,13500
2025-06-30,33351.534652802766,33435.96216136754,33291.534652802766,33375.96216136754,115560,1,33485.15897983222,33295.116049910284,33116.89790652797,32832.62202088467,32481.616618129654,55.79694328682629,71.82295874707546,115480,115180,114380,0.4,1.9,12500
2025-07-01,33295.96305079752,33369.73647568958,33235.96305079752,33309.73647568958,115600,1,33432.604004357985,33316.797134580214,33121.266404684175,32843.41499759646,32490.573401388945,50.335741867675566,68.92166696059672,115520,115220,114420,0.5,2,14000
2025-07-02,33243.966994190945,33305.57007267875,33183.966994190945,33245.57007267875,115640,1,33373.403143890435,33335.035670166646,33123.69090923349,32853.55153803669,32499.494533327095,45.67142288370883,65.36104076202626,115560,115260,114460,0.6,2.1,13000
2025-07-03,33198.72918298985,33258.72918298985,33127.98543840287,33187.98543840287,115680,1,33311.77015111225,33349.23060277727,33124.55360613947,32862.934331129865,32508.358271082525,41.917457179918046,61.304740920869484,115600,115300,114500,0.7,2.2,14500
2025-07-04,33163.003667069715,33223.003667069715,33081.09583642812,33141.09583642812,115720,1,33252.069996913364,33359.03229016792,33124.33378700043,32871.5129301598,32517.146440285942,39.09927490806679,56.91987898752215,115640,115340,114540,0.8,2.3,13500
2025-07-07,33139.009733912666,33199.009733912666,33048.349565012715,33108.349565012715,115760,1,33198.5474776424,33364.36424080389,33123.5780490193,32879.286889302115,32525.84556505462,37.21740238405553,52.51620372456783,115680,115380,114580,0.9,2.4,15000
2025-07-08,33128.35280713558,33188.35280713558,33032.3155586228,33092.3155586228,115800,1,33155.06329422905,33365.42786973303,33122.86631023691,32886.30579134343,32534.447705857507,36.2962155507099,48.431473477822266,115720,115420,114620,1,2.5,14000
2025-07-09,33131.97079174631,33191.97079174631,33034.52366402981,33094.52366402981,115840,1,33124.85401249926,33362.689975573674,33122.775753037036,32892.666164863855,32542.9509531568,36.52920595113286,44.96009809294972,115760,115460,114660,0,2.6,15500
2025-07-10,33150.10412024552,33210.10412024552,33055.369521847824,33115.369521847824,115880,1,33110.33082918825,33356.85371723741,33123.8449377413,32898.50548255738,32551.359546133765,38.80469905099168,42.407595895898424,115800,115500,114700,0.1,2.7,14500
2025-07-11,33182.28823986676,33242.28823986676,33094.089967516535,33154.089967516535,115920,1,33112.92965540594,33348.81489491366,33126.54031753682,32903.99361384564,32559.683609116983,42.89962287662157,40.97456029476456,115840,115540,114740,0.2,2.8,16000
2025-07-14,33227.36818944235,33287.36818944235,33148.81048117722,33208.81048117722,115960,1,33133.02183863884,33339.606253552636,33131.22723667631,32909.32226321998,32567.938522100638,48.17729418417182,40.73473277437526,115880,115580,114780,0.3,2.9,15000
2025-07-15,33283.53593455391,33343.53593455391,33216.6617362385,33276.6617362385,116000,1,33169.891074161984,33330.33327178638,33138.14721514194,32914.69305098474,32576.14396449096,53.87070570985175,41.645764199502246,115920,115620,114820,0.4,3,16500
2025-07-16,33348.39193483826,33413.9580002064,33288.39193483826,33353.9580002064,116040,1,33221.777941397304,33322.10542862168,33147.402932102596,32920.30497748322,32584.32269153606,59.349707778705444,43.582680932700846,115960,115660,114860,0.5,3.1,15500
2025-07-17,33419.03271309736,33496.4262956793,33359.03271309736,33436.4262956793,116080,1,33285.98929616359,33315.96722140915,33158.95184182056,32926.34205022021,32592.499119514832,64.23109734912671,46.37510564837417,116000,115700,114900,0.6,3.2,17000
2025-07-18,33492.16576539086,33579.47207338694,33432.16576539086,33519.47207338694,116120,1,33359.065717337675,33312.833224056856,33172.60881893932,32932.96184316654,32600.69780765097,68.35241083945658,49.83455103230763,116040,115740,114940,0.7,3.3,16000
2025-07-21,33564.25189075439,33658.46487901065,33504.25189075439,33598.46487901065,116160,1,33436.99659690437,33313.43122325445,33188.05766868166,32940.28569957278,32608.9419311394,71.69338170585708,53.76756949399064,116080,115780,114980,0.8,3.4,17500
2025-07-22,33631.67295858794,33729.02625240573,33571.67295858794,33669.02625240573,116200,1,33515.469500137806,33318.2569682217,33204.87078630942,32948.39118743364,32617.25184022491,74.30300906745919,57.96465872913801,116120,115820,115020,0.9,3.5,16500
2025-07-23,33690.920438381014,33787.301959046476,33630.920438381014,33727.301959046476,116240,1,33590.13829190582,33327.5433474232,33222.53574351505,32957.30727668577,32625.643794922486,76.25039532162896,62.1252916480977,116160,115860,115060,1,3.6,18000
2025-07-24,33738.796980138424,33830.20162766128,33678.796980138424,33770.20162766128,116280,1,33656.893358302215,33341.24590869157,33240.48714873187,32967.012537997376,32634.12895404833,77.59637702609382,65.98048655359462,116200,115900,115100,0,0,17000
2025-07-25,33772.62033556927,33855.590894550376,33712.62033556927,33795.590894550376,116320,1,33712.1171225349,33359.04562304796,33258.14180044324,32977.4364751403,32642.712681418732,78.37741351045742,69.33605536762633,116240,115940,115140,0.1,0.1,18500
2025-07-28,33790.41637696605,33862.42410798305,33730.41637696605,33802.42410798305,116360,1,33752.90896832938,33380.368720378734,33274.9349478282,32988.46390810404,32651.394212353942,78.59371222282931,72.0830560912905,116280,115980,115180,0.2,0.2,17500
2025-07-29,33791.08632307085,33851.08632307085,33730.80934175773,33790.80934175773,116400,1,33777.26558619978,33404.42236368214,33290.35540423218,32999.94213443095,32660.166701222253,77.18044674759088,74.06424931005554,116320,116020,115220,0.3,0.3,19000
2025-07-30,33774.53287754528,33834.53287754528,33702.00167569663,33762.00167569663,116440,1,33784.205529529805,33430.24394383303,33303.97733027726,33011.69042351545,32669.017647068227,73.64331247290207,75.11005099047503,116360,116060,115260,0.4,0.4,18000
2025-07-31,33741.73107201328,33801.73107201328,33658.32516086128,33718.32516086128,116480,1,33773.83023616981,33456.76092995595,33315.48671049224,33023.51125355771,32677.929670861544,68.51631787381773,75.12826288318182,116400,116100,115300,0.5,0.5,19500
2025-08-01,33694.73227612109,33754.73227612109,33603.02832131393,33663.02832131393,116520,1,33747.317721522515,33482.857554200236,33324.70087727364,33035.202592512476,32686.88159604096,62.57644126616619,74.11526950099395,116440,116140,115340,0.6,0.6,18500
2025-08-04,33636.59401011462,33696.59401011462,33540.08217662526,33600.08217662526,116560,1,33706.849335250954,33507.44418478086,33331.579868272616,33046.570459463175,32695.849765170296,56.564923679039296,72.14437112450284,116480,116180,115380,0.7,0.7,20000
2025-08-05,33571.233609660616,33631.233609660616,33473.93334311087,33533.93334311087,116600,1,33655.47413552158,33529.525074005265,33336.22891106025,33057.4409854157,32704.809510843235,51.01820461348208,69.3407943791532,116520,116220,115420,0.8,0.8,19000
2025-08-06,33503.210023227315,33563.210023227315,33409.227564765526,33469.227564765526,116640,1,33596.91931333536,33548.26026904205,33338.89188058681,33067.671223630394,32713.736689383197,46.24151942868097,65.85692131277398,116560,116260,115460,0.9,0.9,20500
2025-08-07,33437.44451720584,33497.44451720584,33350.52086340295,33410.52086340295,116680,1,33535.3584538437,33563.01783611981,33339.93613621853,33077.15803735795,32722.60918198018,42.365850478425784,61.855636531437135,116600,116300,115500,1,1,19500
2025-08-08,33378.89719618673,33438.89719618673,33301.996267286086,33361.996267286086,116720,1,33475.15204303812,33573.413151108296,33339.82968111155,33085.844512382966,32731.40826993126,39.42454456110734,57.503506791245805,116640,116340,115540,0,1.1,21000
2025-08-11,33332.221377214744,33392.221377214744,33267.203730689966,33327.203730689966,116760,1,33420.576353851066,33579.33281358393,33339.11206404235,33093.72349567417,32740.119798478856,37.41859244790817,53.08552298016995,116680,116380,115580,0.1,1.2,20000
2025-08-12,33301.42140591359,33368.83941493875,33241.42140591359,33308.83941493875,116800,1,33375.557568216645,33580.94169751894,33338.36083287809,33100.83804012527,32748.735056885016,36.366794684880325,48.943687670389764,116720,116420,115620,0.2,1.3,21500
2025-08-13,33289.54100931619,33368.57805415327,33229.54100931619,33308.57805415327,116840,1,33343.4276660942,33578.67270021628,33338.155625447565,33107.27872773459,32757.251320022904,36.35113391467119,45.369778341595705,116760,116460,115660,0.3,1.4,20500
2025-08-14,33298.40846190777,33386.96882839482,33238.40846190777,33326.96882839482,116880,1,33326.71725909256,33573.199826852055,33339.04213046844,33113.17803765506,32765.672017811983,38.36252805354959,42.679343540193855,116800,116500,115700,0.4,1.5,22000
2025-08-15,33328.46162974347,33423.40121830885,33268.46162974347,33363.40121830885,116920,1,33326.998249297125,33565.396284098155,33341.498159265764,33118.7021092822,32774.006521962256,42.255568793413374,41.08941521956876,116840,116540,115740,0.5,1.6,21000
2025-08-18,33378.670516916034,33476.14296426146,33318.670516916034,33416.14296426146,116960,1,33344.78609601142,33556.280188360695,33345.903937778035,33124.04041251119,32782.26956328669,47.43185528290993,40.6909319606163,116880,116580,115780,0.6,1.7,22500
2025-08-19,33446.567659589775,33542.44776985334,33386.567659589775,33482.44776985334,117000,1,33379.50776699434,33546.951264233074,33352.51846594993,33129.39396741641,32790.480315810666,53.12117221664305,41.45533782594541,116920,116620,115820,0.7,1.8,21500
2025-08-20,33528.38818181765,33618.72605332841,33468.38818181765,33558.72605332841,117040,1,33429.53736682936,33538.522468947165,33361.46341437019,33134.96284579692,32798.6612046239,58.663720122984635,43.2662122308964,116960,116660,115860,0.8,1.9,23000
2025-08-21,33619.31227580418,33700.768130381606,33559.31227580418,33640.768130381606,117080,1,33492.29722722672,33532.05079408318,33372.71555938375,33140.933731680976,32806.83651159702,63.64274420313554,45.957123302232866,117000,116700,115900,0.9,2,22000
2025-08-22,33713.794105806264,33784.00595193963,33653.794105806264,33724.00595193963,117120,1,33564.41817395288,33528.47154695265,33386.10822702606,33147.46831421735,32815.03086565242,67.87115087087778,49.340740904785044,117040,116740,115940,1,2.1,23500
2025-08-25,33805.953468027954,33865.953468027954,33743.797123327364,33803.797123327364,117160,1,33641.94900576606,33528.54019771986,33401.34165600299,33154.69323462721,32823.26771145717,71.31510767614829,53.2238867927037,117080,116780,115980,0,2.2,22500
2025-08-26,33890.00069782403,33950.00069782403,33815.713545883715,33875.713545883715,117200,1,33720.60216097213,33532.78540792617,33418.0016353962,33162.692212266316,32831.56785174718,74.01836237115353,57.40913439897952,117120,116820,116020,0.1,2.3,24000
2025-08-27,33960.66187692671,34020.66187692671,33875.8167346892,33935.8167346892,117240,1,33796.020297244286,33541.4761608758,33435.58525829185,33171.50083936104,32839.948153913836,76.0497720414624,61.59660595319206,117160,116860,116060,0.2,2.4,23000
2025-08-28,34013.57072202119,34073.57072202119,33920.90269448248,33980.90269448248,117280,1,33864.04721006446,33554.60503755686,33453.532190096725,33181.10436805605,32848.42050127126,77.47265597043993,65.50961563952835,117200,116900,116100,0.3,2.5,24500
2025-08-29,34045.59574542014,34105.59574542014,33948.70112856744,34008.70112856744,117320,1,33920.98624539003,33571.88867791953,33471.25950742926,33191.43862736454,32856.991054209466,78.32758644572523,68.94247465761893,117240,116940,116140,0.4,2.6,23500
2025-09-01,34055.07621628019,34115.07621628019,33958.01659486573,34018.01659486573,117360,1,33963.830139697704,33592.785398831555,33488.197941472135,33202.394013009434,32865.659867171074,78.62039877369433,71.77572205284686,117280,116980,116180,0.5,2.7,25000
2025-09-02,34041.947709229265,34101.947709229265,33948.8028327152,34008.8028327152,117400,1,33990.447997064,33616.52887331178,33503.827272350056,33213.82230208641,32874.42088526638,77.50500324755377,73.86919795557677,117320,117020,116220,0.6,2.8,24000
2025-09-03,34007.74698031272,34067.74698031272,33922.16563913375,33982.16563913375,117440,1,33999.717777952916,33642.17577703019,33517.708673882,33225.545868846195,32883.262320737056,74.22640475601024,75.0451602392295,117360,117060,116260,0.7,2.9,25500
2025-09-04,33955.49577128883,34015.49577128883,33880.29411571667,33940.29411571667,117480,1,33991.59606219975,33668.66443964587,33529.51199766772,33237.36872860338,32892.16738586186,69.26625080989879,75.20017134356516,117400,117100,116300,0.8,3,24500
2025-09-05,33889.47303977996,33949.47303977996,33826.32456090214,33886.32456090214,117520,1,33967.1207486667,33694.88085432667,33539.03630011623,33249.088723114895,32901.11533673584,63.386632087453506,74.31922961148797,117440,117140,116340,0.9,3.1,26000
2025-09-08,33814.894168524435,33884.14547012475,33754.894168524435,33824.14547012475,117560,1,33928.3465237185,33719.72794129841,33546.222336145016,33260.5100898004,32910.082763025894,57.34690038083537,72.46684494589707,117480,117180,116380,1,3.2,25000
2025-09-09,33737.52312570589,33818.15576800305,33677.52312570589,33758.15576800305,117600,1,33878.21711077607,33742.19375895163,33551.15624275234,33271.45563331142,32919.045043511855,51.71502316786579,69.76298395994189,117520,117220,116420,0,3.3,26500
2025-09-10,33663.24868879383,33752.99130451257,33603.24868879383,33692.99130451257,117640,1,33820.38224385184,33761.4144214696,33554.064183435876,33281.77774267986,32927.97787691472,46.824699878089106,66.35765550523622,117560,117260,116460,0.1,3.4,25500
2025-09-11,33597.658279934905,33693.23662028774,33537.658279934905,33633.23662028774,117680,1,33758.97074476605,33776.72781106425,33555.29828644184,33291.367569053036,32936.858792832536,42.82553374176424,62.412982982573894,117600,117300,116500,0.2,3.5,27000
2025-09-12,33545.64251809929,33643.139902090064,33485.64251809929,33583.139902090064,117720,1,33698.333813003635,33787.71474525331,33555.314751136124,33300.161793388164,32945.66854884106,39.75962825177211,58.09511959124921,117640,117340,116540,0.3,3.6,26000
2025-09-15,33511.06036454251,33606.3488511311,33451.06036454251,33546.3488511311,117760,1,33642.77448920491,33794.22503959679,33554.645483737324,33308.14656332375,32954.39232689459,37.629053045557946,53.66445845769412,117680,117380,116580,0.4,0,27500
2025-09-16,33496.489069615585,33585.68388667846,33436.489069615585,33525.68388667846,117800,1,33596.28011293999,33796.38684543805,33553.86502596429,33315.35835445234,32963.02065464021,36.447641696066334,49.46681811770035,117720,117420,116620,0.5,0.1,26500
2025-09-17,33503.07558227488,33582.9627860462,33443.07558227488,33522.9627860462,117840,1,33562.27440924671,33794.59868207394,33553.55483281478,33321.881702444836,32971.54999436286,36.28608958334039,45.802355759193865,117760,117460,116660,0.6,0.2,28000
2025-09-18,33530.49737837564,33598.88766400573,33470.49737837564,33538.88766400573,117880,1,33543.404617990316,33789.50465875515,33554.267120509976,33327.843947031906,32979.9829629433,38.0176104011996,42.98357557183232,117800,117500,116700,0.7,0.3,27000
2025-09-19,33577.03160508584,33637.03160508584,33513.00131868995,33573.00131868995,117920,1,33541.376901310294,33781.95442709266,33556.490532364434,33333.40731463634,32988.32816915316,41.67431695278623,41.24217741316019,117840,117540,116740,0.8,0.4,28500
2025-09-22,33639.72283807189,33699.72283807189,33563.71565819094,33623.71565819094,117960,1,33556.850262722255,33772.95035383584,33560.61975731149,33338.75883191974,32996.599678403174,46.70784279588753,40.68582403849594,117880,117580,116780,0.9,0.5,27500
2025-09-23,33876.615465717,33936.615465717,33790.39356047406,33850.39356047406,118000,1,33621.79219748138,33771.684354565354,33569.630708724566,33345.44855670438,33005.62605382438,62.34857248956073,42.410698773103896,117920,117620,116820,1,0.6,29000
2025-09-24,33895.17952489798,33955.17952489798,33801.62956176909,33861.62956176909,118040,1,33689.52555262596,33767.97499591934,33579.89836687607,33351.79463805479,33014.29970132733,62.92935184267857,44.64445633987216,117960,117660,116860,0,0.7,28000
2025-09-25,33910.30416758656,33970.30416758656,33813.119531414995,33873.119531414995,118080,1,33756.37192610781,33762.585837765975,33591.31726842627,33357.935437282875,33022.61426543395,63.54855933660855,47.28767090485398,118000,117700,116900,0.1,0.8,29500
2025-09-26,33921.40780602761,33981.40780602761,33824.68200866349,33884.68200866349,118120,1,33818.70806410251,33756.38488177078,33603.71037129685,33364.02207914865,33030.58571673256,64.19666556144644,50.239627851063815,118040,117740,116940,0.2,0.9,28500
2025-09-29,33928.35498307951,33988.35498307951,33836.13102459473,33896.13102459473,118160,1,33873.19113738327,33750.290603257235,33616.840062289884,33370.2090556546,33038.25135890404,64.86285827367755,53.39687413746506,118080,117780,116980,0.3,1,30000
2025-09-30,33931.462374215844,33991.462374215844,33847.287664764066,33907.287664764066,118200,1,33884.56995824127,33745.21484485968,33630.422930725574,33376.64462048125,33045.667509359635,65.53582598348603,56.646844848592345,118120,117820,117020,0.4,1.1,29000
2025-10-01,33931.455353994024,33991.455353994024,33857.991193235604,33917.991193235604,118240,1,33895.84228453458,33742.006122564766,33644.14738954567,33383.461571291366,33052.90599769709,66.20457617469513,59.7787299345363,118160,117860,117060,0.5,1.2,30500
2025-10-02,33929.38044138236,33989.38044138236,33868.10904636421,33928.10904636421,118280,1,33906.84018752442,33741.396869097145,33657.69304828761,33390.76899301446,33060.04969968416,66.85921967508062,62.577052459235674,118200,117900,117100,0.6,1.3,29500
2025-10-03,33926.483741310316,33997.54507496091,33866.483741310316,33937.54507496091,118320,1,33917.41280078391,33743.95789480008,33670.750633411684,33398.645475474266,33067.18738444478,67.49167109089633,64.88636671423666,118240,117940,117140,0.7,1.4,31000
2025-10-06,33924.06915922834,34006.24552238375,33864.06915922834,33946.24552238375,118360,1,33927.43570034171,33750.06289741302,33683.0412174318,33407.13422705406,33074.40819522488,68.09623661390896,65.52499606138647,118280,117980,117180,0.8,1.5,30000
2025-10-07,33923.352283700624,34014.202366865444,33863.352283700624,33954.202366865444,118400,1,33936.81864076199,33759.865227356146,33694.333561275576,33416.24038820876,33081.79610689711,68.67007818762374,66.16285454415817,118320,118020,117220,0.9,1.6,31500
2025-10-08,33925.32618266144,34021.453820268,33865.32618266144,33961.453820268,118440,1,33945.51116616846,33773.288353143915,33704.458491609934,33425.93071185628,33089.42470481,69.21355191394377,66.79229816386207,118360,118060,117260,1,1.7,30500
2025-10-09,33930.653911198526,34028.08195225422,33870.653911198526,33968.08195225422,118480,1,33953.50574734646,33790.03061974224,33713.31941921952,33436.135630520046,33097.35260960737,69.73041612751419,67.40715933786959,118400,118100,117300,0,1.8,32000
2025-10-10,33939.599450435075,34034.20758759358,33879.599450435075,33974.20758759358,118520,1,33960.838249873,33809.584004017415,33720.8983444563,33446.75358169782,33105.61983248063,70.22789100403278,68.00327408568684,118440,118140,117340,0.1,1.9,31000
2025-10-13,33952.004435705036,34039.98279386323,33892.004435705036,33979.98279386323,118560,1,33967.585704168894,33831.26570115403,33727.2569763705,33457.657322526095,33114.24528746669,70.71653017856211,68.57890788513974,118480,118180,117380,0.2,2,32500
2025-10-14,33967.31287600499,34045.581426622615,33907.31287600499,33985.581426622615,118600,1,33973.86151612033,33854.26057815123,33732.532895940785,33468.70184112512,33123.22561546478,71.20984241438013,69.13504857843807,118520,118220,117420,0.3,2.1,31500
2025-10-15,33984.64069046458,34051.18831991684,33924.64069046458,33991.18831991684,118640,1,33979.80841605009,33877.67185484477,33736.931001955294,33479.73337273519,33132.535393089,71.72358863126485,69.6755340180141,118560,118260,117460,0.4,2.2,33000
2025-10-16,34002.881888942924,34062.881888942924,33936.98779419092,33996.98779419092,118680,1,33985.58958443743,33900.57686135402,33740.710771397455,33490.59896006468,33142.12871337139,72.27469066505762,70.20698063736535,118600,118300,117500,0.5,2.3,32000
2025-10-17,34020.8391571459,34080.8391571459,33943.15219613735,34003.15219613735,118720,1,33991.37850614618,33922.08440522639,33744.1701264239,33501.155963433586,33151.94204003483,72.87973698744979,70.73848067886988,118640,118340,117540,0.6,2.4,33500
2025-10-20,34037.36392158986,34097.36392158986,33949.831183013404,34009.831183013404,118760,1,33997.34818397622,33941.39018146752,33747.62691100775,33511.28092941799,33161.89815787098,73.55316360540826,71.28104572529038,118680,118380,117580,0.7,2.5,32500
2025-10-21,34051.48996180705,34111.48996180705,33957.14241767783,34017.14241767783,118800,1,34003.66038218726,33949.72762432771,33751.399128939745,33520.87726658598,33171.91097360799,74.3053137058458,71.84679703550172,118720,118420,117620,0.8,2.6,34000
2025-10-22,34062.54541513516,34122.54541513516,33965.1642528841,34025.1642528841,118840,1,34010.455568780715,33957.90435888346,33755.78517189287,33529.881251085084,33181.89086877316,75.1407000648706,72.44793969520798,118760,118460,117660,0.9,2.7,33000
2025-10-23,34070.23049341745,34130.23049341745,33973.93085968575,34033.93085968575,118880,1,34017.84418187968,33965.94492529699,33761.045266873276,33538.265988682775,33191.75027173548,76.05685257281488,73.09560209173931,118800,118500,117700,1,2.8,34500
2025-10-24,34074.65212268162,34134.65212268162,33983.43010284577,34043.43010284577,118920,1,34025.899763221365,33973.882330006105,33767.38529656547,33546.04308691957,33201.40910248553,77.04407679791137,73.79866282722257,118840,118540,117740,0,2.9,33500
2025-10-27,34076.311590658835,34136.311590658835,33993.60429534682,34053.60429534682,118960,1,34034.65438568805,33981.7559935437,33774.94399854417,33553.26193340841,33210.79975162259,78.08626602197862,74.56270989473352,118880,118580,117780,0.1,3,35000
2025-10-28,33906.25172601811,33966.25172601811,33834.558912979744,33894.558912979744,119000,1,34010.137684748435,33981.11955595449,33780.95442470865,33558.591667884466,33219.02230961916,44.25933945005263,71.5111266523766,118920,118620,117820,0.2,3.1,34000
2025-10-29,34027.96988406169,34088.57876956857,33967.96988406169,34028.57876956857,119040,1,34010.82058808532,33986.64893477114,33790.276944788704,33564.58441268777,33227.5088092591,59.988498442500614,70.1459941832036,118960,118660,117860,0.3,3.2,35500
2025-10-30,34156.682704388826,34229.52625860567,34096.682704388826,34169.52625860567,119080,1,34037.93966786931,33998.71979538321,33802.92703470875,33571.43158546365,33236.283183559004,69.6790597566494,69.79036337978134,119000,118700,117900,0.4,3.3,34500
2025-10-31,34289.237061160755,34372.90138719903,34229.237061160755,34312.90138719903,119120,1,34091.833924739956,34017.487610995115,33818.775453373964,33579.30256724277,33245.37011943037,76.03688418834896,70.06633233344141,119040,118740,117940,0.5,3.4,36000
2025-11-03,34422.17323926453,34514.05322358713,34362.17323926453,34454.05322358713,119160,1,34171.92371038802,34042.877996055286,33837.55627825558,33588.33417114898,33254.79352276703,80.39525731872139,70.74299273487203,119080,118780,117980,0.6,3.5,35000
2025-11-04,36051.882970319595,36148.469069549414,35991.882970319595,36088.469069549414,919200,1,34610.70574170195,34149.591331189484,33883.88343916576,33611.122136021935,33272.07503209244,94.00098509796395,72.8385799607713,279120,158820,131353.33333333334,0.7,3.6,36500
2025-11-05,34674.79044523581,34772.05503812477,34614.79044523581,34712.05503812477,119240,1,34747.40099541319,34187.12139208232,33907.274722231945,33622.71517383977,33282.23267318112,57.69028995875118,70.7978507814309,279160,158860,131393.33333333334,0.8,0,35500
2025-11-06,34787.549819100146,34881.390591674346,34727.549819100146,34821.390591674346,119280,1,34877.77386202692,34229.786824053335,33932.18175161994,33635.611941044204,33292.77973830329,59.043671280879416,68.79780572398289,279200,158900,131433.33333333334,0.9,0.1,37000
2025-11-07,34887.24966100849,34973.941214344835,34827.24966100849,34913.941214344835,119320,1,34997.98182745608,34276.7735053909,33958.024084887205,33649.7611220765,33303.72395977587,60.20410678206075,66.8108991417698,279240,158940,131473.33333333334,1,0.2,36000
2025-11-10,34971.6120310965,35048.2159959885,34911.6120310965,34988.2159959885,119360,1,35104.81438193636,34327.185165497154,33984.22530208266,33665.06461993037,33315.0670292045,61.15532081310901,68.68823040433162,279280,158980,131513.33333333334,0,0.3,37500
2025-11-11,35039.17181914925,35103.86032973505,34979.17181914925,35043.86032973505,119400,1,34895.89263397349,34380.09911065278,34010.24884474736,33681.383655348654,33326.80449230767,61.89024143650297,68.899535181443,119320,159020,131553.33333333334,0.1,0.4,36500
2025-11-12,35089.421043329494,35149.421043329494,35021.67795972933,35081.67795972933,119440,1,34969.81721829441,34434.6235926434,34035.6313765207,33698.547395445465,33338.92602586236,62.410753218137614,68.0919455660528,119360,159060,131593.33333333334,0.2,0.5,38000
2025-11-13,35122.903280066814,35182.903280066814,35043.58100821327,35103.58100821327,119480,1,35026.25530160219,34489.95325334452,34060.01159115123,33716.3635752675,33351.41607955208,62.728271575521845,66.61321083129423,119400,159100,131633.33333333334,0.3,0.6,37000
2025-11-14,35141.24543543907,35201.24543543907,35052.47108902606,35112.47108902606,119520,1,35065.96127653843,34545.41919798896,34083.152676769336,33734.63045189771,33364.25484281021,62.8653818518085,64.66544689052613,119440,159140,131673.33333333334,0.4,0.7,38500
2025-11-17,35147.11766449319,35207.11766449319,35052.05889930945,35112.05889930945,119560,1,35090.72985720262,34600.53058380376,34104.95703970237,33753.1493478527,33377.41947654509,62.85383673335078,61.20465262779133,119480,159180,131713.33333333334,0.5,0.8,37500
2025-11-18,35144.11720729802,35204.11720729802,35046.63350633185,35106.63350633185,119600,1,35103.284492521976,34655.00513823646,34125.472372376506,33771.737003886374,33390.88553316411,62.690641195917244,61.76024720969868,119520,159220,131753.33333333334,0.6,0.9,39000
2025-11-19,35136.5778760788,35196.5778760788,35040.7956740594,35100.7956740594,119640,1,35107.10803538799,34708.78670929523,34144.888688032675,33790.23697316229,33404.628476606624,62.50258849088068,62.14457134414326,119560,159260,131793.33333333334,0.7,1,38000
2025-11-20,35129.31338967514,35189.31338967514,35039.17180993598,35099.17180993598,119680,1,35106.226195732525,34762.04875680774,34163.526506623566,33808.52934836016,33418.62520787735,62.44647496501135,62.39372336447111,119600,159300,131833.33333333334,0.8,1.1,39500
2025-11-21,35127.309105551416,35187.309105551416,35046.12631727597,35106.12631727597,119720,1,35104.95724138251,34815.183567529246,34181.81692643537,33826.53821693234,33432.85550123002,62.601330620716105,62.55439112087189,119640,159340,131873.33333333334,0.9,1.2,38500
2025-11-24,35135.382303912076,35195.382303912076,35065.49023780485,35125.49023780485,119760,1,35107.64350908159,34868.77786465215,34200.27482048436,33844.23638097827,33447.303261706336,63.05811061113786,62.68415436249799,119680,159380,131913.33333333334,1,1.3,40000
2025-11-25,35157.83542092741,35220.32305604,35097.83542092741,35160.32305604,119800,1,35118.381419023215,34932.06607180516,34219.466824206436,33861.64704827827,33461.957525842496,63.911984871193326,62.850957879504186,119720,159420,131953.33333333334,0,1.4,39000
2025-11-26,35198.128993095524,35272.72247536182,35138.128993095524,35212.72247536182,119840,1,35140.766779283695,34991.27325709482,34239.97610481024,33878.842389346144,33476.813143324296,65.21453710903626,63.12720960545024,119760,159460,131993.33333333334,0.1,1.5,40500
2025-11-27,35258.60120321328,35343.693992977605,35198.60120321328,35283.693992977605,119880,1,35177.67121589203,35046.981643813415,34262.36610276459,33895.939050216184,33491.87109720871,66.9542975153307,63.58153356806382,119800,159500,132033.33333333334,0.2,1.6,39500
2025-11-28,35340.25865326109,35433.08838297523,35280.25865326109,35373.08838297523,119920,1,35231.06362903187,35099.99099360222,34287.14549979914,33913.090899957715,33507.138442802156,69.05377033642847,64.27041507951691,119840,159540,132073.33333333334,0.3,1.7,41000
2025-12-01,35442.65840195388,35539.61097446757,35382.65840195388,35479.61097446757,119960,1,35301.88777636441,35151.26888114625,34314.73659153819,33930.47946384163,33522.62786899576,71.3865893067428,65.2366315362753,119880,159580,132113.33333333334,0.4,1.8,40000

market,instrument,code,name,price_low,price_high,quantity_or_turnover,percent,basis,value_unit,total_quantity,total_value,quantity_unit,currency,method,estimated,range_mode,requested_from,requested_to,actual_from,actual_to,source_resolution,source,as_of,fetched_at,price_volume_adjustment,adjustment_warning,valid_bars,excluded_bars,poc,val,vah
KR,stock,005930,QA SYNTHETIC,32584.258864230585,32940.67988476247,1930496.426606959,9.907704603624156,volume,주,19484800,19484799.999999996,주,KRW,ohlcv-overlap,true,visible,,,2025-04-22,2025-12-01,day,yahoo-QA-SYNTHETIC-005930,2025-12-01,2026-10-06T12:19:25.154Z,Yahoo 제공 OHLC · 거래량은 공급자 원수량 · 분할·분배금 조정 및 수량 기준 일치 미확인 · SMA/볼린저는 해당 주기의 실제 봉으로 계산; BBW 백분위는 실제 밴드폭 125개 필요; 부족 구간은 결측,OHLCV 가격대 겹침 배분 추정치 · 실제 체결가격별 거래량 아님,160,0,33475.311415560296,32584.258864230585,34009.94294635812
KR,stock,005930,QA SYNTHETIC,32940.67988476247,33297.10090529435,3116092.371852007,15.992426772930735,volume,주,19484800,19484799.999999996,주,KRW,ohlcv-overlap,true,visible,,,2025-04-22,2025-12-01,day,yahoo-QA-SYNTHETIC-005930,2025-12-01,2026-10-06T12:19:25.154Z,Yahoo 제공 OHLC · 거래량은 공급자 원수량 · 분할·분배금 조정 및 수량 기준 일치 미확인 · SMA/볼린저는 해당 주기의 실제 봉으로 계산; BBW 백분위는 실제 밴드폭 125개 필요; 부족 구간은 결측,OHLCV 가격대 겹침 배분 추정치 · 실제 체결가격별 거래량 아님,160,0,33475.311415560296,32584.258864230585,34009.94294635812
KR,stock,005930,QA SYNTHETIC,33297.10090529435,33653.52192582624,5009156.059098433,25.70801886136082,volume,주,19484800,19484799.999999996,주,KRW,ohlcv-overlap,true,visible,,,2025-04-22,2025-12-01,day,yahoo-QA-SYNTHETIC-005930,2025-12-01,2026-10-06T12:19:25.154Z,Yahoo 제공 OHLC · 거래량은 공급자 원수량 · 분할·분배금 조정 및 수량 기준 일치 미확인 · SMA/볼린저는 해당 주기의 실제 봉으로 계산; BBW 백분위는 실제 밴드폭 125개 필요; 부족 구간은 결측,OHLCV 가격대 겹침 배분 추정치 · 실제 체결가격별 거래량 아님,160,0,33475.311415560296,32584.258864230585,34009.94294635812
KR,stock,005930,QA SYNTHETIC,33653.52192582624,34009.94294635812,4695730.099200797,24.09945238955903,volume,주,19484800,19484799.999999996,주,KRW,ohlcv-overlap,true,visible,,,2025-04-22,2025-12-01,day,yahoo-QA-SYNTHETIC-005930,2025-12-01,2026-10-06T12:19:25.154Z,Yahoo 제공 OHLC · 거래량은 공급자 원수량 · 분할·분배금 조정 및 수량 기준 일치 미확인 · SMA/볼린저는 해당 주기의 실제 봉으로 계산; BBW 백분위는 실제 밴드폭 125개 필요; 부족 구간은 결측,OHLCV 가격대 겹침 배분 추정치 · 실제 체결가격별 거래량 아님,160,0,33475.311415560296,32584.258864230585,34009.94294635812
KR,stock,005930,QA SYNTHETIC,34009.94294635812,34366.36396689,1420432.4141921955,7.289951214239795,volume,주,19484800,19484799.999999996,주,KRW,ohlcv-overlap,true,visible,,,2025-04-22,2025-12-01,day,yahoo-QA-SYNTHETIC-005930,2025-12-01,2026-10-06T12:19:25.154Z,Yahoo 제공 OHLC · 거래량은 공급자 원수량 · 분할·분배금 조정 및 수량 기준 일치 미확인 · SMA/볼린저는 해당 주기의 실제 봉으로 계산; BBW 백분위는 실제 밴드폭 125개 필요; 부족 구간은 결측,OHLCV 가격대 겹침 배분 추정치 · 실제 체결가격별 거래량 아님,160,0,33475.311415560296,32584.258864230585,34009.94294635812
KR,stock,005930,QA SYNTHETIC,34366.36396689,34722.78498742188,203175.454507715,1.0427382087971908,volume,주,19484800,19484799.999999996,주,KRW,ohlcv-overlap,true,visible,,,2025-04-22,2025-12-01,day,yahoo-QA-SYNTHETIC-005930,2025-12-01,2026-10-06T12:19:25.154Z,Yahoo 제공 OHLC · 거래량은 공급자 원수량 · 분할·분배금 조정 및 수량 기준 일치 미확인 · SMA/볼린저는 해당 주기의 실제 봉으로 계산; BBW 백분위는 실제 밴드폭 125개 필요; 부족 구간은 결측,OHLCV 가격대 겹침 배분 추정치 · 실제 체결가격별 거래량 아님,160,0,33475.311415560296,32584.258864230585,34009.94294635812
KR,stock,005930,QA SYNTHETIC,34722.78498742188,35079.20600795376,744703.1751446145,3.8219698182409605,volume,주,19484800,19484799.999999996,주,KRW,ohlcv-overlap,true,visible,,,2025-04-22,2025-12-01,day,yahoo-QA-SYNTHETIC-005930,2025-12-01,2026-10-06T12:19:25.154Z,Yahoo 제공 OHLC · 거래량은 공급자 원수량 · 분할·분배금 조정 및 수량 기준 일치 미확인 · SMA/볼린저는 해당 주기의 실제 봉으로 계산; BBW 백분위는 실제 밴드폭 125개 필요; 부족 구간은 결측,OHLCV 가격대 겹침 배분 추정치 · 실제 체결가격별 거래량 아님,160,0,33475.311415560296,32584.258864230585,34009.94294635812
KR,stock,005930,QA SYNTHETIC,35079.20600795376,35435.62702848565,1366338.3083639045,7.0123291404782435,volume,주,19484800,19484799.999999996,주,KRW,ohlcv-overlap,true,visible,,,2025-04-22,2025-12-01,day,yahoo-QA-SYNTHETIC-005930,2025-12-01,2026-10-06T12:19:25.154Z,Yahoo 제공 OHLC · 거래량은 공급자 원수량 · 분할·분배금 조정 및 수량 기준 일치 미확인 · SMA/볼린저는 해당 주기의 실제 봉으로 계산; BBW 백분위는 실제 밴드폭 125개 필요; 부족 구간은 결측,OHLCV 가격대 겹침 배분 추정치 · 실제 체결가격별 거래량 아님,160,0,33475.311415560296,32584.258864230585,34009.94294635812
KR,stock,005930,QA SYNTHETIC,35435.62702848565,35792.04804901753,79475.69103337187,0.40788558791145857,volume,주,19484800,19484799.999999996,주,KRW,ohlcv-overlap,true,visible,,,2025-04-22,2025-12-01,day,yahoo-QA-SYNTHETIC-005930,2025-12-01,2026-10-06T12:19:25.154Z,Yahoo 제공 OHLC · 거래량은 공급자 원수량 · 분할·분배금 조정 및 수량 기준 일치 미확인 · SMA/볼린저는 해당 주기의 실제 봉으로 계산; BBW 백분위는 실제 밴드폭 125개 필요; 부족 구간은 결측,OHLCV 가격대 겹침 배분 추정치 · 실제 체결가격별 거래량 아님,160,0,33475.311415560296,32584.258864230585,34009.94294635812
KR,stock,005930,QA SYNTHETIC,35792.04804901753,36148.469069549414,919200,4.717523402857613,volume,주,19484800,19484799.999999996,주,KRW,ohlcv-overlap,true,visible,,,2025-04-22,2025-12-01,day,yahoo-QA-SYNTHETIC-005930,2025-12-01,2026-10-06T12:19:25.154Z,Yahoo 제공 OHLC · 거래량은 공급자 원수량 · 분할·분배금 조정 및 수량 기준 일치 미확인 · SMA/볼린저는 해당 주기의 실제 봉으로 계산; BBW 백분위는 실제 밴드폭 125개 필요; 부족 구간은 결측,OHLCV 가격대 겹침 배분 추정치 · 실제 체결가격별 거래량 아님,160,0,33475.311415560296,32584.258864230585,34009.94294635812

trustMode,available-cumulative
cumulativeStart,2025-04-22
kind,market,instrument,code,interval,currency,metric,date,value,unit,source,sourceField,asOf,dateBasis,fetchedAt,availableAt,final,derived,formula,denominator,buy,sell,capability,reason,partial,stale,requestedFrom,requestedTo,providedFrom,providedTo,trustMode,cumulativeStart,provider,environment,marketScope,sourceApiId,parsingStatus,status,lastSuccessAt
"raw","KR","stock","005930","day","KRW","credit","2025-04-22","1","%","키움증권 · 모의","remn_rt","2025-04-22","unknown","2026-10-06T12:19:27.639Z","","","false","","","","","partial","QA SYNTHETIC API → 격리된 메모리 PGlite → 실제 서버 서비스 · 모의 응답 · 실수급 검증 아님 · 요청 시작일까지 확보 · KRX 시장 · 공급자 기준일/공표시각/확정 여부 미확인","true","true","2025-04-22","2025-12-01","2025-04-22","2025-12-01","available-cumulative","2025-04-22","kiwoom","mock","KRX","ka10013","valid","ready","2026-10-06T12:19:27.672Z"
"raw","KR","stock","005930","day","KRW","credit","2025-04-23","0","%","키움증권 · 모의","remn_rt","2025-04-23","unknown","2026-10-06T12:19:27.639Z","","","false","","","","","partial","QA SYNTHETIC API → 격리된 메모리 PGlite → 실제 서버 서비스 · 모의 응답 · 실수급 검증 아님 · 요청 시작일까지 확보 · KRX 시장 · 공급자 기준일/공표시각/확정 여부 미확인","true","true","2025-04-22","2025-12-01","2025-04-22","2025-12-01","available-cumulative","2025-04-22","kiwoom","mock","KRX","ka10013","valid","ready","2026-10-06T12:19:27.672Z"
"raw","KR","stock","005930","day","KRW","credit","2025-04-24","0.1","%","키움증권 · 모의","remn_rt","2025-04-24","unknown","2026-10-06T12:19:27.639Z","","","false","","","","","partial","QA SYNTHETIC API → 격리된 메모리 PGlite → 실제 서버 서비스 · 모의 응답 · 실수급 검증 아님 · 요청 시작일까지 확보 · KRX 시장 · 공급자 기준일/공표시각/확정 여부 미확인","true","true","2025-04-22","2025-12-01","2025-04-22","2025-12-01","available-cumulative","2025-04-22","kiwoom","mock","KRX","ka10013","valid","ready","2026-10-06T12:19:27.672Z"
"raw","KR","stock","005930","day","KRW","credit","2025-04-25","0.2","%","키움증권 · 모의","remn_rt","2025-04-25","unknown","2026-10-06T12:19:27.639Z","","","false","","","","","partial","QA SYNTHETIC API → 격리된 메모리 PGlite → 실제 서버 서비스 · 모의 응답 · 실수급 검증 아님 · 요청 시작일까지 확보 · KRX 시장 · 공급자 기준일/공표시각/확정 여부 미확인","true","true","2025-04-22","2025-12-01","2025-04-22","2025-12-01","available-cumulative","2025-04-22","kiwoom","mock","KRX","ka10013","valid","ready","2026-10-06T12:19:27.672Z"
"raw","KR","stock","005930","day","KRW","credit","2025-04-28","0.3","%","키움증권 · 모의","remn_rt","2025-04-28","unknown","2026-10-06T12:19:27.639Z","","","false","","","","","partial","QA SYNTHETIC API → 격리된 메모리 PGlite → 실제 서버 서비스 · 모의 응답 · 실수급 검증 아님 · 요청 시작일까지 확보 · KRX 시장 · 공급자 기준일/공표시각/확정 여부 미확인","true","true","2025-04-22","2025-12-01","2025-04-22","2025-12-01","available-cumulative","2025-04-22","kiwoom","mock","KRX","ka10013","valid","ready","2026-10-06T12:19:27.672Z"
"raw","KR","stock","005930","day","KRW","credit","2025-04-29","0.4","%","키움증권 · 모의","remn_rt","2025-04-29","unknown","2026-10-06T12:19:27.639Z","","","false","","","","","partial","QA SYNTHETIC API → 격리된 메모리 PGlite → 실제 서버 서비스 · 모의 응답 · 실수급 검증 아님 · 요청 시작일까지 확보 · KRX 시장 · 공급자 기준일/공표시각/확정 여부 미확인","true","true","2025-04-22","2025-12-01","2025-04-22","2025-12-01","available-cumulative","2025-04-22","kiwoom","mock","KRX","ka10013","valid","ready","2026-10-06T12:19:27.672Z"
"raw","KR","stock","005930","day","KRW","credit","2025-04-30","0.5","%","키움증권 · 모의","remn_rt","2025-04-30","unknown","2026-10-06T12:19:27.639Z","","","false","","","","","partial","QA SYNTHETIC API → 격리된 메모리 PGlite → 실제 서버 서비스 · 모의 응답 · 실수급 검증 아님 · 요청 시작일까지 확보 · KRX 시장 · 공급자 기준일/공표시각/확정 여부 미확인","true","true","2025-04-22","2025-12-01","2025-04-22","2025-12-01","available-cumulative","2025-04-22","kiwoom","mock","KRX","ka10013","valid","ready","2026-10-06T12:19:27.672Z"
"raw","KR","stock","005930","day","KRW","credit","2025-05-01","0.6","%","키움증권 · 모의","remn_rt","2025-05-01","unknown","2026-10-06T12:19:27.639Z","","","false","","","","","partial","QA SYNTHETIC API → 격리된 메모리 PGlite → 실제 서버 서비스 · 모의 응답 · 실수급 검증 아님 · 요청 시작일까지 확보 · KRX 시장 · 공급자 기준일/공표시각/확정 여부 미확인","true","true","2025-04-22","2025-12-01","2025-04-22","2025-12-01","available-cumulative","2025-04-22","kiwoom","mock","KRX","ka10013","valid","ready","2026-10-06T12:19:27.672Z"
"raw","KR","stock","005930","day","KRW","credit","2025-05-02","0.7","%","키움증권 · 모의","remn_rt","2025-05-02","unknown","2026-10-06T12:19:27.639Z","","","false","","","","","partial","QA SYNTHETIC API → 격리된 메모리 PGlite → 실제 서버 서비스 · 모의 응답 · 실수급 검증 아님 · 요청 시작일까지 확보 · KRX 시장 · 공급자 기준일/공표시각/확정 여부 미확인","true","true","2025-04-22","2025-12-01","2025-04-22","2025-12-01","available-cumulative","2025-04-22","kiwoom","mock","KRX","ka10013","valid","ready","2026-10-06T12:19:27.672Z"
"raw","KR","stock","005930","day","KRW","credit","2025-05-05","0.8","%","키움증권 · 모의","remn_rt","2025-05-05","unknown","2026-10-06T12:19:27.639Z","","","false","","","","","partial","QA SYNTHETIC API → 격리된 메모리 PGlite → 실제 서버 서비스 · 모의 응답 · 실수급 검증 아님 · 요청 시작일까지 확보 · KRX 시장 · 공급자 기준일/공표시각/확정 여부 미확인","true","true","2025-04-22","2025-12-01","2025-04-22","2025-12-01","available-cumulative","2025-04-22","kiwoom","mock","KRX","ka10013","valid","ready","2026-10-06T12:19:27.672Z"
"raw","KR","stock","005930","day","KRW","credit","2025-05-06","0.9","%","키움증권 · 모의","remn_rt","2025-05-06","unknown","2026-10-06T12:19:27.639Z","","","false","","","","","partial","QA SYNTHETIC API → 격리된 메모리 PGlite → 실제 서버 서비스 · 모의 응답 · 실수급 검증 아님 · 요청 시작일까지 확보 · KRX 시장 · 공급자 기준일/공표시각/확정 여부 미확인","true","true","2025-04-22","2025-12-01","2025-04-22","2025-12-01","available-cumulative","2025-04-22","kiwoom","mock","KRX","ka10013","valid","ready","2026-10-06T12:19:27.672Z"
"raw","KR","stock","005930","day","KRW","credit","2025-05-07","1","%","키움증권 · 모의","remn_rt","2025-05-07","unknown","2026-10-06T12:19:27.639Z","","","false","","","","","partial","QA SYNTHETIC API → 격리된 메모리 PGlite → 실제 서버 서비스 · 모의 응답 · 실수급 검증 아님 · 요청 시작일까지 확보 · KRX 시장 · 공급자 기준일/공표시각/확정 여부 미확인","true","true","2025-04-22","2025-12-01","2025-04-22","2025-12-01","available-cumulative","2025-04-22","kiwoom","mock","KRX","ka10013","valid","ready","2026-10-06T12:19:27.672Z"
"raw","KR","stock","005930","day","KRW","credit","2025-05-08","0","%","키움증권 · 모의","remn_rt","2025-05-08","unknown","2026-10-06T12:19:27.639Z","","","false","","","","","partial","QA SYNTHETIC API → 격리된 메모리 PGlite → 실제 서버 서비스 · 모의 응답 · 실수급 검증 아님 · 요청 시작일까지 확보 · KRX 시장 · 공급자 기준일/공표시각/확정 여부 미확인","true","true","2025-04-22","2025-12-01","2025-04-22","2025-12-01","available-cumulative","2025-04-22","kiwoom","mock","KRX","ka10013","valid","ready","2026-10-06T12:19:27.672Z"
"raw","KR","stock","005930","day","KRW","credit","2025-05-09","0.1","%","키움증권 · 모의","remn_rt","2025-05-09","unknown","2026-10-06T12:19:27.639Z","","","false","","","","","partial","QA SYNTHETIC API → 격리된 메모리 PGlite → 실제 서버 서비스 · 모의 응답 · 실수급 검증 아님 · 요청 시작일까지 확보 · KRX 시장 · 공급자 기준일/공표시각/확정 여부 미확인","true","true","2025-04-22","2025-12-01","2025-04-22","2025-12-01","available-cumulative","2025-04-22","kiwoom","mock","KRX","ka10013","valid","ready","2026-10-06T12:19:27.672Z"
"raw","KR","stock","005930","day","KRW","credit","2025-05-12","0.2","%","키움증권 · 모의","remn_rt","2025-05-12","unknown","2026-10-06T12:19:27.639Z","","","false","","","","","partial","QA SYNTHETIC API → 격리된 메모리 PGlite → 실제 서버 서비스 · 모의 응답 · 실수급 검증 아님 · 요청 시작일까지 확보 · KRX 시장 · 공급자 기준일/공표시각/확정 여부 미확인","true","true","2025-04-22","2025-12-01","2025-04-22","2025-12-01","available-cumulative","2025-04-22","kiwoom","mock","KRX","ka10013","valid","ready","2026-10-06T12:19:27.672Z"
"raw","KR","stock","005930","day","KRW","credit","2025-05-13","0.3","%","키움증권 · 모의","remn_rt","2025-05-13","unknown","2026-10-06T12:19:27.639Z","","","false","","","","","partial","QA SYNTHETIC API → 격리된 메모리 PGlite → 실제 서버 서비스 · 모의 응답 · 실수급 검증 아님 · 요청 시작일까지 확보 · KRX 시장 · 공급자 기준일/공표시각/확정 여부 미확인","true","true","2025-04-22","2025-12-01","2025-04-22","2025-12-01","available-cumulative","2025-04-22","kiwoom","mock","KRX","ka10013","valid","ready","2026-10-06T12:19:27.672Z"
"raw","KR","stock","005930","day","KRW","credit","2025-05-14","0.4","%","키움증권 · 모의","remn_rt","2025-05-14","unknown","2026-10-06T12:19:27.639Z","","","false","","","","","partial","QA SYNTHETIC API → 격리된 메모리 PGlite → 실제 서버 서비스 · 모의 응답 · 실수급 검증 아님 · 요청 시작일까지 확보 · KRX 시장 · 공급자 기준일/공표시각/확정 여부 미확인","true","true","2025-04-22","2025-12-01","2025-04-22","2025-12-01","available-cumulative","2025-04-22","kiwoom","mock","KRX","ka10013","valid","ready","2026-10-06T12:19:27.672Z"
"raw","KR","stock","005930","day","KRW","credit","2025-05-15","0.5","%","키움증권 · 모의","remn_rt","2025-05-15","unknown","2026-10-06T12:19:27.639Z","","","false","","","","","partial","QA SYNTHETIC API → 격리된 메모리 PGlite → 실제 서버 서비스 · 모의 응답 · 실수급 검증 아님 · 요청 시작일까지 확보 · KRX 시장 · 공급자 기준일/공표시각/확정 여부 미확인","true","true","2025-04-22","2025-12-01","2025-04-22","2025-12-01","available-cumulative","2025-04-22","kiwoom","mock","KRX","ka10013","valid","ready","2026-10-06T12:19:27.672Z"
"raw","KR","stock","005930","day","KRW","credit","2025-05-16","0.6","%","키움증권 · 모의","remn_rt","2025-05-16","unknown","2026-10-06T12:19:27.639Z","","","false","","","","","partial","QA SYNTHETIC API → 격리된 메모리 PGlite → 실제 서버 서비스 · 모의 응답 · 실수급 검증 아님 · 요청 시작일까지 확보 · KRX 시장 · 공급자 기준일/공표시각/확정 여부 미확인","true","true","2025-04-22","2025-12-01","2025-04-22","2025-12-01","available-cumulative","2025-04-22","kiwoom","mock","KRX","ka10013","valid","ready","2026-10-06T12:19:27.672Z"
"raw","KR","stock","005930","day","KRW","credit","2025-05-19","0.7","%","키움증권 · 모의","remn_rt","2025-05-19","unknown","2026-10-06T12:19:27.639Z","","","false","","","","","partial","QA SYNTHETIC API → 격리된 메모리 PGlite → 실제 서버 서비스 · 모의 응답 · 실수급 검증 아님 · 요청 시작일까지 확보 · KRX 시장 · 공급자 기준일/공표시각/확정 여부 미확인","true","true","2025-04-22","2025-12-01","2025-04-22","2025-12-01","available-cumulative","2025-04-22","kiwoom","mock","KRX","ka10013","valid","ready","2026-10-06T12:19:27.672Z"
"raw","KR","stock","005930","day","KRW","credit","2025-05-20","0.8","%","키움증권 · 모의","remn_rt","2025-05-20","unknown","2026-10-06T12:19:27.639Z","","","false","","","","","partial","QA SYNTHETIC API → 격리된 메모리 PGlite → 실제 서버 서비스 · 모의 응답 · 실수급 검증 아님 · 요청 시작일까지 확보 · KRX 시장 · 공급자 기준일/공표시각/확정 여부 미확인","true","true","2025-04-22","2025-12-01","2025-04-22","2025-12-01","available-cumulative","2025-04-22","kiwoom","mock","KRX","ka10013","valid","ready","2026-10-06T12:19:27.672Z"
"raw","KR","stock","005930","day","KRW","credit","2025-05-21","0.9","%","키움증권 · 모의","remn_rt","2025-05-21","unknown","2026-10-06T12:19:27.639Z","","","false","","","","","partial","QA SYNTHETIC API → 격리된 메모리 PGlite → 실제 서버 서비스 · 모의 응답 · 실수급 검증 아님 · 요청 시작일까지 확보 · KRX 시장 · 공급자 기준일/공표시각/확정 여부 미확인","true","true","2025-04-22","2025-12-01","2025-04-22","2025-12-01","available-cumulative","2025-04-22","kiwoom","mock","KRX","ka10013","valid","ready","2026-10-06T12:19:27.672Z"
"raw","KR","stock","005930","day","KRW","credit","2025-05-22","1","%","키움증권 · 모의","remn_rt","2025-05-22","unknown","2026-10-06T12:19:27.639Z","","","false","","","","","partial","QA SYNTHETIC API → 격리된 메모리 PGlite → 실제 서버 서비스 · 모의 응답 · 실수급 검증 아님 · 요청 시작일까지 확보 · KRX 시장 · 공급자 기준일/공표시각/확정 여부 미확인","true","true","2025-04-22","2025-12-01","2025-04-22","2025-12-01","available-cumulative","2025-04-22","kiwoom","mock","KRX","ka10013","valid","ready","2026-10-06T12:19:27.672Z"
"raw","KR","stock","005930","day","KRW","credit","2025-05-23","0","%","키움증권 · 모의","remn_rt","2025-05-23","unknown","2026-10-06T12:19:27.639Z","","","false","","","","","partial","QA SYNTHETIC API → 격리된 메모리 PGlite → 실제 서버 서비스 · 모의 응답 · 실수급 검증 아님 · 요청 시작일까지 확보 · KRX 시장 · 공급자 기준일/공표시각/확정 여부 미확인","true","true","2025-04-22","2025-12-01","2025-04-22","2025-12-01","available-cumulative","2025-04-22","kiwoom","mock","KRX","ka10013","valid","ready","2026-10-06T12:19:27.672Z"
"raw","KR","stock","005930","day","KRW","credit","2025-05-26","0.1","%","키움증권 · 모의","remn_rt","2025-05-26","unknown","2026-10-06T12:19:27.639Z","","","false","","","","","partial","QA SYNTHETIC API → 격리된 메모리 PGlite → 실제 서버 서비스 · 모의 응답 · 실수급 검증 아님 · 요청 시작일까지 확보 · KRX 시장 · 공급자 기준일/공표시각/확정 여부 미확인","true","true","2025-04-22","2025-12-01","2025-04-22","2025-12-01","available-cumulative","2025-04-22","kiwoom","mock","KRX","ka10013","valid","ready","2026-10-06T12:19:27.672Z"
"raw","KR","stock","005930","day","KRW","credit","2025-05-27","0.2","%","키움증권 · 모의","remn_rt","2025-05-27","unknown","2026-10-06T12:19:27.639Z","","","false","","","","","partial","QA SYNTHETIC API → 격리된 메모리 PGlite → 실제 서버 서비스 · 모의 응답 · 실수급 검증 아님 · 요청 시작일까지 확보 · KRX 시장 · 공급자 기준일/공표시각/확정 여부 미확인","true","true","2025-04-22","2025-12-01","2025-04-22","2025-12-01","available-cumulative","2025-04-22","kiwoom","mock","KRX","ka10013","valid","ready","2026-10-06T12:19:27.672Z"
"raw","KR","stock","005930","day","KRW","credit","2025-05-28","0.3","%","키움증권 · 모의","remn_rt","2025-05-28","unknown","2026-10-06T12:19:27.639Z","","","false","","","","","partial","QA SYNTHETIC API → 격리된 메모리 PGlite → 실제 서버 서비스 · 모의 응답 · 실수급 검증 아님 · 요청 시작일까지 확보 · KRX 시장 · 공급자 기준일/공표시각/확정 여부 미확인","true","true","2025-04-22","2025-12-01","2025-04-22","2025-12-01","available-cumulative","2025-04-22","kiwoom","mock","KRX","ka10013","valid","ready","2026-10-06T12:19:27.672Z"
"raw","KR","stock","005930","day","KRW","credit","2025-05-29","0.4","%","키움증권 · 모의","remn_rt","2025-05-29","unknown","2026-10-06T12:19:27.639Z","","","false","","","","","partial","QA SYNTHETIC API → 격리된 메모리 PGlite → 실제 서버 서비스 · 모의 응답 · 실수급 검증 아님 · 요청 시작일까지 확보 · KRX 시장 · 공급자 기준일/공표시각/확정 여부 미확인","true","true","2025-04-22","2025-12-01","2025-04-22","2025-12-01","available-cumulative","2025-04-22","kiwoom","mock","KRX","ka10013","valid","ready","2026-10-06T12:19:27.672Z"
"raw","KR","stock","005930","day","KRW","credit","2025-05-30","0.5","%","키움증권 · 모의","remn_rt","2025-05-30","unknown","2026-10-06T12:19:27.639Z","","","false","","","","","partial","QA SYNTHETIC API → 격리된 메모리 PGlite → 실제 서버 서비스 · 모의 응답 · 실수급 검증 아님 · 요청 시작일까지 확보 · KRX 시장 · 공급자 기준일/공표시각/확정 여부 미확인","true","true","2025-04-22","2025-12-01","2025-04-22","2025-12-01","available-cumulative","2025-04-22","kiwoom","mock","KRX","ka10013","valid","ready","2026-10-06T12:19:27.672Z"
"raw","KR","stock","005930","day","KRW","credit","2025-06-02","0.6","%","키움증권 · 모의","remn_rt","2025-06-02","unknown","2026-10-06T12:19:27.639Z","","","false","","","","","partial","QA SYNTHETIC API → 격리된 메모리 PGlite → 실제 서버 서비스 · 모의 응답 · 실수급 검증 아님 · 요청 시작일까지 확보 · KRX 시장 · 공급자 기준일/공표시각/확정 여부 미확인","true","true","2025-04-22","2025-12-01","2025-04-22","2025-12-01","available-cumulative","2025-04-22","kiwoom","mock","KRX","ka10013","valid","ready","2026-10-06T12:19:27.672Z"
"raw","KR","stock","005930","day","KRW","credit","2025-06-03","0.7","%","키움증권 · 모의","remn_rt","2025-06-03","unknown","2026-10-06T12:19:27.639Z","","","false","","","","","partial","QA SYNTHETIC API → 격리된 메모리 PGlite → 실제 서버 서비스 · 모의 응답 · 실수급 검증 아님 · 요청 시작일까지 확보 · KRX 시장 · 공급자 기준일/공표시각/확정 여부 미확인","true","true","2025-04-22","2025-12-01","2025-04-22","2025-12-01","available-cumulative","2025-04-22","kiwoom","mock","KRX","ka10013","valid","ready","2026-10-06T12:19:27.672Z"
"raw","KR","stock","005930","day","KRW","credit","2025-06-04","0.8","%","키움증권 · 모의","remn_rt","2025-06-04","unknown","2026-10-06T12:19:27.639Z","","","false","","","","","partial","QA SYNTHETIC API → 격리된 메모리 PGlite → 실제 서버 서비스 · 모의 응답 · 실수급 검증 아님 · 요청 시작일까지 확보 · KRX 시장 · 공급자 기준일/공표시각/확정 여부 미확인","true","true","2025-04-22","2025-12-01","2025-04-22","2025-12-01","available-cumulative","2025-04-22","kiwoom","mock","KRX","ka10013","valid","ready","2026-10-06T12:19:27.672Z"
"raw","KR","stock","005930","day","KRW","credit","2025-06-05","0.9","%","키움증권 · 모의","remn_rt","2025-06-05","unknown","2026-10-06T12:19:27.639Z","","","false","","","","","partial","QA SYNTHETIC API → 격리된 메모리 PGlite → 실제 서버 서비스 · 모의 응답 · 실수급 검증 아님 · 요청 시작일까지 확보 · KRX 시장 · 공급자 기준일/공표시각/확정 여부 미확인","true","true","2025-04-22","2025-12-01","2025-04-22","2025-12-01","available-cumulative","2025-04-22","kiwoom","mock","KRX","ka10013","valid","ready","2026-10-06T12:19:27.672Z"
"raw","KR","stock","005930","day","KRW","credit","2025-06-06","1","%","키움증권 · 모의","remn_rt","2025-06-06","unknown","2026-10-06T12:19:27.639Z","","","false","","","","","partial","QA SYNTHETIC API → 격리된 메모리 PGlite → 실제 서버 서비스 · 모의 응답 · 실수급 검증 아님 · 요청 시작일까지 확보 · KRX 시장 · 공급자 기준일/공표시각/확정 여부 미확인","true","true","2025-04-22","2025-12-01","2025-04-22","2025-12-01","available-cumulative","2025-04-22","kiwoom","mock","KRX","ka10013","valid","ready","2026-10-06T12:19:27.672Z"
"raw","KR","stock","005930","day","KRW","credit","2025-06-09","0","%","키움증권 · 모의","remn_rt","2025-06-09","unknown","2026-10-06T12:19:27.639Z","","","false","","","","","partial","QA SYNTHETIC API → 격리된 메모리 PGlite → 실제 서버 서비스 · 모의 응답 · 실수급 검증 아님 · 요청 시작일까지 확보 · KRX 시장 · 공급자 기준일/공표시각/확정 여부 미확인","true","true","2025-04-22","2025-12-01","2025-04-22","2025-12-01","available-cumulative","2025-04-22","kiwoom","mock","KRX","ka10013","valid","ready","2026-10-06T12:19:27.672Z"
"raw","KR","stock","005930","day","KRW","credit","2025-06-10","0.1","%","키움증권 · 모의","remn_rt","2025-06-10","unknown","2026-10-06T12:19:27.639Z","","","false","","","","","partial","QA SYNTHETIC API → 격리된 메모리 PGlite → 실제 서버 서비스 · 모의 응답 · 실수급 검증 아님 · 요청 시작일까지 확보 · KRX 시장 · 공급자 기준일/공표시각/확정 여부 미확인","true","true","2025-04-22","2025-12-01","2025-04-22","2025-12-01","available-cumulative","2025-04-22","kiwoom","mock","KRX","ka10013","valid","ready","2026-10-06T12:19:27.672Z"
"raw","KR","stock","005930","day","KRW","credit","2025-06-11","0.2","%","키움증권 · 모의","remn_rt","2025-06-11","unknown","2026-10-06T12:19:27.639Z","","","false","","","","","partial","QA SYNTHETIC API → 격리된 메모리 PGlite → 실제 서버 서비스 · 모의 응답 · 실수급 검증 아님 · 요청 시작일까지 확보 · KRX 시장 · 공급자 기준일/공표시각/확정 여부 미확인","true","true","2025-04-22","2025-12-01","2025-04-22","2025-12-01","available-cumulative","2025-04-22","kiwoom","mock","KRX","ka10013","valid","ready","2026-10-06T12:19:27.672Z"
"raw","KR","stock","005930","day","KRW","credit","2025-06-12","0.3","%","키움증권 · 모의","remn_rt","2025-06-12","unknown","2026-10-06T12:19:27.639Z","","","false","","","","","partial","QA SYNTHETIC API → 격리된 메모리 PGlite → 실제 서버 서비스 · 모의 응답 · 실수급 검증 아님 · 요청 시작일까지 확보 · KRX 시장 · 공급자 기준일/공표시각/확정 여부 미확인","true","true","2025-04-22","2025-12-01","2025-04-22","2025-12-01","available-cumulative","2025-04-22","kiwoom","mock","KRX","ka10013","valid","ready","2026-10-06T12:19:27.672Z"
"raw","KR","stock","005930","day","KRW","credit","2025-06-13","0.4","%","키움증권 · 모의","remn_rt","2025-06-13","unknown","2026-10-06T12:19:27.639Z","","","false","","","","","partial","QA SYNTHETIC API → 격리된 메모리 PGlite → 실제 서버 서비스 · 모의 응답 · 실수급 검증 아님 · 요청 시작일까지 확보 · KRX 시장 · 공급자 기준일/공표시각/확정 여부 미확인","true","true","2025-04-22","2025-12-01","2025-04-22","2025-12-01","available-cumulative","2025-04-22","kiwoom","mock","KRX","ka10013","valid","ready","2026-10-06T12:19:27.672Z"
"raw","KR","stock","005930","day","KRW","credit","2025-06-16","0.5","%","키움증권 · 모의","remn_rt","2025-06-16","unknown","2026-10-06T12:19:27.639Z","","","false","","","","","partial","QA SYNTHETIC API → 격리된 메모리 PGlite → 실제 서버 서비스 · 모의 응답 · 실수급 검증 아님 · 요청 시작일까지 확보 · KRX 시장 · 공급자 기준일/공표시각/확정 여부 미확인","true","true","2025-04-22","2025-12-01","2025-04-22","2025-12-01","available-cumulative","2025-04-22","kiwoom","mock","KRX","ka10013","valid","ready","2026-10-06T12:19:27.672Z"
"raw","KR","stock","005930","day","KRW","credit","2025-06-17","0.6","%","키움증권 · 모의","remn_rt","2025-06-17","unknown","2026-10-06T12:19:27.639Z","","","false","","","","","partial","QA SYNTHETIC API → 격리된 메모리 PGlite → 실제 서버 서비스 · 모의 응답 · 실수급 검증 아님 · 요청 시작일까지 확보 · KRX 시장 · 공급자 기준일/공표시각/확정 여부 미확인","true","true","2025-04-22","2025-12-01","2025-04-22","2025-12-01","available-cumulative","2025-04-22","kiwoom","mock","KRX","ka10013","valid","ready","2026-10-06T12:19:27.672Z"
"raw","KR","stock","005930","day","KRW","credit","2025-06-18","0.7","%","키움증권 · 모의","remn_rt","2025-06-18","unknown","2026-10-06T12:19:27.639Z","","","false","","","","","partial","QA SYNTHETIC API → 격리된 메모리 PGlite → 실제 서버 서비스 · 모의 응답 · 실수급 검증 아님 · 요청 시작일까지 확보 · KRX 시장 · 공급자 기준일/공표시각/확정 여부 미확인","true","true","2025-04-22","2025-12-01","2025-04-22","2025-12-01","available-cumulative","2025-04-22","kiwoom","mock","KRX","ka10013","valid","ready","2026-10-06T12:19:27.672Z"
"raw","KR","stock","005930","day","KRW","credit","2025-06-19","0.8","%","키움증권 · 모의","remn_rt","2025-06-19","unknown","2026-10-06T12:19:27.639Z","","","false","","","","","partial","QA SYNTHETIC API → 격리된 메모리 PGlite → 실제 서버 서비스 · 모의 응답 · 실수급 검증 아님 · 요청 시작일까지 확보 · KRX 시장 · 공급자 기준일/공표시각/확정 여부 미확인","true","true","2025-04-22","2025-12-01","2025-04-22","2025-12-01","available-cumulative","2025-04-22","kiwoom","mock","KRX","ka10013","valid","ready","2026-10-06T12:19:27.672Z"
"raw","KR","stock","005930","day","KRW","credit","2025-06-20","0.9","%","키움증권 · 모의","remn_rt","2025-06-20","unknown","2026-10-06T12:19:27.639Z","","","false","","","","","partial","QA SYNTHETIC API → 격리된 메모리 PGlite → 실제 서버 서비스 · 모의 응답 · 실수급 검증 아님 · 요청 시작일까지 확보 · KRX 시장 · 공급자 기준일/공표시각/확정 여부 미확인","true","true","2025-04-22","2025-12-01","2025-04-22","2025-12-01","available-cumulative","2025-04-22","kiwoom","mock","KRX","ka10013","valid","ready","2026-10-06T12:19:27.672Z"
"raw","KR","stock","005930","day","KRW","credit","2025-06-23","1","%","키움증권 · 모의","remn_rt","2025-06-23","unknown","2026-10-06T12:19:27.639Z","","","false","","","","","partial","QA SYNTHETIC API → 격리된 메모리 PGlite → 실제 서버 서비스 · 모의 응답 · 실수급 검증 아님 · 요청 시작일까지 확보 · KRX 시장 · 공급자 기준일/공표시각/확정 여부 미확인","true","true","2025-04-22","2025-12-01","2025-04-22","2025-12-01","available-cumulative","2025-04-22","kiwoom","mock","KRX","ka10013","valid","ready","2026-10-06T12:19:27.672Z"
"raw","KR","stock","005930","day","KRW","credit","2025-06-24","0","%","키움증권 · 모의","remn_rt","2025-06-24","unknown","2026-10-06T12:19:27.639Z","","","false","","","","","partial","QA SYNTHETIC API → 격리된 메모리 PGlite → 실제 서버 서비스 · 모의 응답 · 실수급 검증 아님 · 요청 시작일까지 확보 · KRX 시장 · 공급자 기준일/공표시각/확정 여부 미확인","true","true","2025-04-22","2025-12-01","2025-04-22","2025-12-01","available-cumulative","2025-04-22","kiwoom","mock","KRX","ka10013","valid","ready","2026-10-06T12:19:27.672Z"
"raw","KR","stock","005930","day","KRW","credit","2025-06-25","0.1","%","키움증권 · 모의","remn_rt","2025-06-25","unknown","2026-10-06T12:19:27.639Z","","","false","","","","","partial","QA SYNTHETIC API → 격리된 메모리 PGlite → 실제 서버 서비스 · 모의 응답 · 실수급 검증 아님 · 요청 시작일까지 확보 · KRX 시장 · 공급자 기준일/공표시각/확정 여부 미확인","true","true","2025-04-22","2025-12-01","2025-04-22","2025-12-01","available-cumulative","2025-04-22","kiwoom","mock","KRX","ka10013","valid","ready","2026-10-06T12:19:27.672Z"
"raw","KR","stock","005930","day","KRW","credit","2025-06-26","0.2","%","키움증권 · 모의","remn_rt","2025-06-26","unknown","2026-10-06T12:19:27.639Z","","","false","","","","","partial","QA SYNTHETIC API → 격리된 메모리 PGlite → 실제 서버 서비스 · 모의 응답 · 실수급 검증 아님 · 요청 시작일까지 확보 · KRX 시장 · 공급자 기준일/공표시각/확정 여부 미확인","true","true","2025-04-22","2025-12-01","2025-04-22","2025-12-01","available-cumulative","2025-04-22","kiwoom","mock","KRX","ka10013","valid","ready","2026-10-06T12:19:27.672Z"
"raw","KR","stock","005930","day","KRW","credit","2025-06-27","0.3","%","키움증권 · 모의","remn_rt","2025-06-27","unknown","2026-10-06T12:19:27.639Z","","","false","","","","","partial","QA SYNTHETIC API → 격리된 메모리 PGlite → 실제 서버 서비스 · 모의 응답 · 실수급 검증 아님 · 요청 시작일까지 확보 · KRX 시장 · 공급자 기준일/공표시각/확정 여부 미확인","true","true","2025-04-22","2025-12-01","2025-04-22","2025-12-01","available-cumulative","2025-04-22","kiwoom","mock","KRX","ka10013","valid","ready","2026-10-06T12:19:27.672Z"
"raw","KR","stock","005930","day","KRW","credit","2025-06-30","0.4","%","키움증권 · 모의","remn_rt","2025-06-30","unknown","2026-10-06T12:19:27.639Z","","","false","","","","","partial","QA SYNTHETIC API → 격리된 메모리 PGlite → 실제 서버 서비스 · 모의 응답 · 실수급 검증 아님 · 요청 시작일까지 확보 · KRX 시장 · 공급자 기준일/공표시각/확정 여부 미확인","true","true","2025-04-22","2025-12-01","2025-04-22","2025-12-01","available-cumulative","2025-04-22","kiwoom","mock","KRX","ka10013","valid","ready","2026-10-06T12:19:27.672Z"
"raw","KR","stock","005930","day","KRW","credit","2025-07-01","0.5","%","키움증권 · 모의","remn_rt","2025-07-01","unknown","2026-10-06T12:19:27.639Z","","","false","","","","","partial","QA SYNTHETIC API → 격리된 메모리 PGlite → 실제 서버 서비스 · 모의 응답 · 실수급 검증 아님 · 요청 시작일까지 확보 · KRX 시장 · 공급자 기준일/공표시각/확정 여부 미확인","true","true","2025-04-22","2025-12-01","2025-04-22","2025-12-01","available-cumulative","2025-04-22","kiwoom","mock","KRX","ka10013","valid","ready","2026-10-06T12:19:27.672Z"
"raw","KR","stock","005930","day","KRW","credit","2025-07-02","0.6","%","키움증권 · 모의","remn_rt","2025-07-02","unknown","2026-10-06T12:19:27.639Z","","","false","","","","","partial","QA SYNTHETIC API → 격리된 메모리 PGlite → 실제 서버 서비스 · 모의 응답 · 실수급 검증 아님 · 요청 시작일까지 확보 · KRX 시장 · 공급자 기준일/공표시각/확정 여부 미확인","true","true","2025-04-22","2025-12-01","2025-04-22","2025-12-01","available-cumulative","2025-04-22","kiwoom","mock","KRX","ka10013","valid","ready","2026-10-06T12:19:27.672Z"
"raw","KR","stock","005930","day","KRW","credit","2025-07-03","0.7","%","키움증권 · 모의","remn_rt","2025-07-03","unknown","2026-10-06T12:19:27.639Z","","","false","","","","","partial","QA SYNTHETIC API → 격리된 메모리 PGlite → 실제 서버 서비스 · 모의 응답 · 실수급 검증 아님 · 요청 시작일까지 확보 · KRX 시장 · 공급자 기준일/공표시각/확정 여부 미확인","true","true","2025-04-22","2025-12-01","2025-04-22","2025-12-01","available-cumulative","2025-04-22","kiwoom","mock","KRX","ka10013","valid","ready","2026-10-06T12:19:27.672Z"
"raw","KR","stock","005930","day","KRW","credit","2025-07-04","0.8","%","키움증권 · 모의","remn_rt","2025-07-04","unknown","2026-10-06T12:19:27.639Z","","","false","","","","","partial","QA SYNTHETIC API → 격리된 메모리 PGlite → 실제 서버 서비스 · 모의 응답 · 실수급 검증 아님 · 요청 시작일까지 확보 · KRX 시장 · 공급자 기준일/공표시각/확정 여부 미확인","true","true","2025-04-22","2025-12-01","2025-04-22","2025-12-01","available-cumulative","2025-04-22","kiwoom","mock","KRX","ka10013","valid","ready","2026-10-06T12:19:27.672Z"
"raw","KR","stock","005930","day","KRW","credit","2025-07-07","0.9","%","키움증권 · 모의","remn_rt","2025-07-07","unknown","2026-10-06T12:19:27.639Z","","","false","","","","","partial","QA SYNTHETIC API → 격리된 메모리 PGlite → 실제 서버 서비스 · 모의 응답 · 실수급 검증 아님 · 요청 시작일까지 확보 · KRX 시장 · 공급자 기준일/공표시각/확정 여부 미확인","true","true","2025-04-22","2025-12-01","2025-04-22","2025-12-01","available-cumulative","2025-04-22","kiwoom","mock","KRX","ka10013","valid","ready","2026-10-06T12:19:27.672Z"
"raw","KR","stock","005930","day","KRW","credit","2025-07-08","1","%","키움증권 · 모의","remn_rt","2025-07-08","unknown","2026-10-06T12:19:27.639Z","","","false","","","","","partial","QA SYNTHETIC API → 격리된 메모리 PGlite → 실제 서버 서비스 · 모의 응답 · 실수급 검증 아님 · 요청 시작일까지 확보 · KRX 시장 · 공급자 기준일/공표시각/확정 여부 미확인","true","true","2025-04-22","2025-12-01","2025-04-22","2025-12-01","available-cumulative","2025-04-22","kiwoom","mock","KRX","ka10013","valid","ready","2026-10-06T12:19:27.672Z"
"raw","KR","stock","005930","day","KRW","credit","2025-07-09","0","%","키움증권 · 모의","remn_rt","2025-07-09","unknown","2026-10-06T12:19:27.639Z","","","false","","","","","partial","QA SYNTHETIC API → 격리된 메모리 PGlite → 실제 서버 서비스 · 모의 응답 · 실수급 검증 아님 · 요청 시작일까지 확보 · KRX 시장 · 공급자 기준일/공표시각/확정 여부 미확인","true","true","2025-04-22","2025-12-01","2025-04-22","2025-12-01","available-cumulative","2025-04-22","kiwoom","mock","KRX","ka10013","valid","ready","2026-10-06T12:19:27.672Z"
"raw","KR","stock","005930","day","KRW","credit","2025-07-10","0.1","%","키움증권 · 모의","remn_rt","2025-07-10","unknown","2026-10-06T12:19:27.639Z","","","false","","","","","partial","QA SYNTHETIC API → 격리된 메모리 PGlite → 실제 서버 서비스 · 모의 응답 · 실수급 검증 아님 · 요청 시작일까지 확보 · KRX 시장 · 공급자 기준일/공표시각/확정 여부 미확인","true","true","2025-04-22","2025-12-01","2025-04-22","2025-12-01","available-cumulative","2025-04-22","kiwoom","mock","KRX","ka10013","valid","ready","2026-10-06T12:19:27.672Z"
"raw","KR","stock","005930","day","KRW","credit","2025-07-11","0.2","%","키움증권 · 모의","remn_rt","2025-07-11","unknown","2026-10-06T12:19:27.639Z","","","false","","","","","partial","QA SYNTHETIC API → 격리된 메모리 PGlite → 실제 서버 서비스 · 모의 응답 · 실수급 검증 아님 · 요청 시작일까지 확보 · KRX 시장 · 공급자 기준일/공표시각/확정 여부 미확인","true","true","2025-04-22","2025-12-01","2025-04-22","2025-12-01","available-cumulative","2025-04-22","kiwoom","mock","KRX","ka10013","valid","ready","2026-10-06T12:19:27.672Z"
"raw","KR","stock","005930","day","KRW","credit","2025-07-14","0.3","%","키움증권 · 모의","remn_rt","2025-07-14","unknown","2026-10-06T12:19:27.639Z","","","false","","","","","partial","QA SYNTHETIC API → 격리된 메모리 PGlite → 실제 서버 서비스 · 모의 응답 · 실수급 검증 아님 · 요청 시작일까지 확보 · KRX 시장 · 공급자 기준일/공표시각/확정 여부 미확인","true","true","2025-04-22","2025-12-01","2025-04-22","2025-12-01","available-cumulative","2025-04-22","kiwoom","mock","KRX","ka10013","valid","ready","2026-10-06T12:19:27.672Z"
"raw","KR","stock","005930","day","KRW","credit","2025-07-15","0.4","%","키움증권 · 모의","remn_rt","2025-07-15","unknown","2026-10-06T12:19:27.639Z","","","false","","","","","partial","QA SYNTHETIC API → 격리된 메모리 PGlite → 실제 서버 서비스 · 모의 응답 · 실수급 검증 아님 · 요청 시작일까지 확보 · KRX 시장 · 공급자 기준일/공표시각/확정 여부 미확인","true","true","2025-04-22","2025-12-01","2025-04-22","2025-12-01","available-cumulative","2025-04-22","kiwoom","mock","KRX","ka10013","valid","ready","2026-10-06T12:19:27.672Z"
"raw","KR","stock","005930","day","KRW","credit","2025-07-16","0.5","%","키움증권 · 모의","remn_rt","2025-07-16","unknown","2026-10-06T12:19:27.639Z","","","false","","","","","partial","QA SYNTHETIC API → 격리된 메모리 PGlite → 실제 서버 서비스 · 모의 응답 · 실수급 검증 아님 · 요청 시작일까지 확보 · KRX 시장 · 공급자 기준일/공표시각/확정 여부 미확인","true","true","2025-04-22","2025-12-01","2025-04-22","2025-12-01","available-cumulative","2025-04-22","kiwoom","mock","KRX","ka10013","valid","ready","2026-10-06T12:19:27.672Z"
"raw","KR","stock","005930","day","KRW","credit","2025-07-17","0.6","%","키움증권 · 모의","remn_rt","2025-07-17","unknown","2026-10-06T12:19:27.639Z","","","false","","","","","partial","QA SYNTHETIC API → 격리된 메모리 PGlite → 실제 서버 서비스 · 모의 응답 · 실수급 검증 아님 · 요청 시작일까지 확보 · KRX 시장 · 공급자 기준일/공표시각/확정 여부 미확인","true","true","2025-04-22","2025-12-01","2025-04-22","2025-12-01","available-cumulative","2025-04-22","kiwoom","mock","KRX","ka10013","valid","ready","2026-10-06T12:19:27.672Z"
"raw","KR","stock","005930","day","KRW","credit","2025-07-18","0.7","%","키움증권 · 모의","remn_rt","2025-07-18","unknown","2026-10-06T12:19:27.639Z","","","false","","","","","partial","QA SYNTHETIC API → 격리된 메모리 PGlite → 실제 서버 서비스 · 모의 응답 · 실수급 검증 아님 · 요청 시작일까지 확보 · KRX 시장 · 공급자 기준일/공표시각/확정 여부 미확인","true","true","2025-04-22","2025-12-01","2025-04-22","2025-12-01","available-cumulative","2025-04-22","kiwoom","mock","KRX","ka10013","valid","ready","2026-10-06T12:19:27.672Z"
"raw","KR","stock","005930","day","KRW","credit","2025-07-21","0.8","%","키움증권 · 모의","remn_rt","2025-07-21","unknown","2026-10-06T12:19:27.639Z","","","false","","","","","partial","QA SYNTHETIC API → 격리된 메모리 PGlite → 실제 서버 서비스 · 모의 응답 · 실수급 검증 아님 · 요청 시작일까지 확보 · KRX 시장 · 공급자 기준일/공표시각/확정 여부 미확인","true","true","2025-04-22","2025-12-01","2025-04-22","2025-12-01","available-cumulative","2025-04-22","kiwoom","mock","KRX","ka10013","valid","ready","2026-10-06T12:19:27.672Z"
"raw","KR","stock","005930","day","KRW","credit","2025-07-22","0.9","%","키움증권 · 모의","remn_rt","2025-07-22","unknown","2026-10-06T12:19:27.639Z","","","false","","","","","partial","QA SYNTHETIC API → 격리된 메모리 PGlite → 실제 서버 서비스 · 모의 응답 · 실수급 검증 아님 · 요청 시작일까지 확보 · KRX 시장 · 공급자 기준일/공표시각/확정 여부 미확인","true","true","2025-04-22","2025-12-01","2025-04-22","2025-12-01","available-cumulative","2025-04-22","kiwoom","mock","KRX","ka10013","valid","ready","2026-10-06T12:19:27.672Z"
"raw","KR","stock","005930","day","KRW","credit","2025-07-23","1","%","키움증권 · 모의","remn_rt","2025-07-23","unknown","2026-10-06T12:19:27.639Z","","","false","","","","","partial","QA SYNTHETIC API → 격리된 메모리 PGlite → 실제 서버 서비스 · 모의 응답 · 실수급 검증 아님 · 요청 시작일까지 확보 · KRX 시장 · 공급자 기준일/공표시각/확정 여부 미확인","true","true","2025-04-22","2025-12-01","2025-04-22","2025-12-01","available-cumulative","2025-04-22","kiwoom","mock","KRX","ka10013","valid","ready","2026-10-06T12:19:27.672Z"
"raw","KR","stock","005930","day","KRW","credit","2025-07-24","0","%","키움증권 · 모의","remn_rt","2025-07-24","unknown","2026-10-06T12:19:27.639Z","","","false","","","","","partial","QA SYNTHETIC API → 격리된 메모리 PGlite → 실제 서버 서비스 · 모의 응답 · 실수급 검증 아님 · 요청 시작일까지 확보 · KRX 시장 · 공급자 기준일/공표시각/확정 여부 미확인","true","true","2025-04-22","2025-12-01","2025-04-22","2025-12-01","available-cumulative","2025-04-22","kiwoom","mock","KRX","ka10013","valid","ready","2026-10-06T12:19:27.672Z"
"raw","KR","stock","005930","day","KRW","credit","2025-07-25","0.1","%","키움증권 · 모의","remn_rt","2025-07-25","unknown","2026-10-06T12:19:27.639Z","","","false","","","","","partial","QA SYNTHETIC API → 격리된 메모리 PGlite → 실제 서버 서비스 · 모의 응답 · 실수급 검증 아님 · 요청 시작일까지 확보 · KRX 시장 · 공급자 기준일/공표시각/확정 여부 미확인","true","true","2025-04-22","2025-12-01","2025-04-22","2025-12-01","available-cumulative","2025-04-22","kiwoom","mock","KRX","ka10013","valid","ready","2026-10-06T12:19:27.672Z"
"raw","KR","stock","005930","day","KRW","credit","2025-07-28","0.2","%","키움증권 · 모의","remn_rt","2025-07-28","unknown","2026-10-06T12:19:27.639Z","","","false","","","","","partial","QA SYNTHETIC API → 격리된 메모리 PGlite → 실제 서버 서비스 · 모의 응답 · 실수급 검증 아님 · 요청 시작일까지 확보 · KRX 시장 · 공급자 기준일/공표시각/확정 여부 미확인","true","true","2025-04-22","2025-12-01","2025-04-22","2025-12-01","available-cumulative","2025-04-22","kiwoom","mock","KRX","ka10013","valid","ready","2026-10-06T12:19:27.672Z"
"raw","KR","stock","005930","day","KRW","credit","2025-07-29","0.3","%","키움증권 · 모의","remn_rt","2025-07-29","unknown","2026-10-06T12:19:27.639Z","","","false","","","","","partial","QA SYNTHETIC API → 격리된 메모리 PGlite → 실제 서버 서비스 · 모의 응답 · 실수급 검증 아님 · 요청 시작일까지 확보 · KRX 시장 · 공급자 기준일/공표시각/확정 여부 미확인","true","true","2025-04-22","2025-12-01","2025-04-22","2025-12-01","available-cumulative","2025-04-22","kiwoom","mock","KRX","ka10013","valid","ready","2026-10-06T12:19:27.672Z"
"raw","KR","stock","005930","day","KRW","credit","2025-07-30","0.4","%","키움증권 · 모의","remn_rt","2025-07-30","unknown","2026-10-06T12:19:27.639Z","","","false","","","","","partial","QA SYNTHETIC API → 격리된 메모리 PGlite → 실제 서버 서비스 · 모의 응답 · 실수급 검증 아님 · 요청 시작일까지 확보 · KRX 시장 · 공급자 기준일/공표시각/확정 여부 미확인","true","true","2025-04-22","2025-12-01","2025-04-22","2025-12-01","available-cumulative","2025-04-22","kiwoom","mock","KRX","ka10013","valid","ready","2026-10-06T12:19:27.672Z"
"raw","KR","stock","005930","day","KRW","credit","2025-07-31","0.5","%","키움증권 · 모의","remn_rt","2025-07-31","unknown","2026-10-06T12:19:27.639Z","","","false","","","","","partial","QA SYNTHETIC API → 격리된 메모리 PGlite → 실제 서버 서비스 · 모의 응답 · 실수급 검증 아님 · 요청 시작일까지 확보 · KRX 시장 · 공급자 기준일/공표시각/확정 여부 미확인","true","true","2025-04-22","2025-12-01","2025-04-22","2025-12-01","available-cumulative","2025-04-22","kiwoom","mock","KRX","ka10013","valid","ready","2026-10-06T12:19:27.672Z"
"raw","KR","stock","005930","day","KRW","credit","2025-08-01","0.6","%","키움증권 · 모의","remn_rt","2025-08-01","unknown","2026-10-06T12:19:27.639Z","","","false","","","","","partial","QA SYNTHETIC API → 격리된 메모리 PGlite → 실제 서버 서비스 · 모의 응답 · 실수급 검증 아님 · 요청 시작일까지 확보 · KRX 시장 · 공급자 기준일/공표시각/확정 여부 미확인","true","true","2025-04-22","2025-12-01","2025-04-22","2025-12-01","available-cumulative","2025-04-22","kiwoom","mock","KRX","ka10013","valid","ready","2026-10-06T12:19:27.672Z"
"raw","KR","stock","005930","day","KRW","credit","2025-08-04","0.7","%","키움증권 · 모의","remn_rt","2025-08-04","unknown","2026-10-06T12:19:27.639Z","","","false","","","","","partial","QA SYNTHETIC API → 격리된 메모리 PGlite → 실제 서버 서비스 · 모의 응답 · 실수급 검증 아님 · 요청 시작일까지 확보 · KRX 시장 · 공급자 기준일/공표시각/확정 여부 미확인","true","true","2025-04-22","2025-12-01","2025-04-22","2025-12-01","available-cumulative","2025-04-22","kiwoom","mock","KRX","ka10013","valid","ready","2026-10-06T12:19:27.672Z"
"raw","KR","stock","005930","day","KRW","credit","2025-08-05","0.8","%","키움증권 · 모의","remn_rt","2025-08-05","unknown","2026-10-06T12:19:27.639Z","","","false","","","","","partial","QA SYNTHETIC API → 격리된 메모리 PGlite → 실제 서버 서비스 · 모의 응답 · 실수급 검증 아님 · 요청 시작일까지 확보 · KRX 시장 · 공급자 기준일/공표시각/확정 여부 미확인","true","true","2025-04-22","2025-12-01","2025-04-22","2025-12-01","available-cumulative","2025-04-22","kiwoom","mock","KRX","ka10013","valid","ready","2026-10-06T12:19:27.672Z"
"raw","KR","stock","005930","day","KRW","credit","2025-08-06","0.9","%","키움증권 · 모의","remn_rt","2025-08-06","unknown","2026-10-06T12:19:27.639Z","","","false","","","","","partial","QA SYNTHETIC API → 격리된 메모리 PGlite → 실제 서버 서비스 · 모의 응답 · 실수급 검증 아님 · 요청 시작일까지 확보 · KRX 시장 · 공급자 기준일/공표시각/확정 여부 미확인","true","true","2025-04-22","2025-12-01","2025-04-22","2025-12-01","available-cumulative","2025-04-22","kiwoom","mock","KRX","ka10013","valid","ready","2026-10-06T12:19:27.672Z"
"raw","KR","stock","005930","day","KRW","credit","2025-08-07","1","%","키움증권 · 모의","remn_rt","2025-08-07","unknown","2026-10-06T12:19:27.639Z","","","false","","","","","partial","QA SYNTHETIC API → 격리된 메모리 PGlite → 실제 서버 서비스 · 모의 응답 · 실수급 검증 아님 · 요청 시작일까지 확보 · KRX 시장 · 공급자 기준일/공표시각/확정 여부 미확인","true","true","2025-04-22","2025-12-01","2025-04-22","2025-12-01","available-cumulative","2025-04-22","kiwoom","mock","KRX","ka10013","valid","ready","2026-10-06T12:19:27.672Z"
"raw","KR","stock","005930","day","KRW","credit","2025-08-08","0","%","키움증권 · 모의","remn_rt","2025-08-08","unknown","2026-10-06T12:19:27.639Z","","","false","","","","","partial","QA SYNTHETIC API → 격리된 메모리 PGlite → 실제 서버 서비스 · 모의 응답 · 실수급 검증 아님 · 요청 시작일까지 확보 · KRX 시장 · 공급자 기준일/공표시각/확정 여부 미확인","true","true","2025-04-22","2025-12-01","2025-04-22","2025-12-01","available-cumulative","2025-04-22","kiwoom","mock","KRX","ka10013","valid","ready","2026-10-06T12:19:27.672Z"
"raw","KR","stock","005930","day","KRW","credit","2025-08-11","0.1","%","키움증권 · 모의","remn_rt","2025-08-11","unknown","2026-10-06T12:19:27.639Z","","","false","","","","","partial","QA SYNTHETIC API → 격리된 메모리 PGlite → 실제 서버 서비스 · 모의 응답 · 실수급 검증 아님 · 요청 시작일까지 확보 · KRX 시장 · 공급자 기준일/공표시각/확정 여부 미확인","true","true","2025-04-22","2025-12-01","2025-04-22","2025-12-01","available-cumulative","2025-04-22","kiwoom","mock","KRX","ka10013","valid","ready","2026-10-06T12:19:27.672Z"
"raw","KR","stock","005930","day","KRW","credit","2025-08-12","0.2","%","키움증권 · 모의","remn_rt","2025-08-12","unknown","2026-10-06T12:19:27.639Z","","","false","","","","","partial","QA SYNTHETIC API → 격리된 메모리 PGlite → 실제 서버 서비스 · 모의 응답 · 실수급 검증 아님 · 요청 시작일까지 확보 · KRX 시장 · 공급자 기준일/공표시각/확정 여부 미확인","true","true","2025-04-22","2025-12-01","2025-04-22","2025-12-01","available-cumulative","2025-04-22","kiwoom","mock","KRX","ka10013","valid","ready","2026-10-06T12:19:27.672Z"
"raw","KR","stock","005930","day","KRW","credit","2025-08-13","0.3","%","키움증권 · 모의","remn_rt","2025-08-13","unknown","2026-10-06T12:19:27.639Z","","","false","","","","","partial","QA SYNTHETIC API → 격리된 메모리 PGlite → 실제 서버 서비스 · 모의 응답 · 실수급 검증 아님 · 요청 시작일까지 확보 · KRX 시장 · 공급자 기준일/공표시각/확정 여부 미확인","true","true","2025-04-22","2025-12-01","2025-04-22","2025-12-01","available-cumulative","2025-04-22","kiwoom","mock","KRX","ka10013","valid","ready","2026-10-06T12:19:27.672Z"
"raw","KR","stock","005930","day","KRW","credit","2025-08-14","0.4","%","키움증권 · 모의","remn_rt","2025-08-14","unknown","2026-10-06T12:19:27.639Z","","","false","","","","","partial","QA SYNTHETIC API → 격리된 메모리 PGlite → 실제 서버 서비스 · 모의 응답 · 실수급 검증 아님 · 요청 시작일까지 확보 · KRX 시장 · 공급자 기준일/공표시각/확정 여부 미확인","true","true","2025-04-22","2025-12-01","2025-04-22","2025-12-01","available-cumulative","2025-04-22","kiwoom","mock","KRX","ka10013","valid","ready","2026-10-06T12:19:27.672Z"
"raw","KR","stock","005930","day","KRW","credit","2025-08-15","0.5","%","키움증권 · 모의","remn_rt","2025-08-15","unknown","2026-10-06T12:19:27.639Z","","","false","","","","","partial","QA SYNTHETIC API → 격리된 메모리 PGlite → 실제 서버 서비스 · 모의 응답 · 실수급 검증 아님 · 요청 시작일까지 확보 · KRX 시장 · 공급자 기준일/공표시각/확정 여부 미확인","true","true","2025-04-22","2025-12-01","2025-04-22","2025-12-01","available-cumulative","2025-04-22","kiwoom","mock","KRX","ka10013","valid","ready","2026-10-06T12:19:27.672Z"
"raw","KR","stock","005930","day","KRW","credit","2025-08-18","0.6","%","키움증권 · 모의","remn_rt","2025-08-18","unknown","2026-10-06T12:19:27.639Z","","","false","","","","","partial","QA SYNTHETIC API → 격리된 메모리 PGlite → 실제 서버 서비스 · 모의 응답 · 실수급 검증 아님 · 요청 시작일까지 확보 · KRX 시장 · 공급자 기준일/공표시각/확정 여부 미확인","true","true","2025-04-22","2025-12-01","2025-04-22","2025-12-01","available-cumulative","2025-04-22","kiwoom","mock","KRX","ka10013","valid","ready","2026-10-06T12:19:27.672Z"
"raw","KR","stock","005930","day","KRW","credit","2025-08-19","0.7","%","키움증권 · 모의","remn_rt","2025-08-19","unknown","2026-10-06T12:19:27.639Z","","","false","","","","","partial","QA SYNTHETIC API → 격리된 메모리 PGlite → 실제 서버 서비스 · 모의 응답 · 실수급 검증 아님 · 요청 시작일까지 확보 · KRX 시장 · 공급자 기준일/공표시각/확정 여부 미확인","true","true","2025-04-22","2025-12-01","2025-04-22","2025-12-01","available-cumulative","2025-04-22","kiwoom","mock","KRX","ka10013","valid","ready","2026-10-06T12:19:27.672Z"
"raw","KR","stock","005930","day","KRW","credit","2025-08-20","0.8","%","키움증권 · 모의","remn_rt","2025-08-20","unknown","2026-10-06T12:19:27.639Z","","","false","","","","","partial","QA SYNTHETIC API → 격리된 메모리 PGlite → 실제 서버 서비스 · 모의 응답 · 실수급 검증 아님 · 요청 시작일까지 확보 · KRX 시장 · 공급자 기준일/공표시각/확정 여부 미확인","true","true","2025-04-22","2025-12-01","2025-04-22","2025-12-01","available-cumulative","2025-04-22","kiwoom","mock","KRX","ka10013","valid","ready","2026-10-06T12:19:27.672Z"
"raw","KR","stock","005930","day","KRW","credit","2025-08-21","0.9","%","키움증권 · 모의","remn_rt","2025-08-21","unknown","2026-10-06T12:19:27.639Z","","","false","","","","","partial","QA SYNTHETIC API → 격리된 메모리 PGlite → 실제 서버 서비스 · 모의 응답 · 실수급 검증 아님 · 요청 시작일까지 확보 · KRX 시장 · 공급자 기준일/공표시각/확정 여부 미확인","true","true","2025-04-22","2025-12-01","2025-04-22","2025-12-01","available-cumulative","2025-04-22","kiwoom","mock","KRX","ka10013","valid","ready","2026-10-06T12:19:27.672Z"
"raw","KR","stock","005930","day","KRW","credit","2025-08-22","1","%","키움증권 · 모의","remn_rt","2025-08-22","unknown","2026-10-06T12:19:27.639Z","","","false","","","","","partial","QA SYNTHETIC API → 격리된 메모리 PGlite → 실제 서버 서비스 · 모의 응답 · 실수급 검증 아님 · 요청 시작일까지 확보 · KRX 시장 · 공급자 기준일/공표시각/확정 여부 미확인","true","true","2025-04-22","2025-12-01","2025-04-22","2025-12-01","available-cumulative","2025-04-22","kiwoom","mock","KRX","ka10013","valid","ready","2026-10-06T12:19:27.672Z"
"raw","KR","stock","005930","day","KRW","credit","2025-08-25","0","%","키움증권 · 모의","remn_rt","2025-08-25","unknown","2026-10-06T12:19:27.639Z","","","false","","","","","partial","QA SYNTHETIC API → 격리된 메모리 PGlite → 실제 서버 서비스 · 모의 응답 · 실수급 검증 아님 · 요청 시작일까지 확보 · KRX 시장 · 공급자 기준일/공표시각/확정 여부 미확인","true","true","2025-04-22","2025-12-01","2025-04-22","2025-12-01","available-cumulative","2025-04-22","kiwoom","mock","KRX","ka10013","valid","ready","2026-10-06T12:19:27.672Z"
"raw","KR","stock","005930","day","KRW","credit","2025-08-26","0.1","%","키움증권 · 모의","remn_rt","2025-08-26","unknown","2026-10-06T12:19:27.639Z","","","false","","","","","partial","QA SYNTHETIC API → 격리된 메모리 PGlite → 실제 서버 서비스 · 모의 응답 · 실수급 검증 아님 · 요청 시작일까지 확보 · KRX 시장 · 공급자 기준일/공표시각/확정 여부 미확인","true","true","2025-04-22","2025-12-01","2025-04-22","2025-12-01","available-cumulative","2025-04-22","kiwoom","mock","KRX","ka10013","valid","ready","2026-10-06T12:19:27.672Z"
"raw","KR","stock","005930","day","KRW","credit","2025-08-27","0.2","%","키움증권 · 모의","remn_rt","2025-08-27","unknown","2026-10-06T12:19:27.639Z","","","false","","","","","partial","QA SYNTHETIC API → 격리된 메모리 PGlite → 실제 서버 서비스 · 모의 응답 · 실수급 검증 아님 · 요청 시작일까지 확보 · KRX 시장 · 공급자 기준일/공표시각/확정 여부 미확인","true","true","2025-04-22","2025-12-01","2025-04-22","2025-12-01","available-cumulative","2025-04-22","kiwoom","mock","KRX","ka10013","valid","ready","2026-10-06T12:19:27.672Z"
"raw","KR","stock","005930","day","KRW","credit","2025-08-28","0.3","%","키움증권 · 모의","remn_rt","2025-08-28","unknown","2026-10-06T12:19:27.639Z","","","false","","","","","partial","QA SYNTHETIC API → 격리된 메모리 PGlite → 실제 서버 서비스 · 모의 응답 · 실수급 검증 아님 · 요청 시작일까지 확보 · KRX 시장 · 공급자 기준일/공표시각/확정 여부 미확인","true","true","2025-04-22","2025-12-01","2025-04-22","2025-12-01","available-cumulative","2025-04-22","kiwoom","mock","KRX","ka10013","valid","ready","2026-10-06T12:19:27.672Z"
"raw","KR","stock","005930","day","KRW","credit","2025-08-29","0.4","%","키움증권 · 모의","remn_rt","2025-08-29","unknown","2026-10-06T12:19:27.639Z","","","false","","","","","partial","QA SYNTHETIC API → 격리된 메모리 PGlite → 실제 서버 서비스 · 모의 응답 · 실수급 검증 아님 · 요청 시작일까지 확보 · KRX 시장 · 공급자 기준일/공표시각/확정 여부 미확인","true","true","2025-04-22","2025-12-01","2025-04-22","2025-12-01","available-cumulative","2025-04-22","kiwoom","mock","KRX","ka10013","valid","ready","2026-10-06T12:19:27.672Z"
"raw","KR","stock","005930","day","KRW","credit","2025-09-01","0.5","%","키움증권 · 모의","remn_rt","2025-09-01","unknown","2026-10-06T12:19:27.639Z","","","false","","","","","partial","QA SYNTHETIC API → 격리된 메모리 PGlite → 실제 서버 서비스 · 모의 응답 · 실수급 검증 아님 · 요청 시작일까지 확보 · KRX 시장 · 공급자 기준일/공표시각/확정 여부 미확인","true","true","2025-04-22","2025-12-01","2025-04-22","2025-12-01","available-cumulative","2025-04-22","kiwoom","mock","KRX","ka10013","valid","ready","2026-10-06T12:19:27.672Z"
"raw","KR","stock","005930","day","KRW","credit","2025-09-02","0.6","%","키움증권 · 모의","remn_rt","2025-09-02","unknown","2026-10-06T12:19:27.639Z","","","false","","","","","partial","QA SYNTHETIC API → 격리된 메모리 PGlite → 실제 서버 서비스 · 모의 응답 · 실수급 검증 아님 · 요청 시작일까지 확보 · KRX 시장 · 공급자 기준일/공표시각/확정 여부 미확인","true","true","2025-04-22","2025-12-01","2025-04-22","2025-12-01","available-cumulative","2025-04-22","kiwoom","mock","KRX","ka10013","valid","ready","2026-10-06T12:19:27.672Z"
"raw","KR","stock","005930","day","KRW","credit","2025-09-03","0.7","%","키움증권 · 모의","remn_rt","2025-09-03","unknown","2026-10-06T12:19:27.639Z","","","false","","","","","partial","QA SYNTHETIC API → 격리된 메모리 PGlite → 실제 서버 서비스 · 모의 응답 · 실수급 검증 아님 · 요청 시작일까지 확보 · KRX 시장 · 공급자 기준일/공표시각/확정 여부 미확인","true","true","2025-04-22","2025-12-01","2025-04-22","2025-12-01","available-cumulative","2025-04-22","kiwoom","mock","KRX","ka10013","valid","ready","2026-10-06T12:19:27.672Z"
"raw","KR","stock","005930","day","KRW","credit","2025-09-04","0.8","%","키움증권 · 모의","remn_rt","2025-09-04","unknown","2026-10-06T12:19:27.639Z","","","false","","","","","partial","QA SYNTHETIC API → 격리된 메모리 PGlite → 실제 서버 서비스 · 모의 응답 · 실수급 검증 아님 · 요청 시작일까지 확보 · KRX 시장 · 공급자 기준일/공표시각/확정 여부 미확인","true","true","2025-04-22","2025-12-01","2025-04-22","2025-12-01","available-cumulative","2025-04-22","kiwoom","mock","KRX","ka10013","valid","ready","2026-10-06T12:19:27.672Z"
"raw","KR","stock","005930","day","KRW","credit","2025-09-05","0.9","%","키움증권 · 모의","remn_rt","2025-09-05","unknown","2026-10-06T12:19:27.639Z","","","false","","","","","partial","QA SYNTHETIC API → 격리된 메모리 PGlite → 실제 서버 서비스 · 모의 응답 · 실수급 검증 아님 · 요청 시작일까지 확보 · KRX 시장 · 공급자 기준일/공표시각/확정 여부 미확인","true","true","2025-04-22","2025-12-01","2025-04-22","2025-12-01","available-cumulative","2025-04-22","kiwoom","mock","KRX","ka10013","valid","ready","2026-10-06T12:19:27.672Z"
"raw","KR","stock","005930","day","KRW","credit","2025-09-08","1","%","키움증권 · 모의","remn_rt","2025-09-08","unknown","2026-10-06T12:19:27.639Z","","","false","","","","","partial","QA SYNTHETIC API → 격리된 메모리 PGlite → 실제 서버 서비스 · 모의 응답 · 실수급 검증 아님 · 요청 시작일까지 확보 · KRX 시장 · 공급자 기준일/공표시각/확정 여부 미확인","true","true","2025-04-22","2025-12-01","2025-04-22","2025-12-01","available-cumulative","2025-04-22","kiwoom","mock","KRX","ka10013","valid","ready","2026-10-06T12:19:27.672Z"
"raw","KR","stock","005930","day","KRW","credit","2025-09-09","0","%","키움증권 · 모의","remn_rt","2025-09-09","unknown","2026-10-06T12:19:27.639Z","","","false","","","","","partial","QA SYNTHETIC API → 격리된 메모리 PGlite → 실제 서버 서비스 · 모의 응답 · 실수급 검증 아님 · 요청 시작일까지 확보 · KRX 시장 · 공급자 기준일/공표시각/확정 여부 미확인","true","true","2025-04-22","2025-12-01","2025-04-22","2025-12-01","available-cumulative","2025-04-22","kiwoom","mock","KRX","ka10013","valid","ready","2026-10-06T12:19:27.672Z"
"raw","KR","stock","005930","day","KRW","credit","2025-09-10","0.1","%","키움증권 · 모의","remn_rt","2025-09-10","unknown","2026-10-06T12:19:27.639Z","","","false","","","","","partial","QA SYNTHETIC API → 격리된 메모리 PGlite → 실제 서버 서비스 · 모의 응답 · 실수급 검증 아님 · 요청 시작일까지 확보 · KRX 시장 · 공급자 기준일/공표시각/확정 여부 미확인","true","true","2025-04-22","2025-12-01","2025-04-22","2025-12-01","available-cumulative","2025-04-22","kiwoom","mock","KRX","ka10013","valid","ready","2026-10-06T12:19:27.672Z"
"raw","KR","stock","005930","day","KRW","credit","2025-09-11","0.2","%","키움증권 · 모의","remn_rt","2025-09-11","unknown","2026-10-06T12:19:27.639Z","","","false","","","","","partial","QA SYNTHETIC API → 격리된 메모리 PGlite → 실제 서버 서비스 · 모의 응답 · 실수급 검증 아님 · 요청 시작일까지 확보 · KRX 시장 · 공급자 기준일/공표시각/확정 여부 미확인","true","true","2025-04-22","2025-12-01","2025-04-22","2025-12-01","available-cumulative","2025-04-22","kiwoom","mock","KRX","ka10013","valid","ready","2026-10-06T12:19:27.672Z"
"raw","KR","stock","005930","day","KRW","credit","2025-09-12","0.3","%","키움증권 · 모의","remn_rt","2025-09-12","unknown","2026-10-06T12:19:27.639Z","","","false","","","","","partial","QA SYNTHETIC API → 격리된 메모리 PGlite → 실제 서버 서비스 · 모의 응답 · 실수급 검증 아님 · 요청 시작일까지 확보 · KRX 시장 · 공급자 기준일/공표시각/확정 여부 미확인","true","true","2025-04-22","2025-12-01","2025-04-22","2025-12-01","available-cumulative","2025-04-22","kiwoom","mock","KRX","ka10013","valid","ready","2026-10-06T12:19:27.672Z"
"raw","KR","stock","005930","day","KRW","credit","2025-09-15","0.4","%","키움증권 · 모의","remn_rt","2025-09-15","unknown","2026-10-06T12:19:27.639Z","","","false","","","","","partial","QA SYNTHETIC API → 격리된 메모리 PGlite → 실제 서버 서비스 · 모의 응답 · 실수급 검증 아님 · 요청 시작일까지 확보 · KRX 시장 · 공급자 기준일/공표시각/확정 여부 미확인","true","true","2025-04-22","2025-12-01","2025-04-22","2025-12-01","available-cumulative","2025-04-22","kiwoom","mock","KRX","ka10013","valid","ready","2026-10-06T12:19:27.672Z"
"raw","KR","stock","005930","day","KRW","credit","2025-09-16","0.5","%","키움증권 · 모의","remn_rt","2025-09-16","unknown","2026-10-06T12:19:27.639Z","","","false","","","","","partial","QA SYNTHETIC API → 격리된 메모리 PGlite → 실제 서버 서비스 · 모의 응답 · 실수급 검증 아님 · 요청 시작일까지 확보 · KRX 시장 · 공급자 기준일/공표시각/확정 여부 미확인","true","true","2025-04-22","2025-12-01","2025-04-22","2025-12-01","available-cumulative","2025-04-22","kiwoom","mock","KRX","ka10013","valid","ready","2026-10-06T12:19:27.672Z"
"raw","KR","stock","005930","day","KRW","credit","2025-09-17","0.6","%","키움증권 · 모의","remn_rt","2025-09-17","unknown","2026-10-06T12:19:27.639Z","","","false","","","","","partial","QA SYNTHETIC API → 격리된 메모리 PGlite → 실제 서버 서비스 · 모의 응답 · 실수급 검증 아님 · 요청 시작일까지 확보 · KRX 시장 · 공급자 기준일/공표시각/확정 여부 미확인","true","true","2025-04-22","2025-12-01","2025-04-22","2025-12-01","available-cumulative","2025-04-22","kiwoom","mock","KRX","ka10013","valid","ready","2026-10-06T12:19:27.672Z"
"raw","KR","stock","005930","day","KRW","credit","2025-09-18","0.7","%","키움증권 · 모의","remn_rt","2025-09-18","unknown","2026-10-06T12:19:27.639Z","","","false","","","","","partial","QA SYNTHETIC API → 격리된 메모리 PGlite → 실제 서버 서비스 · 모의 응답 · 실수급 검증 아님 · 요청 시작일까지 확보 · KRX 시장 · 공급자 기준일/공표시각/확정 여부 미확인","true","true","2025-04-22","2025-12-01","2025-04-22","2025-12-01","available-cumulative","2025-04-22","kiwoom","mock","KRX","ka10013","valid","ready","2026-10-06T12:19:27.672Z"
"raw","KR","stock","005930","day","KRW","credit","2025-09-19","0.8","%","키움증권 · 모의","remn_rt","2025-09-19","unknown","2026-10-06T12:19:27.639Z","","","false","","","","","partial","QA SYNTHETIC API → 격리된 메모리 PGlite → 실제 서버 서비스 · 모의 응답 · 실수급 검증 아님 · 요청 시작일까지 확보 · KRX 시장 · 공급자 기준일/공표시각/확정 여부 미확인","true","true","2025-04-22","2025-12-01","2025-04-22","2025-12-01","available-cumulative","2025-04-22","kiwoom","mock","KRX","ka10013","valid","ready","2026-10-06T12:19:27.672Z"
"raw","KR","stock","005930","day","KRW","credit","2025-09-22","0.9","%","키움증권 · 모의","remn_rt","2025-09-22","unknown","2026-10-06T12:19:27.639Z","","","false","","","","","partial","QA SYNTHETIC API → 격리된 메모리 PGlite → 실제 서버 서비스 · 모의 응답 · 실수급 검증 아님 · 요청 시작일까지 확보 · KRX 시장 · 공급자 기준일/공표시각/확정 여부 미확인","true","true","2025-04-22","2025-12-01","2025-04-22","2025-12-01","available-cumulative","2025-04-22","kiwoom","mock","KRX","ka10013","valid","ready","2026-10-06T12:19:27.672Z"
"raw","KR","stock","005930","day","KRW","credit","2025-09-23","1","%","키움증권 · 모의","remn_rt","2025-09-23","unknown","2026-10-06T12:19:27.639Z","","","false","","","","","partial","QA SYNTHETIC API → 격리된 메모리 PGlite → 실제 서버 서비스 · 모의 응답 · 실수급 검증 아님 · 요청 시작일까지 확보 · KRX 시장 · 공급자 기준일/공표시각/확정 여부 미확인","true","true","2025-04-22","2025-12-01","2025-04-22","2025-12-01","available-cumulative","2025-04-22","kiwoom","mock","KRX","ka10013","valid","ready","2026-10-06T12:19:27.672Z"
"raw","KR","stock","005930","day","KRW","credit","2025-09-24","0","%","키움증권 · 모의","remn_rt","2025-09-24","unknown","2026-10-06T12:19:27.639Z","","","false","","","","","partial","QA SYNTHETIC API → 격리된 메모리 PGlite → 실제 서버 서비스 · 모의 응답 · 실수급 검증 아님 · 요청 시작일까지 확보 · KRX 시장 · 공급자 기준일/공표시각/확정 여부 미확인","true","true","2025-04-22","2025-12-01","2025-04-22","2025-12-01","available-cumulative","2025-04-22","kiwoom","mock","KRX","ka10013","valid","ready","2026-10-06T12:19:27.672Z"
"raw","KR","stock","005930","day","KRW","credit","2025-09-25","0.1","%","키움증권 · 모의","remn_rt","2025-09-25","unknown","2026-10-06T12:19:27.639Z","","","false","","","","","partial","QA SYNTHETIC API → 격리된 메모리 PGlite → 실제 서버 서비스 · 모의 응답 · 실수급 검증 아님 · 요청 시작일까지 확보 · KRX 시장 · 공급자 기준일/공표시각/확정 여부 미확인","true","true","2025-04-22","2025-12-01","2025-04-22","2025-12-01","available-cumulative","2025-04-22","kiwoom","mock","KRX","ka10013","valid","ready","2026-10-06T12:19:27.672Z"
"raw","KR","stock","005930","day","KRW","credit","2025-09-26","0.2","%","키움증권 · 모의","remn_rt","2025-09-26","unknown","2026-10-06T12:19:27.639Z","","","false","","","","","partial","QA SYNTHETIC API → 격리된 메모리 PGlite → 실제 서버 서비스 · 모의 응답 · 실수급 검증 아님 · 요청 시작일까지 확보 · KRX 시장 · 공급자 기준일/공표시각/확정 여부 미확인","true","true","2025-04-22","2025-12-01","2025-04-22","2025-12-01","available-cumulative","2025-04-22","kiwoom","mock","KRX","ka10013","valid","ready","2026-10-06T12:19:27.672Z"
"raw","KR","stock","005930","day","KRW","credit","2025-09-29","0.3","%","키움증권 · 모의","remn_rt","2025-09-29","unknown","2026-10-06T12:19:27.639Z","","","false","","","","","partial","QA SYNTHETIC API → 격리된 메모리 PGlite → 실제 서버 서비스 · 모의 응답 · 실수급 검증 아님 · 요청 시작일까지 확보 · KRX 시장 · 공급자 기준일/공표시각/확정 여부 미확인","true","true","2025-04-22","2025-12-01","2025-04-22","2025-12-01","available-cumulative","2025-04-22","kiwoom","mock","KRX","ka10013","valid","ready","2026-10-06T12:19:27.672Z"
"raw","KR","stock","005930","day","KRW","credit","2025-09-30","0.4","%","키움증권 · 모의","remn_rt","2025-09-30","unknown","2026-10-06T12:19:27.639Z","","","false","","","","","partial","QA SYNTHETIC API → 격리된 메모리 PGlite → 실제 서버 서비스 · 모의 응답 · 실수급 검증 아님 · 요청 시작일까지 확보 · KRX 시장 · 공급자 기준일/공표시각/확정 여부 미확인","true","true","2025-04-22","2025-12-01","2025-04-22","2025-12-01","available-cumulative","2025-04-22","kiwoom","mock","KRX","ka10013","valid","ready","2026-10-06T12:19:27.672Z"
"raw","KR","stock","005930","day","KRW","credit","2025-10-01","0.5","%","키움증권 · 모의","remn_rt","2025-10-01","unknown","2026-10-06T12:19:27.639Z","","","false","","","","","partial","QA SYNTHETIC API → 격리된 메모리 PGlite → 실제 서버 서비스 · 모의 응답 · 실수급 검증 아님 · 요청 시작일까지 확보 · KRX 시장 · 공급자 기준일/공표시각/확정 여부 미확인","true","true","2025-04-22","2025-12-01","2025-04-22","2025-12-01","available-cumulative","2025-04-22","kiwoom","mock","KRX","ka10013","valid","ready","2026-10-06T12:19:27.672Z"
"raw","KR","stock","005930","day","KRW","credit","2025-10-02","0.6","%","키움증권 · 모의","remn_rt","2025-10-02","unknown","2026-10-06T12:19:27.639Z","","","false","","","","","partial","QA SYNTHETIC API → 격리된 메모리 PGlite → 실제 서버 서비스 · 모의 응답 · 실수급 검증 아님 · 요청 시작일까지 확보 · KRX 시장 · 공급자 기준일/공표시각/확정 여부 미확인","true","true","2025-04-22","2025-12-01","2025-04-22","2025-12-01","available-cumulative","2025-04-22","kiwoom","mock","KRX","ka10013","valid","ready","2026-10-06T12:19:27.672Z"
"raw","KR","stock","005930","day","KRW","credit","2025-10-03","0.7","%","키움증권 · 모의","remn_rt","2025-10-03","unknown","2026-10-06T12:19:27.639Z","","","false","","","","","partial","QA SYNTHETIC API → 격리된 메모리 PGlite → 실제 서버 서비스 · 모의 응답 · 실수급 검증 아님 · 요청 시작일까지 확보 · KRX 시장 · 공급자 기준일/공표시각/확정 여부 미확인","true","true","2025-04-22","2025-12-01","2025-04-22","2025-12-01","available-cumulative","2025-04-22","kiwoom","mock","KRX","ka10013","valid","ready","2026-10-06T12:19:27.672Z"
"raw","KR","stock","005930","day","KRW","credit","2025-10-06","0.8","%","키움증권 · 모의","remn_rt","2025-10-06","unknown","2026-10-06T12:19:27.639Z","","","false","","","","","partial","QA SYNTHETIC API → 격리된 메모리 PGlite → 실제 서버 서비스 · 모의 응답 · 실수급 검증 아님 · 요청 시작일까지 확보 · KRX 시장 · 공급자 기준일/공표시각/확정 여부 미확인","true","true","2025-04-22","2025-12-01","2025-04-22","2025-12-01","available-cumulative","2025-04-22","kiwoom","mock","KRX","ka10013","valid","ready","2026-10-06T12:19:27.672Z"
"raw","KR","stock","005930","day","KRW","credit","2025-10-07","0.9","%","키움증권 · 모의","remn_rt","2025-10-07","unknown","2026-10-06T12:19:27.639Z","","","false","","","","","partial","QA SYNTHETIC API → 격리된 메모리 PGlite → 실제 서버 서비스 · 모의 응답 · 실수급 검증 아님 · 요청 시작일까지 확보 · KRX 시장 · 공급자 기준일/공표시각/확정 여부 미확인","true","true","2025-04-22","2025-12-01","2025-04-22","2025-12-01","available-cumulative","2025-04-22","kiwoom","mock","KRX","ka10013","valid","ready","2026-10-06T12:19:27.672Z"
"raw","KR","stock","005930","day","KRW","credit","2025-10-08","1","%","키움증권 · 모의","remn_rt","2025-10-08","unknown","2026-10-06T12:19:27.639Z","","","false","","","","","partial","QA SYNTHETIC API → 격리된 메모리 PGlite → 실제 서버 서비스 · 모의 응답 · 실수급 검증 아님 · 요청 시작일까지 확보 · KRX 시장 · 공급자 기준일/공표시각/확정 여부 미확인","true","true","2025-04-22","2025-12-01","2025-04-22","2025-12-01","available-cumulative","2025-04-22","kiwoom","mock","KRX","ka10013","valid","ready","2026-10-06T12:19:27.672Z"
"raw","KR","stock","005930","day","KRW","credit","2025-10-09","0","%","키움증권 · 모의","remn_rt","2025-10-09","unknown","2026-10-06T12:19:27.639Z","","","false","","","","","partial","QA SYNTHETIC API → 격리된 메모리 PGlite → 실제 서버 서비스 · 모의 응답 · 실수급 검증 아님 · 요청 시작일까지 확보 · KRX 시장 · 공급자 기준일/공표시각/확정 여부 미확인","true","true","2025-04-22","2025-12-01","2025-04-22","2025-12-01","available-cumulative","2025-04-22","kiwoom","mock","KRX","ka10013","valid","ready","2026-10-06T12:19:27.672Z"
"raw","KR","stock","005930","day","KRW","credit","2025-10-10","0.1","%","키움증권 · 모의","remn_rt","2025-10-10","unknown","2026-10-06T12:19:27.639Z","","","false","","","","","partial","QA SYNTHETIC API → 격리된 메모리 PGlite → 실제 서버 서비스 · 모의 응답 · 실수급 검증 아님 · 요청 시작일까지 확보 · KRX 시장 · 공급자 기준일/공표시각/확정 여부 미확인","true","true","2025-04-22","2025-12-01","2025-04-22","2025-12-01","available-cumulative","2025-04-22","kiwoom","mock","KRX","ka10013","valid","ready","2026-10-06T12:19:27.672Z"
"raw","KR","stock","005930","day","KRW","credit","2025-10-13","0.2","%","키움증권 · 모의","remn_rt","2025-10-13","unknown","2026-10-06T12:19:27.639Z","","","false","","","","","partial","QA SYNTHETIC API → 격리된 메모리 PGlite → 실제 서버 서비스 · 모의 응답 · 실수급 검증 아님 · 요청 시작일까지 확보 · KRX 시장 · 공급자 기준일/공표시각/확정 여부 미확인","true","true","2025-04-22","2025-12-01","2025-04-22","2025-12-01","available-cumulative","2025-04-22","kiwoom","mock","KRX","ka10013","valid","ready","2026-10-06T12:19:27.672Z"
"raw","KR","stock","005930","day","KRW","credit","2025-10-14","0.3","%","키움증권 · 모의","remn_rt","2025-10-14","unknown","2026-10-06T12:19:27.639Z","","","false","","","","","partial","QA SYNTHETIC API → 격리된 메모리 PGlite → 실제 서버 서비스 · 모의 응답 · 실수급 검증 아님 · 요청 시작일까지 확보 · KRX 시장 · 공급자 기준일/공표시각/확정 여부 미확인","true","true","2025-04-22","2025-12-01","2025-04-22","2025-12-01","available-cumulative","2025-04-22","kiwoom","mock","KRX","ka10013","valid","ready","2026-10-06T12:19:27.672Z"
"raw","KR","stock","005930","day","KRW","credit","2025-10-15","0.4","%","키움증권 · 모의","remn_rt","2025-10-15","unknown","2026-10-06T12:19:27.639Z","","","false","","","","","partial","QA SYNTHETIC API → 격리된 메모리 PGlite → 실제 서버 서비스 · 모의 응답 · 실수급 검증 아님 · 요청 시작일까지 확보 · KRX 시장 · 공급자 기준일/공표시각/확정 여부 미확인","true","true","2025-04-22","2025-12-01","2025-04-22","2025-12-01","available-cumulative","2025-04-22","kiwoom","mock","KRX","ka10013","valid","ready","2026-10-06T12:19:27.672Z"
"raw","KR","stock","005930","day","KRW","credit","2025-10-16","0.5","%","키움증권 · 모의","remn_rt","2025-10-16","unknown","2026-10-06T12:19:27.639Z","","","false","","","","","partial","QA SYNTHETIC API → 격리된 메모리 PGlite → 실제 서버 서비스 · 모의 응답 · 실수급 검증 아님 · 요청 시작일까지 확보 · KRX 시장 · 공급자 기준일/공표시각/확정 여부 미확인","true","true","2025-04-22","2025-12-01","2025-04-22","2025-12-01","available-cumulative","2025-04-22","kiwoom","mock","KRX","ka10013","valid","ready","2026-10-06T12:19:27.672Z"
"raw","KR","stock","005930","day","KRW","credit","2025-10-17","0.6","%","키움증권 · 모의","remn_rt","2025-10-17","unknown","2026-10-06T12:19:27.639Z","","","false","","","","","partial","QA SYNTHETIC API → 격리된 메모리 PGlite → 실제 서버 서비스 · 모의 응답 · 실수급 검증 아님 · 요청 시작일까지 확보 · KRX 시장 · 공급자 기준일/공표시각/확정 여부 미확인","true","true","2025-04-22","2025-12-01","2025-04-22","2025-12-01","available-cumulative","2025-04-22","kiwoom","mock","KRX","ka10013","valid","ready","2026-10-06T12:19:27.672Z"
"raw","KR","stock","005930","day","KRW","credit","2025-10-20","0.7","%","키움증권 · 모의","remn_rt","2025-10-20","unknown","2026-10-06T12:19:27.639Z","","","false","","","","","partial","QA SYNTHETIC API → 격리된 메모리 PGlite → 실제 서버 서비스 · 모의 응답 · 실수급 검증 아님 · 요청 시작일까지 확보 · KRX 시장 · 공급자 기준일/공표시각/확정 여부 미확인","true","true","2025-04-22","2025-12-01","2025-04-22","2025-12-01","available-cumulative","2025-04-22","kiwoom","mock","KRX","ka10013","valid","ready","2026-10-06T12:19:27.672Z"
"raw","KR","stock","005930","day","KRW","credit","2025-10-21","0.8","%","키움증권 · 모의","remn_rt","2025-10-21","unknown","2026-10-06T12:19:27.639Z","","","false","","","","","partial","QA SYNTHETIC API → 격리된 메모리 PGlite → 실제 서버 서비스 · 모의 응답 · 실수급 검증 아님 · 요청 시작일까지 확보 · KRX 시장 · 공급자 기준일/공표시각/확정 여부 미확인","true","true","2025-04-22","2025-12-01","2025-04-22","2025-12-01","available-cumulative","2025-04-22","kiwoom","mock","KRX","ka10013","valid","ready","2026-10-06T12:19:27.672Z"
"raw","KR","stock","005930","day","KRW","credit","2025-10-22","0.9","%","키움증권 · 모의","remn_rt","2025-10-22","unknown","2026-10-06T12:19:27.639Z","","","false","","","","","partial","QA SYNTHETIC API → 격리된 메모리 PGlite → 실제 서버 서비스 · 모의 응답 · 실수급 검증 아님 · 요청 시작일까지 확보 · KRX 시장 · 공급자 기준일/공표시각/확정 여부 미확인","true","true","2025-04-22","2025-12-01","2025-04-22","2025-12-01","available-cumulative","2025-04-22","kiwoom","mock","KRX","ka10013","valid","ready","2026-10-06T12:19:27.672Z"
"raw","KR","stock","005930","day","KRW","credit","2025-10-23","1","%","키움증권 · 모의","remn_rt","2025-10-23","unknown","2026-10-06T12:19:27.639Z","","","false","","","","","partial","QA SYNTHETIC API → 격리된 메모리 PGlite → 실제 서버 서비스 · 모의 응답 · 실수급 검증 아님 · 요청 시작일까지 확보 · KRX 시장 · 공급자 기준일/공표시각/확정 여부 미확인","true","true","2025-04-22","2025-12-01","2025-04-22","2025-12-01","available-cumulative","2025-04-22","kiwoom","mock","KRX","ka10013","valid","ready","2026-10-06T12:19:27.672Z"
"raw","KR","stock","005930","day","KRW","credit","2025-10-24","0","%","키움증권 · 모의","remn_rt","2025-10-24","unknown","2026-10-06T12:19:27.639Z","","","false","","","","","partial","QA SYNTHETIC API → 격리된 메모리 PGlite → 실제 서버 서비스 · 모의 응답 · 실수급 검증 아님 · 요청 시작일까지 확보 · KRX 시장 · 공급자 기준일/공표시각/확정 여부 미확인","true","true","2025-04-22","2025-12-01","2025-04-22","2025-12-01","available-cumulative","2025-04-22","kiwoom","mock","KRX","ka10013","valid","ready","2026-10-06T12:19:27.672Z"
"raw","KR","stock","005930","day","KRW","credit","2025-10-27","0.1","%","키움증권 · 모의","remn_rt","2025-10-27","unknown","2026-10-06T12:19:27.639Z","","","false","","","","","partial","QA SYNTHETIC API → 격리된 메모리 PGlite → 실제 서버 서비스 · 모의 응답 · 실수급 검증 아님 · 요청 시작일까지 확보 · KRX 시장 · 공급자 기준일/공표시각/확정 여부 미확인","true","true","2025-04-22","2025-12-01","2025-04-22","2025-12-01","available-cumulative","2025-04-22","kiwoom","mock","KRX","ka10013","valid","ready","2026-10-06T12:19:27.672Z"
"raw","KR","stock","005930","day","KRW","credit","2025-10-28","0.2","%","키움증권 · 모의","remn_rt","2025-10-28","unknown","2026-10-06T12:19:27.639Z","","","false","","","","","partial","QA SYNTHETIC API → 격리된 메모리 PGlite → 실제 서버 서비스 · 모의 응답 · 실수급 검증 아님 · 요청 시작일까지 확보 · KRX 시장 · 공급자 기준일/공표시각/확정 여부 미확인","true","true","2025-04-22","2025-12-01","2025-04-22","2025-12-01","available-cumulative","2025-04-22","kiwoom","mock","KRX","ka10013","valid","ready","2026-10-06T12:19:27.672Z"
"raw","KR","stock","005930","day","KRW","credit","2025-10-29","0.3","%","키움증권 · 모의","remn_rt","2025-10-29","unknown","2026-10-06T12:19:27.639Z","","","false","","","","","partial","QA SYNTHETIC API → 격리된 메모리 PGlite → 실제 서버 서비스 · 모의 응답 · 실수급 검증 아님 · 요청 시작일까지 확보 · KRX 시장 · 공급자 기준일/공표시각/확정 여부 미확인","true","true","2025-04-22","2025-12-01","2025-04-22","2025-12-01","available-cumulative","2025-04-22","kiwoom","mock","KRX","ka10013","valid","ready","2026-10-06T12:19:27.672Z"
"raw","KR","stock","005930","day","KRW","credit","2025-10-30","0.4","%","키움증권 · 모의","remn_rt","2025-10-30","unknown","2026-10-06T12:19:27.639Z","","","false","","","","","partial","QA SYNTHETIC API → 격리된 메모리 PGlite → 실제 서버 서비스 · 모의 응답 · 실수급 검증 아님 · 요청 시작일까지 확보 · KRX 시장 · 공급자 기준일/공표시각/확정 여부 미확인","true","true","2025-04-22","2025-12-01","2025-04-22","2025-12-01","available-cumulative","2025-04-22","kiwoom","mock","KRX","ka10013","valid","ready","2026-10-06T12:19:27.672Z"
"raw","KR","stock","005930","day","KRW","credit","2025-10-31","0.5","%","키움증권 · 모의","remn_rt","2025-10-31","unknown","2026-10-06T12:19:27.639Z","","","false","","","","","partial","QA SYNTHETIC API → 격리된 메모리 PGlite → 실제 서버 서비스 · 모의 응답 · 실수급 검증 아님 · 요청 시작일까지 확보 · KRX 시장 · 공급자 기준일/공표시각/확정 여부 미확인","true","true","2025-04-22","2025-12-01","2025-04-22","2025-12-01","available-cumulative","2025-04-22","kiwoom","mock","KRX","ka10013","valid","ready","2026-10-06T12:19:27.672Z"
"raw","KR","stock","005930","day","KRW","credit","2025-11-03","0.6","%","키움증권 · 모의","remn_rt","2025-11-03","unknown","2026-10-06T12:19:27.639Z","","","false","","","","","partial","QA SYNTHETIC API → 격리된 메모리 PGlite → 실제 서버 서비스 · 모의 응답 · 실수급 검증 아님 · 요청 시작일까지 확보 · KRX 시장 · 공급자 기준일/공표시각/확정 여부 미확인","true","true","2025-04-22","2025-12-01","2025-04-22","2025-12-01","available-cumulative","2025-04-22","kiwoom","mock","KRX","ka10013","valid","ready","2026-10-06T12:19:27.672Z"
"raw","KR","stock","005930","day","KRW","credit","2025-11-04","0.7","%","키움증권 · 모의","remn_rt","2025-11-04","unknown","2026-10-06T12:19:27.639Z","","","false","","","","","partial","QA SYNTHETIC API → 격리된 메모리 PGlite → 실제 서버 서비스 · 모의 응답 · 실수급 검증 아님 · 요청 시작일까지 확보 · KRX 시장 · 공급자 기준일/공표시각/확정 여부 미확인","true","true","2025-04-22","2025-12-01","2025-04-22","2025-12-01","available-cumulative","2025-04-22","kiwoom","mock","KRX","ka10013","valid","ready","2026-10-06T12:19:27.672Z"
"raw","KR","stock","005930","day","KRW","credit","2025-11-05","0.8","%","키움증권 · 모의","remn_rt","2025-11-05","unknown","2026-10-06T12:19:27.639Z","","","false","","","","","partial","QA SYNTHETIC API → 격리된 메모리 PGlite → 실제 서버 서비스 · 모의 응답 · 실수급 검증 아님 · 요청 시작일까지 확보 · KRX 시장 · 공급자 기준일/공표시각/확정 여부 미확인","true","true","2025-04-22","2025-12-01","2025-04-22","2025-12-01","available-cumulative","2025-04-22","kiwoom","mock","KRX","ka10013","valid","ready","2026-10-06T12:19:27.672Z"
"raw","KR","stock","005930","day","KRW","credit","2025-11-06","0.9","%","키움증권 · 모의","remn_rt","2025-11-06","unknown","2026-10-06T12:19:27.639Z","","","false","","","","","partial","QA SYNTHETIC API → 격리된 메모리 PGlite → 실제 서버 서비스 · 모의 응답 · 실수급 검증 아님 · 요청 시작일까지 확보 · KRX 시장 · 공급자 기준일/공표시각/확정 여부 미확인","true","true","2025-04-22","2025-12-01","2025-04-22","2025-12-01","available-cumulative","2025-04-22","kiwoom","mock","KRX","ka10013","valid","ready","2026-10-06T12:19:27.672Z"
"raw","KR","stock","005930","day","KRW","credit","2025-11-07","1","%","키움증권 · 모의","remn_rt","2025-11-07","unknown","2026-10-06T12:19:27.639Z","","","false","","","","","partial","QA SYNTHETIC API → 격리된 메모리 PGlite → 실제 서버 서비스 · 모의 응답 · 실수급 검증 아님 · 요청 시작일까지 확보 · KRX 시장 · 공급자 기준일/공표시각/확정 여부 미확인","true","true","2025-04-22","2025-12-01","2025-04-22","2025-12-01","available-cumulative","2025-04-22","kiwoom","mock","KRX","ka10013","valid","ready","2026-10-06T12:19:27.672Z"
"raw","KR","stock","005930","day","KRW","credit","2025-11-10","0","%","키움증권 · 모의","remn_rt","2025-11-10","unknown","2026-10-06T12:19:27.639Z","","","false","","","","","partial","QA SYNTHETIC API → 격리된 메모리 PGlite → 실제 서버 서비스 · 모의 응답 · 실수급 검증 아님 · 요청 시작일까지 확보 · KRX 시장 · 공급자 기준일/공표시각/확정 여부 미확인","true","true","2025-04-22","2025-12-01","2025-04-22","2025-12-01","available-cumulative","2025-04-22","kiwoom","mock","KRX","ka10013","valid","ready","2026-10-06T12:19:27.672Z"
"raw","KR","stock","005930","day","KRW","credit","2025-11-11","0.1","%","키움증권 · 모의","remn_rt","2025-11-11","unknown","2026-10-06T12:19:27.639Z","","","false","","","","","partial","QA SYNTHETIC API → 격리된 메모리 PGlite → 실제 서버 서비스 · 모의 응답 · 실수급 검증 아님 · 요청 시작일까지 확보 · KRX 시장 · 공급자 기준일/공표시각/확정 여부 미확인","true","true","2025-04-22","2025-12-01","2025-04-22","2025-12-01","available-cumulative","2025-04-22","kiwoom","mock","KRX","ka10013","valid","ready","2026-10-06T12:19:27.672Z"
"raw","KR","stock","005930","day","KRW","credit","2025-11-12","0.2","%","키움증권 · 모의","remn_rt","2025-11-12","unknown","2026-10-06T12:19:27.639Z","","","false","","","","","partial","QA SYNTHETIC API → 격리된 메모리 PGlite → 실제 서버 서비스 · 모의 응답 · 실수급 검증 아님 · 요청 시작일까지 확보 · KRX 시장 · 공급자 기준일/공표시각/확정 여부 미확인","true","true","2025-04-22","2025-12-01","2025-04-22","2025-12-01","available-cumulative","2025-04-22","kiwoom","mock","KRX","ka10013","valid","ready","2026-10-06T12:19:27.672Z"
"raw","KR","stock","005930","day","KRW","credit","2025-11-13","0.3","%","키움증권 · 모의","remn_rt","2025-11-13","unknown","2026-10-06T12:19:27.639Z","","","false","","","","","partial","QA SYNTHETIC API → 격리된 메모리 PGlite → 실제 서버 서비스 · 모의 응답 · 실수급 검증 아님 · 요청 시작일까지 확보 · KRX 시장 · 공급자 기준일/공표시각/확정 여부 미확인","true","true","2025-04-22","2025-12-01","2025-04-22","2025-12-01","available-cumulative","2025-04-22","kiwoom","mock","KRX","ka10013","valid","ready","2026-10-06T12:19:27.672Z"
"raw","KR","stock","005930","day","KRW","credit","2025-11-14","0.4","%","키움증권 · 모의","remn_rt","2025-11-14","unknown","2026-10-06T12:19:27.639Z","","","false","","","","","partial","QA SYNTHETIC API → 격리된 메모리 PGlite → 실제 서버 서비스 · 모의 응답 · 실수급 검증 아님 · 요청 시작일까지 확보 · KRX 시장 · 공급자 기준일/공표시각/확정 여부 미확인","true","true","2025-04-22","2025-12-01","2025-04-22","2025-12-01","available-cumulative","2025-04-22","kiwoom","mock","KRX","ka10013","valid","ready","2026-10-06T12:19:27.672Z"
"raw","KR","stock","005930","day","KRW","credit","2025-11-17","0.5","%","키움증권 · 모의","remn_rt","2025-11-17","unknown","2026-10-06T12:19:27.639Z","","","false","","","","","partial","QA SYNTHETIC API → 격리된 메모리 PGlite → 실제 서버 서비스 · 모의 응답 · 실수급 검증 아님 · 요청 시작일까지 확보 · KRX 시장 · 공급자 기준일/공표시각/확정 여부 미확인","true","true","2025-04-22","2025-12-01","2025-04-22","2025-12-01","available-cumulative","2025-04-22","kiwoom","mock","KRX","ka10013","valid","ready","2026-10-06T12:19:27.672Z"
"raw","KR","stock","005930","day","KRW","credit","2025-11-18","0.6","%","키움증권 · 모의","remn_rt","2025-11-18","unknown","2026-10-06T12:19:27.639Z","","","false","","","","","partial","QA SYNTHETIC API → 격리된 메모리 PGlite → 실제 서버 서비스 · 모의 응답 · 실수급 검증 아님 · 요청 시작일까지 확보 · KRX 시장 · 공급자 기준일/공표시각/확정 여부 미확인","true","true","2025-04-22","2025-12-01","2025-04-22","2025-12-01","available-cumulative","2025-04-22","kiwoom","mock","KRX","ka10013","valid","ready","2026-10-06T12:19:27.672Z"
"raw","KR","stock","005930","day","KRW","credit","2025-11-19","0.7","%","키움증권 · 모의","remn_rt","2025-11-19","unknown","2026-10-06T12:19:27.639Z","","","false","","","","","partial","QA SYNTHETIC API → 격리된 메모리 PGlite → 실제 서버 서비스 · 모의 응답 · 실수급 검증 아님 · 요청 시작일까지 확보 · KRX 시장 · 공급자 기준일/공표시각/확정 여부 미확인","true","true","2025-04-22","2025-12-01","2025-04-22","2025-12-01","available-cumulative","2025-04-22","kiwoom","mock","KRX","ka10013","valid","ready","2026-10-06T12:19:27.672Z"
"raw","KR","stock","005930","day","KRW","credit","2025-11-20","0.8","%","키움증권 · 모의","remn_rt","2025-11-20","unknown","2026-10-06T12:19:27.639Z","","","false","","","","","partial","QA SYNTHETIC API → 격리된 메모리 PGlite → 실제 서버 서비스 · 모의 응답 · 실수급 검증 아님 · 요청 시작일까지 확보 · KRX 시장 · 공급자 기준일/공표시각/확정 여부 미확인","true","true","2025-04-22","2025-12-01","2025-04-22","2025-12-01","available-cumulative","2025-04-22","kiwoom","mock","KRX","ka10013","valid","ready","2026-10-06T12:19:27.672Z"
"raw","KR","stock","005930","day","KRW","credit","2025-11-21","0.9","%","키움증권 · 모의","remn_rt","2025-11-21","unknown","2026-10-06T12:19:27.639Z","","","false","","","","","partial","QA SYNTHETIC API → 격리된 메모리 PGlite → 실제 서버 서비스 · 모의 응답 · 실수급 검증 아님 · 요청 시작일까지 확보 · KRX 시장 · 공급자 기준일/공표시각/확정 여부 미확인","true","true","2025-04-22","2025-12-01","2025-04-22","2025-12-01","available-cumulative","2025-04-22","kiwoom","mock","KRX","ka10013","valid","ready","2026-10-06T12:19:27.672Z"
"raw","KR","stock","005930","day","KRW","credit","2025-11-24","1","%","키움증권 · 모의","remn_rt","2025-11-24","unknown","2026-10-06T12:19:27.639Z","","","false","","","","","partial","QA SYNTHETIC API → 격리된 메모리 PGlite → 실제 서버 서비스 · 모의 응답 · 실수급 검증 아님 · 요청 시작일까지 확보 · KRX 시장 · 공급자 기준일/공표시각/확정 여부 미확인","true","true","2025-04-22","2025-12-01","2025-04-22","2025-12-01","available-cumulative","2025-04-22","kiwoom","mock","KRX","ka10013","valid","ready","2026-10-06T12:19:27.672Z"
"raw","KR","stock","005930","day","KRW","credit","2025-11-25","0","%","키움증권 · 모의","remn_rt","2025-11-25","unknown","2026-10-06T12:19:27.639Z","","","false","","","","","partial","QA SYNTHETIC API → 격리된 메모리 PGlite → 실제 서버 서비스 · 모의 응답 · 실수급 검증 아님 · 요청 시작일까지 확보 · KRX 시장 · 공급자 기준일/공표시각/확정 여부 미확인","true","true","2025-04-22","2025-12-01","2025-04-22","2025-12-01","available-cumulative","2025-04-22","kiwoom","mock","KRX","ka10013","valid","ready","2026-10-06T12:19:27.672Z"
"raw","KR","stock","005930","day","KRW","credit","2025-11-26","0.1","%","키움증권 · 모의","remn_rt","2025-11-26","unknown","2026-10-06T12:19:27.639Z","","","false","","","","","partial","QA SYNTHETIC API → 격리된 메모리 PGlite → 실제 서버 서비스 · 모의 응답 · 실수급 검증 아님 · 요청 시작일까지 확보 · KRX 시장 · 공급자 기준일/공표시각/확정 여부 미확인","true","true","2025-04-22","2025-12-01","2025-04-22","2025-12-01","available-cumulative","2025-04-22","kiwoom","mock","KRX","ka10013","valid","ready","2026-10-06T12:19:27.672Z"
"raw","KR","stock","005930","day","KRW","credit","2025-11-27","0.2","%","키움증권 · 모의","remn_rt","2025-11-27","unknown","2026-10-06T12:19:27.639Z","","","false","","","","","partial","QA SYNTHETIC API → 격리된 메모리 PGlite → 실제 서버 서비스 · 모의 응답 · 실수급 검증 아님 · 요청 시작일까지 확보 · KRX 시장 · 공급자 기준일/공표시각/확정 여부 미확인","true","true","2025-04-22","2025-12-01","2025-04-22","2025-12-01","available-cumulative","2025-04-22","kiwoom","mock","KRX","ka10013","valid","ready","2026-10-06T12:19:27.672Z"
"raw","KR","stock","005930","day","KRW","credit","2025-11-28","0.3","%","키움증권 · 모의","remn_rt","2025-11-28","unknown","2026-10-06T12:19:27.639Z","","","false","","","","","partial","QA SYNTHETIC API → 격리된 메모리 PGlite → 실제 서버 서비스 · 모의 응답 · 실수급 검증 아님 · 요청 시작일까지 확보 · KRX 시장 · 공급자 기준일/공표시각/확정 여부 미확인","true","true","2025-04-22","2025-12-01","2025-04-22","2025-12-01","available-cumulative","2025-04-22","kiwoom","mock","KRX","ka10013","valid","ready","2026-10-06T12:19:27.672Z"
"raw","KR","stock","005930","day","KRW","credit","2025-12-01","0.4","%","키움증권 · 모의","remn_rt","2025-12-01","unknown","2026-10-06T12:19:27.639Z","","","false","","","","","partial","QA SYNTHETIC API → 격리된 메모리 PGlite → 실제 서버 서비스 · 모의 응답 · 실수급 검증 아님 · 요청 시작일까지 확보 · KRX 시장 · 공급자 기준일/공표시각/확정 여부 미확인","true","true","2025-04-22","2025-12-01","2025-04-22","2025-12-01","available-cumulative","2025-04-22","kiwoom","mock","KRX","ka10013","valid","ready","2026-10-06T12:19:27.672Z"
"aligned","KR","stock","005930","day","KRW","credit","2025-04-22","1","%","키움증권 · 모의","remn_rt","2025-04-22","unknown","2026-10-06T12:19:27.639Z","","","true","봉 기간의 마지막 유효 관측값","","","","partial","QA SYNTHETIC API → 격리된 메모리 PGlite → 실제 서버 서비스 · 모의 응답 · 실수급 검증 아님 · 요청 시작일까지 확보 · KRX 시장 · 공급자 기준일/공표시각/확정 여부 미확인","false","true","2025-04-22","2025-12-01","2025-04-22","2025-12-01","available-cumulative","2025-04-22","kiwoom","mock","KRX","ka10013","","ready","2026-10-06T12:19:27.672Z"
"aligned","KR","stock","005930","day","KRW","credit","2025-04-23","0","%","키움증권 · 모의","remn_rt","2025-04-23","unknown","2026-10-06T12:19:27.639Z","","","true","봉 기간의 마지막 유효 관측값","","","","partial","QA SYNTHETIC API → 격리된 메모리 PGlite → 실제 서버 서비스 · 모의 응답 · 실수급 검증 아님 · 요청 시작일까지 확보 · KRX 시장 · 공급자 기준일/공표시각/확정 여부 미확인","false","true","2025-04-22","2025-12-01","2025-04-22","2025-12-01","available-cumulative","2025-04-22","kiwoom","mock","KRX","ka10013","","ready","2026-10-06T12:19:27.672Z"
"aligned","KR","stock","005930","day","KRW","credit","2025-04-24","0.1","%","키움증권 · 모의","remn_rt","2025-04-24","unknown","2026-10-06T12:19:27.639Z","","","true","봉 기간의 마지막 유효 관측값","","","","partial","QA SYNTHETIC API → 격리된 메모리 PGlite → 실제 서버 서비스 · 모의 응답 · 실수급 검증 아님 · 요청 시작일까지 확보 · KRX 시장 · 공급자 기준일/공표시각/확정 여부 미확인","false","true","2025-04-22","2025-12-01","2025-04-22","2025-12-01","available-cumulative","2025-04-22","kiwoom","mock","KRX","ka10013","","ready","2026-10-06T12:19:27.672Z"
"aligned","KR","stock","005930","day","KRW","credit","2025-04-25","0.2","%","키움증권 · 모의","remn_rt","2025-04-25","unknown","2026-10-06T12:19:27.639Z","","","true","봉 기간의 마지막 유효 관측값","","","","partial","QA SYNTHETIC API → 격리된 메모리 PGlite → 실제 서버 서비스 · 모의 응답 · 실수급 검증 아님 · 요청 시작일까지 확보 · KRX 시장 · 공급자 기준일/공표시각/확정 여부 미확인","false","true","2025-04-22","2025-12-01","2025-04-22","2025-12-01","available-cumulative","2025-04-22","kiwoom","mock","KRX","ka10013","","ready","2026-10-06T12:19:27.672Z"
"aligned","KR","stock","005930","day","KRW","credit","2025-04-28","0.3","%","키움증권 · 모의","remn_rt","2025-04-28","unknown","2026-10-06T12:19:27.639Z","","","true","봉 기간의 마지막 유효 관측값","","","","partial","QA SYNTHETIC API → 격리된 메모리 PGlite → 실제 서버 서비스 · 모의 응답 · 실수급 검증 아님 · 요청 시작일까지 확보 · KRX 시장 · 공급자 기준일/공표시각/확정 여부 미확인","false","true","2025-04-22","2025-12-01","2025-04-22","2025-12-01","available-cumulative","2025-04-22","kiwoom","mock","KRX","ka10013","","ready","2026-10-06T12:19:27.672Z"
"aligned","KR","stock","005930","day","KRW","credit","2025-04-29","0.4","%","키움증권 · 모의","remn_rt","2025-04-29","unknown","2026-10-06T12:19:27.639Z","","","true","봉 기간의 마지막 유효 관측값","","","","partial","QA SYNTHETIC API → 격리된 메모리 PGlite → 실제 서버 서비스 · 모의 응답 · 실수급 검증 아님 · 요청 시작일까지 확보 · KRX 시장 · 공급자 기준일/공표시각/확정 여부 미확인","false","true","2025-04-22","2025-12-01","2025-04-22","2025-12-01","available-cumulative","2025-04-22","kiwoom","mock","KRX","ka10013","","ready","2026-10-06T12:19:27.672Z"
"aligned","KR","stock","005930","day","KRW","credit","2025-04-30","0.5","%","키움증권 · 모의","remn_rt","2025-04-30","unknown","2026-10-06T12:19:27.639Z","","","true","봉 기간의 마지막 유효 관측값","","","","partial","QA SYNTHETIC API → 격리된 메모리 PGlite → 실제 서버 서비스 · 모의 응답 · 실수급 검증 아님 · 요청 시작일까지 확보 · KRX 시장 · 공급자 기준일/공표시각/확정 여부 미확인","false","true","2025-04-22","2025-12-01","2025-04-22","2025-12-01","available-cumulative","2025-04-22","kiwoom","mock","KRX","ka10013","","ready","2026-10-06T12:19:27.672Z"
"aligned","KR","stock","005930","day","KRW","credit","2025-05-01","0.6","%","키움증권 · 모의","remn_rt","2025-05-01","unknown","2026-10-06T12:19:27.639Z","","","true","봉 기간의 마지막 유효 관측값","","","","partial","QA SYNTHETIC API → 격리된 메모리 PGlite → 실제 서버 서비스 · 모의 응답 · 실수급 검증 아님 · 요청 시작일까지 확보 · KRX 시장 · 공급자 기준일/공표시각/확정 여부 미확인","false","true","2025-04-22","2025-12-01","2025-04-22","2025-12-01","available-cumulative","2025-04-22","kiwoom","mock","KRX","ka10013","","ready","2026-10-06T12:19:27.672Z"
"aligned","KR","stock","005930","day","KRW","credit","2025-05-02","0.7","%","키움증권 · 모의","remn_rt","2025-05-02","unknown","2026-10-06T12:19:27.639Z","","","true","봉 기간의 마지막 유효 관측값","","","","partial","QA SYNTHETIC API → 격리된 메모리 PGlite → 실제 서버 서비스 · 모의 응답 · 실수급 검증 아님 · 요청 시작일까지 확보 · KRX 시장 · 공급자 기준일/공표시각/확정 여부 미확인","false","true","2025-04-22","2025-12-01","2025-04-22","2025-12-01","available-cumulative","2025-04-22","kiwoom","mock","KRX","ka10013","","ready","2026-10-06T12:19:27.672Z"
"aligned","KR","stock","005930","day","KRW","credit","2025-05-05","0.8","%","키움증권 · 모의","remn_rt","2025-05-05","unknown","2026-10-06T12:19:27.639Z","","","true","봉 기간의 마지막 유효 관측값","","","","partial","QA SYNTHETIC API → 격리된 메모리 PGlite → 실제 서버 서비스 · 모의 응답 · 실수급 검증 아님 · 요청 시작일까지 확보 · KRX 시장 · 공급자 기준일/공표시각/확정 여부 미확인","false","true","2025-04-22","2025-12-01","2025-04-22","2025-12-01","available-cumulative","2025-04-22","kiwoom","mock","KRX","ka10013","","ready","2026-10-06T12:19:27.672Z"
"aligned","KR","stock","005930","day","KRW","credit","2025-05-06","0.9","%","키움증권 · 모의","remn_rt","2025-05-06","unknown","2026-10-06T12:19:27.639Z","","","true","봉 기간의 마지막 유효 관측값","","","","partial","QA SYNTHETIC API → 격리된 메모리 PGlite → 실제 서버 서비스 · 모의 응답 · 실수급 검증 아님 · 요청 시작일까지 확보 · KRX 시장 · 공급자 기준일/공표시각/확정 여부 미확인","false","true","2025-04-22","2025-12-01","2025-04-22","2025-12-01","available-cumulative","2025-04-22","kiwoom","mock","KRX","ka10013","","ready","2026-10-06T12:19:27.672Z"
"aligned","KR","stock","005930","day","KRW","credit","2025-05-07","1","%","키움증권 · 모의","remn_rt","2025-05-07","unknown","2026-10-06T12:19:27.639Z","","","true","봉 기간의 마지막 유효 관측값","","","","partial","QA SYNTHETIC API → 격리된 메모리 PGlite → 실제 서버 서비스 · 모의 응답 · 실수급 검증 아님 · 요청 시작일까지 확보 · KRX 시장 · 공급자 기준일/공표시각/확정 여부 미확인","false","true","2025-04-22","2025-12-01","2025-04-22","2025-12-01","available-cumulative","2025-04-22","kiwoom","mock","KRX","ka10013","","ready","2026-10-06T12:19:27.672Z"
"aligned","KR","stock","005930","day","KRW","credit","2025-05-08","0","%","키움증권 · 모의","remn_rt","2025-05-08","unknown","2026-10-06T12:19:27.639Z","","","true","봉 기간의 마지막 유효 관측값","","","","partial","QA SYNTHETIC API → 격리된 메모리 PGlite → 실제 서버 서비스 · 모의 응답 · 실수급 검증 아님 · 요청 시작일까지 확보 · KRX 시장 · 공급자 기준일/공표시각/확정 여부 미확인","false","true","2025-04-22","2025-12-01","2025-04-22","2025-12-01","available-cumulative","2025-04-22","kiwoom","mock","KRX","ka10013","","ready","2026-10-06T12:19:27.672Z"
"aligned","KR","stock","005930","day","KRW","credit","2025-05-09","0.1","%","키움증권 · 모의","remn_rt","2025-05-09","unknown","2026-10-06T12:19:27.639Z","","","true","봉 기간의 마지막 유효 관측값","","","","partial","QA SYNTHETIC API → 격리된 메모리 PGlite → 실제 서버 서비스 · 모의 응답 · 실수급 검증 아님 · 요청 시작일까지 확보 · KRX 시장 · 공급자 기준일/공표시각/확정 여부 미확인","false","true","2025-04-22","2025-12-01","2025-04-22","2025-12-01","available-cumulative","2025-04-22","kiwoom","mock","KRX","ka10013","","ready","2026-10-06T12:19:27.672Z"
"aligned","KR","stock","005930","day","KRW","credit","2025-05-12","0.2","%","키움증권 · 모의","remn_rt","2025-05-12","unknown","2026-10-06T12:19:27.639Z","","","true","봉 기간의 마지막 유효 관측값","","","","partial","QA SYNTHETIC API → 격리된 메모리 PGlite → 실제 서버 서비스 · 모의 응답 · 실수급 검증 아님 · 요청 시작일까지 확보 · KRX 시장 · 공급자 기준일/공표시각/확정 여부 미확인","false","true","2025-04-22","2025-12-01","2025-04-22","2025-12-01","available-cumulative","2025-04-22","kiwoom","mock","KRX","ka10013","","ready","2026-10-06T12:19:27.672Z"
"aligned","KR","stock","005930","day","KRW","credit","2025-05-13","0.3","%","키움증권 · 모의","remn_rt","2025-05-13","unknown","2026-10-06T12:19:27.639Z","","","true","봉 기간의 마지막 유효 관측값","","","","partial","QA SYNTHETIC API → 격리된 메모리 PGlite → 실제 서버 서비스 · 모의 응답 · 실수급 검증 아님 · 요청 시작일까지 확보 · KRX 시장 · 공급자 기준일/공표시각/확정 여부 미확인","false","true","2025-04-22","2025-12-01","2025-04-22","2025-12-01","available-cumulative","2025-04-22","kiwoom","mock","KRX","ka10013","","ready","2026-10-06T12:19:27.672Z"
"aligned","KR","stock","005930","day","KRW","credit","2025-05-14","0.4","%","키움증권 · 모의","remn_rt","2025-05-14","unknown","2026-10-06T12:19:27.639Z","","","true","봉 기간의 마지막 유효 관측값","","","","partial","QA SYNTHETIC API → 격리된 메모리 PGlite → 실제 서버 서비스 · 모의 응답 · 실수급 검증 아님 · 요청 시작일까지 확보 · KRX 시장 · 공급자 기준일/공표시각/확정 여부 미확인","false","true","2025-04-22","2025-12-01","2025-04-22","2025-12-01","available-cumulative","2025-04-22","kiwoom","mock","KRX","ka10013","","ready","2026-10-06T12:19:27.672Z"
"aligned","KR","stock","005930","day","KRW","credit","2025-05-15","0.5","%","키움증권 · 모의","remn_rt","2025-05-15","unknown","2026-10-06T12:19:27.639Z","","","true","봉 기간의 마지막 유효 관측값","","","","partial","QA SYNTHETIC API → 격리된 메모리 PGlite → 실제 서버 서비스 · 모의 응답 · 실수급 검증 아님 · 요청 시작일까지 확보 · KRX 시장 · 공급자 기준일/공표시각/확정 여부 미확인","false","true","2025-04-22","2025-12-01","2025-04-22","2025-12-01","available-cumulative","2025-04-22","kiwoom","mock","KRX","ka10013","","ready","2026-10-06T12:19:27.672Z"
"aligned","KR","stock","005930","day","KRW","credit","2025-05-16","0.6","%","키움증권 · 모의","remn_rt","2025-05-16","unknown","2026-10-06T12:19:27.639Z","","","true","봉 기간의 마지막 유효 관측값","","","","partial","QA SYNTHETIC API → 격리된 메모리 PGlite → 실제 서버 서비스 · 모의 응답 · 실수급 검증 아님 · 요청 시작일까지 확보 · KRX 시장 · 공급자 기준일/공표시각/확정 여부 미확인","false","true","2025-04-22","2025-12-01","2025-04-22","2025-12-01","available-cumulative","2025-04-22","kiwoom","mock","KRX","ka10013","","ready","2026-10-06T12:19:27.672Z"
"aligned","KR","stock","005930","day","KRW","credit","2025-05-19","0.7","%","키움증권 · 모의","remn_rt","2025-05-19","unknown","2026-10-06T12:19:27.639Z","","","true","봉 기간의 마지막 유효 관측값","","","","partial","QA SYNTHETIC API → 격리된 메모리 PGlite → 실제 서버 서비스 · 모의 응답 · 실수급 검증 아님 · 요청 시작일까지 확보 · KRX 시장 · 공급자 기준일/공표시각/확정 여부 미확인","false","true","2025-04-22","2025-12-01","2025-04-22","2025-12-01","available-cumulative","2025-04-22","kiwoom","mock","KRX","ka10013","","ready","2026-10-06T12:19:27.672Z"
"aligned","KR","stock","005930","day","KRW","credit","2025-05-20","0.8","%","키움증권 · 모의","remn_rt","2025-05-20","unknown","2026-10-06T12:19:27.639Z","","","true","봉 기간의 마지막 유효 관측값","","","","partial","QA SYNTHETIC API → 격리된 메모리 PGlite → 실제 서버 서비스 · 모의 응답 · 실수급 검증 아님 · 요청 시작일까지 확보 · KRX 시장 · 공급자 기준일/공표시각/확정 여부 미확인","false","true","2025-04-22","2025-12-01","2025-04-22","2025-12-01","available-cumulative","2025-04-22","kiwoom","mock","KRX","ka10013","","ready","2026-10-06T12:19:27.672Z"
"aligned","KR","stock","005930","day","KRW","credit","2025-05-21","0.9","%","키움증권 · 모의","remn_rt","2025-05-21","unknown","2026-10-06T12:19:27.639Z","","","true","봉 기간의 마지막 유효 관측값","","","","partial","QA SYNTHETIC API → 격리된 메모리 PGlite → 실제 서버 서비스 · 모의 응답 · 실수급 검증 아님 · 요청 시작일까지 확보 · KRX 시장 · 공급자 기준일/공표시각/확정 여부 미확인","false","true","2025-04-22","2025-12-01","2025-04-22","2025-12-01","available-cumulative","2025-04-22","kiwoom","mock","KRX","ka10013","","ready","2026-10-06T12:19:27.672Z"
"aligned","KR","stock","005930","day","KRW","credit","2025-05-22","1","%","키움증권 · 모의","remn_rt","2025-05-22","unknown","2026-10-06T12:19:27.639Z","","","true","봉 기간의 마지막 유효 관측값","","","","partial","QA SYNTHETIC API → 격리된 메모리 PGlite → 실제 서버 서비스 · 모의 응답 · 실수급 검증 아님 · 요청 시작일까지 확보 · KRX 시장 · 공급자 기준일/공표시각/확정 여부 미확인","false","true","2025-04-22","2025-12-01","2025-04-22","2025-12-01","available-cumulative","2025-04-22","kiwoom","mock","KRX","ka10013","","ready","2026-10-06T12:19:27.672Z"
"aligned","KR","stock","005930","day","KRW","credit","2025-05-23","0","%","키움증권 · 모의","remn_rt","2025-05-23","unknown","2026-10-06T12:19:27.639Z","","","true","봉 기간의 마지막 유효 관측값","","","","partial","QA SYNTHETIC API → 격리된 메모리 PGlite → 실제 서버 서비스 · 모의 응답 · 실수급 검증 아님 · 요청 시작일까지 확보 · KRX 시장 · 공급자 기준일/공표시각/확정 여부 미확인","false","true","2025-04-22","2025-12-01","2025-04-22","2025-12-01","available-cumulative","2025-04-22","kiwoom","mock","KRX","ka10013","","ready","2026-10-06T12:19:27.672Z"
"aligned","KR","stock","005930","day","KRW","credit","2025-05-26","0.1","%","키움증권 · 모의","remn_rt","2025-05-26","unknown","2026-10-06T12:19:27.639Z","","","true","봉 기간의 마지막 유효 관측값","","","","partial","QA SYNTHETIC API → 격리된 메모리 PGlite → 실제 서버 서비스 · 모의 응답 · 실수급 검증 아님 · 요청 시작일까지 확보 · KRX 시장 · 공급자 기준일/공표시각/확정 여부 미확인","false","true","2025-04-22","2025-12-01","2025-04-22","2025-12-01","available-cumulative","2025-04-22","kiwoom","mock","KRX","ka10013","","ready","2026-10-06T12:19:27.672Z"
"aligned","KR","stock","005930","day","KRW","credit","2025-05-27","0.2","%","키움증권 · 모의","remn_rt","2025-05-27","unknown","2026-10-06T12:19:27.639Z","","","true","봉 기간의 마지막 유효 관측값","","","","partial","QA SYNTHETIC API → 격리된 메모리 PGlite → 실제 서버 서비스 · 모의 응답 · 실수급 검증 아님 · 요청 시작일까지 확보 · KRX 시장 · 공급자 기준일/공표시각/확정 여부 미확인","false","true","2025-04-22","2025-12-01","2025-04-22","2025-12-01","available-cumulative","2025-04-22","kiwoom","mock","KRX","ka10013","","ready","2026-10-06T12:19:27.672Z"
"aligned","KR","stock","005930","day","KRW","credit","2025-05-28","0.3","%","키움증권 · 모의","remn_rt","2025-05-28","unknown","2026-10-06T12:19:27.639Z","","","true","봉 기간의 마지막 유효 관측값","","","","partial","QA SYNTHETIC API → 격리된 메모리 PGlite → 실제 서버 서비스 · 모의 응답 · 실수급 검증 아님 · 요청 시작일까지 확보 · KRX 시장 · 공급자 기준일/공표시각/확정 여부 미확인","false","true","2025-04-22","2025-12-01","2025-04-22","2025-12-01","available-cumulative","2025-04-22","kiwoom","mock","KRX","ka10013","","ready","2026-10-06T12:19:27.672Z"
"aligned","KR","stock","005930","day","KRW","credit","2025-05-29","0.4","%","키움증권 · 모의","remn_rt","2025-05-29","unknown","2026-10-06T12:19:27.639Z","","","true","봉 기간의 마지막 유효 관측값","","","","partial","QA SYNTHETIC API → 격리된 메모리 PGlite → 실제 서버 서비스 · 모의 응답 · 실수급 검증 아님 · 요청 시작일까지 확보 · KRX 시장 · 공급자 기준일/공표시각/확정 여부 미확인","false","true","2025-04-22","2025-12-01","2025-04-22","2025-12-01","available-cumulative","2025-04-22","kiwoom","mock","KRX","ka10013","","ready","2026-10-06T12:19:27.672Z"
"aligned","KR","stock","005930","day","KRW","credit","2025-05-30","0.5","%","키움증권 · 모의","remn_rt","2025-05-30","unknown","2026-10-06T12:19:27.639Z","","","true","봉 기간의 마지막 유효 관측값","","","","partial","QA SYNTHETIC API → 격리된 메모리 PGlite → 실제 서버 서비스 · 모의 응답 · 실수급 검증 아님 · 요청 시작일까지 확보 · KRX 시장 · 공급자 기준일/공표시각/확정 여부 미확인","false","true","2025-04-22","2025-12-01","2025-04-22","2025-12-01","available-cumulative","2025-04-22","kiwoom","mock","KRX","ka10013","","ready","2026-10-06T12:19:27.672Z"
"aligned","KR","stock","005930","day","KRW","credit","2025-06-02","0.6","%","키움증권 · 모의","remn_rt","2025-06-02","unknown","2026-10-06T12:19:27.639Z","","","true","봉 기간의 마지막 유효 관측값","","","","partial","QA SYNTHETIC API → 격리된 메모리 PGlite → 실제 서버 서비스 · 모의 응답 · 실수급 검증 아님 · 요청 시작일까지 확보 · KRX 시장 · 공급자 기준일/공표시각/확정 여부 미확인","false","true","2025-04-22","2025-12-01","2025-04-22","2025-12-01","available-cumulative","2025-04-22","kiwoom","mock","KRX","ka10013","","ready","2026-10-06T12:19:27.672Z"
"aligned","KR","stock","005930","day","KRW","credit","2025-06-03","0.7","%","키움증권 · 모의","remn_rt","2025-06-03","unknown","2026-10-06T12:19:27.639Z","","","true","봉 기간의 마지막 유효 관측값","","","","partial","QA SYNTHETIC API → 격리된 메모리 PGlite → 실제 서버 서비스 · 모의 응답 · 실수급 검증 아님 · 요청 시작일까지 확보 · KRX 시장 · 공급자 기준일/공표시각/확정 여부 미확인","false","true","2025-04-22","2025-12-01","2025-04-22","2025-12-01","available-cumulative","2025-04-22","kiwoom","mock","KRX","ka10013","","ready","2026-10-06T12:19:27.672Z"
"aligned","KR","stock","005930","day","KRW","credit","2025-06-04","0.8","%","키움증권 · 모의","remn_rt","2025-06-04","unknown","2026-10-06T12:19:27.639Z","","","true","봉 기간의 마지막 유효 관측값","","","","partial","QA SYNTHETIC API → 격리된 메모리 PGlite → 실제 서버 서비스 · 모의 응답 · 실수급 검증 아님 · 요청 시작일까지 확보 · KRX 시장 · 공급자 기준일/공표시각/확정 여부 미확인","false","true","2025-04-22","2025-12-01","2025-04-22","2025-12-01","available-cumulative","2025-04-22","kiwoom","mock","KRX","ka10013","","ready","2026-10-06T12:19:27.672Z"
"aligned","KR","stock","005930","day","KRW","credit","2025-06-05","0.9","%","키움증권 · 모의","remn_rt","2025-06-05","unknown","2026-10-06T12:19:27.639Z","","","true","봉 기간의 마지막 유효 관측값","","","","partial","QA SYNTHETIC API → 격리된 메모리 PGlite → 실제 서버 서비스 · 모의 응답 · 실수급 검증 아님 · 요청 시작일까지 확보 · KRX 시장 · 공급자 기준일/공표시각/확정 여부 미확인","false","true","2025-04-22","2025-12-01","2025-04-22","2025-12-01","available-cumulative","2025-04-22","kiwoom","mock","KRX","ka10013","","ready","2026-10-06T12:19:27.672Z"
"aligned","KR","stock","005930","day","KRW","credit","2025-06-06","1","%","키움증권 · 모의","remn_rt","2025-06-06","unknown","2026-10-06T12:19:27.639Z","","","true","봉 기간의 마지막 유효 관측값","","","","partial","QA SYNTHETIC API → 격리된 메모리 PGlite → 실제 서버 서비스 · 모의 응답 · 실수급 검증 아님 · 요청 시작일까지 확보 · KRX 시장 · 공급자 기준일/공표시각/확정 여부 미확인","false","true","2025-04-22","2025-12-01","2025-04-22","2025-12-01","available-cumulative","2025-04-22","kiwoom","mock","KRX","ka10013","","ready","2026-10-06T12:19:27.672Z"
"aligned","KR","stock","005930","day","KRW","credit","2025-06-09","0","%","키움증권 · 모의","remn_rt","2025-06-09","unknown","2026-10-06T12:19:27.639Z","","","true","봉 기간의 마지막 유효 관측값","","","","partial","QA SYNTHETIC API → 격리된 메모리 PGlite → 실제 서버 서비스 · 모의 응답 · 실수급 검증 아님 · 요청 시작일까지 확보 · KRX 시장 · 공급자 기준일/공표시각/확정 여부 미확인","false","true","2025-04-22","2025-12-01","2025-04-22","2025-12-01","available-cumulative","2025-04-22","kiwoom","mock","KRX","ka10013","","ready","2026-10-06T12:19:27.672Z"
"aligned","KR","stock","005930","day","KRW","credit","2025-06-10","0.1","%","키움증권 · 모의","remn_rt","2025-06-10","unknown","2026-10-06T12:19:27.639Z","","","true","봉 기간의 마지막 유효 관측값","","","","partial","QA SYNTHETIC API → 격리된 메모리 PGlite → 실제 서버 서비스 · 모의 응답 · 실수급 검증 아님 · 요청 시작일까지 확보 · KRX 시장 · 공급자 기준일/공표시각/확정 여부 미확인","false","true","2025-04-22","2025-12-01","2025-04-22","2025-12-01","available-cumulative","2025-04-22","kiwoom","mock","KRX","ka10013","","ready","2026-10-06T12:19:27.672Z"
"aligned","KR","stock","005930","day","KRW","credit","2025-06-11","0.2","%","키움증권 · 모의","remn_rt","2025-06-11","unknown","2026-10-06T12:19:27.639Z","","","true","봉 기간의 마지막 유효 관측값","","","","partial","QA SYNTHETIC API → 격리된 메모리 PGlite → 실제 서버 서비스 · 모의 응답 · 실수급 검증 아님 · 요청 시작일까지 확보 · KRX 시장 · 공급자 기준일/공표시각/확정 여부 미확인","false","true","2025-04-22","2025-12-01","2025-04-22","2025-12-01","available-cumulative","2025-04-22","kiwoom","mock","KRX","ka10013","","ready","2026-10-06T12:19:27.672Z"
"aligned","KR","stock","005930","day","KRW","credit","2025-06-12","0.3","%","키움증권 · 모의","remn_rt","2025-06-12","unknown","2026-10-06T12:19:27.639Z","","","true","봉 기간의 마지막 유효 관측값","","","","partial","QA SYNTHETIC API → 격리된 메모리 PGlite → 실제 서버 서비스 · 모의 응답 · 실수급 검증 아님 · 요청 시작일까지 확보 · KRX 시장 · 공급자 기준일/공표시각/확정 여부 미확인","false","true","2025-04-22","2025-12-01","2025-04-22","2025-12-01","available-cumulative","2025-04-22","kiwoom","mock","KRX","ka10013","","ready","2026-10-06T12:19:27.672Z"
"aligned","KR","stock","005930","day","KRW","credit","2025-06-13","0.4","%","키움증권 · 모의","remn_rt","2025-06-13","unknown","2026-10-06T12:19:27.639Z","","","true","봉 기간의 마지막 유효 관측값","","","","partial","QA SYNTHETIC API → 격리된 메모리 PGlite → 실제 서버 서비스 · 모의 응답 · 실수급 검증 아님 · 요청 시작일까지 확보 · KRX 시장 · 공급자 기준일/공표시각/확정 여부 미확인","false","true","2025-04-22","2025-12-01","2025-04-22","2025-12-01","available-cumulative","2025-04-22","kiwoom","mock","KRX","ka10013","","ready","2026-10-06T12:19:27.672Z"
"aligned","KR","stock","005930","day","KRW","credit","2025-06-16","0.5","%","키움증권 · 모의","remn_rt","2025-06-16","unknown","2026-10-06T12:19:27.639Z","","","true","봉 기간의 마지막 유효 관측값","","","","partial","QA SYNTHETIC API → 격리된 메모리 PGlite → 실제 서버 서비스 · 모의 응답 · 실수급 검증 아님 · 요청 시작일까지 확보 · KRX 시장 · 공급자 기준일/공표시각/확정 여부 미확인","false","true","2025-04-22","2025-12-01","2025-04-22","2025-12-01","available-cumulative","2025-04-22","kiwoom","mock","KRX","ka10013","","ready","2026-10-06T12:19:27.672Z"
"aligned","KR","stock","005930","day","KRW","credit","2025-06-17","0.6","%","키움증권 · 모의","remn_rt","2025-06-17","unknown","2026-10-06T12:19:27.639Z","","","true","봉 기간의 마지막 유효 관측값","","","","partial","QA SYNTHETIC API → 격리된 메모리 PGlite → 실제 서버 서비스 · 모의 응답 · 실수급 검증 아님 · 요청 시작일까지 확보 · KRX 시장 · 공급자 기준일/공표시각/확정 여부 미확인","false","true","2025-04-22","2025-12-01","2025-04-22","2025-12-01","available-cumulative","2025-04-22","kiwoom","mock","KRX","ka10013","","ready","2026-10-06T12:19:27.672Z"
"aligned","KR","stock","005930","day","KRW","credit","2025-06-18","0.7","%","키움증권 · 모의","remn_rt","2025-06-18","unknown","2026-10-06T12:19:27.639Z","","","true","봉 기간의 마지막 유효 관측값","","","","partial","QA SYNTHETIC API → 격리된 메모리 PGlite → 실제 서버 서비스 · 모의 응답 · 실수급 검증 아님 · 요청 시작일까지 확보 · KRX 시장 · 공급자 기준일/공표시각/확정 여부 미확인","false","true","2025-04-22","2025-12-01","2025-04-22","2025-12-01","available-cumulative","2025-04-22","kiwoom","mock","KRX","ka10013","","ready","2026-10-06T12:19:27.672Z"
"aligned","KR","stock","005930","day","KRW","credit","2025-06-19","0.8","%","키움증권 · 모의","remn_rt","2025-06-19","unknown","2026-10-06T12:19:27.639Z","","","true","봉 기간의 마지막 유효 관측값","","","","partial","QA SYNTHETIC API → 격리된 메모리 PGlite → 실제 서버 서비스 · 모의 응답 · 실수급 검증 아님 · 요청 시작일까지 확보 · KRX 시장 · 공급자 기준일/공표시각/확정 여부 미확인","false","true","2025-04-22","2025-12-01","2025-04-22","2025-12-01","available-cumulative","2025-04-22","kiwoom","mock","KRX","ka10013","","ready","2026-10-06T12:19:27.672Z"
"aligned","KR","stock","005930","day","KRW","credit","2025-06-20","0.9","%","키움증권 · 모의","remn_rt","2025-06-20","unknown","2026-10-06T12:19:27.639Z","","","true","봉 기간의 마지막 유효 관측값","","","","partial","QA SYNTHETIC API → 격리된 메모리 PGlite → 실제 서버 서비스 · 모의 응답 · 실수급 검증 아님 · 요청 시작일까지 확보 · KRX 시장 · 공급자 기준일/공표시각/확정 여부 미확인","false","true","2025-04-22","2025-12-01","2025-04-22","2025-12-01","available-cumulative","2025-04-22","kiwoom","mock","KRX","ka10013","","ready","2026-10-06T12:19:27.672Z"
"aligned","KR","stock","005930","day","KRW","credit","2025-06-23","1","%","키움증권 · 모의","remn_rt","2025-06-23","unknown","2026-10-06T12:19:27.639Z","","","true","봉 기간의 마지막 유효 관측값","","","","partial","QA SYNTHETIC API → 격리된 메모리 PGlite → 실제 서버 서비스 · 모의 응답 · 실수급 검증 아님 · 요청 시작일까지 확보 · KRX 시장 · 공급자 기준일/공표시각/확정 여부 미확인","false","true","2025-04-22","2025-12-01","2025-04-22","2025-12-01","available-cumulative","2025-04-22","kiwoom","mock","KRX","ka10013","","ready","2026-10-06T12:19:27.672Z"
"aligned","KR","stock","005930","day","KRW","credit","2025-06-24","0","%","키움증권 · 모의","remn_rt","2025-06-24","unknown","2026-10-06T12:19:27.639Z","","","true","봉 기간의 마지막 유효 관측값","","","","partial","QA SYNTHETIC API → 격리된 메모리 PGlite → 실제 서버 서비스 · 모의 응답 · 실수급 검증 아님 · 요청 시작일까지 확보 · KRX 시장 · 공급자 기준일/공표시각/확정 여부 미확인","false","true","2025-04-22","2025-12-01","2025-04-22","2025-12-01","available-cumulative","2025-04-22","kiwoom","mock","KRX","ka10013","","ready","2026-10-06T12:19:27.672Z"
"aligned","KR","stock","005930","day","KRW","credit","2025-06-25","0.1","%","키움증권 · 모의","remn_rt","2025-06-25","unknown","2026-10-06T12:19:27.639Z","","","true","봉 기간의 마지막 유효 관측값","","","","partial","QA SYNTHETIC API → 격리된 메모리 PGlite → 실제 서버 서비스 · 모의 응답 · 실수급 검증 아님 · 요청 시작일까지 확보 · KRX 시장 · 공급자 기준일/공표시각/확정 여부 미확인","false","true","2025-04-22","2025-12-01","2025-04-22","2025-12-01","available-cumulative","2025-04-22","kiwoom","mock","KRX","ka10013","","ready","2026-10-06T12:19:27.672Z"
"aligned","KR","stock","005930","day","KRW","credit","2025-06-26","0.2","%","키움증권 · 모의","remn_rt","2025-06-26","unknown","2026-10-06T12:19:27.639Z","","","true","봉 기간의 마지막 유효 관측값","","","","partial","QA SYNTHETIC API → 격리된 메모리 PGlite → 실제 서버 서비스 · 모의 응답 · 실수급 검증 아님 · 요청 시작일까지 확보 · KRX 시장 · 공급자 기준일/공표시각/확정 여부 미확인","false","true","2025-04-22","2025-12-01","2025-04-22","2025-12-01","available-cumulative","2025-04-22","kiwoom","mock","KRX","ka10013","","ready","2026-10-06T12:19:27.672Z"
"aligned","KR","stock","005930","day","KRW","credit","2025-06-27","0.3","%","키움증권 · 모의","remn_rt","2025-06-27","unknown","2026-10-06T12:19:27.639Z","","","true","봉 기간의 마지막 유효 관측값","","","","partial","QA SYNTHETIC API → 격리된 메모리 PGlite → 실제 서버 서비스 · 모의 응답 · 실수급 검증 아님 · 요청 시작일까지 확보 · KRX 시장 · 공급자 기준일/공표시각/확정 여부 미확인","false","true","2025-04-22","2025-12-01","2025-04-22","2025-12-01","available-cumulative","2025-04-22","kiwoom","mock","KRX","ka10013","","ready","2026-10-06T12:19:27.672Z"
"aligned","KR","stock","005930","day","KRW","credit","2025-06-30","0.4","%","키움증권 · 모의","remn_rt","2025-06-30","unknown","2026-10-06T12:19:27.639Z","","","true","봉 기간의 마지막 유효 관측값","","","","partial","QA SYNTHETIC API → 격리된 메모리 PGlite → 실제 서버 서비스 · 모의 응답 · 실수급 검증 아님 · 요청 시작일까지 확보 · KRX 시장 · 공급자 기준일/공표시각/확정 여부 미확인","false","true","2025-04-22","2025-12-01","2025-04-22","2025-12-01","available-cumulative","2025-04-22","kiwoom","mock","KRX","ka10013","","ready","2026-10-06T12:19:27.672Z"
"aligned","KR","stock","005930","day","KRW","credit","2025-07-01","0.5","%","키움증권 · 모의","remn_rt","2025-07-01","unknown","2026-10-06T12:19:27.639Z","","","true","봉 기간의 마지막 유효 관측값","","","","partial","QA SYNTHETIC API → 격리된 메모리 PGlite → 실제 서버 서비스 · 모의 응답 · 실수급 검증 아님 · 요청 시작일까지 확보 · KRX 시장 · 공급자 기준일/공표시각/확정 여부 미확인","false","true","2025-04-22","2025-12-01","2025-04-22","2025-12-01","available-cumulative","2025-04-22","kiwoom","mock","KRX","ka10013","","ready","2026-10-06T12:19:27.672Z"
"aligned","KR","stock","005930","day","KRW","credit","2025-07-02","0.6","%","키움증권 · 모의","remn_rt","2025-07-02","unknown","2026-10-06T12:19:27.639Z","","","true","봉 기간의 마지막 유효 관측값","","","","partial","QA SYNTHETIC API → 격리된 메모리 PGlite → 실제 서버 서비스 · 모의 응답 · 실수급 검증 아님 · 요청 시작일까지 확보 · KRX 시장 · 공급자 기준일/공표시각/확정 여부 미확인","false","true","2025-04-22","2025-12-01","2025-04-22","2025-12-01","available-cumulative","2025-04-22","kiwoom","mock","KRX","ka10013","","ready","2026-10-06T12:19:27.672Z"
"aligned","KR","stock","005930","day","KRW","credit","2025-07-03","0.7","%","키움증권 · 모의","remn_rt","2025-07-03","unknown","2026-10-06T12:19:27.639Z","","","true","봉 기간의 마지막 유효 관측값","","","","partial","QA SYNTHETIC API → 격리된 메모리 PGlite → 실제 서버 서비스 · 모의 응답 · 실수급 검증 아님 · 요청 시작일까지 확보 · KRX 시장 · 공급자 기준일/공표시각/확정 여부 미확인","false","true","2025-04-22","2025-12-01","2025-04-22","2025-12-01","available-cumulative","2025-04-22","kiwoom","mock","KRX","ka10013","","ready","2026-10-06T12:19:27.672Z"
"aligned","KR","stock","005930","day","KRW","credit","2025-07-04","0.8","%","키움증권 · 모의","remn_rt","2025-07-04","unknown","2026-10-06T12:19:27.639Z","","","true","봉 기간의 마지막 유효 관측값","","","","partial","QA SYNTHETIC API → 격리된 메모리 PGlite → 실제 서버 서비스 · 모의 응답 · 실수급 검증 아님 · 요청 시작일까지 확보 · KRX 시장 · 공급자 기준일/공표시각/확정 여부 미확인","false","true","2025-04-22","2025-12-01","2025-04-22","2025-12-01","available-cumulative","2025-04-22","kiwoom","mock","KRX","ka10013","","ready","2026-10-06T12:19:27.672Z"
"aligned","KR","stock","005930","day","KRW","credit","2025-07-07","0.9","%","키움증권 · 모의","remn_rt","2025-07-07","unknown","2026-10-06T12:19:27.639Z","","","true","봉 기간의 마지막 유효 관측값","","","","partial","QA SYNTHETIC API → 격리된 메모리 PGlite → 실제 서버 서비스 · 모의 응답 · 실수급 검증 아님 · 요청 시작일까지 확보 · KRX 시장 · 공급자 기준일/공표시각/확정 여부 미확인","false","true","2025-04-22","2025-12-01","2025-04-22","2025-12-01","available-cumulative","2025-04-22","kiwoom","mock","KRX","ka10013","","ready","2026-10-06T12:19:27.672Z"
"aligned","KR","stock","005930","day","KRW","credit","2025-07-08","1","%","키움증권 · 모의","remn_rt","2025-07-08","unknown","2026-10-06T12:19:27.639Z","","","true","봉 기간의 마지막 유효 관측값","","","","partial","QA SYNTHETIC API → 격리된 메모리 PGlite → 실제 서버 서비스 · 모의 응답 · 실수급 검증 아님 · 요청 시작일까지 확보 · KRX 시장 · 공급자 기준일/공표시각/확정 여부 미확인","false","true","2025-04-22","2025-12-01","2025-04-22","2025-12-01","available-cumulative","2025-04-22","kiwoom","mock","KRX","ka10013","","ready","2026-10-06T12:19:27.672Z"
"aligned","KR","stock","005930","day","KRW","credit","2025-07-09","0","%","키움증권 · 모의","remn_rt","2025-07-09","unknown","2026-10-06T12:19:27.639Z","","","true","봉 기간의 마지막 유효 관측값","","","","partial","QA SYNTHETIC API → 격리된 메모리 PGlite → 실제 서버 서비스 · 모의 응답 · 실수급 검증 아님 · 요청 시작일까지 확보 · KRX 시장 · 공급자 기준일/공표시각/확정 여부 미확인","false","true","2025-04-22","2025-12-01","2025-04-22","2025-12-01","available-cumulative","2025-04-22","kiwoom","mock","KRX","ka10013","","ready","2026-10-06T12:19:27.672Z"
"aligned","KR","stock","005930","day","KRW","credit","2025-07-10","0.1","%","키움증권 · 모의","remn_rt","2025-07-10","unknown","2026-10-06T12:19:27.639Z","","","true","봉 기간의 마지막 유효 관측값","","","","partial","QA SYNTHETIC API → 격리된 메모리 PGlite → 실제 서버 서비스 · 모의 응답 · 실수급 검증 아님 · 요청 시작일까지 확보 · KRX 시장 · 공급자 기준일/공표시각/확정 여부 미확인","false","true","2025-04-22","2025-12-01","2025-04-22","2025-12-01","available-cumulative","2025-04-22","kiwoom","mock","KRX","ka10013","","ready","2026-10-06T12:19:27.672Z"
"aligned","KR","stock","005930","day","KRW","credit","2025-07-11","0.2","%","키움증권 · 모의","remn_rt","2025-07-11","unknown","2026-10-06T12:19:27.639Z","","","true","봉 기간의 마지막 유효 관측값","","","","partial","QA SYNTHETIC API → 격리된 메모리 PGlite → 실제 서버 서비스 · 모의 응답 · 실수급 검증 아님 · 요청 시작일까지 확보 · KRX 시장 · 공급자 기준일/공표시각/확정 여부 미확인","false","true","2025-04-22","2025-12-01","2025-04-22","2025-12-01","available-cumulative","2025-04-22","kiwoom","mock","KRX","ka10013","","ready","2026-10-06T12:19:27.672Z"
"aligned","KR","stock","005930","day","KRW","credit","2025-07-14","0.3","%","키움증권 · 모의","remn_rt","2025-07-14","unknown","2026-10-06T12:19:27.639Z","","","true","봉 기간의 마지막 유효 관측값","","","","partial","QA SYNTHETIC API → 격리된 메모리 PGlite → 실제 서버 서비스 · 모의 응답 · 실수급 검증 아님 · 요청 시작일까지 확보 · KRX 시장 · 공급자 기준일/공표시각/확정 여부 미확인","false","true","2025-04-22","2025-12-01","2025-04-22","2025-12-01","available-cumulative","2025-04-22","kiwoom","mock","KRX","ka10013","","ready","2026-10-06T12:19:27.672Z"
"aligned","KR","stock","005930","day","KRW","credit","2025-07-15","0.4","%","키움증권 · 모의","remn_rt","2025-07-15","unknown","2026-10-06T12:19:27.639Z","","","true","봉 기간의 마지막 유효 관측값","","","","partial","QA SYNTHETIC API → 격리된 메모리 PGlite → 실제 서버 서비스 · 모의 응답 · 실수급 검증 아님 · 요청 시작일까지 확보 · KRX 시장 · 공급자 기준일/공표시각/확정 여부 미확인","false","true","2025-04-22","2025-12-01","2025-04-22","2025-12-01","available-cumulative","2025-04-22","kiwoom","mock","KRX","ka10013","","ready","2026-10-06T12:19:27.672Z"
"aligned","KR","stock","005930","day","KRW","credit","2025-07-16","0.5","%","키움증권 · 모의","remn_rt","2025-07-16","unknown","2026-10-06T12:19:27.639Z","","","true","봉 기간의 마지막 유효 관측값","","","","partial","QA SYNTHETIC API → 격리된 메모리 PGlite → 실제 서버 서비스 · 모의 응답 · 실수급 검증 아님 · 요청 시작일까지 확보 · KRX 시장 · 공급자 기준일/공표시각/확정 여부 미확인","false","true","2025-04-22","2025-12-01","2025-04-22","2025-12-01","available-cumulative","2025-04-22","kiwoom","mock","KRX","ka10013","","ready","2026-10-06T12:19:27.672Z"
"aligned","KR","stock","005930","day","KRW","credit","2025-07-17","0.6","%","키움증권 · 모의","remn_rt","2025-07-17","unknown","2026-10-06T12:19:27.639Z","","","true","봉 기간의 마지막 유효 관측값","","","","partial","QA SYNTHETIC API → 격리된 메모리 PGlite → 실제 서버 서비스 · 모의 응답 · 실수급 검증 아님 · 요청 시작일까지 확보 · KRX 시장 · 공급자 기준일/공표시각/확정 여부 미확인","false","true","2025-04-22","2025-12-01","2025-04-22","2025-12-01","available-cumulative","2025-04-22","kiwoom","mock","KRX","ka10013","","ready","2026-10-06T12:19:27.672Z"
"aligned","KR","stock","005930","day","KRW","credit","2025-07-18","0.7","%","키움증권 · 모의","remn_rt","2025-07-18","unknown","2026-10-06T12:19:27.639Z","","","true","봉 기간의 마지막 유효 관측값","","","","partial","QA SYNTHETIC API → 격리된 메모리 PGlite → 실제 서버 서비스 · 모의 응답 · 실수급 검증 아님 · 요청 시작일까지 확보 · KRX 시장 · 공급자 기준일/공표시각/확정 여부 미확인","false","true","2025-04-22","2025-12-01","2025-04-22","2025-12-01","available-cumulative","2025-04-22","kiwoom","mock","KRX","ka10013","","ready","2026-10-06T12:19:27.672Z"
"aligned","KR","stock","005930","day","KRW","credit","2025-07-21","0.8","%","키움증권 · 모의","remn_rt","2025-07-21","unknown","2026-10-06T12:19:27.639Z","","","true","봉 기간의 마지막 유효 관측값","","","","partial","QA SYNTHETIC API → 격리된 메모리 PGlite → 실제 서버 서비스 · 모의 응답 · 실수급 검증 아님 · 요청 시작일까지 확보 · KRX 시장 · 공급자 기준일/공표시각/확정 여부 미확인","false","true","2025-04-22","2025-12-01","2025-04-22","2025-12-01","available-cumulative","2025-04-22","kiwoom","mock","KRX","ka10013","","ready","2026-10-06T12:19:27.672Z"
"aligned","KR","stock","005930","day","KRW","credit","2025-07-22","0.9","%","키움증권 · 모의","remn_rt","2025-07-22","unknown","2026-10-06T12:19:27.639Z","","","true","봉 기간의 마지막 유효 관측값","","","","partial","QA SYNTHETIC API → 격리된 메모리 PGlite → 실제 서버 서비스 · 모의 응답 · 실수급 검증 아님 · 요청 시작일까지 확보 · KRX 시장 · 공급자 기준일/공표시각/확정 여부 미확인","false","true","2025-04-22","2025-12-01","2025-04-22","2025-12-01","available-cumulative","2025-04-22","kiwoom","mock","KRX","ka10013","","ready","2026-10-06T12:19:27.672Z"
"aligned","KR","stock","005930","day","KRW","credit","2025-07-23","1","%","키움증권 · 모의","remn_rt","2025-07-23","unknown","2026-10-06T12:19:27.639Z","","","true","봉 기간의 마지막 유효 관측값","","","","partial","QA SYNTHETIC API → 격리된 메모리 PGlite → 실제 서버 서비스 · 모의 응답 · 실수급 검증 아님 · 요청 시작일까지 확보 · KRX 시장 · 공급자 기준일/공표시각/확정 여부 미확인","false","true","2025-04-22","2025-12-01","2025-04-22","2025-12-01","available-cumulative","2025-04-22","kiwoom","mock","KRX","ka10013","","ready","2026-10-06T12:19:27.672Z"
"aligned","KR","stock","005930","day","KRW","credit","2025-07-24","0","%","키움증권 · 모의","remn_rt","2025-07-24","unknown","2026-10-06T12:19:27.639Z","","","true","봉 기간의 마지막 유효 관측값","","","","partial","QA SYNTHETIC API → 격리된 메모리 PGlite → 실제 서버 서비스 · 모의 응답 · 실수급 검증 아님 · 요청 시작일까지 확보 · KRX 시장 · 공급자 기준일/공표시각/확정 여부 미확인","false","true","2025-04-22","2025-12-01","2025-04-22","2025-12-01","available-cumulative","2025-04-22","kiwoom","mock","KRX","ka10013","","ready","2026-10-06T12:19:27.672Z"
"aligned","KR","stock","005930","day","KRW","credit","2025-07-25","0.1","%","키움증권 · 모의","remn_rt","2025-07-25","unknown","2026-10-06T12:19:27.639Z","","","true","봉 기간의 마지막 유효 관측값","","","","partial","QA SYNTHETIC API → 격리된 메모리 PGlite → 실제 서버 서비스 · 모의 응답 · 실수급 검증 아님 · 요청 시작일까지 확보 · KRX 시장 · 공급자 기준일/공표시각/확정 여부 미확인","false","true","2025-04-22","2025-12-01","2025-04-22","2025-12-01","available-cumulative","2025-04-22","kiwoom","mock","KRX","ka10013","","ready","2026-10-06T12:19:27.672Z"
"aligned","KR","stock","005930","day","KRW","credit","2025-07-28","0.2","%","키움증권 · 모의","remn_rt","2025-07-28","unknown","2026-10-06T12:19:27.639Z","","","true","봉 기간의 마지막 유효 관측값","","","","partial","QA SYNTHETIC API → 격리된 메모리 PGlite → 실제 서버 서비스 · 모의 응답 · 실수급 검증 아님 · 요청 시작일까지 확보 · KRX 시장 · 공급자 기준일/공표시각/확정 여부 미확인","false","true","2025-04-22","2025-12-01","2025-04-22","2025-12-01","available-cumulative","2025-04-22","kiwoom","mock","KRX","ka10013","","ready","2026-10-06T12:19:27.672Z"
"aligned","KR","stock","005930","day","KRW","credit","2025-07-29","0.3","%","키움증권 · 모의","remn_rt","2025-07-29","unknown","2026-10-06T12:19:27.639Z","","","true","봉 기간의 마지막 유효 관측값","","","","partial","QA SYNTHETIC API → 격리된 메모리 PGlite → 실제 서버 서비스 · 모의 응답 · 실수급 검증 아님 · 요청 시작일까지 확보 · KRX 시장 · 공급자 기준일/공표시각/확정 여부 미확인","false","true","2025-04-22","2025-12-01","2025-04-22","2025-12-01","available-cumulative","2025-04-22","kiwoom","mock","KRX","ka10013","","ready","2026-10-06T12:19:27.672Z"
"aligned","KR","stock","005930","day","KRW","credit","2025-07-30","0.4","%","키움증권 · 모의","remn_rt","2025-07-30","unknown","2026-10-06T12:19:27.639Z","","","true","봉 기간의 마지막 유효 관측값","","","","partial","QA SYNTHETIC API → 격리된 메모리 PGlite → 실제 서버 서비스 · 모의 응답 · 실수급 검증 아님 · 요청 시작일까지 확보 · KRX 시장 · 공급자 기준일/공표시각/확정 여부 미확인","false","true","2025-04-22","2025-12-01","2025-04-22","2025-12-01","available-cumulative","2025-04-22","kiwoom","mock","KRX","ka10013","","ready","2026-10-06T12:19:27.672Z"
"aligned","KR","stock","005930","day","KRW","credit","2025-07-31","0.5","%","키움증권 · 모의","remn_rt","2025-07-31","unknown","2026-10-06T12:19:27.639Z","","","true","봉 기간의 마지막 유효 관측값","","","","partial","QA SYNTHETIC API → 격리된 메모리 PGlite → 실제 서버 서비스 · 모의 응답 · 실수급 검증 아님 · 요청 시작일까지 확보 · KRX 시장 · 공급자 기준일/공표시각/확정 여부 미확인","false","true","2025-04-22","2025-12-01","2025-04-22","2025-12-01","available-cumulative","2025-04-22","kiwoom","mock","KRX","ka10013","","ready","2026-10-06T12:19:27.672Z"
"aligned","KR","stock","005930","day","KRW","credit","2025-08-01","0.6","%","키움증권 · 모의","remn_rt","2025-08-01","unknown","2026-10-06T12:19:27.639Z","","","true","봉 기간의 마지막 유효 관측값","","","","partial","QA SYNTHETIC API → 격리된 메모리 PGlite → 실제 서버 서비스 · 모의 응답 · 실수급 검증 아님 · 요청 시작일까지 확보 · KRX 시장 · 공급자 기준일/공표시각/확정 여부 미확인","false","true","2025-04-22","2025-12-01","2025-04-22","2025-12-01","available-cumulative","2025-04-22","kiwoom","mock","KRX","ka10013","","ready","2026-10-06T12:19:27.672Z"
"aligned","KR","stock","005930","day","KRW","credit","2025-08-04","0.7","%","키움증권 · 모의","remn_rt","2025-08-04","unknown","2026-10-06T12:19:27.639Z","","","true","봉 기간의 마지막 유효 관측값","","","","partial","QA SYNTHETIC API → 격리된 메모리 PGlite → 실제 서버 서비스 · 모의 응답 · 실수급 검증 아님 · 요청 시작일까지 확보 · KRX 시장 · 공급자 기준일/공표시각/확정 여부 미확인","false","true","2025-04-22","2025-12-01","2025-04-22","2025-12-01","available-cumulative","2025-04-22","kiwoom","mock","KRX","ka10013","","ready","2026-10-06T12:19:27.672Z"
"aligned","KR","stock","005930","day","KRW","credit","2025-08-05","0.8","%","키움증권 · 모의","remn_rt","2025-08-05","unknown","2026-10-06T12:19:27.639Z","","","true","봉 기간의 마지막 유효 관측값","","","","partial","QA SYNTHETIC API → 격리된 메모리 PGlite → 실제 서버 서비스 · 모의 응답 · 실수급 검증 아님 · 요청 시작일까지 확보 · KRX 시장 · 공급자 기준일/공표시각/확정 여부 미확인","false","true","2025-04-22","2025-12-01","2025-04-22","2025-12-01","available-cumulative","2025-04-22","kiwoom","mock","KRX","ka10013","","ready","2026-10-06T12:19:27.672Z"
"aligned","KR","stock","005930","day","KRW","credit","2025-08-06","0.9","%","키움증권 · 모의","remn_rt","2025-08-06","unknown","2026-10-06T12:19:27.639Z","","","true","봉 기간의 마지막 유효 관측값","","","","partial","QA SYNTHETIC API → 격리된 메모리 PGlite → 실제 서버 서비스 · 모의 응답 · 실수급 검증 아님 · 요청 시작일까지 확보 · KRX 시장 · 공급자 기준일/공표시각/확정 여부 미확인","false","true","2025-04-22","2025-12-01","2025-04-22","2025-12-01","available-cumulative","2025-04-22","kiwoom","mock","KRX","ka10013","","ready","2026-10-06T12:19:27.672Z"
"aligned","KR","stock","005930","day","KRW","credit","2025-08-07","1","%","키움증권 · 모의","remn_rt","2025-08-07","unknown","2026-10-06T12:19:27.639Z","","","true","봉 기간의 마지막 유효 관측값","","","","partial","QA SYNTHETIC API → 격리된 메모리 PGlite → 실제 서버 서비스 · 모의 응답 · 실수급 검증 아님 · 요청 시작일까지 확보 · KRX 시장 · 공급자 기준일/공표시각/확정 여부 미확인","false","true","2025-04-22","2025-12-01","2025-04-22","2025-12-01","available-cumulative","2025-04-22","kiwoom","mock","KRX","ka10013","","ready","2026-10-06T12:19:27.672Z"
"aligned","KR","stock","005930","day","KRW","credit","2025-08-08","0","%","키움증권 · 모의","remn_rt","2025-08-08","unknown","2026-10-06T12:19:27.639Z","","","true","봉 기간의 마지막 유효 관측값","","","","partial","QA SYNTHETIC API → 격리된 메모리 PGlite → 실제 서버 서비스 · 모의 응답 · 실수급 검증 아님 · 요청 시작일까지 확보 · KRX 시장 · 공급자 기준일/공표시각/확정 여부 미확인","false","true","2025-04-22","2025-12-01","2025-04-22","2025-12-01","available-cumulative","2025-04-22","kiwoom","mock","KRX","ka10013","","ready","2026-10-06T12:19:27.672Z"
"aligned","KR","stock","005930","day","KRW","credit","2025-08-11","0.1","%","키움증권 · 모의","remn_rt","2025-08-11","unknown","2026-10-06T12:19:27.639Z","","","true","봉 기간의 마지막 유효 관측값","","","","partial","QA SYNTHETIC API → 격리된 메모리 PGlite → 실제 서버 서비스 · 모의 응답 · 실수급 검증 아님 · 요청 시작일까지 확보 · KRX 시장 · 공급자 기준일/공표시각/확정 여부 미확인","false","true","2025-04-22","2025-12-01","2025-04-22","2025-12-01","available-cumulative","2025-04-22","kiwoom","mock","KRX","ka10013","","ready","2026-10-06T12:19:27.672Z"
"aligned","KR","stock","005930","day","KRW","credit","2025-08-12","0.2","%","키움증권 · 모의","remn_rt","2025-08-12","unknown","2026-10-06T12:19:27.639Z","","","true","봉 기간의 마지막 유효 관측값","","","","partial","QA SYNTHETIC API → 격리된 메모리 PGlite → 실제 서버 서비스 · 모의 응답 · 실수급 검증 아님 · 요청 시작일까지 확보 · KRX 시장 · 공급자 기준일/공표시각/확정 여부 미확인","false","true","2025-04-22","2025-12-01","2025-04-22","2025-12-01","available-cumulative","2025-04-22","kiwoom","mock","KRX","ka10013","","ready","2026-10-06T12:19:27.672Z"
"aligned","KR","stock","005930","day","KRW","credit","2025-08-13","0.3","%","키움증권 · 모의","remn_rt","2025-08-13","unknown","2026-10-06T12:19:27.639Z","","","true","봉 기간의 마지막 유효 관측값","","","","partial","QA SYNTHETIC API → 격리된 메모리 PGlite → 실제 서버 서비스 · 모의 응답 · 실수급 검증 아님 · 요청 시작일까지 확보 · KRX 시장 · 공급자 기준일/공표시각/확정 여부 미확인","false","true","2025-04-22","2025-12-01","2025-04-22","2025-12-01","available-cumulative","2025-04-22","kiwoom","mock","KRX","ka10013","","ready","2026-10-06T12:19:27.672Z"
"aligned","KR","stock","005930","day","KRW","credit","2025-08-14","0.4","%","키움증권 · 모의","remn_rt","2025-08-14","unknown","2026-10-06T12:19:27.639Z","","","true","봉 기간의 마지막 유효 관측값","","","","partial","QA SYNTHETIC API → 격리된 메모리 PGlite → 실제 서버 서비스 · 모의 응답 · 실수급 검증 아님 · 요청 시작일까지 확보 · KRX 시장 · 공급자 기준일/공표시각/확정 여부 미확인","false","true","2025-04-22","2025-12-01","2025-04-22","2025-12-01","available-cumulative","2025-04-22","kiwoom","mock","KRX","ka10013","","ready","2026-10-06T12:19:27.672Z"
"aligned","KR","stock","005930","day","KRW","credit","2025-08-15","0.5","%","키움증권 · 모의","remn_rt","2025-08-15","unknown","2026-10-06T12:19:27.639Z","","","true","봉 기간의 마지막 유효 관측값","","","","partial","QA SYNTHETIC API → 격리된 메모리 PGlite → 실제 서버 서비스 · 모의 응답 · 실수급 검증 아님 · 요청 시작일까지 확보 · KRX 시장 · 공급자 기준일/공표시각/확정 여부 미확인","false","true","2025-04-22","2025-12-01","2025-04-22","2025-12-01","available-cumulative","2025-04-22","kiwoom","mock","KRX","ka10013","","ready","2026-10-06T12:19:27.672Z"
"aligned","KR","stock","005930","day","KRW","credit","2025-08-18","0.6","%","키움증권 · 모의","remn_rt","2025-08-18","unknown","2026-10-06T12:19:27.639Z","","","true","봉 기간의 마지막 유효 관측값","","","","partial","QA SYNTHETIC API → 격리된 메모리 PGlite → 실제 서버 서비스 · 모의 응답 · 실수급 검증 아님 · 요청 시작일까지 확보 · KRX 시장 · 공급자 기준일/공표시각/확정 여부 미확인","false","true","2025-04-22","2025-12-01","2025-04-22","2025-12-01","available-cumulative","2025-04-22","kiwoom","mock","KRX","ka10013","","ready","2026-10-06T12:19:27.672Z"
"aligned","KR","stock","005930","day","KRW","credit","2025-08-19","0.7","%","키움증권 · 모의","remn_rt","2025-08-19","unknown","2026-10-06T12:19:27.639Z","","","true","봉 기간의 마지막 유효 관측값","","","","partial","QA SYNTHETIC API → 격리된 메모리 PGlite → 실제 서버 서비스 · 모의 응답 · 실수급 검증 아님 · 요청 시작일까지 확보 · KRX 시장 · 공급자 기준일/공표시각/확정 여부 미확인","false","true","2025-04-22","2025-12-01","2025-04-22","2025-12-01","available-cumulative","2025-04-22","kiwoom","mock","KRX","ka10013","","ready","2026-10-06T12:19:27.672Z"
"aligned","KR","stock","005930","day","KRW","credit","2025-08-20","0.8","%","키움증권 · 모의","remn_rt","2025-08-20","unknown","2026-10-06T12:19:27.639Z","","","true","봉 기간의 마지막 유효 관측값","","","","partial","QA SYNTHETIC API → 격리된 메모리 PGlite → 실제 서버 서비스 · 모의 응답 · 실수급 검증 아님 · 요청 시작일까지 확보 · KRX 시장 · 공급자 기준일/공표시각/확정 여부 미확인","false","true","2025-04-22","2025-12-01","2025-04-22","2025-12-01","available-cumulative","2025-04-22","kiwoom","mock","KRX","ka10013","","ready","2026-10-06T12:19:27.672Z"
"aligned","KR","stock","005930","day","KRW","credit","2025-08-21","0.9","%","키움증권 · 모의","remn_rt","2025-08-21","unknown","2026-10-06T12:19:27.639Z","","","true","봉 기간의 마지막 유효 관측값","","","","partial","QA SYNTHETIC API → 격리된 메모리 PGlite → 실제 서버 서비스 · 모의 응답 · 실수급 검증 아님 · 요청 시작일까지 확보 · KRX 시장 · 공급자 기준일/공표시각/확정 여부 미확인","false","true","2025-04-22","2025-12-01","2025-04-22","2025-12-01","available-cumulative","2025-04-22","kiwoom","mock","KRX","ka10013","","ready","2026-10-06T12:19:27.672Z"
"aligned","KR","stock","005930","day","KRW","credit","2025-08-22","1","%","키움증권 · 모의","remn_rt","2025-08-22","unknown","2026-10-06T12:19:27.639Z","","","true","봉 기간의 마지막 유효 관측값","","","","partial","QA SYNTHETIC API → 격리된 메모리 PGlite → 실제 서버 서비스 · 모의 응답 · 실수급 검증 아님 · 요청 시작일까지 확보 · KRX 시장 · 공급자 기준일/공표시각/확정 여부 미확인","false","true","2025-04-22","2025-12-01","2025-04-22","2025-12-01","available-cumulative","2025-04-22","kiwoom","mock","KRX","ka10013","","ready","2026-10-06T12:19:27.672Z"
"aligned","KR","stock","005930","day","KRW","credit","2025-08-25","0","%","키움증권 · 모의","remn_rt","2025-08-25","unknown","2026-10-06T12:19:27.639Z","","","true","봉 기간의 마지막 유효 관측값","","","","partial","QA SYNTHETIC API → 격리된 메모리 PGlite → 실제 서버 서비스 · 모의 응답 · 실수급 검증 아님 · 요청 시작일까지 확보 · KRX 시장 · 공급자 기준일/공표시각/확정 여부 미확인","false","true","2025-04-22","2025-12-01","2025-04-22","2025-12-01","available-cumulative","2025-04-22","kiwoom","mock","KRX","ka10013","","ready","2026-10-06T12:19:27.672Z"
"aligned","KR","stock","005930","day","KRW","credit","2025-08-26","0.1","%","키움증권 · 모의","remn_rt","2025-08-26","unknown","2026-10-06T12:19:27.639Z","","","true","봉 기간의 마지막 유효 관측값","","","","partial","QA SYNTHETIC API → 격리된 메모리 PGlite → 실제 서버 서비스 · 모의 응답 · 실수급 검증 아님 · 요청 시작일까지 확보 · KRX 시장 · 공급자 기준일/공표시각/확정 여부 미확인","false","true","2025-04-22","2025-12-01","2025-04-22","2025-12-01","available-cumulative","2025-04-22","kiwoom","mock","KRX","ka10013","","ready","2026-10-06T12:19:27.672Z"
"aligned","KR","stock","005930","day","KRW","credit","2025-08-27","0.2","%","키움증권 · 모의","remn_rt","2025-08-27","unknown","2026-10-06T12:19:27.639Z","","","true","봉 기간의 마지막 유효 관측값","","","","partial","QA SYNTHETIC API → 격리된 메모리 PGlite → 실제 서버 서비스 · 모의 응답 · 실수급 검증 아님 · 요청 시작일까지 확보 · KRX 시장 · 공급자 기준일/공표시각/확정 여부 미확인","false","true","2025-04-22","2025-12-01","2025-04-22","2025-12-01","available-cumulative","2025-04-22","kiwoom","mock","KRX","ka10013","","ready","2026-10-06T12:19:27.672Z"
"aligned","KR","stock","005930","day","KRW","credit","2025-08-28","0.3","%","키움증권 · 모의","remn_rt","2025-08-28","unknown","2026-10-06T12:19:27.639Z","","","true","봉 기간의 마지막 유효 관측값","","","","partial","QA SYNTHETIC API → 격리된 메모리 PGlite → 실제 서버 서비스 · 모의 응답 · 실수급 검증 아님 · 요청 시작일까지 확보 · KRX 시장 · 공급자 기준일/공표시각/확정 여부 미확인","false","true","2025-04-22","2025-12-01","2025-04-22","2025-12-01","available-cumulative","2025-04-22","kiwoom","mock","KRX","ka10013","","ready","2026-10-06T12:19:27.672Z"
"aligned","KR","stock","005930","day","KRW","credit","2025-08-29","0.4","%","키움증권 · 모의","remn_rt","2025-08-29","unknown","2026-10-06T12:19:27.639Z","","","true","봉 기간의 마지막 유효 관측값","","","","partial","QA SYNTHETIC API → 격리된 메모리 PGlite → 실제 서버 서비스 · 모의 응답 · 실수급 검증 아님 · 요청 시작일까지 확보 · KRX 시장 · 공급자 기준일/공표시각/확정 여부 미확인","false","true","2025-04-22","2025-12-01","2025-04-22","2025-12-01","available-cumulative","2025-04-22","kiwoom","mock","KRX","ka10013","","ready","2026-10-06T12:19:27.672Z"
"aligned","KR","stock","005930","day","KRW","credit","2025-09-01","0.5","%","키움증권 · 모의","remn_rt","2025-09-01","unknown","2026-10-06T12:19:27.639Z","","","true","봉 기간의 마지막 유효 관측값","","","","partial","QA SYNTHETIC API → 격리된 메모리 PGlite → 실제 서버 서비스 · 모의 응답 · 실수급 검증 아님 · 요청 시작일까지 확보 · KRX 시장 · 공급자 기준일/공표시각/확정 여부 미확인","false","true","2025-04-22","2025-12-01","2025-04-22","2025-12-01","available-cumulative","2025-04-22","kiwoom","mock","KRX","ka10013","","ready","2026-10-06T12:19:27.672Z"
"aligned","KR","stock","005930","day","KRW","credit","2025-09-02","0.6","%","키움증권 · 모의","remn_rt","2025-09-02","unknown","2026-10-06T12:19:27.639Z","","","true","봉 기간의 마지막 유효 관측값","","","","partial","QA SYNTHETIC API → 격리된 메모리 PGlite → 실제 서버 서비스 · 모의 응답 · 실수급 검증 아님 · 요청 시작일까지 확보 · KRX 시장 · 공급자 기준일/공표시각/확정 여부 미확인","false","true","2025-04-22","2025-12-01","2025-04-22","2025-12-01","available-cumulative","2025-04-22","kiwoom","mock","KRX","ka10013","","ready","2026-10-06T12:19:27.672Z"
"aligned","KR","stock","005930","day","KRW","credit","2025-09-03","0.7","%","키움증권 · 모의","remn_rt","2025-09-03","unknown","2026-10-06T12:19:27.639Z","","","true","봉 기간의 마지막 유효 관측값","","","","partial","QA SYNTHETIC API → 격리된 메모리 PGlite → 실제 서버 서비스 · 모의 응답 · 실수급 검증 아님 · 요청 시작일까지 확보 · KRX 시장 · 공급자 기준일/공표시각/확정 여부 미확인","false","true","2025-04-22","2025-12-01","2025-04-22","2025-12-01","available-cumulative","2025-04-22","kiwoom","mock","KRX","ka10013","","ready","2026-10-06T12:19:27.672Z"
"aligned","KR","stock","005930","day","KRW","credit","2025-09-04","0.8","%","키움증권 · 모의","remn_rt","2025-09-04","unknown","2026-10-06T12:19:27.639Z","","","true","봉 기간의 마지막 유효 관측값","","","","partial","QA SYNTHETIC API → 격리된 메모리 PGlite → 실제 서버 서비스 · 모의 응답 · 실수급 검증 아님 · 요청 시작일까지 확보 · KRX 시장 · 공급자 기준일/공표시각/확정 여부 미확인","false","true","2025-04-22","2025-12-01","2025-04-22","2025-12-01","available-cumulative","2025-04-22","kiwoom","mock","KRX","ka10013","","ready","2026-10-06T12:19:27.672Z"
"aligned","KR","stock","005930","day","KRW","credit","2025-09-05","0.9","%","키움증권 · 모의","remn_rt","2025-09-05","unknown","2026-10-06T12:19:27.639Z","","","true","봉 기간의 마지막 유효 관측값","","","","partial","QA SYNTHETIC API → 격리된 메모리 PGlite → 실제 서버 서비스 · 모의 응답 · 실수급 검증 아님 · 요청 시작일까지 확보 · KRX 시장 · 공급자 기준일/공표시각/확정 여부 미확인","false","true","2025-04-22","2025-12-01","2025-04-22","2025-12-01","available-cumulative","2025-04-22","kiwoom","mock","KRX","ka10013","","ready","2026-10-06T12:19:27.672Z"
"aligned","KR","stock","005930","day","KRW","credit","2025-09-08","1","%","키움증권 · 모의","remn_rt","2025-09-08","unknown","2026-10-06T12:19:27.639Z","","","true","봉 기간의 마지막 유효 관측값","","","","partial","QA SYNTHETIC API → 격리된 메모리 PGlite → 실제 서버 서비스 · 모의 응답 · 실수급 검증 아님 · 요청 시작일까지 확보 · KRX 시장 · 공급자 기준일/공표시각/확정 여부 미확인","false","true","2025-04-22","2025-12-01","2025-04-22","2025-12-01","available-cumulative","2025-04-22","kiwoom","mock","KRX","ka10013","","ready","2026-10-06T12:19:27.672Z"
"aligned","KR","stock","005930","day","KRW","credit","2025-09-09","0","%","키움증권 · 모의","remn_rt","2025-09-09","unknown","2026-10-06T12:19:27.639Z","","","true","봉 기간의 마지막 유효 관측값","","","","partial","QA SYNTHETIC API → 격리된 메모리 PGlite → 실제 서버 서비스 · 모의 응답 · 실수급 검증 아님 · 요청 시작일까지 확보 · KRX 시장 · 공급자 기준일/공표시각/확정 여부 미확인","false","true","2025-04-22","2025-12-01","2025-04-22","2025-12-01","available-cumulative","2025-04-22","kiwoom","mock","KRX","ka10013","","ready","2026-10-06T12:19:27.672Z"
"aligned","KR","stock","005930","day","KRW","credit","2025-09-10","0.1","%","키움증권 · 모의","remn_rt","2025-09-10","unknown","2026-10-06T12:19:27.639Z","","","true","봉 기간의 마지막 유효 관측값","","","","partial","QA SYNTHETIC API → 격리된 메모리 PGlite → 실제 서버 서비스 · 모의 응답 · 실수급 검증 아님 · 요청 시작일까지 확보 · KRX 시장 · 공급자 기준일/공표시각/확정 여부 미확인","false","true","2025-04-22","2025-12-01","2025-04-22","2025-12-01","available-cumulative","2025-04-22","kiwoom","mock","KRX","ka10013","","ready","2026-10-06T12:19:27.672Z"
"aligned","KR","stock","005930","day","KRW","credit","2025-09-11","0.2","%","키움증권 · 모의","remn_rt","2025-09-11","unknown","2026-10-06T12:19:27.639Z","","","true","봉 기간의 마지막 유효 관측값","","","","partial","QA SYNTHETIC API → 격리된 메모리 PGlite → 실제 서버 서비스 · 모의 응답 · 실수급 검증 아님 · 요청 시작일까지 확보 · KRX 시장 · 공급자 기준일/공표시각/확정 여부 미확인","false","true","2025-04-22","2025-12-01","2025-04-22","2025-12-01","available-cumulative","2025-04-22","kiwoom","mock","KRX","ka10013","","ready","2026-10-06T12:19:27.672Z"
"aligned","KR","stock","005930","day","KRW","credit","2025-09-12","0.3","%","키움증권 · 모의","remn_rt","2025-09-12","unknown","2026-10-06T12:19:27.639Z","","","true","봉 기간의 마지막 유효 관측값","","","","partial","QA SYNTHETIC API → 격리된 메모리 PGlite → 실제 서버 서비스 · 모의 응답 · 실수급 검증 아님 · 요청 시작일까지 확보 · KRX 시장 · 공급자 기준일/공표시각/확정 여부 미확인","false","true","2025-04-22","2025-12-01","2025-04-22","2025-12-01","available-cumulative","2025-04-22","kiwoom","mock","KRX","ka10013","","ready","2026-10-06T12:19:27.672Z"
"aligned","KR","stock","005930","day","KRW","credit","2025-09-15","0.4","%","키움증권 · 모의","remn_rt","2025-09-15","unknown","2026-10-06T12:19:27.639Z","","","true","봉 기간의 마지막 유효 관측값","","","","partial","QA SYNTHETIC API → 격리된 메모리 PGlite → 실제 서버 서비스 · 모의 응답 · 실수급 검증 아님 · 요청 시작일까지 확보 · KRX 시장 · 공급자 기준일/공표시각/확정 여부 미확인","false","true","2025-04-22","2025-12-01","2025-04-22","2025-12-01","available-cumulative","2025-04-22","kiwoom","mock","KRX","ka10013","","ready","2026-10-06T12:19:27.672Z"
"aligned","KR","stock","005930","day","KRW","credit","2025-09-16","0.5","%","키움증권 · 모의","remn_rt","2025-09-16","unknown","2026-10-06T12:19:27.639Z","","","true","봉 기간의 마지막 유효 관측값","","","","partial","QA SYNTHETIC API → 격리된 메모리 PGlite → 실제 서버 서비스 · 모의 응답 · 실수급 검증 아님 · 요청 시작일까지 확보 · KRX 시장 · 공급자 기준일/공표시각/확정 여부 미확인","false","true","2025-04-22","2025-12-01","2025-04-22","2025-12-01","available-cumulative","2025-04-22","kiwoom","mock","KRX","ka10013","","ready","2026-10-06T12:19:27.672Z"
"aligned","KR","stock","005930","day","KRW","credit","2025-09-17","0.6","%","키움증권 · 모의","remn_rt","2025-09-17","unknown","2026-10-06T12:19:27.639Z","","","true","봉 기간의 마지막 유효 관측값","","","","partial","QA SYNTHETIC API → 격리된 메모리 PGlite → 실제 서버 서비스 · 모의 응답 · 실수급 검증 아님 · 요청 시작일까지 확보 · KRX 시장 · 공급자 기준일/공표시각/확정 여부 미확인","false","true","2025-04-22","2025-12-01","2025-04-22","2025-12-01","available-cumulative","2025-04-22","kiwoom","mock","KRX","ka10013","","ready","2026-10-06T12:19:27.672Z"
"aligned","KR","stock","005930","day","KRW","credit","2025-09-18","0.7","%","키움증권 · 모의","remn_rt","2025-09-18","unknown","2026-10-06T12:19:27.639Z","","","true","봉 기간의 마지막 유효 관측값","","","","partial","QA SYNTHETIC API → 격리된 메모리 PGlite → 실제 서버 서비스 · 모의 응답 · 실수급 검증 아님 · 요청 시작일까지 확보 · KRX 시장 · 공급자 기준일/공표시각/확정 여부 미확인","false","true","2025-04-22","2025-12-01","2025-04-22","2025-12-01","available-cumulative","2025-04-22","kiwoom","mock","KRX","ka10013","","ready","2026-10-06T12:19:27.672Z"
"aligned","KR","stock","005930","day","KRW","credit","2025-09-19","0.8","%","키움증권 · 모의","remn_rt","2025-09-19","unknown","2026-10-06T12:19:27.639Z","","","true","봉 기간의 마지막 유효 관측값","","","","partial","QA SYNTHETIC API → 격리된 메모리 PGlite → 실제 서버 서비스 · 모의 응답 · 실수급 검증 아님 · 요청 시작일까지 확보 · KRX 시장 · 공급자 기준일/공표시각/확정 여부 미확인","false","true","2025-04-22","2025-12-01","2025-04-22","2025-12-01","available-cumulative","2025-04-22","kiwoom","mock","KRX","ka10013","","ready","2026-10-06T12:19:27.672Z"
"aligned","KR","stock","005930","day","KRW","credit","2025-09-22","0.9","%","키움증권 · 모의","remn_rt","2025-09-22","unknown","2026-10-06T12:19:27.639Z","","","true","봉 기간의 마지막 유효 관측값","","","","partial","QA SYNTHETIC API → 격리된 메모리 PGlite → 실제 서버 서비스 · 모의 응답 · 실수급 검증 아님 · 요청 시작일까지 확보 · KRX 시장 · 공급자 기준일/공표시각/확정 여부 미확인","false","true","2025-04-22","2025-12-01","2025-04-22","2025-12-01","available-cumulative","2025-04-22","kiwoom","mock","KRX","ka10013","","ready","2026-10-06T12:19:27.672Z"
"aligned","KR","stock","005930","day","KRW","credit","2025-09-23","1","%","키움증권 · 모의","remn_rt","2025-09-23","unknown","2026-10-06T12:19:27.639Z","","","true","봉 기간의 마지막 유효 관측값","","","","partial","QA SYNTHETIC API → 격리된 메모리 PGlite → 실제 서버 서비스 · 모의 응답 · 실수급 검증 아님 · 요청 시작일까지 확보 · KRX 시장 · 공급자 기준일/공표시각/확정 여부 미확인","false","true","2025-04-22","2025-12-01","2025-04-22","2025-12-01","available-cumulative","2025-04-22","kiwoom","mock","KRX","ka10013","","ready","2026-10-06T12:19:27.672Z"
"aligned","KR","stock","005930","day","KRW","credit","2025-09-24","0","%","키움증권 · 모의","remn_rt","2025-09-24","unknown","2026-10-06T12:19:27.639Z","","","true","봉 기간의 마지막 유효 관측값","","","","partial","QA SYNTHETIC API → 격리된 메모리 PGlite → 실제 서버 서비스 · 모의 응답 · 실수급 검증 아님 · 요청 시작일까지 확보 · KRX 시장 · 공급자 기준일/공표시각/확정 여부 미확인","false","true","2025-04-22","2025-12-01","2025-04-22","2025-12-01","available-cumulative","2025-04-22","kiwoom","mock","KRX","ka10013","","ready","2026-10-06T12:19:27.672Z"
"aligned","KR","stock","005930","day","KRW","credit","2025-09-25","0.1","%","키움증권 · 모의","remn_rt","2025-09-25","unknown","2026-10-06T12:19:27.639Z","","","true","봉 기간의 마지막 유효 관측값","","","","partial","QA SYNTHETIC API → 격리된 메모리 PGlite → 실제 서버 서비스 · 모의 응답 · 실수급 검증 아님 · 요청 시작일까지 확보 · KRX 시장 · 공급자 기준일/공표시각/확정 여부 미확인","false","true","2025-04-22","2025-12-01","2025-04-22","2025-12-01","available-cumulative","2025-04-22","kiwoom","mock","KRX","ka10013","","ready","2026-10-06T12:19:27.672Z"
"aligned","KR","stock","005930","day","KRW","credit","2025-09-26","0.2","%","키움증권 · 모의","remn_rt","2025-09-26","unknown","2026-10-06T12:19:27.639Z","","","true","봉 기간의 마지막 유효 관측값","","","","partial","QA SYNTHETIC API → 격리된 메모리 PGlite → 실제 서버 서비스 · 모의 응답 · 실수급 검증 아님 · 요청 시작일까지 확보 · KRX 시장 · 공급자 기준일/공표시각/확정 여부 미확인","false","true","2025-04-22","2025-12-01","2025-04-22","2025-12-01","available-cumulative","2025-04-22","kiwoom","mock","KRX","ka10013","","ready","2026-10-06T12:19:27.672Z"
"aligned","KR","stock","005930","day","KRW","credit","2025-09-29","0.3","%","키움증권 · 모의","remn_rt","2025-09-29","unknown","2026-10-06T12:19:27.639Z","","","true","봉 기간의 마지막 유효 관측값","","","","partial","QA SYNTHETIC API → 격리된 메모리 PGlite → 실제 서버 서비스 · 모의 응답 · 실수급 검증 아님 · 요청 시작일까지 확보 · KRX 시장 · 공급자 기준일/공표시각/확정 여부 미확인","false","true","2025-04-22","2025-12-01","2025-04-22","2025-12-01","available-cumulative","2025-04-22","kiwoom","mock","KRX","ka10013","","ready","2026-10-06T12:19:27.672Z"
"aligned","KR","stock","005930","day","KRW","credit","2025-09-30","0.4","%","키움증권 · 모의","remn_rt","2025-09-30","unknown","2026-10-06T12:19:27.639Z","","","true","봉 기간의 마지막 유효 관측값","","","","partial","QA SYNTHETIC API → 격리된 메모리 PGlite → 실제 서버 서비스 · 모의 응답 · 실수급 검증 아님 · 요청 시작일까지 확보 · KRX 시장 · 공급자 기준일/공표시각/확정 여부 미확인","false","true","2025-04-22","2025-12-01","2025-04-22","2025-12-01","available-cumulative","2025-04-22","kiwoom","mock","KRX","ka10013","","ready","2026-10-06T12:19:27.672Z"
"aligned","KR","stock","005930","day","KRW","credit","2025-10-01","0.5","%","키움증권 · 모의","remn_rt","2025-10-01","unknown","2026-10-06T12:19:27.639Z","","","true","봉 기간의 마지막 유효 관측값","","","","partial","QA SYNTHETIC API → 격리된 메모리 PGlite → 실제 서버 서비스 · 모의 응답 · 실수급 검증 아님 · 요청 시작일까지 확보 · KRX 시장 · 공급자 기준일/공표시각/확정 여부 미확인","false","true","2025-04-22","2025-12-01","2025-04-22","2025-12-01","available-cumulative","2025-04-22","kiwoom","mock","KRX","ka10013","","ready","2026-10-06T12:19:27.672Z"
"aligned","KR","stock","005930","day","KRW","credit","2025-10-02","0.6","%","키움증권 · 모의","remn_rt","2025-10-02","unknown","2026-10-06T12:19:27.639Z","","","true","봉 기간의 마지막 유효 관측값","","","","partial","QA SYNTHETIC API → 격리된 메모리 PGlite → 실제 서버 서비스 · 모의 응답 · 실수급 검증 아님 · 요청 시작일까지 확보 · KRX 시장 · 공급자 기준일/공표시각/확정 여부 미확인","false","true","2025-04-22","2025-12-01","2025-04-22","2025-12-01","available-cumulative","2025-04-22","kiwoom","mock","KRX","ka10013","","ready","2026-10-06T12:19:27.672Z"
"aligned","KR","stock","005930","day","KRW","credit","2025-10-03","0.7","%","키움증권 · 모의","remn_rt","2025-10-03","unknown","2026-10-06T12:19:27.639Z","","","true","봉 기간의 마지막 유효 관측값","","","","partial","QA SYNTHETIC API → 격리된 메모리 PGlite → 실제 서버 서비스 · 모의 응답 · 실수급 검증 아님 · 요청 시작일까지 확보 · KRX 시장 · 공급자 기준일/공표시각/확정 여부 미확인","false","true","2025-04-22","2025-12-01","2025-04-22","2025-12-01","available-cumulative","2025-04-22","kiwoom","mock","KRX","ka10013","","ready","2026-10-06T12:19:27.672Z"
"aligned","KR","stock","005930","day","KRW","credit","2025-10-06","0.8","%","키움증권 · 모의","remn_rt","2025-10-06","unknown","2026-10-06T12:19:27.639Z","","","true","봉 기간의 마지막 유효 관측값","","","","partial","QA SYNTHETIC API → 격리된 메모리 PGlite → 실제 서버 서비스 · 모의 응답 · 실수급 검증 아님 · 요청 시작일까지 확보 · KRX 시장 · 공급자 기준일/공표시각/확정 여부 미확인","false","true","2025-04-22","2025-12-01","2025-04-22","2025-12-01","available-cumulative","2025-04-22","kiwoom","mock","KRX","ka10013","","ready","2026-10-06T12:19:27.672Z"
"aligned","KR","stock","005930","day","KRW","credit","2025-10-07","0.9","%","키움증권 · 모의","remn_rt","2025-10-07","unknown","2026-10-06T12:19:27.639Z","","","true","봉 기간의 마지막 유효 관측값","","","","partial","QA SYNTHETIC API → 격리된 메모리 PGlite → 실제 서버 서비스 · 모의 응답 · 실수급 검증 아님 · 요청 시작일까지 확보 · KRX 시장 · 공급자 기준일/공표시각/확정 여부 미확인","false","true","2025-04-22","2025-12-01","2025-04-22","2025-12-01","available-cumulative","2025-04-22","kiwoom","mock","KRX","ka10013","","ready","2026-10-06T12:19:27.672Z"
"aligned","KR","stock","005930","day","KRW","credit","2025-10-08","1","%","키움증권 · 모의","remn_rt","2025-10-08","unknown","2026-10-06T12:19:27.639Z","","","true","봉 기간의 마지막 유효 관측값","","","","partial","QA SYNTHETIC API → 격리된 메모리 PGlite → 실제 서버 서비스 · 모의 응답 · 실수급 검증 아님 · 요청 시작일까지 확보 · KRX 시장 · 공급자 기준일/공표시각/확정 여부 미확인","false","true","2025-04-22","2025-12-01","2025-04-22","2025-12-01","available-cumulative","2025-04-22","kiwoom","mock","KRX","ka10013","","ready","2026-10-06T12:19:27.672Z"
"aligned","KR","stock","005930","day","KRW","credit","2025-10-09","0","%","키움증권 · 모의","remn_rt","2025-10-09","unknown","2026-10-06T12:19:27.639Z","","","true","봉 기간의 마지막 유효 관측값","","","","partial","QA SYNTHETIC API → 격리된 메모리 PGlite → 실제 서버 서비스 · 모의 응답 · 실수급 검증 아님 · 요청 시작일까지 확보 · KRX 시장 · 공급자 기준일/공표시각/확정 여부 미확인","false","true","2025-04-22","2025-12-01","2025-04-22","2025-12-01","available-cumulative","2025-04-22","kiwoom","mock","KRX","ka10013","","ready","2026-10-06T12:19:27.672Z"
"aligned","KR","stock","005930","day","KRW","credit","2025-10-10","0.1","%","키움증권 · 모의","remn_rt","2025-10-10","unknown","2026-10-06T12:19:27.639Z","","","true","봉 기간의 마지막 유효 관측값","","","","partial","QA SYNTHETIC API → 격리된 메모리 PGlite → 실제 서버 서비스 · 모의 응답 · 실수급 검증 아님 · 요청 시작일까지 확보 · KRX 시장 · 공급자 기준일/공표시각/확정 여부 미확인","false","true","2025-04-22","2025-12-01","2025-04-22","2025-12-01","available-cumulative","2025-04-22","kiwoom","mock","KRX","ka10013","","ready","2026-10-06T12:19:27.672Z"
"aligned","KR","stock","005930","day","KRW","credit","2025-10-13","0.2","%","키움증권 · 모의","remn_rt","2025-10-13","unknown","2026-10-06T12:19:27.639Z","","","true","봉 기간의 마지막 유효 관측값","","","","partial","QA SYNTHETIC API → 격리된 메모리 PGlite → 실제 서버 서비스 · 모의 응답 · 실수급 검증 아님 · 요청 시작일까지 확보 · KRX 시장 · 공급자 기준일/공표시각/확정 여부 미확인","false","true","2025-04-22","2025-12-01","2025-04-22","2025-12-01","available-cumulative","2025-04-22","kiwoom","mock","KRX","ka10013","","ready","2026-10-06T12:19:27.672Z"
"aligned","KR","stock","005930","day","KRW","credit","2025-10-14","0.3","%","키움증권 · 모의","remn_rt","2025-10-14","unknown","2026-10-06T12:19:27.639Z","","","true","봉 기간의 마지막 유효 관측값","","","","partial","QA SYNTHETIC API → 격리된 메모리 PGlite → 실제 서버 서비스 · 모의 응답 · 실수급 검증 아님 · 요청 시작일까지 확보 · KRX 시장 · 공급자 기준일/공표시각/확정 여부 미확인","false","true","2025-04-22","2025-12-01","2025-04-22","2025-12-01","available-cumulative","2025-04-22","kiwoom","mock","KRX","ka10013","","ready","2026-10-06T12:19:27.672Z"
"aligned","KR","stock","005930","day","KRW","credit","2025-10-15","0.4","%","키움증권 · 모의","remn_rt","2025-10-15","unknown","2026-10-06T12:19:27.639Z","","","true","봉 기간의 마지막 유효 관측값","","","","partial","QA SYNTHETIC API → 격리된 메모리 PGlite → 실제 서버 서비스 · 모의 응답 · 실수급 검증 아님 · 요청 시작일까지 확보 · KRX 시장 · 공급자 기준일/공표시각/확정 여부 미확인","false","true","2025-04-22","2025-12-01","2025-04-22","2025-12-01","available-cumulative","2025-04-22","kiwoom","mock","KRX","ka10013","","ready","2026-10-06T12:19:27.672Z"
"aligned","KR","stock","005930","day","KRW","credit","2025-10-16","0.5","%","키움증권 · 모의","remn_rt","2025-10-16","unknown","2026-10-06T12:19:27.639Z","","","true","봉 기간의 마지막 유효 관측값","","","","partial","QA SYNTHETIC API → 격리된 메모리 PGlite → 실제 서버 서비스 · 모의 응답 · 실수급 검증 아님 · 요청 시작일까지 확보 · KRX 시장 · 공급자 기준일/공표시각/확정 여부 미확인","false","true","2025-04-22","2025-12-01","2025-04-22","2025-12-01","available-cumulative","2025-04-22","kiwoom","mock","KRX","ka10013","","ready","2026-10-06T12:19:27.672Z"
"aligned","KR","stock","005930","day","KRW","credit","2025-10-17","0.6","%","키움증권 · 모의","remn_rt","2025-10-17","unknown","2026-10-06T12:19:27.639Z","","","true","봉 기간의 마지막 유효 관측값","","","","partial","QA SYNTHETIC API → 격리된 메모리 PGlite → 실제 서버 서비스 · 모의 응답 · 실수급 검증 아님 · 요청 시작일까지 확보 · KRX 시장 · 공급자 기준일/공표시각/확정 여부 미확인","false","true","2025-04-22","2025-12-01","2025-04-22","2025-12-01","available-cumulative","2025-04-22","kiwoom","mock","KRX","ka10013","","ready","2026-10-06T12:19:27.672Z"
"aligned","KR","stock","005930","day","KRW","credit","2025-10-20","0.7","%","키움증권 · 모의","remn_rt","2025-10-20","unknown","2026-10-06T12:19:27.639Z","","","true","봉 기간의 마지막 유효 관측값","","","","partial","QA SYNTHETIC API → 격리된 메모리 PGlite → 실제 서버 서비스 · 모의 응답 · 실수급 검증 아님 · 요청 시작일까지 확보 · KRX 시장 · 공급자 기준일/공표시각/확정 여부 미확인","false","true","2025-04-22","2025-12-01","2025-04-22","2025-12-01","available-cumulative","2025-04-22","kiwoom","mock","KRX","ka10013","","ready","2026-10-06T12:19:27.672Z"
"aligned","KR","stock","005930","day","KRW","credit","2025-10-21","0.8","%","키움증권 · 모의","remn_rt","2025-10-21","unknown","2026-10-06T12:19:27.639Z","","","true","봉 기간의 마지막 유효 관측값","","","","partial","QA SYNTHETIC API → 격리된 메모리 PGlite → 실제 서버 서비스 · 모의 응답 · 실수급 검증 아님 · 요청 시작일까지 확보 · KRX 시장 · 공급자 기준일/공표시각/확정 여부 미확인","false","true","2025-04-22","2025-12-01","2025-04-22","2025-12-01","available-cumulative","2025-04-22","kiwoom","mock","KRX","ka10013","","ready","2026-10-06T12:19:27.672Z"
"aligned","KR","stock","005930","day","KRW","credit","2025-10-22","0.9","%","키움증권 · 모의","remn_rt","2025-10-22","unknown","2026-10-06T12:19:27.639Z","","","true","봉 기간의 마지막 유효 관측값","","","","partial","QA SYNTHETIC API → 격리된 메모리 PGlite → 실제 서버 서비스 · 모의 응답 · 실수급 검증 아님 · 요청 시작일까지 확보 · KRX 시장 · 공급자 기준일/공표시각/확정 여부 미확인","false","true","2025-04-22","2025-12-01","2025-04-22","2025-12-01","available-cumulative","2025-04-22","kiwoom","mock","KRX","ka10013","","ready","2026-10-06T12:19:27.672Z"
"aligned","KR","stock","005930","day","KRW","credit","2025-10-23","1","%","키움증권 · 모의","remn_rt","2025-10-23","unknown","2026-10-06T12:19:27.639Z","","","true","봉 기간의 마지막 유효 관측값","","","","partial","QA SYNTHETIC API → 격리된 메모리 PGlite → 실제 서버 서비스 · 모의 응답 · 실수급 검증 아님 · 요청 시작일까지 확보 · KRX 시장 · 공급자 기준일/공표시각/확정 여부 미확인","false","true","2025-04-22","2025-12-01","2025-04-22","2025-12-01","available-cumulative","2025-04-22","kiwoom","mock","KRX","ka10013","","ready","2026-10-06T12:19:27.672Z"
"aligned","KR","stock","005930","day","KRW","credit","2025-10-24","0","%","키움증권 · 모의","remn_rt","2025-10-24","unknown","2026-10-06T12:19:27.639Z","","","true","봉 기간의 마지막 유효 관측값","","","","partial","QA SYNTHETIC API → 격리된 메모리 PGlite → 실제 서버 서비스 · 모의 응답 · 실수급 검증 아님 · 요청 시작일까지 확보 · KRX 시장 · 공급자 기준일/공표시각/확정 여부 미확인","false","true","2025-04-22","2025-12-01","2025-04-22","2025-12-01","available-cumulative","2025-04-22","kiwoom","mock","KRX","ka10013","","ready","2026-10-06T12:19:27.672Z"
"aligned","KR","stock","005930","day","KRW","credit","2025-10-27","0.1","%","키움증권 · 모의","remn_rt","2025-10-27","unknown","2026-10-06T12:19:27.639Z","","","true","봉 기간의 마지막 유효 관측값","","","","partial","QA SYNTHETIC API → 격리된 메모리 PGlite → 실제 서버 서비스 · 모의 응답 · 실수급 검증 아님 · 요청 시작일까지 확보 · KRX 시장 · 공급자 기준일/공표시각/확정 여부 미확인","false","true","2025-04-22","2025-12-01","2025-04-22","2025-12-01","available-cumulative","2025-04-22","kiwoom","mock","KRX","ka10013","","ready","2026-10-06T12:19:27.672Z"
"aligned","KR","stock","005930","day","KRW","credit","2025-10-28","0.2","%","키움증권 · 모의","remn_rt","2025-10-28","unknown","2026-10-06T12:19:27.639Z","","","true","봉 기간의 마지막 유효 관측값","","","","partial","QA SYNTHETIC API → 격리된 메모리 PGlite → 실제 서버 서비스 · 모의 응답 · 실수급 검증 아님 · 요청 시작일까지 확보 · KRX 시장 · 공급자 기준일/공표시각/확정 여부 미확인","false","true","2025-04-22","2025-12-01","2025-04-22","2025-12-01","available-cumulative","2025-04-22","kiwoom","mock","KRX","ka10013","","ready","2026-10-06T12:19:27.672Z"
"aligned","KR","stock","005930","day","KRW","credit","2025-10-29","0.3","%","키움증권 · 모의","remn_rt","2025-10-29","unknown","2026-10-06T12:19:27.639Z","","","true","봉 기간의 마지막 유효 관측값","","","","partial","QA SYNTHETIC API → 격리된 메모리 PGlite → 실제 서버 서비스 · 모의 응답 · 실수급 검증 아님 · 요청 시작일까지 확보 · KRX 시장 · 공급자 기준일/공표시각/확정 여부 미확인","false","true","2025-04-22","2025-12-01","2025-04-22","2025-12-01","available-cumulative","2025-04-22","kiwoom","mock","KRX","ka10013","","ready","2026-10-06T12:19:27.672Z"
"aligned","KR","stock","005930","day","KRW","credit","2025-10-30","0.4","%","키움증권 · 모의","remn_rt","2025-10-30","unknown","2026-10-06T12:19:27.639Z","","","true","봉 기간의 마지막 유효 관측값","","","","partial","QA SYNTHETIC API → 격리된 메모리 PGlite → 실제 서버 서비스 · 모의 응답 · 실수급 검증 아님 · 요청 시작일까지 확보 · KRX 시장 · 공급자 기준일/공표시각/확정 여부 미확인","false","true","2025-04-22","2025-12-01","2025-04-22","2025-12-01","available-cumulative","2025-04-22","kiwoom","mock","KRX","ka10013","","ready","2026-10-06T12:19:27.672Z"
"aligned","KR","stock","005930","day","KRW","credit","2025-10-31","0.5","%","키움증권 · 모의","remn_rt","2025-10-31","unknown","2026-10-06T12:19:27.639Z","","","true","봉 기간의 마지막 유효 관측값","","","","partial","QA SYNTHETIC API → 격리된 메모리 PGlite → 실제 서버 서비스 · 모의 응답 · 실수급 검증 아님 · 요청 시작일까지 확보 · KRX 시장 · 공급자 기준일/공표시각/확정 여부 미확인","false","true","2025-04-22","2025-12-01","2025-04-22","2025-12-01","available-cumulative","2025-04-22","kiwoom","mock","KRX","ka10013","","ready","2026-10-06T12:19:27.672Z"
"aligned","KR","stock","005930","day","KRW","credit","2025-11-03","0.6","%","키움증권 · 모의","remn_rt","2025-11-03","unknown","2026-10-06T12:19:27.639Z","","","true","봉 기간의 마지막 유효 관측값","","","","partial","QA SYNTHETIC API → 격리된 메모리 PGlite → 실제 서버 서비스 · 모의 응답 · 실수급 검증 아님 · 요청 시작일까지 확보 · KRX 시장 · 공급자 기준일/공표시각/확정 여부 미확인","false","true","2025-04-22","2025-12-01","2025-04-22","2025-12-01","available-cumulative","2025-04-22","kiwoom","mock","KRX","ka10013","","ready","2026-10-06T12:19:27.672Z"
"aligned","KR","stock","005930","day","KRW","credit","2025-11-04","0.7","%","키움증권 · 모의","remn_rt","2025-11-04","unknown","2026-10-06T12:19:27.639Z","","","true","봉 기간의 마지막 유효 관측값","","","","partial","QA SYNTHETIC API → 격리된 메모리 PGlite → 실제 서버 서비스 · 모의 응답 · 실수급 검증 아님 · 요청 시작일까지 확보 · KRX 시장 · 공급자 기준일/공표시각/확정 여부 미확인","false","true","2025-04-22","2025-12-01","2025-04-22","2025-12-01","available-cumulative","2025-04-22","kiwoom","mock","KRX","ka10013","","ready","2026-10-06T12:19:27.672Z"
"aligned","KR","stock","005930","day","KRW","credit","2025-11-05","0.8","%","키움증권 · 모의","remn_rt","2025-11-05","unknown","2026-10-06T12:19:27.639Z","","","true","봉 기간의 마지막 유효 관측값","","","","partial","QA SYNTHETIC API → 격리된 메모리 PGlite → 실제 서버 서비스 · 모의 응답 · 실수급 검증 아님 · 요청 시작일까지 확보 · KRX 시장 · 공급자 기준일/공표시각/확정 여부 미확인","false","true","2025-04-22","2025-12-01","2025-04-22","2025-12-01","available-cumulative","2025-04-22","kiwoom","mock","KRX","ka10013","","ready","2026-10-06T12:19:27.672Z"
"aligned","KR","stock","005930","day","KRW","credit","2025-11-06","0.9","%","키움증권 · 모의","remn_rt","2025-11-06","unknown","2026-10-06T12:19:27.639Z","","","true","봉 기간의 마지막 유효 관측값","","","","partial","QA SYNTHETIC API → 격리된 메모리 PGlite → 실제 서버 서비스 · 모의 응답 · 실수급 검증 아님 · 요청 시작일까지 확보 · KRX 시장 · 공급자 기준일/공표시각/확정 여부 미확인","false","true","2025-04-22","2025-12-01","2025-04-22","2025-12-01","available-cumulative","2025-04-22","kiwoom","mock","KRX","ka10013","","ready","2026-10-06T12:19:27.672Z"
"aligned","KR","stock","005930","day","KRW","credit","2025-11-07","1","%","키움증권 · 모의","remn_rt","2025-11-07","unknown","2026-10-06T12:19:27.639Z","","","true","봉 기간의 마지막 유효 관측값","","","","partial","QA SYNTHETIC API → 격리된 메모리 PGlite → 실제 서버 서비스 · 모의 응답 · 실수급 검증 아님 · 요청 시작일까지 확보 · KRX 시장 · 공급자 기준일/공표시각/확정 여부 미확인","false","true","2025-04-22","2025-12-01","2025-04-22","2025-12-01","available-cumulative","2025-04-22","kiwoom","mock","KRX","ka10013","","ready","2026-10-06T12:19:27.672Z"
"aligned","KR","stock","005930","day","KRW","credit","2025-11-10","0","%","키움증권 · 모의","remn_rt","2025-11-10","unknown","2026-10-06T12:19:27.639Z","","","true","봉 기간의 마지막 유효 관측값","","","","partial","QA SYNTHETIC API → 격리된 메모리 PGlite → 실제 서버 서비스 · 모의 응답 · 실수급 검증 아님 · 요청 시작일까지 확보 · KRX 시장 · 공급자 기준일/공표시각/확정 여부 미확인","false","true","2025-04-22","2025-12-01","2025-04-22","2025-12-01","available-cumulative","2025-04-22","kiwoom","mock","KRX","ka10013","","ready","2026-10-06T12:19:27.672Z"
"aligned","KR","stock","005930","day","KRW","credit","2025-11-11","0.1","%","키움증권 · 모의","remn_rt","2025-11-11","unknown","2026-10-06T12:19:27.639Z","","","true","봉 기간의 마지막 유효 관측값","","","","partial","QA SYNTHETIC API → 격리된 메모리 PGlite → 실제 서버 서비스 · 모의 응답 · 실수급 검증 아님 · 요청 시작일까지 확보 · KRX 시장 · 공급자 기준일/공표시각/확정 여부 미확인","false","true","2025-04-22","2025-12-01","2025-04-22","2025-12-01","available-cumulative","2025-04-22","kiwoom","mock","KRX","ka10013","","ready","2026-10-06T12:19:27.672Z"
"aligned","KR","stock","005930","day","KRW","credit","2025-11-12","0.2","%","키움증권 · 모의","remn_rt","2025-11-12","unknown","2026-10-06T12:19:27.639Z","","","true","봉 기간의 마지막 유효 관측값","","","","partial","QA SYNTHETIC API → 격리된 메모리 PGlite → 실제 서버 서비스 · 모의 응답 · 실수급 검증 아님 · 요청 시작일까지 확보 · KRX 시장 · 공급자 기준일/공표시각/확정 여부 미확인","false","true","2025-04-22","2025-12-01","2025-04-22","2025-12-01","available-cumulative","2025-04-22","kiwoom","mock","KRX","ka10013","","ready","2026-10-06T12:19:27.672Z"
"aligned","KR","stock","005930","day","KRW","credit","2025-11-13","0.3","%","키움증권 · 모의","remn_rt","2025-11-13","unknown","2026-10-06T12:19:27.639Z","","","true","봉 기간의 마지막 유효 관측값","","","","partial","QA SYNTHETIC API → 격리된 메모리 PGlite → 실제 서버 서비스 · 모의 응답 · 실수급 검증 아님 · 요청 시작일까지 확보 · KRX 시장 · 공급자 기준일/공표시각/확정 여부 미확인","false","true","2025-04-22","2025-12-01","2025-04-22","2025-12-01","available-cumulative","2025-04-22","kiwoom","mock","KRX","ka10013","","ready","2026-10-06T12:19:27.672Z"
"aligned","KR","stock","005930","day","KRW","credit","2025-11-14","0.4","%","키움증권 · 모의","remn_rt","2025-11-14","unknown","2026-10-06T12:19:27.639Z","","","true","봉 기간의 마지막 유효 관측값","","","","partial","QA SYNTHETIC API → 격리된 메모리 PGlite → 실제 서버 서비스 · 모의 응답 · 실수급 검증 아님 · 요청 시작일까지 확보 · KRX 시장 · 공급자 기준일/공표시각/확정 여부 미확인","false","true","2025-04-22","2025-12-01","2025-04-22","2025-12-01","available-cumulative","2025-04-22","kiwoom","mock","KRX","ka10013","","ready","2026-10-06T12:19:27.672Z"
"aligned","KR","stock","005930","day","KRW","credit","2025-11-17","0.5","%","키움증권 · 모의","remn_rt","2025-11-17","unknown","2026-10-06T12:19:27.639Z","","","true","봉 기간의 마지막 유효 관측값","","","","partial","QA SYNTHETIC API → 격리된 메모리 PGlite → 실제 서버 서비스 · 모의 응답 · 실수급 검증 아님 · 요청 시작일까지 확보 · KRX 시장 · 공급자 기준일/공표시각/확정 여부 미확인","false","true","2025-04-22","2025-12-01","2025-04-22","2025-12-01","available-cumulative","2025-04-22","kiwoom","mock","KRX","ka10013","","ready","2026-10-06T12:19:27.672Z"
"aligned","KR","stock","005930","day","KRW","credit","2025-11-18","0.6","%","키움증권 · 모의","remn_rt","2025-11-18","unknown","2026-10-06T12:19:27.639Z","","","true","봉 기간의 마지막 유효 관측값","","","","partial","QA SYNTHETIC API → 격리된 메모리 PGlite → 실제 서버 서비스 · 모의 응답 · 실수급 검증 아님 · 요청 시작일까지 확보 · KRX 시장 · 공급자 기준일/공표시각/확정 여부 미확인","false","true","2025-04-22","2025-12-01","2025-04-22","2025-12-01","available-cumulative","2025-04-22","kiwoom","mock","KRX","ka10013","","ready","2026-10-06T12:19:27.672Z"
"aligned","KR","stock","005930","day","KRW","credit","2025-11-19","0.7","%","키움증권 · 모의","remn_rt","2025-11-19","unknown","2026-10-06T12:19:27.639Z","","","true","봉 기간의 마지막 유효 관측값","","","","partial","QA SYNTHETIC API → 격리된 메모리 PGlite → 실제 서버 서비스 · 모의 응답 · 실수급 검증 아님 · 요청 시작일까지 확보 · KRX 시장 · 공급자 기준일/공표시각/확정 여부 미확인","false","true","2025-04-22","2025-12-01","2025-04-22","2025-12-01","available-cumulative","2025-04-22","kiwoom","mock","KRX","ka10013","","ready","2026-10-06T12:19:27.672Z"
"aligned","KR","stock","005930","day","KRW","credit","2025-11-20","0.8","%","키움증권 · 모의","remn_rt","2025-11-20","unknown","2026-10-06T12:19:27.639Z","","","true","봉 기간의 마지막 유효 관측값","","","","partial","QA SYNTHETIC API → 격리된 메모리 PGlite → 실제 서버 서비스 · 모의 응답 · 실수급 검증 아님 · 요청 시작일까지 확보 · KRX 시장 · 공급자 기준일/공표시각/확정 여부 미확인","false","true","2025-04-22","2025-12-01","2025-04-22","2025-12-01","available-cumulative","2025-04-22","kiwoom","mock","KRX","ka10013","","ready","2026-10-06T12:19:27.672Z"
"aligned","KR","stock","005930","day","KRW","credit","2025-11-21","0.9","%","키움증권 · 모의","remn_rt","2025-11-21","unknown","2026-10-06T12:19:27.639Z","","","true","봉 기간의 마지막 유효 관측값","","","","partial","QA SYNTHETIC API → 격리된 메모리 PGlite → 실제 서버 서비스 · 모의 응답 · 실수급 검증 아님 · 요청 시작일까지 확보 · KRX 시장 · 공급자 기준일/공표시각/확정 여부 미확인","false","true","2025-04-22","2025-12-01","2025-04-22","2025-12-01","available-cumulative","2025-04-22","kiwoom","mock","KRX","ka10013","","ready","2026-10-06T12:19:27.672Z"
"aligned","KR","stock","005930","day","KRW","credit","2025-11-24","1","%","키움증권 · 모의","remn_rt","2025-11-24","unknown","2026-10-06T12:19:27.639Z","","","true","봉 기간의 마지막 유효 관측값","","","","partial","QA SYNTHETIC API → 격리된 메모리 PGlite → 실제 서버 서비스 · 모의 응답 · 실수급 검증 아님 · 요청 시작일까지 확보 · KRX 시장 · 공급자 기준일/공표시각/확정 여부 미확인","false","true","2025-04-22","2025-12-01","2025-04-22","2025-12-01","available-cumulative","2025-04-22","kiwoom","mock","KRX","ka10013","","ready","2026-10-06T12:19:27.672Z"
"aligned","KR","stock","005930","day","KRW","credit","2025-11-25","0","%","키움증권 · 모의","remn_rt","2025-11-25","unknown","2026-10-06T12:19:27.639Z","","","true","봉 기간의 마지막 유효 관측값","","","","partial","QA SYNTHETIC API → 격리된 메모리 PGlite → 실제 서버 서비스 · 모의 응답 · 실수급 검증 아님 · 요청 시작일까지 확보 · KRX 시장 · 공급자 기준일/공표시각/확정 여부 미확인","false","true","2025-04-22","2025-12-01","2025-04-22","2025-12-01","available-cumulative","2025-04-22","kiwoom","mock","KRX","ka10013","","ready","2026-10-06T12:19:27.672Z"
"aligned","KR","stock","005930","day","KRW","credit","2025-11-26","0.1","%","키움증권 · 모의","remn_rt","2025-11-26","unknown","2026-10-06T12:19:27.639Z","","","true","봉 기간의 마지막 유효 관측값","","","","partial","QA SYNTHETIC API → 격리된 메모리 PGlite → 실제 서버 서비스 · 모의 응답 · 실수급 검증 아님 · 요청 시작일까지 확보 · KRX 시장 · 공급자 기준일/공표시각/확정 여부 미확인","false","true","2025-04-22","2025-12-01","2025-04-22","2025-12-01","available-cumulative","2025-04-22","kiwoom","mock","KRX","ka10013","","ready","2026-10-06T12:19:27.672Z"
"aligned","KR","stock","005930","day","KRW","credit","2025-11-27","0.2","%","키움증권 · 모의","remn_rt","2025-11-27","unknown","2026-10-06T12:19:27.639Z","","","true","봉 기간의 마지막 유효 관측값","","","","partial","QA SYNTHETIC API → 격리된 메모리 PGlite → 실제 서버 서비스 · 모의 응답 · 실수급 검증 아님 · 요청 시작일까지 확보 · KRX 시장 · 공급자 기준일/공표시각/확정 여부 미확인","false","true","2025-04-22","2025-12-01","2025-04-22","2025-12-01","available-cumulative","2025-04-22","kiwoom","mock","KRX","ka10013","","ready","2026-10-06T12:19:27.672Z"
"aligned","KR","stock","005930","day","KRW","credit","2025-11-28","0.3","%","키움증권 · 모의","remn_rt","2025-11-28","unknown","2026-10-06T12:19:27.639Z","","","true","봉 기간의 마지막 유효 관측값","","","","partial","QA SYNTHETIC API → 격리된 메모리 PGlite → 실제 서버 서비스 · 모의 응답 · 실수급 검증 아님 · 요청 시작일까지 확보 · KRX 시장 · 공급자 기준일/공표시각/확정 여부 미확인","false","true","2025-04-22","2025-12-01","2025-04-22","2025-12-01","available-cumulative","2025-04-22","kiwoom","mock","KRX","ka10013","","ready","2026-10-06T12:19:27.672Z"
"aligned","KR","stock","005930","day","KRW","credit","2025-12-01","0.4","%","키움증권 · 모의","remn_rt","2025-12-01","unknown","2026-10-06T12:19:27.639Z","","","true","봉 기간의 마지막 유효 관측값","","","","partial","QA SYNTHETIC API → 격리된 메모리 PGlite → 실제 서버 서비스 · 모의 응답 · 실수급 검증 아님 · 요청 시작일까지 확보 · KRX 시장 · 공급자 기준일/공표시각/확정 여부 미확인","false","true","2025-04-22","2025-12-01","2025-04-22","2025-12-01","available-cumulative","2025-04-22","kiwoom","mock","KRX","ka10013","","ready","2026-10-06T12:19:27.672Z"
"raw","KR","stock","005930","day","KRW","foreign","2025-04-22","0.7","%","키움증권 · 모의","wght","2025-04-22","unknown","2026-10-06T12:19:27.658Z","","","false","","","","","partial","QA SYNTHETIC API → 격리된 메모리 PGlite → 실제 서버 서비스 · 모의 응답 · 실수급 검증 아님 · 요청 시작일까지 확보 · KRX 시장 · 공급자 기준일/공표시각/확정 여부 미확인","true","true","2025-04-22","2025-12-01","2025-04-22","2025-12-01","available-cumulative","2025-04-22","kiwoom","mock","KRX","ka10008","valid","ready","2026-10-06T12:19:27.676Z"
"raw","KR","stock","005930","day","KRW","foreign","2025-04-23","0.8","%","키움증권 · 모의","wght","2025-04-23","unknown","2026-10-06T12:19:27.658Z","","","false","","","","","partial","QA SYNTHETIC API → 격리된 메모리 PGlite → 실제 서버 서비스 · 모의 응답 · 실수급 검증 아님 · 요청 시작일까지 확보 · KRX 시장 · 공급자 기준일/공표시각/확정 여부 미확인","true","true","2025-04-22","2025-12-01","2025-04-22","2025-12-01","available-cumulative","2025-04-22","kiwoom","mock","KRX","ka10008","valid","ready","2026-10-06T12:19:27.676Z"
"raw","KR","stock","005930","day","KRW","foreign","2025-04-24","0.9","%","키움증권 · 모의","wght","2025-04-24","unknown","2026-10-06T12:19:27.658Z","","","false","","","","","partial","QA SYNTHETIC API → 격리된 메모리 PGlite → 실제 서버 서비스 · 모의 응답 · 실수급 검증 아님 · 요청 시작일까지 확보 · KRX 시장 · 공급자 기준일/공표시각/확정 여부 미확인","true","true","2025-04-22","2025-12-01","2025-04-22","2025-12-01","available-cumulative","2025-04-22","kiwoom","mock","KRX","ka10008","valid","ready","2026-10-06T12:19:27.676Z"
"raw","KR","stock","005930","day","KRW","foreign","2025-04-25","1","%","키움증권 · 모의","wght","2025-04-25","unknown","2026-10-06T12:19:27.658Z","","","false","","","","","partial","QA SYNTHETIC API → 격리된 메모리 PGlite → 실제 서버 서비스 · 모의 응답 · 실수급 검증 아님 · 요청 시작일까지 확보 · KRX 시장 · 공급자 기준일/공표시각/확정 여부 미확인","true","true","2025-04-22","2025-12-01","2025-04-22","2025-12-01","available-cumulative","2025-04-22","kiwoom","mock","KRX","ka10008","valid","ready","2026-10-06T12:19:27.676Z"
"raw","KR","stock","005930","day","KRW","foreign","2025-04-28","1.1","%","키움증권 · 모의","wght","2025-04-28","unknown","2026-10-06T12:19:27.658Z","","","false","","","","","partial","QA SYNTHETIC API → 격리된 메모리 PGlite → 실제 서버 서비스 · 모의 응답 · 실수급 검증 아님 · 요청 시작일까지 확보 · KRX 시장 · 공급자 기준일/공표시각/확정 여부 미확인","true","true","2025-04-22","2025-12-01","2025-04-22","2025-12-01","available-cumulative","2025-04-22","kiwoom","mock","KRX","ka10008","valid","ready","2026-10-06T12:19:27.676Z"
"raw","KR","stock","005930","day","KRW","foreign","2025-04-29","1.2","%","키움증권 · 모의","wght","2025-04-29","unknown","2026-10-06T12:19:27.658Z","","","false","","","","","partial","QA SYNTHETIC API → 격리된 메모리 PGlite → 실제 서버 서비스 · 모의 응답 · 실수급 검증 아님 · 요청 시작일까지 확보 · KRX 시장 · 공급자 기준일/공표시각/확정 여부 미확인","true","true","2025-04-22","2025-12-01","2025-04-22","2025-12-01","available-cumulative","2025-04-22","kiwoom","mock","KRX","ka10008","valid","ready","2026-10-06T12:19:27.676Z"
"raw","KR","stock","005930","day","KRW","foreign","2025-04-30","1.3","%","키움증권 · 모의","wght","2025-04-30","unknown","2026-10-06T12:19:27.658Z","","","false","","","","","partial","QA SYNTHETIC API → 격리된 메모리 PGlite → 실제 서버 서비스 · 모의 응답 · 실수급 검증 아님 · 요청 시작일까지 확보 · KRX 시장 · 공급자 기준일/공표시각/확정 여부 미확인","true","true","2025-04-22","2025-12-01","2025-04-22","2025-12-01","available-cumulative","2025-04-22","kiwoom","mock","KRX","ka10008","valid","ready","2026-10-06T12:19:27.676Z"
"raw","KR","stock","005930","day","KRW","foreign","2025-05-01","1.4","%","키움증권 · 모의","wght","2025-05-01","unknown","2026-10-06T12:19:27.658Z","","","false","","","","","partial","QA SYNTHETIC API → 격리된 메모리 PGlite → 실제 서버 서비스 · 모의 응답 · 실수급 검증 아님 · 요청 시작일까지 확보 · KRX 시장 · 공급자 기준일/공표시각/확정 여부 미확인","true","true","2025-04-22","2025-12-01","2025-04-22","2025-12-01","available-cumulative","2025-04-22","kiwoom","mock","KRX","ka10008","valid","ready","2026-10-06T12:19:27.676Z"
"raw","KR","stock","005930","day","KRW","foreign","2025-05-02","1.5","%","키움증권 · 모의","wght","2025-05-02","unknown","2026-10-06T12:19:27.658Z","","","false","","","","","partial","QA SYNTHETIC API → 격리된 메모리 PGlite → 실제 서버 서비스 · 모의 응답 · 실수급 검증 아님 · 요청 시작일까지 확보 · KRX 시장 · 공급자 기준일/공표시각/확정 여부 미확인","true","true","2025-04-22","2025-12-01","2025-04-22","2025-12-01","available-cumulative","2025-04-22","kiwoom","mock","KRX","ka10008","valid","ready","2026-10-06T12:19:27.676Z"
"raw","KR","stock","005930","day","KRW","foreign","2025-05-05","1.6","%","키움증권 · 모의","wght","2025-05-05","unknown","2026-10-06T12:19:27.658Z","","","false","","","","","partial","QA SYNTHETIC API → 격리된 메모리 PGlite → 실제 서버 서비스 · 모의 응답 · 실수급 검증 아님 · 요청 시작일까지 확보 · KRX 시장 · 공급자 기준일/공표시각/확정 여부 미확인","true","true","2025-04-22","2025-12-01","2025-04-22","2025-12-01","available-cumulative","2025-04-22","kiwoom","mock","KRX","ka10008","valid","ready","2026-10-06T12:19:27.676Z"
"raw","KR","stock","005930","day","KRW","foreign","2025-05-06","1.7","%","키움증권 · 모의","wght","2025-05-06","unknown","2026-10-06T12:19:27.658Z","","","false","","","","","partial","QA SYNTHETIC API → 격리된 메모리 PGlite → 실제 서버 서비스 · 모의 응답 · 실수급 검증 아님 · 요청 시작일까지 확보 · KRX 시장 · 공급자 기준일/공표시각/확정 여부 미확인","true","true","2025-04-22","2025-12-01","2025-04-22","2025-12-01","available-cumulative","2025-04-22","kiwoom","mock","KRX","ka10008","valid","ready","2026-10-06T12:19:27.676Z"
"raw","KR","stock","005930","day","KRW","foreign","2025-05-07","1.8","%","키움증권 · 모의","wght","2025-05-07","unknown","2026-10-06T12:19:27.658Z","","","false","","","","","partial","QA SYNTHETIC API → 격리된 메모리 PGlite → 실제 서버 서비스 · 모의 응답 · 실수급 검증 아님 · 요청 시작일까지 확보 · KRX 시장 · 공급자 기준일/공표시각/확정 여부 미확인","true","true","2025-04-22","2025-12-01","2025-04-22","2025-12-01","available-cumulative","2025-04-22","kiwoom","mock","KRX","ka10008","valid","ready","2026-10-06T12:19:27.676Z"
"raw","KR","stock","005930","day","KRW","foreign","2025-05-08","1.9","%","키움증권 · 모의","wght","2025-05-08","unknown","2026-10-06T12:19:27.658Z","","","false","","","","","partial","QA SYNTHETIC API → 격리된 메모리 PGlite → 실제 서버 서비스 · 모의 응답 · 실수급 검증 아님 · 요청 시작일까지 확보 · KRX 시장 · 공급자 기준일/공표시각/확정 여부 미확인","true","true","2025-04-22","2025-12-01","2025-04-22","2025-12-01","available-cumulative","2025-04-22","kiwoom","mock","KRX","ka10008","valid","ready","2026-10-06T12:19:27.676Z"
"raw","KR","stock","005930","day","KRW","foreign","2025-05-09","2","%","키움증권 · 모의","wght","2025-05-09","unknown","2026-10-06T12:19:27.658Z","","","false","","","","","partial","QA SYNTHETIC API → 격리된 메모리 PGlite → 실제 서버 서비스 · 모의 응답 · 실수급 검증 아님 · 요청 시작일까지 확보 · KRX 시장 · 공급자 기준일/공표시각/확정 여부 미확인","true","true","2025-04-22","2025-12-01","2025-04-22","2025-12-01","available-cumulative","2025-04-22","kiwoom","mock","KRX","ka10008","valid","ready","2026-10-06T12:19:27.676Z"
"raw","KR","stock","005930","day","KRW","foreign","2025-05-12","2.1","%","키움증권 · 모의","wght","2025-05-12","unknown","2026-10-06T12:19:27.658Z","","","false","","","","","partial","QA SYNTHETIC API → 격리된 메모리 PGlite → 실제 서버 서비스 · 모의 응답 · 실수급 검증 아님 · 요청 시작일까지 확보 · KRX 시장 · 공급자 기준일/공표시각/확정 여부 미확인","true","true","2025-04-22","2025-12-01","2025-04-22","2025-12-01","available-cumulative","2025-04-22","kiwoom","mock","KRX","ka10008","valid","ready","2026-10-06T12:19:27.676Z"
"raw","KR","stock","005930","day","KRW","foreign","2025-05-13","2.2","%","키움증권 · 모의","wght","2025-05-13","unknown","2026-10-06T12:19:27.658Z","","","false","","","","","partial","QA SYNTHETIC API → 격리된 메모리 PGlite → 실제 서버 서비스 · 모의 응답 · 실수급 검증 아님 · 요청 시작일까지 확보 · KRX 시장 · 공급자 기준일/공표시각/확정 여부 미확인","true","true","2025-04-22","2025-12-01","2025-04-22","2025-12-01","available-cumulative","2025-04-22","kiwoom","mock","KRX","ka10008","valid","ready","2026-10-06T12:19:27.676Z"
"raw","KR","stock","005930","day","KRW","foreign","2025-05-14","2.3","%","키움증권 · 모의","wght","2025-05-14","unknown","2026-10-06T12:19:27.658Z","","","false","","","","","partial","QA SYNTHETIC API → 격리된 메모리 PGlite → 실제 서버 서비스 · 모의 응답 · 실수급 검증 아님 · 요청 시작일까지 확보 · KRX 시장 · 공급자 기준일/공표시각/확정 여부 미확인","true","true","2025-04-22","2025-12-01","2025-04-22","2025-12-01","available-cumulative","2025-04-22","kiwoom","mock","KRX","ka10008","valid","ready","2026-10-06T12:19:27.676Z"
"raw","KR","stock","005930","day","KRW","foreign","2025-05-15","2.4","%","키움증권 · 모의","wght","2025-05-15","unknown","2026-10-06T12:19:27.658Z","","","false","","","","","partial","QA SYNTHETIC API → 격리된 메모리 PGlite → 실제 서버 서비스 · 모의 응답 · 실수급 검증 아님 · 요청 시작일까지 확보 · KRX 시장 · 공급자 기준일/공표시각/확정 여부 미확인","true","true","2025-04-22","2025-12-01","2025-04-22","2025-12-01","available-cumulative","2025-04-22","kiwoom","mock","KRX","ka10008","valid","ready","2026-10-06T12:19:27.676Z"
"raw","KR","stock","005930","day","KRW","foreign","2025-05-16","2.5","%","키움증권 · 모의","wght","2025-05-16","unknown","2026-10-06T12:19:27.658Z","","","false","","","","","partial","QA SYNTHETIC API → 격리된 메모리 PGlite → 실제 서버 서비스 · 모의 응답 · 실수급 검증 아님 · 요청 시작일까지 확보 · KRX 시장 · 공급자 기준일/공표시각/확정 여부 미확인","true","true","2025-04-22","2025-12-01","2025-04-22","2025-12-01","available-cumulative","2025-04-22","kiwoom","mock","KRX","ka10008","valid","ready","2026-10-06T12:19:27.676Z"
"raw","KR","stock","005930","day","KRW","foreign","2025-05-19","2.6","%","키움증권 · 모의","wght","2025-05-19","unknown","2026-10-06T12:19:27.658Z","","","false","","","","","partial","QA SYNTHETIC API → 격리된 메모리 PGlite → 실제 서버 서비스 · 모의 응답 · 실수급 검증 아님 · 요청 시작일까지 확보 · KRX 시장 · 공급자 기준일/공표시각/확정 여부 미확인","true","true","2025-04-22","2025-12-01","2025-04-22","2025-12-01","available-cumulative","2025-04-22","kiwoom","mock","KRX","ka10008","valid","ready","2026-10-06T12:19:27.676Z"
"raw","KR","stock","005930","day","KRW","foreign","2025-05-20","2.7","%","키움증권 · 모의","wght","2025-05-20","unknown","2026-10-06T12:19:27.658Z","","","false","","","","","partial","QA SYNTHETIC API → 격리된 메모리 PGlite → 실제 서버 서비스 · 모의 응답 · 실수급 검증 아님 · 요청 시작일까지 확보 · KRX 시장 · 공급자 기준일/공표시각/확정 여부 미확인","true","true","2025-04-22","2025-12-01","2025-04-22","2025-12-01","available-cumulative","2025-04-22","kiwoom","mock","KRX","ka10008","valid","ready","2026-10-06T12:19:27.676Z"
"raw","KR","stock","005930","day","KRW","foreign","2025-05-21","2.8","%","키움증권 · 모의","wght","2025-05-21","unknown","2026-10-06T12:19:27.658Z","","","false","","","","","partial","QA SYNTHETIC API → 격리된 메모리 PGlite → 실제 서버 서비스 · 모의 응답 · 실수급 검증 아님 · 요청 시작일까지 확보 · KRX 시장 · 공급자 기준일/공표시각/확정 여부 미확인","true","true","2025-04-22","2025-12-01","2025-04-22","2025-12-01","available-cumulative","2025-04-22","kiwoom","mock","KRX","ka10008","valid","ready","2026-10-06T12:19:27.676Z"
"raw","KR","stock","005930","day","KRW","foreign","2025-05-22","2.9","%","키움증권 · 모의","wght","2025-05-22","unknown","2026-10-06T12:19:27.658Z","","","false","","","","","partial","QA SYNTHETIC API → 격리된 메모리 PGlite → 실제 서버 서비스 · 모의 응답 · 실수급 검증 아님 · 요청 시작일까지 확보 · KRX 시장 · 공급자 기준일/공표시각/확정 여부 미확인","true","true","2025-04-22","2025-12-01","2025-04-22","2025-12-01","available-cumulative","2025-04-22","kiwoom","mock","KRX","ka10008","valid","ready","2026-10-06T12:19:27.676Z"
"raw","KR","stock","005930","day","KRW","foreign","2025-05-23","3","%","키움증권 · 모의","wght","2025-05-23","unknown","2026-10-06T12:19:27.658Z","","","false","","","","","partial","QA SYNTHETIC API → 격리된 메모리 PGlite → 실제 서버 서비스 · 모의 응답 · 실수급 검증 아님 · 요청 시작일까지 확보 · KRX 시장 · 공급자 기준일/공표시각/확정 여부 미확인","true","true","2025-04-22","2025-12-01","2025-04-22","2025-12-01","available-cumulative","2025-04-22","kiwoom","mock","KRX","ka10008","valid","ready","2026-10-06T12:19:27.676Z"
"raw","KR","stock","005930","day","KRW","foreign","2025-05-26","3.1","%","키움증권 · 모의","wght","2025-05-26","unknown","2026-10-06T12:19:27.658Z","","","false","","","","","partial","QA SYNTHETIC API → 격리된 메모리 PGlite → 실제 서버 서비스 · 모의 응답 · 실수급 검증 아님 · 요청 시작일까지 확보 · KRX 시장 · 공급자 기준일/공표시각/확정 여부 미확인","true","true","2025-04-22","2025-12-01","2025-04-22","2025-12-01","available-cumulative","2025-04-22","kiwoom","mock","KRX","ka10008","valid","ready","2026-10-06T12:19:27.676Z"
"raw","KR","stock","005930","day","KRW","foreign","2025-05-27","3.2","%","키움증권 · 모의","wght","2025-05-27","unknown","2026-10-06T12:19:27.658Z","","","false","","","","","partial","QA SYNTHETIC API → 격리된 메모리 PGlite → 실제 서버 서비스 · 모의 응답 · 실수급 검증 아님 · 요청 시작일까지 확보 · KRX 시장 · 공급자 기준일/공표시각/확정 여부 미확인","true","true","2025-04-22","2025-12-01","2025-04-22","2025-12-01","available-cumulative","2025-04-22","kiwoom","mock","KRX","ka10008","valid","ready","2026-10-06T12:19:27.676Z"
"raw","KR","stock","005930","day","KRW","foreign","2025-05-28","3.3","%","키움증권 · 모의","wght","2025-05-28","unknown","2026-10-06T12:19:27.658Z","","","false","","","","","partial","QA SYNTHETIC API → 격리된 메모리 PGlite → 실제 서버 서비스 · 모의 응답 · 실수급 검증 아님 · 요청 시작일까지 확보 · KRX 시장 · 공급자 기준일/공표시각/확정 여부 미확인","true","true","2025-04-22","2025-12-01","2025-04-22","2025-12-01","available-cumulative","2025-04-22","kiwoom","mock","KRX","ka10008","valid","ready","2026-10-06T12:19:27.676Z"
"raw","KR","stock","005930","day","KRW","foreign","2025-05-29","3.4","%","키움증권 · 모의","wght","2025-05-29","unknown","2026-10-06T12:19:27.658Z","","","false","","","","","partial","QA SYNTHETIC API → 격리된 메모리 PGlite → 실제 서버 서비스 · 모의 응답 · 실수급 검증 아님 · 요청 시작일까지 확보 · KRX 시장 · 공급자 기준일/공표시각/확정 여부 미확인","true","true","2025-04-22","2025-12-01","2025-04-22","2025-12-01","available-cumulative","2025-04-22","kiwoom","mock","KRX","ka10008","valid","ready","2026-10-06T12:19:27.676Z"
"raw","KR","stock","005930","day","KRW","foreign","2025-05-30","3.5","%","키움증권 · 모의","wght","2025-05-30","unknown","2026-10-06T12:19:27.658Z","","","false","","","","","partial","QA SYNTHETIC API → 격리된 메모리 PGlite → 실제 서버 서비스 · 모의 응답 · 실수급 검증 아님 · 요청 시작일까지 확보 · KRX 시장 · 공급자 기준일/공표시각/확정 여부 미확인","true","true","2025-04-22","2025-12-01","2025-04-22","2025-12-01","available-cumulative","2025-04-22","kiwoom","mock","KRX","ka10008","valid","ready","2026-10-06T12:19:27.676Z"
"raw","KR","stock","005930","day","KRW","foreign","2025-06-02","3.6","%","키움증권 · 모의","wght","2025-06-02","unknown","2026-10-06T12:19:27.658Z","","","false","","","","","partial","QA SYNTHETIC API → 격리된 메모리 PGlite → 실제 서버 서비스 · 모의 응답 · 실수급 검증 아님 · 요청 시작일까지 확보 · KRX 시장 · 공급자 기준일/공표시각/확정 여부 미확인","true","true","2025-04-22","2025-12-01","2025-04-22","2025-12-01","available-cumulative","2025-04-22","kiwoom","mock","KRX","ka10008","valid","ready","2026-10-06T12:19:27.676Z"
"raw","KR","stock","005930","day","KRW","foreign","2025-06-03","0","%","키움증권 · 모의","wght","2025-06-03","unknown","2026-10-06T12:19:27.658Z","","","false","","","","","partial","QA SYNTHETIC API → 격리된 메모리 PGlite → 실제 서버 서비스 · 모의 응답 · 실수급 검증 아님 · 요청 시작일까지 확보 · KRX 시장 · 공급자 기준일/공표시각/확정 여부 미확인","true","true","2025-04-22","2025-12-01","2025-04-22","2025-12-01","available-cumulative","2025-04-22","kiwoom","mock","KRX","ka10008","valid","ready","2026-10-06T12:19:27.676Z"
"raw","KR","stock","005930","day","KRW","foreign","2025-06-04","0.1","%","키움증권 · 모의","wght","2025-06-04","unknown","2026-10-06T12:19:27.658Z","","","false","","","","","partial","QA SYNTHETIC API → 격리된 메모리 PGlite → 실제 서버 서비스 · 모의 응답 · 실수급 검증 아님 · 요청 시작일까지 확보 · KRX 시장 · 공급자 기준일/공표시각/확정 여부 미확인","true","true","2025-04-22","2025-12-01","2025-04-22","2025-12-01","available-cumulative","2025-04-22","kiwoom","mock","KRX","ka10008","valid","ready","2026-10-06T12:19:27.676Z"
"raw","KR","stock","005930","day","KRW","foreign","2025-06-05","0.2","%","키움증권 · 모의","wght","2025-06-05","unknown","2026-10-06T12:19:27.658Z","","","false","","","","","partial","QA SYNTHETIC API → 격리된 메모리 PGlite → 실제 서버 서비스 · 모의 응답 · 실수급 검증 아님 · 요청 시작일까지 확보 · KRX 시장 · 공급자 기준일/공표시각/확정 여부 미확인","true","true","2025-04-22","2025-12-01","2025-04-22","2025-12-01","available-cumulative","2025-04-22","kiwoom","mock","KRX","ka10008","valid","ready","2026-10-06T12:19:27.676Z"
"raw","KR","stock","005930","day","KRW","foreign","2025-06-06","0.3","%","키움증권 · 모의","wght","2025-06-06","unknown","2026-10-06T12:19:27.658Z","","","false","","","","","partial","QA SYNTHETIC API → 격리된 메모리 PGlite → 실제 서버 서비스 · 모의 응답 · 실수급 검증 아님 · 요청 시작일까지 확보 · KRX 시장 · 공급자 기준일/공표시각/확정 여부 미확인","true","true","2025-04-22","2025-12-01","2025-04-22","2025-12-01","available-cumulative","2025-04-22","kiwoom","mock","KRX","ka10008","valid","ready","2026-10-06T12:19:27.676Z"
"raw","KR","stock","005930","day","KRW","foreign","2025-06-09","0.4","%","키움증권 · 모의","wght","2025-06-09","unknown","2026-10-06T12:19:27.658Z","","","false","","","","","partial","QA SYNTHETIC API → 격리된 메모리 PGlite → 실제 서버 서비스 · 모의 응답 · 실수급 검증 아님 · 요청 시작일까지 확보 · KRX 시장 · 공급자 기준일/공표시각/확정 여부 미확인","true","true","2025-04-22","2025-12-01","2025-04-22","2025-12-01","available-cumulative","2025-04-22","kiwoom","mock","KRX","ka10008","valid","ready","2026-10-06T12:19:27.676Z"
"raw","KR","stock","005930","day","KRW","foreign","2025-06-10","0.5","%","키움증권 · 모의","wght","2025-06-10","unknown","2026-10-06T12:19:27.658Z","","","false","","","","","partial","QA SYNTHETIC API → 격리된 메모리 PGlite → 실제 서버 서비스 · 모의 응답 · 실수급 검증 아님 · 요청 시작일까지 확보 · KRX 시장 · 공급자 기준일/공표시각/확정 여부 미확인","true","true","2025-04-22","2025-12-01","2025-04-22","2025-12-01","available-cumulative","2025-04-22","kiwoom","mock","KRX","ka10008","valid","ready","2026-10-06T12:19:27.676Z"
"raw","KR","stock","005930","day","KRW","foreign","2025-06-11","0.6","%","키움증권 · 모의","wght","2025-06-11","unknown","2026-10-06T12:19:27.658Z","","","false","","","","","partial","QA SYNTHETIC API → 격리된 메모리 PGlite → 실제 서버 서비스 · 모의 응답 · 실수급 검증 아님 · 요청 시작일까지 확보 · KRX 시장 · 공급자 기준일/공표시각/확정 여부 미확인","true","true","2025-04-22","2025-12-01","2025-04-22","2025-12-01","available-cumulative","2025-04-22","kiwoom","mock","KRX","ka10008","valid","ready","2026-10-06T12:19:27.676Z"
"raw","KR","stock","005930","day","KRW","foreign","2025-06-12","0.7","%","키움증권 · 모의","wght","2025-06-12","unknown","2026-10-06T12:19:27.658Z","","","false","","","","","partial","QA SYNTHETIC API → 격리된 메모리 PGlite → 실제 서버 서비스 · 모의 응답 · 실수급 검증 아님 · 요청 시작일까지 확보 · KRX 시장 · 공급자 기준일/공표시각/확정 여부 미확인","true","true","2025-04-22","2025-12-01","2025-04-22","2025-12-01","available-cumulative","2025-04-22","kiwoom","mock","KRX","ka10008","valid","ready","2026-10-06T12:19:27.676Z"
"raw","KR","stock","005930","day","KRW","foreign","2025-06-13","0.8","%","키움증권 · 모의","wght","2025-06-13","unknown","2026-10-06T12:19:27.658Z","","","false","","","","","partial","QA SYNTHETIC API → 격리된 메모리 PGlite → 실제 서버 서비스 · 모의 응답 · 실수급 검증 아님 · 요청 시작일까지 확보 · KRX 시장 · 공급자 기준일/공표시각/확정 여부 미확인","true","true","2025-04-22","2025-12-01","2025-04-22","2025-12-01","available-cumulative","2025-04-22","kiwoom","mock","KRX","ka10008","valid","ready","2026-10-06T12:19:27.676Z"
"raw","KR","stock","005930","day","KRW","foreign","2025-06-16","0.9","%","키움증권 · 모의","wght","2025-06-16","unknown","2026-10-06T12:19:27.658Z","","","false","","","","","partial","QA SYNTHETIC API → 격리된 메모리 PGlite → 실제 서버 서비스 · 모의 응답 · 실수급 검증 아님 · 요청 시작일까지 확보 · KRX 시장 · 공급자 기준일/공표시각/확정 여부 미확인","true","true","2025-04-22","2025-12-01","2025-04-22","2025-12-01","available-cumulative","2025-04-22","kiwoom","mock","KRX","ka10008","valid","ready","2026-10-06T12:19:27.676Z"
"raw","KR","stock","005930","day","KRW","foreign","2025-06-17","1","%","키움증권 · 모의","wght","2025-06-17","unknown","2026-10-06T12:19:27.658Z","","","false","","","","","partial","QA SYNTHETIC API → 격리된 메모리 PGlite → 실제 서버 서비스 · 모의 응답 · 실수급 검증 아님 · 요청 시작일까지 확보 · KRX 시장 · 공급자 기준일/공표시각/확정 여부 미확인","true","true","2025-04-22","2025-12-01","2025-04-22","2025-12-01","available-cumulative","2025-04-22","kiwoom","mock","KRX","ka10008","valid","ready","2026-10-06T12:19:27.676Z"
"raw","KR","stock","005930","day","KRW","foreign","2025-06-18","1.1","%","키움증권 · 모의","wght","2025-06-18","unknown","2026-10-06T12:19:27.658Z","","","false","","","","","partial","QA SYNTHETIC API → 격리된 메모리 PGlite → 실제 서버 서비스 · 모의 응답 · 실수급 검증 아님 · 요청 시작일까지 확보 · KRX 시장 · 공급자 기준일/공표시각/확정 여부 미확인","true","true","2025-04-22","2025-12-01","2025-04-22","2025-12-01","available-cumulative","2025-04-22","kiwoom","mock","KRX","ka10008","valid","ready","2026-10-06T12:19:27.676Z"
"raw","KR","stock","005930","day","KRW","foreign","2025-06-19","1.2","%","키움증권 · 모의","wght","2025-06-19","unknown","2026-10-06T12:19:27.658Z","","","false","","","","","partial","QA SYNTHETIC API → 격리된 메모리 PGlite → 실제 서버 서비스 · 모의 응답 · 실수급 검증 아님 · 요청 시작일까지 확보 · KRX 시장 · 공급자 기준일/공표시각/확정 여부 미확인","true","true","2025-04-22","2025-12-01","2025-04-22","2025-12-01","available-cumulative","2025-04-22","kiwoom","mock","KRX","ka10008","valid","ready","2026-10-06T12:19:27.676Z"
"raw","KR","stock","005930","day","KRW","foreign","2025-06-20","1.3","%","키움증권 · 모의","wght","2025-06-20","unknown","2026-10-06T12:19:27.658Z","","","false","","","","","partial","QA SYNTHETIC API → 격리된 메모리 PGlite → 실제 서버 서비스 · 모의 응답 · 실수급 검증 아님 · 요청 시작일까지 확보 · KRX 시장 · 공급자 기준일/공표시각/확정 여부 미확인","true","true","2025-04-22","2025-12-01","2025-04-22","2025-12-01","available-cumulative","2025-04-22","kiwoom","mock","KRX","ka10008","valid","ready","2026-10-06T12:19:27.676Z"
"raw","KR","stock","005930","day","KRW","foreign","2025-06-23","1.4","%","키움증권 · 모의","wght","2025-06-23","unknown","2026-10-06T12:19:27.658Z","","","false","","","","","partial","QA SYNTHETIC API → 격리된 메모리 PGlite → 실제 서버 서비스 · 모의 응답 · 실수급 검증 아님 · 요청 시작일까지 확보 · KRX 시장 · 공급자 기준일/공표시각/확정 여부 미확인","true","true","2025-04-22","2025-12-01","2025-04-22","2025-12-01","available-cumulative","2025-04-22","kiwoom","mock","KRX","ka10008","valid","ready","2026-10-06T12:19:27.676Z"
"raw","KR","stock","005930","day","KRW","foreign","2025-06-24","1.5","%","키움증권 · 모의","wght","2025-06-24","unknown","2026-10-06T12:19:27.658Z","","","false","","","","","partial","QA SYNTHETIC API → 격리된 메모리 PGlite → 실제 서버 서비스 · 모의 응답 · 실수급 검증 아님 · 요청 시작일까지 확보 · KRX 시장 · 공급자 기준일/공표시각/확정 여부 미확인","true","true","2025-04-22","2025-12-01","2025-04-22","2025-12-01","available-cumulative","2025-04-22","kiwoom","mock","KRX","ka10008","valid","ready","2026-10-06T12:19:27.676Z"
"raw","KR","stock","005930","day","KRW","foreign","2025-06-25","1.6","%","키움증권 · 모의","wght","2025-06-25","unknown","2026-10-06T12:19:27.658Z","","","false","","","","","partial","QA SYNTHETIC API → 격리된 메모리 PGlite → 실제 서버 서비스 · 모의 응답 · 실수급 검증 아님 · 요청 시작일까지 확보 · KRX 시장 · 공급자 기준일/공표시각/확정 여부 미확인","true","true","2025-04-22","2025-12-01","2025-04-22","2025-12-01","available-cumulative","2025-04-22","kiwoom","mock","KRX","ka10008","valid","ready","2026-10-06T12:19:27.676Z"
"raw","KR","stock","005930","day","KRW","foreign","2025-06-26","1.7","%","키움증권 · 모의","wght","2025-06-26","unknown","2026-10-06T12:19:27.658Z","","","false","","","","","partial","QA SYNTHETIC API → 격리된 메모리 PGlite → 실제 서버 서비스 · 모의 응답 · 실수급 검증 아님 · 요청 시작일까지 확보 · KRX 시장 · 공급자 기준일/공표시각/확정 여부 미확인","true","true","2025-04-22","2025-12-01","2025-04-22","2025-12-01","available-cumulative","2025-04-22","kiwoom","mock","KRX","ka10008","valid","ready","2026-10-06T12:19:27.676Z"
"raw","KR","stock","005930","day","KRW","foreign","2025-06-27","1.8","%","키움증권 · 모의","wght","2025-06-27","unknown","2026-10-06T12:19:27.658Z","","","false","","","","","partial","QA SYNTHETIC API → 격리된 메모리 PGlite → 실제 서버 서비스 · 모의 응답 · 실수급 검증 아님 · 요청 시작일까지 확보 · KRX 시장 · 공급자 기준일/공표시각/확정 여부 미확인","true","true","2025-04-22","2025-12-01","2025-04-22","2025-12-01","available-cumulative","2025-04-22","kiwoom","mock","KRX","ka10008","valid","ready","2026-10-06T12:19:27.676Z"
"raw","KR","stock","005930","day","KRW","foreign","2025-06-30","1.9","%","키움증권 · 모의","wght","2025-06-30","unknown","2026-10-06T12:19:27.658Z","","","false","","","","","partial","QA SYNTHETIC API → 격리된 메모리 PGlite → 실제 서버 서비스 · 모의 응답 · 실수급 검증 아님 · 요청 시작일까지 확보 · KRX 시장 · 공급자 기준일/공표시각/확정 여부 미확인","true","true","2025-04-22","2025-12-01","2025-04-22","2025-12-01","available-cumulative","2025-04-22","kiwoom","mock","KRX","ka10008","valid","ready","2026-10-06T12:19:27.676Z"
"raw","KR","stock","005930","day","KRW","foreign","2025-07-01","2","%","키움증권 · 모의","wght","2025-07-01","unknown","2026-10-06T12:19:27.658Z","","","false","","","","","partial","QA SYNTHETIC API → 격리된 메모리 PGlite → 실제 서버 서비스 · 모의 응답 · 실수급 검증 아님 · 요청 시작일까지 확보 · KRX 시장 · 공급자 기준일/공표시각/확정 여부 미확인","true","true","2025-04-22","2025-12-01","2025-04-22","2025-12-01","available-cumulative","2025-04-22","kiwoom","mock","KRX","ka10008","valid","ready","2026-10-06T12:19:27.676Z"
"raw","KR","stock","005930","day","KRW","foreign","2025-07-02","2.1","%","키움증권 · 모의","wght","2025-07-02","unknown","2026-10-06T12:19:27.658Z","","","false","","","","","partial","QA SYNTHETIC API → 격리된 메모리 PGlite → 실제 서버 서비스 · 모의 응답 · 실수급 검증 아님 · 요청 시작일까지 확보 · KRX 시장 · 공급자 기준일/공표시각/확정 여부 미확인","true","true","2025-04-22","2025-12-01","2025-04-22","2025-12-01","available-cumulative","2025-04-22","kiwoom","mock","KRX","ka10008","valid","ready","2026-10-06T12:19:27.676Z"
"raw","KR","stock","005930","day","KRW","foreign","2025-07-03","2.2","%","키움증권 · 모의","wght","2025-07-03","unknown","2026-10-06T12:19:27.658Z","","","false","","","","","partial","QA SYNTHETIC API → 격리된 메모리 PGlite → 실제 서버 서비스 · 모의 응답 · 실수급 검증 아님 · 요청 시작일까지 확보 · KRX 시장 · 공급자 기준일/공표시각/확정 여부 미확인","true","true","2025-04-22","2025-12-01","2025-04-22","2025-12-01","available-cumulative","2025-04-22","kiwoom","mock","KRX","ka10008","valid","ready","2026-10-06T12:19:27.676Z"
"raw","KR","stock","005930","day","KRW","foreign","2025-07-04","2.3","%","키움증권 · 모의","wght","2025-07-04","unknown","2026-10-06T12:19:27.658Z","","","false","","","","","partial","QA SYNTHETIC API → 격리된 메모리 PGlite → 실제 서버 서비스 · 모의 응답 · 실수급 검증 아님 · 요청 시작일까지 확보 · KRX 시장 · 공급자 기준일/공표시각/확정 여부 미확인","true","true","2025-04-22","2025-12-01","2025-04-22","2025-12-01","available-cumulative","2025-04-22","kiwoom","mock","KRX","ka10008","valid","ready","2026-10-06T12:19:27.676Z"
"raw","KR","stock","005930","day","KRW","foreign","2025-07-07","2.4","%","키움증권 · 모의","wght","2025-07-07","unknown","2026-10-06T12:19:27.658Z","","","false","","","","","partial","QA SYNTHETIC API → 격리된 메모리 PGlite → 실제 서버 서비스 · 모의 응답 · 실수급 검증 아님 · 요청 시작일까지 확보 · KRX 시장 · 공급자 기준일/공표시각/확정 여부 미확인","true","true","2025-04-22","2025-12-01","2025-04-22","2025-12-01","available-cumulative","2025-04-22","kiwoom","mock","KRX","ka10008","valid","ready","2026-10-06T12:19:27.676Z"
"raw","KR","stock","005930","day","KRW","foreign","2025-07-08","2.5","%","키움증권 · 모의","wght","2025-07-08","unknown","2026-10-06T12:19:27.658Z","","","false","","","","","partial","QA SYNTHETIC API → 격리된 메모리 PGlite → 실제 서버 서비스 · 모의 응답 · 실수급 검증 아님 · 요청 시작일까지 확보 · KRX 시장 · 공급자 기준일/공표시각/확정 여부 미확인","true","true","2025-04-22","2025-12-01","2025-04-22","2025-12-01","available-cumulative","2025-04-22","kiwoom","mock","KRX","ka10008","valid","ready","2026-10-06T12:19:27.676Z"
"raw","KR","stock","005930","day","KRW","foreign","2025-07-09","2.6","%","키움증권 · 모의","wght","2025-07-09","unknown","2026-10-06T12:19:27.658Z","","","false","","","","","partial","QA SYNTHETIC API → 격리된 메모리 PGlite → 실제 서버 서비스 · 모의 응답 · 실수급 검증 아님 · 요청 시작일까지 확보 · KRX 시장 · 공급자 기준일/공표시각/확정 여부 미확인","true","true","2025-04-22","2025-12-01","2025-04-22","2025-12-01","available-cumulative","2025-04-22","kiwoom","mock","KRX","ka10008","valid","ready","2026-10-06T12:19:27.676Z"
"raw","KR","stock","005930","day","KRW","foreign","2025-07-10","2.7","%","키움증권 · 모의","wght","2025-07-10","unknown","2026-10-06T12:19:27.658Z","","","false","","","","","partial","QA SYNTHETIC API → 격리된 메모리 PGlite → 실제 서버 서비스 · 모의 응답 · 실수급 검증 아님 · 요청 시작일까지 확보 · KRX 시장 · 공급자 기준일/공표시각/확정 여부 미확인","true","true","2025-04-22","2025-12-01","2025-04-22","2025-12-01","available-cumulative","2025-04-22","kiwoom","mock","KRX","ka10008","valid","ready","2026-10-06T12:19:27.676Z"
"raw","KR","stock","005930","day","KRW","foreign","2025-07-11","2.8","%","키움증권 · 모의","wght","2025-07-11","unknown","2026-10-06T12:19:27.658Z","","","false","","","","","partial","QA SYNTHETIC API → 격리된 메모리 PGlite → 실제 서버 서비스 · 모의 응답 · 실수급 검증 아님 · 요청 시작일까지 확보 · KRX 시장 · 공급자 기준일/공표시각/확정 여부 미확인","true","true","2025-04-22","2025-12-01","2025-04-22","2025-12-01","available-cumulative","2025-04-22","kiwoom","mock","KRX","ka10008","valid","ready","2026-10-06T12:19:27.676Z"
"raw","KR","stock","005930","day","KRW","foreign","2025-07-14","2.9","%","키움증권 · 모의","wght","2025-07-14","unknown","2026-10-06T12:19:27.658Z","","","false","","","","","partial","QA SYNTHETIC API → 격리된 메모리 PGlite → 실제 서버 서비스 · 모의 응답 · 실수급 검증 아님 · 요청 시작일까지 확보 · KRX 시장 · 공급자 기준일/공표시각/확정 여부 미확인","true","true","2025-04-22","2025-12-01","2025-04-22","2025-12-01","available-cumulative","2025-04-22","kiwoom","mock","KRX","ka10008","valid","ready","2026-10-06T12:19:27.676Z"
"raw","KR","stock","005930","day","KRW","foreign","2025-07-15","3","%","키움증권 · 모의","wght","2025-07-15","unknown","2026-10-06T12:19:27.658Z","","","false","","","","","partial","QA SYNTHETIC API → 격리된 메모리 PGlite → 실제 서버 서비스 · 모의 응답 · 실수급 검증 아님 · 요청 시작일까지 확보 · KRX 시장 · 공급자 기준일/공표시각/확정 여부 미확인","true","true","2025-04-22","2025-12-01","2025-04-22","2025-12-01","available-cumulative","2025-04-22","kiwoom","mock","KRX","ka10008","valid","ready","2026-10-06T12:19:27.676Z"
"raw","KR","stock","005930","day","KRW","foreign","2025-07-16","3.1","%","키움증권 · 모의","wght","2025-07-16","unknown","2026-10-06T12:19:27.658Z","","","false","","","","","partial","QA SYNTHETIC API → 격리된 메모리 PGlite → 실제 서버 서비스 · 모의 응답 · 실수급 검증 아님 · 요청 시작일까지 확보 · KRX 시장 · 공급자 기준일/공표시각/확정 여부 미확인","true","true","2025-04-22","2025-12-01","2025-04-22","2025-12-01","available-cumulative","2025-04-22","kiwoom","mock","KRX","ka10008","valid","ready","2026-10-06T12:19:27.676Z"
"raw","KR","stock","005930","day","KRW","foreign","2025-07-17","3.2","%","키움증권 · 모의","wght","2025-07-17","unknown","2026-10-06T12:19:27.658Z","","","false","","","","","partial","QA SYNTHETIC API → 격리된 메모리 PGlite → 실제 서버 서비스 · 모의 응답 · 실수급 검증 아님 · 요청 시작일까지 확보 · KRX 시장 · 공급자 기준일/공표시각/확정 여부 미확인","true","true","2025-04-22","2025-12-01","2025-04-22","2025-12-01","available-cumulative","2025-04-22","kiwoom","mock","KRX","ka10008","valid","ready","2026-10-06T12:19:27.676Z"
"raw","KR","stock","005930","day","KRW","foreign","2025-07-18","3.3","%","키움증권 · 모의","wght","2025-07-18","unknown","2026-10-06T12:19:27.658Z","","","false","","","","","partial","QA SYNTHETIC API → 격리된 메모리 PGlite → 실제 서버 서비스 · 모의 응답 · 실수급 검증 아님 · 요청 시작일까지 확보 · KRX 시장 · 공급자 기준일/공표시각/확정 여부 미확인","true","true","2025-04-22","2025-12-01","2025-04-22","2025-12-01","available-cumulative","2025-04-22","kiwoom","mock","KRX","ka10008","valid","ready","2026-10-06T12:19:27.676Z"
"raw","KR","stock","005930","day","KRW","foreign","2025-07-21","3.4","%","키움증권 · 모의","wght","2025-07-21","unknown","2026-10-06T12:19:27.658Z","","","false","","","","","partial","QA SYNTHETIC API → 격리된 메모리 PGlite → 실제 서버 서비스 · 모의 응답 · 실수급 검증 아님 · 요청 시작일까지 확보 · KRX 시장 · 공급자 기준일/공표시각/확정 여부 미확인","true","true","2025-04-22","2025-12-01","2025-04-22","2025-12-01","available-cumulative","2025-04-22","kiwoom","mock","KRX","ka10008","valid","ready","2026-10-06T12:19:27.676Z"
"raw","KR","stock","005930","day","KRW","foreign","2025-07-22","3.5","%","키움증권 · 모의","wght","2025-07-22","unknown","2026-10-06T12:19:27.658Z","","","false","","","","","partial","QA SYNTHETIC API → 격리된 메모리 PGlite → 실제 서버 서비스 · 모의 응답 · 실수급 검증 아님 · 요청 시작일까지 확보 · KRX 시장 · 공급자 기준일/공표시각/확정 여부 미확인","true","true","2025-04-22","2025-12-01","2025-04-22","2025-12-01","available-cumulative","2025-04-22","kiwoom","mock","KRX","ka10008","valid","ready","2026-10-06T12:19:27.676Z"
"raw","KR","stock","005930","day","KRW","foreign","2025-07-23","3.6","%","키움증권 · 모의","wght","2025-07-23","unknown","2026-10-06T12:19:27.658Z","","","false","","","","","partial","QA SYNTHETIC API → 격리된 메모리 PGlite → 실제 서버 서비스 · 모의 응답 · 실수급 검증 아님 · 요청 시작일까지 확보 · KRX 시장 · 공급자 기준일/공표시각/확정 여부 미확인","true","true","2025-04-22","2025-12-01","2025-04-22","2025-12-01","available-cumulative","2025-04-22","kiwoom","mock","KRX","ka10008","valid","ready","2026-10-06T12:19:27.676Z"
"raw","KR","stock","005930","day","KRW","foreign","2025-07-24","0","%","키움증권 · 모의","wght","2025-07-24","unknown","2026-10-06T12:19:27.658Z","","","false","","","","","partial","QA SYNTHETIC API → 격리된 메모리 PGlite → 실제 서버 서비스 · 모의 응답 · 실수급 검증 아님 · 요청 시작일까지 확보 · KRX 시장 · 공급자 기준일/공표시각/확정 여부 미확인","true","true","2025-04-22","2025-12-01","2025-04-22","2025-12-01","available-cumulative","2025-04-22","kiwoom","mock","KRX","ka10008","valid","ready","2026-10-06T12:19:27.676Z"
"raw","KR","stock","005930","day","KRW","foreign","2025-07-25","0.1","%","키움증권 · 모의","wght","2025-07-25","unknown","2026-10-06T12:19:27.658Z","","","false","","","","","partial","QA SYNTHETIC API → 격리된 메모리 PGlite → 실제 서버 서비스 · 모의 응답 · 실수급 검증 아님 · 요청 시작일까지 확보 · KRX 시장 · 공급자 기준일/공표시각/확정 여부 미확인","true","true","2025-04-22","2025-12-01","2025-04-22","2025-12-01","available-cumulative","2025-04-22","kiwoom","mock","KRX","ka10008","valid","ready","2026-10-06T12:19:27.676Z"
"raw","KR","stock","005930","day","KRW","foreign","2025-07-28","0.2","%","키움증권 · 모의","wght","2025-07-28","unknown","2026-10-06T12:19:27.658Z","","","false","","","","","partial","QA SYNTHETIC API → 격리된 메모리 PGlite → 실제 서버 서비스 · 모의 응답 · 실수급 검증 아님 · 요청 시작일까지 확보 · KRX 시장 · 공급자 기준일/공표시각/확정 여부 미확인","true","true","2025-04-22","2025-12-01","2025-04-22","2025-12-01","available-cumulative","2025-04-22","kiwoom","mock","KRX","ka10008","valid","ready","2026-10-06T12:19:27.676Z"
"raw","KR","stock","005930","day","KRW","foreign","2025-07-29","0.3","%","키움증권 · 모의","wght","2025-07-29","unknown","2026-10-06T12:19:27.658Z","","","false","","","","","partial","QA SYNTHETIC API → 격리된 메모리 PGlite → 실제 서버 서비스 · 모의 응답 · 실수급 검증 아님 · 요청 시작일까지 확보 · KRX 시장 · 공급자 기준일/공표시각/확정 여부 미확인","true","true","2025-04-22","2025-12-01","2025-04-22","2025-12-01","available-cumulative","2025-04-22","kiwoom","mock","KRX","ka10008","valid","ready","2026-10-06T12:19:27.676Z"
"raw","KR","stock","005930","day","KRW","foreign","2025-07-30","0.4","%","키움증권 · 모의","wght","2025-07-30","unknown","2026-10-06T12:19:27.658Z","","","false","","","","","partial","QA SYNTHETIC API → 격리된 메모리 PGlite → 실제 서버 서비스 · 모의 응답 · 실수급 검증 아님 · 요청 시작일까지 확보 · KRX 시장 · 공급자 기준일/공표시각/확정 여부 미확인","true","true","2025-04-22","2025-12-01","2025-04-22","2025-12-01","available-cumulative","2025-04-22","kiwoom","mock","KRX","ka10008","valid","ready","2026-10-06T12:19:27.676Z"
"raw","KR","stock","005930","day","KRW","foreign","2025-07-31","0.5","%","키움증권 · 모의","wght","2025-07-31","unknown","2026-10-06T12:19:27.658Z","","","false","","","","","partial","QA SYNTHETIC API → 격리된 메모리 PGlite → 실제 서버 서비스 · 모의 응답 · 실수급 검증 아님 · 요청 시작일까지 확보 · KRX 시장 · 공급자 기준일/공표시각/확정 여부 미확인","true","true","2025-04-22","2025-12-01","2025-04-22","2025-12-01","available-cumulative","2025-04-22","kiwoom","mock","KRX","ka10008","valid","ready","2026-10-06T12:19:27.676Z"
"raw","KR","stock","005930","day","KRW","foreign","2025-08-01","0.6","%","키움증권 · 모의","wght","2025-08-01","unknown","2026-10-06T12:19:27.658Z","","","false","","","","","partial","QA SYNTHETIC API → 격리된 메모리 PGlite → 실제 서버 서비스 · 모의 응답 · 실수급 검증 아님 · 요청 시작일까지 확보 · KRX 시장 · 공급자 기준일/공표시각/확정 여부 미확인","true","true","2025-04-22","2025-12-01","2025-04-22","2025-12-01","available-cumulative","2025-04-22","kiwoom","mock","KRX","ka10008","valid","ready","2026-10-06T12:19:27.676Z"
"raw","KR","stock","005930","day","KRW","foreign","2025-08-04","0.7","%","키움증권 · 모의","wght","2025-08-04","unknown","2026-10-06T12:19:27.658Z","","","false","","","","","partial","QA SYNTHETIC API → 격리된 메모리 PGlite → 실제 서버 서비스 · 모의 응답 · 실수급 검증 아님 · 요청 시작일까지 확보 · KRX 시장 · 공급자 기준일/공표시각/확정 여부 미확인","true","true","2025-04-22","2025-12-01","2025-04-22","2025-12-01","available-cumulative","2025-04-22","kiwoom","mock","KRX","ka10008","valid","ready","2026-10-06T12:19:27.676Z"
"raw","KR","stock","005930","day","KRW","foreign","2025-08-05","0.8","%","키움증권 · 모의","wght","2025-08-05","unknown","2026-10-06T12:19:27.658Z","","","false","","","","","partial","QA SYNTHETIC API → 격리된 메모리 PGlite → 실제 서버 서비스 · 모의 응답 · 실수급 검증 아님 · 요청 시작일까지 확보 · KRX 시장 · 공급자 기준일/공표시각/확정 여부 미확인","true","true","2025-04-22","2025-12-01","2025-04-22","2025-12-01","available-cumulative","2025-04-22","kiwoom","mock","KRX","ka10008","valid","ready","2026-10-06T12:19:27.676Z"
"raw","KR","stock","005930","day","KRW","foreign","2025-08-06","0.9","%","키움증권 · 모의","wght","2025-08-06","unknown","2026-10-06T12:19:27.658Z","","","false","","","","","partial","QA SYNTHETIC API → 격리된 메모리 PGlite → 실제 서버 서비스 · 모의 응답 · 실수급 검증 아님 · 요청 시작일까지 확보 · KRX 시장 · 공급자 기준일/공표시각/확정 여부 미확인","true","true","2025-04-22","2025-12-01","2025-04-22","2025-12-01","available-cumulative","2025-04-22","kiwoom","mock","KRX","ka10008","valid","ready","2026-10-06T12:19:27.676Z"
"raw","KR","stock","005930","day","KRW","foreign","2025-08-07","1","%","키움증권 · 모의","wght","2025-08-07","unknown","2026-10-06T12:19:27.658Z","","","false","","","","","partial","QA SYNTHETIC API → 격리된 메모리 PGlite → 실제 서버 서비스 · 모의 응답 · 실수급 검증 아님 · 요청 시작일까지 확보 · KRX 시장 · 공급자 기준일/공표시각/확정 여부 미확인","true","true","2025-04-22","2025-12-01","2025-04-22","2025-12-01","available-cumulative","2025-04-22","kiwoom","mock","KRX","ka10008","valid","ready","2026-10-06T12:19:27.676Z"
"raw","KR","stock","005930","day","KRW","foreign","2025-08-08","1.1","%","키움증권 · 모의","wght","2025-08-08","unknown","2026-10-06T12:19:27.658Z","","","false","","","","","partial","QA SYNTHETIC API → 격리된 메모리 PGlite → 실제 서버 서비스 · 모의 응답 · 실수급 검증 아님 · 요청 시작일까지 확보 · KRX 시장 · 공급자 기준일/공표시각/확정 여부 미확인","true","true","2025-04-22","2025-12-01","2025-04-22","2025-12-01","available-cumulative","2025-04-22","kiwoom","mock","KRX","ka10008","valid","ready","2026-10-06T12:19:27.676Z"
"raw","KR","stock","005930","day","KRW","foreign","2025-08-11","1.2","%","키움증권 · 모의","wght","2025-08-11","unknown","2026-10-06T12:19:27.658Z","","","false","","","","","partial","QA SYNTHETIC API → 격리된 메모리 PGlite → 실제 서버 서비스 · 모의 응답 · 실수급 검증 아님 · 요청 시작일까지 확보 · KRX 시장 · 공급자 기준일/공표시각/확정 여부 미확인","true","true","2025-04-22","2025-12-01","2025-04-22","2025-12-01","available-cumulative","2025-04-22","kiwoom","mock","KRX","ka10008","valid","ready","2026-10-06T12:19:27.676Z"
"raw","KR","stock","005930","day","KRW","foreign","2025-08-12","1.3","%","키움증권 · 모의","wght","2025-08-12","unknown","2026-10-06T12:19:27.658Z","","","false","","","","","partial","QA SYNTHETIC API → 격리된 메모리 PGlite → 실제 서버 서비스 · 모의 응답 · 실수급 검증 아님 · 요청 시작일까지 확보 · KRX 시장 · 공급자 기준일/공표시각/확정 여부 미확인","true","true","2025-04-22","2025-12-01","2025-04-22","2025-12-01","available-cumulative","2025-04-22","kiwoom","mock","KRX","ka10008","valid","ready","2026-10-06T12:19:27.676Z"
"raw","KR","stock","005930","day","KRW","foreign","2025-08-13","1.4","%","키움증권 · 모의","wght","2025-08-13","unknown","2026-10-06T12:19:27.658Z","","","false","","","","","partial","QA SYNTHETIC API → 격리된 메모리 PGlite → 실제 서버 서비스 · 모의 응답 · 실수급 검증 아님 · 요청 시작일까지 확보 · KRX 시장 · 공급자 기준일/공표시각/확정 여부 미확인","true","true","2025-04-22","2025-12-01","2025-04-22","2025-12-01","available-cumulative","2025-04-22","kiwoom","mock","KRX","ka10008","valid","ready","2026-10-06T12:19:27.676Z"
"raw","KR","stock","005930","day","KRW","foreign","2025-08-14","1.5","%","키움증권 · 모의","wght","2025-08-14","unknown","2026-10-06T12:19:27.658Z","","","false","","","","","partial","QA SYNTHETIC API → 격리된 메모리 PGlite → 실제 서버 서비스 · 모의 응답 · 실수급 검증 아님 · 요청 시작일까지 확보 · KRX 시장 · 공급자 기준일/공표시각/확정 여부 미확인","true","true","2025-04-22","2025-12-01","2025-04-22","2025-12-01","available-cumulative","2025-04-22","kiwoom","mock","KRX","ka10008","valid","ready","2026-10-06T12:19:27.676Z"
"raw","KR","stock","005930","day","KRW","foreign","2025-08-15","1.6","%","키움증권 · 모의","wght","2025-08-15","unknown","2026-10-06T12:19:27.658Z","","","false","","","","","partial","QA SYNTHETIC API → 격리된 메모리 PGlite → 실제 서버 서비스 · 모의 응답 · 실수급 검증 아님 · 요청 시작일까지 확보 · KRX 시장 · 공급자 기준일/공표시각/확정 여부 미확인","true","true","2025-04-22","2025-12-01","2025-04-22","2025-12-01","available-cumulative","2025-04-22","kiwoom","mock","KRX","ka10008","valid","ready","2026-10-06T12:19:27.676Z"
"raw","KR","stock","005930","day","KRW","foreign","2025-08-18","1.7","%","키움증권 · 모의","wght","2025-08-18","unknown","2026-10-06T12:19:27.658Z","","","false","","","","","partial","QA SYNTHETIC API → 격리된 메모리 PGlite → 실제 서버 서비스 · 모의 응답 · 실수급 검증 아님 · 요청 시작일까지 확보 · KRX 시장 · 공급자 기준일/공표시각/확정 여부 미확인","true","true","2025-04-22","2025-12-01","2025-04-22","2025-12-01","available-cumulative","2025-04-22","kiwoom","mock","KRX","ka10008","valid","ready","2026-10-06T12:19:27.676Z"
"raw","KR","stock","005930","day","KRW","foreign","2025-08-19","1.8","%","키움증권 · 모의","wght","2025-08-19","unknown","2026-10-06T12:19:27.658Z","","","false","","","","","partial","QA SYNTHETIC API → 격리된 메모리 PGlite → 실제 서버 서비스 · 모의 응답 · 실수급 검증 아님 · 요청 시작일까지 확보 · KRX 시장 · 공급자 기준일/공표시각/확정 여부 미확인","true","true","2025-04-22","2025-12-01","2025-04-22","2025-12-01","available-cumulative","2025-04-22","kiwoom","mock","KRX","ka10008","valid","ready","2026-10-06T12:19:27.676Z"
"raw","KR","stock","005930","day","KRW","foreign","2025-08-20","1.9","%","키움증권 · 모의","wght","2025-08-20","unknown","2026-10-06T12:19:27.658Z","","","false","","","","","partial","QA SYNTHETIC API → 격리된 메모리 PGlite → 실제 서버 서비스 · 모의 응답 · 실수급 검증 아님 · 요청 시작일까지 확보 · KRX 시장 · 공급자 기준일/공표시각/확정 여부 미확인","true","true","2025-04-22","2025-12-01","2025-04-22","2025-12-01","available-cumulative","2025-04-22","kiwoom","mock","KRX","ka10008","valid","ready","2026-10-06T12:19:27.676Z"
"raw","KR","stock","005930","day","KRW","foreign","2025-08-21","2","%","키움증권 · 모의","wght","2025-08-21","unknown","2026-10-06T12:19:27.658Z","","","false","","","","","partial","QA SYNTHETIC API → 격리된 메모리 PGlite → 실제 서버 서비스 · 모의 응답 · 실수급 검증 아님 · 요청 시작일까지 확보 · KRX 시장 · 공급자 기준일/공표시각/확정 여부 미확인","true","true","2025-04-22","2025-12-01","2025-04-22","2025-12-01","available-cumulative","2025-04-22","kiwoom","mock","KRX","ka10008","valid","ready","2026-10-06T12:19:27.676Z"
"raw","KR","stock","005930","day","KRW","foreign","2025-08-22","2.1","%","키움증권 · 모의","wght","2025-08-22","unknown","2026-10-06T12:19:27.658Z","","","false","","","","","partial","QA SYNTHETIC API → 격리된 메모리 PGlite → 실제 서버 서비스 · 모의 응답 · 실수급 검증 아님 · 요청 시작일까지 확보 · KRX 시장 · 공급자 기준일/공표시각/확정 여부 미확인","true","true","2025-04-22","2025-12-01","2025-04-22","2025-12-01","available-cumulative","2025-04-22","kiwoom","mock","KRX","ka10008","valid","ready","2026-10-06T12:19:27.676Z"
"raw","KR","stock","005930","day","KRW","foreign","2025-08-25","2.2","%","키움증권 · 모의","wght","2025-08-25","unknown","2026-10-06T12:19:27.658Z","","","false","","","","","partial","QA SYNTHETIC API → 격리된 메모리 PGlite → 실제 서버 서비스 · 모의 응답 · 실수급 검증 아님 · 요청 시작일까지 확보 · KRX 시장 · 공급자 기준일/공표시각/확정 여부 미확인","true","true","2025-04-22","2025-12-01","2025-04-22","2025-12-01","available-cumulative","2025-04-22","kiwoom","mock","KRX","ka10008","valid","ready","2026-10-06T12:19:27.676Z"
"raw","KR","stock","005930","day","KRW","foreign","2025-08-26","2.3","%","키움증권 · 모의","wght","2025-08-26","unknown","2026-10-06T12:19:27.658Z","","","false","","","","","partial","QA SYNTHETIC API → 격리된 메모리 PGlite → 실제 서버 서비스 · 모의 응답 · 실수급 검증 아님 · 요청 시작일까지 확보 · KRX 시장 · 공급자 기준일/공표시각/확정 여부 미확인","true","true","2025-04-22","2025-12-01","2025-04-22","2025-12-01","available-cumulative","2025-04-22","kiwoom","mock","KRX","ka10008","valid","ready","2026-10-06T12:19:27.676Z"
"raw","KR","stock","005930","day","KRW","foreign","2025-08-27","2.4","%","키움증권 · 모의","wght","2025-08-27","unknown","2026-10-06T12:19:27.658Z","","","false","","","","","partial","QA SYNTHETIC API → 격리된 메모리 PGlite → 실제 서버 서비스 · 모의 응답 · 실수급 검증 아님 · 요청 시작일까지 확보 · KRX 시장 · 공급자 기준일/공표시각/확정 여부 미확인","true","true","2025-04-22","2025-12-01","2025-04-22","2025-12-01","available-cumulative","2025-04-22","kiwoom","mock","KRX","ka10008","valid","ready","2026-10-06T12:19:27.676Z"
"raw","KR","stock","005930","day","KRW","foreign","2025-08-28","2.5","%","키움증권 · 모의","wght","2025-08-28","unknown","2026-10-06T12:19:27.658Z","","","false","","","","","partial","QA SYNTHETIC API → 격리된 메모리 PGlite → 실제 서버 서비스 · 모의 응답 · 실수급 검증 아님 · 요청 시작일까지 확보 · KRX 시장 · 공급자 기준일/공표시각/확정 여부 미확인","true","true","2025-04-22","2025-12-01","2025-04-22","2025-12-01","available-cumulative","2025-04-22","kiwoom","mock","KRX","ka10008","valid","ready","2026-10-06T12:19:27.676Z"
"raw","KR","stock","005930","day","KRW","foreign","2025-08-29","2.6","%","키움증권 · 모의","wght","2025-08-29","unknown","2026-10-06T12:19:27.658Z","","","false","","","","","partial","QA SYNTHETIC API → 격리된 메모리 PGlite → 실제 서버 서비스 · 모의 응답 · 실수급 검증 아님 · 요청 시작일까지 확보 · KRX 시장 · 공급자 기준일/공표시각/확정 여부 미확인","true","true","2025-04-22","2025-12-01","2025-04-22","2025-12-01","available-cumulative","2025-04-22","kiwoom","mock","KRX","ka10008","valid","ready","2026-10-06T12:19:27.676Z"
"raw","KR","stock","005930","day","KRW","foreign","2025-09-01","2.7","%","키움증권 · 모의","wght","2025-09-01","unknown","2026-10-06T12:19:27.658Z","","","false","","","","","partial","QA SYNTHETIC API → 격리된 메모리 PGlite → 실제 서버 서비스 · 모의 응답 · 실수급 검증 아님 · 요청 시작일까지 확보 · KRX 시장 · 공급자 기준일/공표시각/확정 여부 미확인","true","true","2025-04-22","2025-12-01","2025-04-22","2025-12-01","available-cumulative","2025-04-22","kiwoom","mock","KRX","ka10008","valid","ready","2026-10-06T12:19:27.676Z"
"raw","KR","stock","005930","day","KRW","foreign","2025-09-02","2.8","%","키움증권 · 모의","wght","2025-09-02","unknown","2026-10-06T12:19:27.658Z","","","false","","","","","partial","QA SYNTHETIC API → 격리된 메모리 PGlite → 실제 서버 서비스 · 모의 응답 · 실수급 검증 아님 · 요청 시작일까지 확보 · KRX 시장 · 공급자 기준일/공표시각/확정 여부 미확인","true","true","2025-04-22","2025-12-01","2025-04-22","2025-12-01","available-cumulative","2025-04-22","kiwoom","mock","KRX","ka10008","valid","ready","2026-10-06T12:19:27.676Z"
"raw","KR","stock","005930","day","KRW","foreign","2025-09-03","2.9","%","키움증권 · 모의","wght","2025-09-03","unknown","2026-10-06T12:19:27.658Z","","","false","","","","","partial","QA SYNTHETIC API → 격리된 메모리 PGlite → 실제 서버 서비스 · 모의 응답 · 실수급 검증 아님 · 요청 시작일까지 확보 · KRX 시장 · 공급자 기준일/공표시각/확정 여부 미확인","true","true","2025-04-22","2025-12-01","2025-04-22","2025-12-01","available-cumulative","2025-04-22","kiwoom","mock","KRX","ka10008","valid","ready","2026-10-06T12:19:27.676Z"
"raw","KR","stock","005930","day","KRW","foreign","2025-09-04","3","%","키움증권 · 모의","wght","2025-09-04","unknown","2026-10-06T12:19:27.658Z","","","false","","","","","partial","QA SYNTHETIC API → 격리된 메모리 PGlite → 실제 서버 서비스 · 모의 응답 · 실수급 검증 아님 · 요청 시작일까지 확보 · KRX 시장 · 공급자 기준일/공표시각/확정 여부 미확인","true","true","2025-04-22","2025-12-01","2025-04-22","2025-12-01","available-cumulative","2025-04-22","kiwoom","mock","KRX","ka10008","valid","ready","2026-10-06T12:19:27.676Z"
"raw","KR","stock","005930","day","KRW","foreign","2025-09-05","3.1","%","키움증권 · 모의","wght","2025-09-05","unknown","2026-10-06T12:19:27.658Z","","","false","","","","","partial","QA SYNTHETIC API → 격리된 메모리 PGlite → 실제 서버 서비스 · 모의 응답 · 실수급 검증 아님 · 요청 시작일까지 확보 · KRX 시장 · 공급자 기준일/공표시각/확정 여부 미확인","true","true","2025-04-22","2025-12-01","2025-04-22","2025-12-01","available-cumulative","2025-04-22","kiwoom","mock","KRX","ka10008","valid","ready","2026-10-06T12:19:27.676Z"
"raw","KR","stock","005930","day","KRW","foreign","2025-09-08","3.2","%","키움증권 · 모의","wght","2025-09-08","unknown","2026-10-06T12:19:27.658Z","","","false","","","","","partial","QA SYNTHETIC API → 격리된 메모리 PGlite → 실제 서버 서비스 · 모의 응답 · 실수급 검증 아님 · 요청 시작일까지 확보 · KRX 시장 · 공급자 기준일/공표시각/확정 여부 미확인","true","true","2025-04-22","2025-12-01","2025-04-22","2025-12-01","available-cumulative","2025-04-22","kiwoom","mock","KRX","ka10008","valid","ready","2026-10-06T12:19:27.676Z"
"raw","KR","stock","005930","day","KRW","foreign","2025-09-09","3.3","%","키움증권 · 모의","wght","2025-09-09","unknown","2026-10-06T12:19:27.658Z","","","false","","","","","partial","QA SYNTHETIC API → 격리된 메모리 PGlite → 실제 서버 서비스 · 모의 응답 · 실수급 검증 아님 · 요청 시작일까지 확보 · KRX 시장 · 공급자 기준일/공표시각/확정 여부 미확인","true","true","2025-04-22","2025-12-01","2025-04-22","2025-12-01","available-cumulative","2025-04-22","kiwoom","mock","KRX","ka10008","valid","ready","2026-10-06T12:19:27.676Z"
"raw","KR","stock","005930","day","KRW","foreign","2025-09-10","3.4","%","키움증권 · 모의","wght","2025-09-10","unknown","2026-10-06T12:19:27.658Z","","","false","","","","","partial","QA SYNTHETIC API → 격리된 메모리 PGlite → 실제 서버 서비스 · 모의 응답 · 실수급 검증 아님 · 요청 시작일까지 확보 · KRX 시장 · 공급자 기준일/공표시각/확정 여부 미확인","true","true","2025-04-22","2025-12-01","2025-04-22","2025-12-01","available-cumulative","2025-04-22","kiwoom","mock","KRX","ka10008","valid","ready","2026-10-06T12:19:27.676Z"
"raw","KR","stock","005930","day","KRW","foreign","2025-09-11","3.5","%","키움증권 · 모의","wght","2025-09-11","unknown","2026-10-06T12:19:27.658Z","","","false","","","","","partial","QA SYNTHETIC API → 격리된 메모리 PGlite → 실제 서버 서비스 · 모의 응답 · 실수급 검증 아님 · 요청 시작일까지 확보 · KRX 시장 · 공급자 기준일/공표시각/확정 여부 미확인","true","true","2025-04-22","2025-12-01","2025-04-22","2025-12-01","available-cumulative","2025-04-22","kiwoom","mock","KRX","ka10008","valid","ready","2026-10-06T12:19:27.676Z"
"raw","KR","stock","005930","day","KRW","foreign","2025-09-12","3.6","%","키움증권 · 모의","wght","2025-09-12","unknown","2026-10-06T12:19:27.658Z","","","false","","","","","partial","QA SYNTHETIC API → 격리된 메모리 PGlite → 실제 서버 서비스 · 모의 응답 · 실수급 검증 아님 · 요청 시작일까지 확보 · KRX 시장 · 공급자 기준일/공표시각/확정 여부 미확인","true","true","2025-04-22","2025-12-01","2025-04-22","2025-12-01","available-cumulative","2025-04-22","kiwoom","mock","KRX","ka10008","valid","ready","2026-10-06T12:19:27.676Z"
"raw","KR","stock","005930","day","KRW","foreign","2025-09-15","0","%","키움증권 · 모의","wght","2025-09-15","unknown","2026-10-06T12:19:27.658Z","","","false","","","","","partial","QA SYNTHETIC API → 격리된 메모리 PGlite → 실제 서버 서비스 · 모의 응답 · 실수급 검증 아님 · 요청 시작일까지 확보 · KRX 시장 · 공급자 기준일/공표시각/확정 여부 미확인","true","true","2025-04-22","2025-12-01","2025-04-22","2025-12-01","available-cumulative","2025-04-22","kiwoom","mock","KRX","ka10008","valid","ready","2026-10-06T12:19:27.676Z"
"raw","KR","stock","005930","day","KRW","foreign","2025-09-16","0.1","%","키움증권 · 모의","wght","2025-09-16","unknown","2026-10-06T12:19:27.658Z","","","false","","","","","partial","QA SYNTHETIC API → 격리된 메모리 PGlite → 실제 서버 서비스 · 모의 응답 · 실수급 검증 아님 · 요청 시작일까지 확보 · KRX 시장 · 공급자 기준일/공표시각/확정 여부 미확인","true","true","2025-04-22","2025-12-01","2025-04-22","2025-12-01","available-cumulative","2025-04-22","kiwoom","mock","KRX","ka10008","valid","ready","2026-10-06T12:19:27.676Z"
"raw","KR","stock","005930","day","KRW","foreign","2025-09-17","0.2","%","키움증권 · 모의","wght","2025-09-17","unknown","2026-10-06T12:19:27.658Z","","","false","","","","","partial","QA SYNTHETIC API → 격리된 메모리 PGlite → 실제 서버 서비스 · 모의 응답 · 실수급 검증 아님 · 요청 시작일까지 확보 · KRX 시장 · 공급자 기준일/공표시각/확정 여부 미확인","true","true","2025-04-22","2025-12-01","2025-04-22","2025-12-01","available-cumulative","2025-04-22","kiwoom","mock","KRX","ka10008","valid","ready","2026-10-06T12:19:27.676Z"
"raw","KR","stock","005930","day","KRW","foreign","2025-09-18","0.3","%","키움증권 · 모의","wght","2025-09-18","unknown","2026-10-06T12:19:27.658Z","","","false","","","","","partial","QA SYNTHETIC API → 격리된 메모리 PGlite → 실제 서버 서비스 · 모의 응답 · 실수급 검증 아님 · 요청 시작일까지 확보 · KRX 시장 · 공급자 기준일/공표시각/확정 여부 미확인","true","true","2025-04-22","2025-12-01","2025-04-22","2025-12-01","available-cumulative","2025-04-22","kiwoom","mock","KRX","ka10008","valid","ready","2026-10-06T12:19:27.676Z"
"raw","KR","stock","005930","day","KRW","foreign","2025-09-19","0.4","%","키움증권 · 모의","wght","2025-09-19","unknown","2026-10-06T12:19:27.658Z","","","false","","","","","partial","QA SYNTHETIC API → 격리된 메모리 PGlite → 실제 서버 서비스 · 모의 응답 · 실수급 검증 아님 · 요청 시작일까지 확보 · KRX 시장 · 공급자 기준일/공표시각/확정 여부 미확인","true","true","2025-04-22","2025-12-01","2025-04-22","2025-12-01","available-cumulative","2025-04-22","kiwoom","mock","KRX","ka10008","valid","ready","2026-10-06T12:19:27.676Z"
"raw","KR","stock","005930","day","KRW","foreign","2025-09-22","0.5","%","키움증권 · 모의","wght","2025-09-22","unknown","2026-10-06T12:19:27.658Z","","","false","","","","","partial","QA SYNTHETIC API → 격리된 메모리 PGlite → 실제 서버 서비스 · 모의 응답 · 실수급 검증 아님 · 요청 시작일까지 확보 · KRX 시장 · 공급자 기준일/공표시각/확정 여부 미확인","true","true","2025-04-22","2025-12-01","2025-04-22","2025-12-01","available-cumulative","2025-04-22","kiwoom","mock","KRX","ka10008","valid","ready","2026-10-06T12:19:27.676Z"
"raw","KR","stock","005930","day","KRW","foreign","2025-09-23","0.6","%","키움증권 · 모의","wght","2025-09-23","unknown","2026-10-06T12:19:27.658Z","","","false","","","","","partial","QA SYNTHETIC API → 격리된 메모리 PGlite → 실제 서버 서비스 · 모의 응답 · 실수급 검증 아님 · 요청 시작일까지 확보 · KRX 시장 · 공급자 기준일/공표시각/확정 여부 미확인","true","true","2025-04-22","2025-12-01","2025-04-22","2025-12-01","available-cumulative","2025-04-22","kiwoom","mock","KRX","ka10008","valid","ready","2026-10-06T12:19:27.676Z"
"raw","KR","stock","005930","day","KRW","foreign","2025-09-24","0.7","%","키움증권 · 모의","wght","2025-09-24","unknown","2026-10-06T12:19:27.658Z","","","false","","","","","partial","QA SYNTHETIC API → 격리된 메모리 PGlite → 실제 서버 서비스 · 모의 응답 · 실수급 검증 아님 · 요청 시작일까지 확보 · KRX 시장 · 공급자 기준일/공표시각/확정 여부 미확인","true","true","2025-04-22","2025-12-01","2025-04-22","2025-12-01","available-cumulative","2025-04-22","kiwoom","mock","KRX","ka10008","valid","ready","2026-10-06T12:19:27.676Z"
"raw","KR","stock","005930","day","KRW","foreign","2025-09-25","0.8","%","키움증권 · 모의","wght","2025-09-25","unknown","2026-10-06T12:19:27.658Z","","","false","","","","","partial","QA SYNTHETIC API → 격리된 메모리 PGlite → 실제 서버 서비스 · 모의 응답 · 실수급 검증 아님 · 요청 시작일까지 확보 · KRX 시장 · 공급자 기준일/공표시각/확정 여부 미확인","true","true","2025-04-22","2025-12-01","2025-04-22","2025-12-01","available-cumulative","2025-04-22","kiwoom","mock","KRX","ka10008","valid","ready","2026-10-06T12:19:27.676Z"
"raw","KR","stock","005930","day","KRW","foreign","2025-09-26","0.9","%","키움증권 · 모의","wght","2025-09-26","unknown","2026-10-06T12:19:27.658Z","","","false","","","","","partial","QA SYNTHETIC API → 격리된 메모리 PGlite → 실제 서버 서비스 · 모의 응답 · 실수급 검증 아님 · 요청 시작일까지 확보 · KRX 시장 · 공급자 기준일/공표시각/확정 여부 미확인","true","true","2025-04-22","2025-12-01","2025-04-22","2025-12-01","available-cumulative","2025-04-22","kiwoom","mock","KRX","ka10008","valid","ready","2026-10-06T12:19:27.676Z"
"raw","KR","stock","005930","day","KRW","foreign","2025-09-29","1","%","키움증권 · 모의","wght","2025-09-29","unknown","2026-10-06T12:19:27.658Z","","","false","","","","","partial","QA SYNTHETIC API → 격리된 메모리 PGlite → 실제 서버 서비스 · 모의 응답 · 실수급 검증 아님 · 요청 시작일까지 확보 · KRX 시장 · 공급자 기준일/공표시각/확정 여부 미확인","true","true","2025-04-22","2025-12-01","2025-04-22","2025-12-01","available-cumulative","2025-04-22","kiwoom","mock","KRX","ka10008","valid","ready","2026-10-06T12:19:27.676Z"
"raw","KR","stock","005930","day","KRW","foreign","2025-09-30","1.1","%","키움증권 · 모의","wght","2025-09-30","unknown","2026-10-06T12:19:27.658Z","","","false","","","","","partial","QA SYNTHETIC API → 격리된 메모리 PGlite → 실제 서버 서비스 · 모의 응답 · 실수급 검증 아님 · 요청 시작일까지 확보 · KRX 시장 · 공급자 기준일/공표시각/확정 여부 미확인","true","true","2025-04-22","2025-12-01","2025-04-22","2025-12-01","available-cumulative","2025-04-22","kiwoom","mock","KRX","ka10008","valid","ready","2026-10-06T12:19:27.676Z"
"raw","KR","stock","005930","day","KRW","foreign","2025-10-01","1.2","%","키움증권 · 모의","wght","2025-10-01","unknown","2026-10-06T12:19:27.658Z","","","false","","","","","partial","QA SYNTHETIC API → 격리된 메모리 PGlite → 실제 서버 서비스 · 모의 응답 · 실수급 검증 아님 · 요청 시작일까지 확보 · KRX 시장 · 공급자 기준일/공표시각/확정 여부 미확인","true","true","2025-04-22","2025-12-01","2025-04-22","2025-12-01","available-cumulative","2025-04-22","kiwoom","mock","KRX","ka10008","valid","ready","2026-10-06T12:19:27.676Z"
"raw","KR","stock","005930","day","KRW","foreign","2025-10-02","1.3","%","키움증권 · 모의","wght","2025-10-02","unknown","2026-10-06T12:19:27.658Z","","","false","","","","","partial","QA SYNTHETIC API → 격리된 메모리 PGlite → 실제 서버 서비스 · 모의 응답 · 실수급 검증 아님 · 요청 시작일까지 확보 · KRX 시장 · 공급자 기준일/공표시각/확정 여부 미확인","true","true","2025-04-22","2025-12-01","2025-04-22","2025-12-01","available-cumulative","2025-04-22","kiwoom","mock","KRX","ka10008","valid","ready","2026-10-06T12:19:27.676Z"
"raw","KR","stock","005930","day","KRW","foreign","2025-10-03","1.4","%","키움증권 · 모의","wght","2025-10-03","unknown","2026-10-06T12:19:27.658Z","","","false","","","","","partial","QA SYNTHETIC API → 격리된 메모리 PGlite → 실제 서버 서비스 · 모의 응답 · 실수급 검증 아님 · 요청 시작일까지 확보 · KRX 시장 · 공급자 기준일/공표시각/확정 여부 미확인","true","true","2025-04-22","2025-12-01","2025-04-22","2025-12-01","available-cumulative","2025-04-22","kiwoom","mock","KRX","ka10008","valid","ready","2026-10-06T12:19:27.676Z"
"raw","KR","stock","005930","day","KRW","foreign","2025-10-06","1.5","%","키움증권 · 모의","wght","2025-10-06","unknown","2026-10-06T12:19:27.658Z","","","false","","","","","partial","QA SYNTHETIC API → 격리된 메모리 PGlite → 실제 서버 서비스 · 모의 응답 · 실수급 검증 아님 · 요청 시작일까지 확보 · KRX 시장 · 공급자 기준일/공표시각/확정 여부 미확인","true","true","2025-04-22","2025-12-01","2025-04-22","2025-12-01","available-cumulative","2025-04-22","kiwoom","mock","KRX","ka10008","valid","ready","2026-10-06T12:19:27.676Z"
"raw","KR","stock","005930","day","KRW","foreign","2025-10-07","1.6","%","키움증권 · 모의","wght","2025-10-07","unknown","2026-10-06T12:19:27.658Z","","","false","","","","","partial","QA SYNTHETIC API → 격리된 메모리 PGlite → 실제 서버 서비스 · 모의 응답 · 실수급 검증 아님 · 요청 시작일까지 확보 · KRX 시장 · 공급자 기준일/공표시각/확정 여부 미확인","true","true","2025-04-22","2025-12-01","2025-04-22","2025-12-01","available-cumulative","2025-04-22","kiwoom","mock","KRX","ka10008","valid","ready","2026-10-06T12:19:27.676Z"
"raw","KR","stock","005930","day","KRW","foreign","2025-10-08","1.7","%","키움증권 · 모의","wght","2025-10-08","unknown","2026-10-06T12:19:27.658Z","","","false","","","","","partial","QA SYNTHETIC API → 격리된 메모리 PGlite → 실제 서버 서비스 · 모의 응답 · 실수급 검증 아님 · 요청 시작일까지 확보 · KRX 시장 · 공급자 기준일/공표시각/확정 여부 미확인","true","true","2025-04-22","2025-12-01","2025-04-22","2025-12-01","available-cumulative","2025-04-22","kiwoom","mock","KRX","ka10008","valid","ready","2026-10-06T12:19:27.676Z"
"raw","KR","stock","005930","day","KRW","foreign","2025-10-09","1.8","%","키움증권 · 모의","wght","2025-10-09","unknown","2026-10-06T12:19:27.658Z","","","false","","","","","partial","QA SYNTHETIC API → 격리된 메모리 PGlite → 실제 서버 서비스 · 모의 응답 · 실수급 검증 아님 · 요청 시작일까지 확보 · KRX 시장 · 공급자 기준일/공표시각/확정 여부 미확인","true","true","2025-04-22","2025-12-01","2025-04-22","2025-12-01","available-cumulative","2025-04-22","kiwoom","mock","KRX","ka10008","valid","ready","2026-10-06T12:19:27.676Z"
"raw","KR","stock","005930","day","KRW","foreign","2025-10-10","1.9","%","키움증권 · 모의","wght","2025-10-10","unknown","2026-10-06T12:19:27.658Z","","","false","","","","","partial","QA SYNTHETIC API → 격리된 메모리 PGlite → 실제 서버 서비스 · 모의 응답 · 실수급 검증 아님 · 요청 시작일까지 확보 · KRX 시장 · 공급자 기준일/공표시각/확정 여부 미확인","true","true","2025-04-22","2025-12-01","2025-04-22","2025-12-01","available-cumulative","2025-04-22","kiwoom","mock","KRX","ka10008","valid","ready","2026-10-06T12:19:27.676Z"
"raw","KR","stock","005930","day","KRW","foreign","2025-10-13","2","%","키움증권 · 모의","wght","2025-10-13","unknown","2026-10-06T12:19:27.658Z","","","false","","","","","partial","QA SYNTHETIC API → 격리된 메모리 PGlite → 실제 서버 서비스 · 모의 응답 · 실수급 검증 아님 · 요청 시작일까지 확보 · KRX 시장 · 공급자 기준일/공표시각/확정 여부 미확인","true","true","2025-04-22","2025-12-01","2025-04-22","2025-12-01","available-cumulative","2025-04-22","kiwoom","mock","KRX","ka10008","valid","ready","2026-10-06T12:19:27.676Z"
"raw","KR","stock","005930","day","KRW","foreign","2025-10-14","2.1","%","키움증권 · 모의","wght","2025-10-14","unknown","2026-10-06T12:19:27.658Z","","","false","","","","","partial","QA SYNTHETIC API → 격리된 메모리 PGlite → 실제 서버 서비스 · 모의 응답 · 실수급 검증 아님 · 요청 시작일까지 확보 · KRX 시장 · 공급자 기준일/공표시각/확정 여부 미확인","true","true","2025-04-22","2025-12-01","2025-04-22","2025-12-01","available-cumulative","2025-04-22","kiwoom","mock","KRX","ka10008","valid","ready","2026-10-06T12:19:27.676Z"
"raw","KR","stock","005930","day","KRW","foreign","2025-10-15","2.2","%","키움증권 · 모의","wght","2025-10-15","unknown","2026-10-06T12:19:27.658Z","","","false","","","","","partial","QA SYNTHETIC API → 격리된 메모리 PGlite → 실제 서버 서비스 · 모의 응답 · 실수급 검증 아님 · 요청 시작일까지 확보 · KRX 시장 · 공급자 기준일/공표시각/확정 여부 미확인","true","true","2025-04-22","2025-12-01","2025-04-22","2025-12-01","available-cumulative","2025-04-22","kiwoom","mock","KRX","ka10008","valid","ready","2026-10-06T12:19:27.676Z"
"raw","KR","stock","005930","day","KRW","foreign","2025-10-16","2.3","%","키움증권 · 모의","wght","2025-10-16","unknown","2026-10-06T12:19:27.658Z","","","false","","","","","partial","QA SYNTHETIC API → 격리된 메모리 PGlite → 실제 서버 서비스 · 모의 응답 · 실수급 검증 아님 · 요청 시작일까지 확보 · KRX 시장 · 공급자 기준일/공표시각/확정 여부 미확인","true","true","2025-04-22","2025-12-01","2025-04-22","2025-12-01","available-cumulative","2025-04-22","kiwoom","mock","KRX","ka10008","valid","ready","2026-10-06T12:19:27.676Z"
"raw","KR","stock","005930","day","KRW","foreign","2025-10-17","2.4","%","키움증권 · 모의","wght","2025-10-17","unknown","2026-10-06T12:19:27.658Z","","","false","","","","","partial","QA SYNTHETIC API → 격리된 메모리 PGlite → 실제 서버 서비스 · 모의 응답 · 실수급 검증 아님 · 요청 시작일까지 확보 · KRX 시장 · 공급자 기준일/공표시각/확정 여부 미확인","true","true","2025-04-22","2025-12-01","2025-04-22","2025-12-01","available-cumulative","2025-04-22","kiwoom","mock","KRX","ka10008","valid","ready","2026-10-06T12:19:27.676Z"
"raw","KR","stock","005930","day","KRW","foreign","2025-10-20","2.5","%","키움증권 · 모의","wght","2025-10-20","unknown","2026-10-06T12:19:27.658Z","","","false","","","","","partial","QA SYNTHETIC API → 격리된 메모리 PGlite → 실제 서버 서비스 · 모의 응답 · 실수급 검증 아님 · 요청 시작일까지 확보 · KRX 시장 · 공급자 기준일/공표시각/확정 여부 미확인","true","true","2025-04-22","2025-12-01","2025-04-22","2025-12-01","available-cumulative","2025-04-22","kiwoom","mock","KRX","ka10008","valid","ready","2026-10-06T12:19:27.676Z"
"raw","KR","stock","005930","day","KRW","foreign","2025-10-21","2.6","%","키움증권 · 모의","wght","2025-10-21","unknown","2026-10-06T12:19:27.658Z","","","false","","","","","partial","QA SYNTHETIC API → 격리된 메모리 PGlite → 실제 서버 서비스 · 모의 응답 · 실수급 검증 아님 · 요청 시작일까지 확보 · KRX 시장 · 공급자 기준일/공표시각/확정 여부 미확인","true","true","2025-04-22","2025-12-01","2025-04-22","2025-12-01","available-cumulative","2025-04-22","kiwoom","mock","KRX","ka10008","valid","ready","2026-10-06T12:19:27.676Z"
"raw","KR","stock","005930","day","KRW","foreign","2025-10-22","2.7","%","키움증권 · 모의","wght","2025-10-22","unknown","2026-10-06T12:19:27.658Z","","","false","","","","","partial","QA SYNTHETIC API → 격리된 메모리 PGlite → 실제 서버 서비스 · 모의 응답 · 실수급 검증 아님 · 요청 시작일까지 확보 · KRX 시장 · 공급자 기준일/공표시각/확정 여부 미확인","true","true","2025-04-22","2025-12-01","2025-04-22","2025-12-01","available-cumulative","2025-04-22","kiwoom","mock","KRX","ka10008","valid","ready","2026-10-06T12:19:27.676Z"
"raw","KR","stock","005930","day","KRW","foreign","2025-10-23","2.8","%","키움증권 · 모의","wght","2025-10-23","unknown","2026-10-06T12:19:27.658Z","","","false","","","","","partial","QA SYNTHETIC API → 격리된 메모리 PGlite → 실제 서버 서비스 · 모의 응답 · 실수급 검증 아님 · 요청 시작일까지 확보 · KRX 시장 · 공급자 기준일/공표시각/확정 여부 미확인","true","true","2025-04-22","2025-12-01","2025-04-22","2025-12-01","available-cumulative","2025-04-22","kiwoom","mock","KRX","ka10008","valid","ready","2026-10-06T12:19:27.676Z"
"raw","KR","stock","005930","day","KRW","foreign","2025-10-24","2.9","%","키움증권 · 모의","wght","2025-10-24","unknown","2026-10-06T12:19:27.658Z","","","false","","","","","partial","QA SYNTHETIC API → 격리된 메모리 PGlite → 실제 서버 서비스 · 모의 응답 · 실수급 검증 아님 · 요청 시작일까지 확보 · KRX 시장 · 공급자 기준일/공표시각/확정 여부 미확인","true","true","2025-04-22","2025-12-01","2025-04-22","2025-12-01","available-cumulative","2025-04-22","kiwoom","mock","KRX","ka10008","valid","ready","2026-10-06T12:19:27.676Z"
"raw","KR","stock","005930","day","KRW","foreign","2025-10-27","3","%","키움증권 · 모의","wght","2025-10-27","unknown","2026-10-06T12:19:27.658Z","","","false","","","","","partial","QA SYNTHETIC API → 격리된 메모리 PGlite → 실제 서버 서비스 · 모의 응답 · 실수급 검증 아님 · 요청 시작일까지 확보 · KRX 시장 · 공급자 기준일/공표시각/확정 여부 미확인","true","true","2025-04-22","2025-12-01","2025-04-22","2025-12-01","available-cumulative","2025-04-22","kiwoom","mock","KRX","ka10008","valid","ready","2026-10-06T12:19:27.676Z"
"raw","KR","stock","005930","day","KRW","foreign","2025-10-28","3.1","%","키움증권 · 모의","wght","2025-10-28","unknown","2026-10-06T12:19:27.658Z","","","false","","","","","partial","QA SYNTHETIC API → 격리된 메모리 PGlite → 실제 서버 서비스 · 모의 응답 · 실수급 검증 아님 · 요청 시작일까지 확보 · KRX 시장 · 공급자 기준일/공표시각/확정 여부 미확인","true","true","2025-04-22","2025-12-01","2025-04-22","2025-12-01","available-cumulative","2025-04-22","kiwoom","mock","KRX","ka10008","valid","ready","2026-10-06T12:19:27.676Z"
"raw","KR","stock","005930","day","KRW","foreign","2025-10-29","3.2","%","키움증권 · 모의","wght","2025-10-29","unknown","2026-10-06T12:19:27.658Z","","","false","","","","","partial","QA SYNTHETIC API → 격리된 메모리 PGlite → 실제 서버 서비스 · 모의 응답 · 실수급 검증 아님 · 요청 시작일까지 확보 · KRX 시장 · 공급자 기준일/공표시각/확정 여부 미확인","true","true","2025-04-22","2025-12-01","2025-04-22","2025-12-01","available-cumulative","2025-04-22","kiwoom","mock","KRX","ka10008","valid","ready","2026-10-06T12:19:27.676Z"
"raw","KR","stock","005930","day","KRW","foreign","2025-10-30","3.3","%","키움증권 · 모의","wght","2025-10-30","unknown","2026-10-06T12:19:27.658Z","","","false","","","","","partial","QA SYNTHETIC API → 격리된 메모리 PGlite → 실제 서버 서비스 · 모의 응답 · 실수급 검증 아님 · 요청 시작일까지 확보 · KRX 시장 · 공급자 기준일/공표시각/확정 여부 미확인","true","true","2025-04-22","2025-12-01","2025-04-22","2025-12-01","available-cumulative","2025-04-22","kiwoom","mock","KRX","ka10008","valid","ready","2026-10-06T12:19:27.676Z"
"raw","KR","stock","005930","day","KRW","foreign","2025-10-31","3.4","%","키움증권 · 모의","wght","2025-10-31","unknown","2026-10-06T12:19:27.658Z","","","false","","","","","partial","QA SYNTHETIC API → 격리된 메모리 PGlite → 실제 서버 서비스 · 모의 응답 · 실수급 검증 아님 · 요청 시작일까지 확보 · KRX 시장 · 공급자 기준일/공표시각/확정 여부 미확인","true","true","2025-04-22","2025-12-01","2025-04-22","2025-12-01","available-cumulative","2025-04-22","kiwoom","mock","KRX","ka10008","valid","ready","2026-10-06T12:19:27.676Z"
"raw","KR","stock","005930","day","KRW","foreign","2025-11-03","3.5","%","키움증권 · 모의","wght","2025-11-03","unknown","2026-10-06T12:19:27.658Z","","","false","","","","","partial","QA SYNTHETIC API → 격리된 메모리 PGlite → 실제 서버 서비스 · 모의 응답 · 실수급 검증 아님 · 요청 시작일까지 확보 · KRX 시장 · 공급자 기준일/공표시각/확정 여부 미확인","true","true","2025-04-22","2025-12-01","2025-04-22","2025-12-01","available-cumulative","2025-04-22","kiwoom","mock","KRX","ka10008","valid","ready","2026-10-06T12:19:27.676Z"
"raw","KR","stock","005930","day","KRW","foreign","2025-11-04","3.6","%","키움증권 · 모의","wght","2025-11-04","unknown","2026-10-06T12:19:27.658Z","","","false","","","","","partial","QA SYNTHETIC API → 격리된 메모리 PGlite → 실제 서버 서비스 · 모의 응답 · 실수급 검증 아님 · 요청 시작일까지 확보 · KRX 시장 · 공급자 기준일/공표시각/확정 여부 미확인","true","true","2025-04-22","2025-12-01","2025-04-22","2025-12-01","available-cumulative","2025-04-22","kiwoom","mock","KRX","ka10008","valid","ready","2026-10-06T12:19:27.676Z"
"raw","KR","stock","005930","day","KRW","foreign","2025-11-05","0","%","키움증권 · 모의","wght","2025-11-05","unknown","2026-10-06T12:19:27.658Z","","","false","","","","","partial","QA SYNTHETIC API → 격리된 메모리 PGlite → 실제 서버 서비스 · 모의 응답 · 실수급 검증 아님 · 요청 시작일까지 확보 · KRX 시장 · 공급자 기준일/공표시각/확정 여부 미확인","true","true","2025-04-22","2025-12-01","2025-04-22","2025-12-01","available-cumulative","2025-04-22","kiwoom","mock","KRX","ka10008","valid","ready","2026-10-06T12:19:27.676Z"
"raw","KR","stock","005930","day","KRW","foreign","2025-11-06","0.1","%","키움증권 · 모의","wght","2025-11-06","unknown","2026-10-06T12:19:27.658Z","","","false","","","","","partial","QA SYNTHETIC API → 격리된 메모리 PGlite → 실제 서버 서비스 · 모의 응답 · 실수급 검증 아님 · 요청 시작일까지 확보 · KRX 시장 · 공급자 기준일/공표시각/확정 여부 미확인","true","true","2025-04-22","2025-12-01","2025-04-22","2025-12-01","available-cumulative","2025-04-22","kiwoom","mock","KRX","ka10008","valid","ready","2026-10-06T12:19:27.676Z"
"raw","KR","stock","005930","day","KRW","foreign","2025-11-07","0.2","%","키움증권 · 모의","wght","2025-11-07","unknown","2026-10-06T12:19:27.658Z","","","false","","","","","partial","QA SYNTHETIC API → 격리된 메모리 PGlite → 실제 서버 서비스 · 모의 응답 · 실수급 검증 아님 · 요청 시작일까지 확보 · KRX 시장 · 공급자 기준일/공표시각/확정 여부 미확인","true","true","2025-04-22","2025-12-01","2025-04-22","2025-12-01","available-cumulative","2025-04-22","kiwoom","mock","KRX","ka10008","valid","ready","2026-10-06T12:19:27.676Z"
"raw","KR","stock","005930","day","KRW","foreign","2025-11-10","0.3","%","키움증권 · 모의","wght","2025-11-10","unknown","2026-10-06T12:19:27.658Z","","","false","","","","","partial","QA SYNTHETIC API → 격리된 메모리 PGlite → 실제 서버 서비스 · 모의 응답 · 실수급 검증 아님 · 요청 시작일까지 확보 · KRX 시장 · 공급자 기준일/공표시각/확정 여부 미확인","true","true","2025-04-22","2025-12-01","2025-04-22","2025-12-01","available-cumulative","2025-04-22","kiwoom","mock","KRX","ka10008","valid","ready","2026-10-06T12:19:27.676Z"
"raw","KR","stock","005930","day","KRW","foreign","2025-11-11","0.4","%","키움증권 · 모의","wght","2025-11-11","unknown","2026-10-06T12:19:27.658Z","","","false","","","","","partial","QA SYNTHETIC API → 격리된 메모리 PGlite → 실제 서버 서비스 · 모의 응답 · 실수급 검증 아님 · 요청 시작일까지 확보 · KRX 시장 · 공급자 기준일/공표시각/확정 여부 미확인","true","true","2025-04-22","2025-12-01","2025-04-22","2025-12-01","available-cumulative","2025-04-22","kiwoom","mock","KRX","ka10008","valid","ready","2026-10-06T12:19:27.676Z"
"raw","KR","stock","005930","day","KRW","foreign","2025-11-12","0.5","%","키움증권 · 모의","wght","2025-11-12","unknown","2026-10-06T12:19:27.658Z","","","false","","","","","partial","QA SYNTHETIC API → 격리된 메모리 PGlite → 실제 서버 서비스 · 모의 응답 · 실수급 검증 아님 · 요청 시작일까지 확보 · KRX 시장 · 공급자 기준일/공표시각/확정 여부 미확인","true","true","2025-04-22","2025-12-01","2025-04-22","2025-12-01","available-cumulative","2025-04-22","kiwoom","mock","KRX","ka10008","valid","ready","2026-10-06T12:19:27.676Z"
"raw","KR","stock","005930","day","KRW","foreign","2025-11-13","0.6","%","키움증권 · 모의","wght","2025-11-13","unknown","2026-10-06T12:19:27.658Z","","","false","","","","","partial","QA SYNTHETIC API → 격리된 메모리 PGlite → 실제 서버 서비스 · 모의 응답 · 실수급 검증 아님 · 요청 시작일까지 확보 · KRX 시장 · 공급자 기준일/공표시각/확정 여부 미확인","true","true","2025-04-22","2025-12-01","2025-04-22","2025-12-01","available-cumulative","2025-04-22","kiwoom","mock","KRX","ka10008","valid","ready","2026-10-06T12:19:27.676Z"
"raw","KR","stock","005930","day","KRW","foreign","2025-11-14","0.7","%","키움증권 · 모의","wght","2025-11-14","unknown","2026-10-06T12:19:27.658Z","","","false","","","","","partial","QA SYNTHETIC API → 격리된 메모리 PGlite → 실제 서버 서비스 · 모의 응답 · 실수급 검증 아님 · 요청 시작일까지 확보 · KRX 시장 · 공급자 기준일/공표시각/확정 여부 미확인","true","true","2025-04-22","2025-12-01","2025-04-22","2025-12-01","available-cumulative","2025-04-22","kiwoom","mock","KRX","ka10008","valid","ready","2026-10-06T12:19:27.676Z"
"raw","KR","stock","005930","day","KRW","foreign","2025-11-17","0.8","%","키움증권 · 모의","wght","2025-11-17","unknown","2026-10-06T12:19:27.658Z","","","false","","","","","partial","QA SYNTHETIC API → 격리된 메모리 PGlite → 실제 서버 서비스 · 모의 응답 · 실수급 검증 아님 · 요청 시작일까지 확보 · KRX 시장 · 공급자 기준일/공표시각/확정 여부 미확인","true","true","2025-04-22","2025-12-01","2025-04-22","2025-12-01","available-cumulative","2025-04-22","kiwoom","mock","KRX","ka10008","valid","ready","2026-10-06T12:19:27.676Z"
"raw","KR","stock","005930","day","KRW","foreign","2025-11-18","0.9","%","키움증권 · 모의","wght","2025-11-18","unknown","2026-10-06T12:19:27.658Z","","","false","","","","","partial","QA SYNTHETIC API → 격리된 메모리 PGlite → 실제 서버 서비스 · 모의 응답 · 실수급 검증 아님 · 요청 시작일까지 확보 · KRX 시장 · 공급자 기준일/공표시각/확정 여부 미확인","true","true","2025-04-22","2025-12-01","2025-04-22","2025-12-01","available-cumulative","2025-04-22","kiwoom","mock","KRX","ka10008","valid","ready","2026-10-06T12:19:27.676Z"
"raw","KR","stock","005930","day","KRW","foreign","2025-11-19","1","%","키움증권 · 모의","wght","2025-11-19","unknown","2026-10-06T12:19:27.658Z","","","false","","","","","partial","QA SYNTHETIC API → 격리된 메모리 PGlite → 실제 서버 서비스 · 모의 응답 · 실수급 검증 아님 · 요청 시작일까지 확보 · KRX 시장 · 공급자 기준일/공표시각/확정 여부 미확인","true","true","2025-04-22","2025-12-01","2025-04-22","2025-12-01","available-cumulative","2025-04-22","kiwoom","mock","KRX","ka10008","valid","ready","2026-10-06T12:19:27.676Z"
"raw","KR","stock","005930","day","KRW","foreign","2025-11-20","1.1","%","키움증권 · 모의","wght","2025-11-20","unknown","2026-10-06T12:19:27.658Z","","","false","","","","","partial","QA SYNTHETIC API → 격리된 메모리 PGlite → 실제 서버 서비스 · 모의 응답 · 실수급 검증 아님 · 요청 시작일까지 확보 · KRX 시장 · 공급자 기준일/공표시각/확정 여부 미확인","true","true","2025-04-22","2025-12-01","2025-04-22","2025-12-01","available-cumulative","2025-04-22","kiwoom","mock","KRX","ka10008","valid","ready","2026-10-06T12:19:27.676Z"
"raw","KR","stock","005930","day","KRW","foreign","2025-11-21","1.2","%","키움증권 · 모의","wght","2025-11-21","unknown","2026-10-06T12:19:27.658Z","","","false","","","","","partial","QA SYNTHETIC API → 격리된 메모리 PGlite → 실제 서버 서비스 · 모의 응답 · 실수급 검증 아님 · 요청 시작일까지 확보 · KRX 시장 · 공급자 기준일/공표시각/확정 여부 미확인","true","true","2025-04-22","2025-12-01","2025-04-22","2025-12-01","available-cumulative","2025-04-22","kiwoom","mock","KRX","ka10008","valid","ready","2026-10-06T12:19:27.676Z"
"raw","KR","stock","005930","day","KRW","foreign","2025-11-24","1.3","%","키움증권 · 모의","wght","2025-11-24","unknown","2026-10-06T12:19:27.658Z","","","false","","","","","partial","QA SYNTHETIC API → 격리된 메모리 PGlite → 실제 서버 서비스 · 모의 응답 · 실수급 검증 아님 · 요청 시작일까지 확보 · KRX 시장 · 공급자 기준일/공표시각/확정 여부 미확인","true","true","2025-04-22","2025-12-01","2025-04-22","2025-12-01","available-cumulative","2025-04-22","kiwoom","mock","KRX","ka10008","valid","ready","2026-10-06T12:19:27.676Z"
"raw","KR","stock","005930","day","KRW","foreign","2025-11-25","1.4","%","키움증권 · 모의","wght","2025-11-25","unknown","2026-10-06T12:19:27.658Z","","","false","","","","","partial","QA SYNTHETIC API → 격리된 메모리 PGlite → 실제 서버 서비스 · 모의 응답 · 실수급 검증 아님 · 요청 시작일까지 확보 · KRX 시장 · 공급자 기준일/공표시각/확정 여부 미확인","true","true","2025-04-22","2025-12-01","2025-04-22","2025-12-01","available-cumulative","2025-04-22","kiwoom","mock","KRX","ka10008","valid","ready","2026-10-06T12:19:27.676Z"
"raw","KR","stock","005930","day","KRW","foreign","2025-11-26","1.5","%","키움증권 · 모의","wght","2025-11-26","unknown","2026-10-06T12:19:27.658Z","","","false","","","","","partial","QA SYNTHETIC API → 격리된 메모리 PGlite → 실제 서버 서비스 · 모의 응답 · 실수급 검증 아님 · 요청 시작일까지 확보 · KRX 시장 · 공급자 기준일/공표시각/확정 여부 미확인","true","true","2025-04-22","2025-12-01","2025-04-22","2025-12-01","available-cumulative","2025-04-22","kiwoom","mock","KRX","ka10008","valid","ready","2026-10-06T12:19:27.676Z"
"raw","KR","stock","005930","day","KRW","foreign","2025-11-27","1.6","%","키움증권 · 모의","wght","2025-11-27","unknown","2026-10-06T12:19:27.658Z","","","false","","","","","partial","QA SYNTHETIC API → 격리된 메모리 PGlite → 실제 서버 서비스 · 모의 응답 · 실수급 검증 아님 · 요청 시작일까지 확보 · KRX 시장 · 공급자 기준일/공표시각/확정 여부 미확인","true","true","2025-04-22","2025-12-01","2025-04-22","2025-12-01","available-cumulative","2025-04-22","kiwoom","mock","KRX","ka10008","valid","ready","2026-10-06T12:19:27.676Z"
"raw","KR","stock","005930","day","KRW","foreign","2025-11-28","1.7","%","키움증권 · 모의","wght","2025-11-28","unknown","2026-10-06T12:19:27.658Z","","","false","","","","","partial","QA SYNTHETIC API → 격리된 메모리 PGlite → 실제 서버 서비스 · 모의 응답 · 실수급 검증 아님 · 요청 시작일까지 확보 · KRX 시장 · 공급자 기준일/공표시각/확정 여부 미확인","true","true","2025-04-22","2025-12-01","2025-04-22","2025-12-01","available-cumulative","2025-04-22","kiwoom","mock","KRX","ka10008","valid","ready","2026-10-06T12:19:27.676Z"
"raw","KR","stock","005930","day","KRW","foreign","2025-12-01","1.8","%","키움증권 · 모의","wght","2025-12-01","unknown","2026-10-06T12:19:27.658Z","","","false","","","","","partial","QA SYNTHETIC API → 격리된 메모리 PGlite → 실제 서버 서비스 · 모의 응답 · 실수급 검증 아님 · 요청 시작일까지 확보 · KRX 시장 · 공급자 기준일/공표시각/확정 여부 미확인","true","true","2025-04-22","2025-12-01","2025-04-22","2025-12-01","available-cumulative","2025-04-22","kiwoom","mock","KRX","ka10008","valid","ready","2026-10-06T12:19:27.676Z"
"aligned","KR","stock","005930","day","KRW","foreign","2025-04-22","0.7","%","키움증권 · 모의","wght","2025-04-22","unknown","2026-10-06T12:19:27.658Z","","","true","봉 기간의 마지막 유효 관측값","","","","partial","QA SYNTHETIC API → 격리된 메모리 PGlite → 실제 서버 서비스 · 모의 응답 · 실수급 검증 아님 · 요청 시작일까지 확보 · KRX 시장 · 공급자 기준일/공표시각/확정 여부 미확인","false","true","2025-04-22","2025-12-01","2025-04-22","2025-12-01","available-cumulative","2025-04-22","kiwoom","mock","KRX","ka10008","","ready","2026-10-06T12:19:27.676Z"
"aligned","KR","stock","005930","day","KRW","foreign","2025-04-23","0.8","%","키움증권 · 모의","wght","2025-04-23","unknown","2026-10-06T12:19:27.658Z","","","true","봉 기간의 마지막 유효 관측값","","","","partial","QA SYNTHETIC API → 격리된 메모리 PGlite → 실제 서버 서비스 · 모의 응답 · 실수급 검증 아님 · 요청 시작일까지 확보 · KRX 시장 · 공급자 기준일/공표시각/확정 여부 미확인","false","true","2025-04-22","2025-12-01","2025-04-22","2025-12-01","available-cumulative","2025-04-22","kiwoom","mock","KRX","ka10008","","ready","2026-10-06T12:19:27.676Z"
"aligned","KR","stock","005930","day","KRW","foreign","2025-04-24","0.9","%","키움증권 · 모의","wght","2025-04-24","unknown","2026-10-06T12:19:27.658Z","","","true","봉 기간의 마지막 유효 관측값","","","","partial","QA SYNTHETIC API → 격리된 메모리 PGlite → 실제 서버 서비스 · 모의 응답 · 실수급 검증 아님 · 요청 시작일까지 확보 · KRX 시장 · 공급자 기준일/공표시각/확정 여부 미확인","false","true","2025-04-22","2025-12-01","2025-04-22","2025-12-01","available-cumulative","2025-04-22","kiwoom","mock","KRX","ka10008","","ready","2026-10-06T12:19:27.676Z"
"aligned","KR","stock","005930","day","KRW","foreign","2025-04-25","1","%","키움증권 · 모의","wght","2025-04-25","unknown","2026-10-06T12:19:27.658Z","","","true","봉 기간의 마지막 유효 관측값","","","","partial","QA SYNTHETIC API → 격리된 메모리 PGlite → 실제 서버 서비스 · 모의 응답 · 실수급 검증 아님 · 요청 시작일까지 확보 · KRX 시장 · 공급자 기준일/공표시각/확정 여부 미확인","false","true","2025-04-22","2025-12-01","2025-04-22","2025-12-01","available-cumulative","2025-04-22","kiwoom","mock","KRX","ka10008","","ready","2026-10-06T12:19:27.676Z"
"aligned","KR","stock","005930","day","KRW","foreign","2025-04-28","1.1","%","키움증권 · 모의","wght","2025-04-28","unknown","2026-10-06T12:19:27.658Z","","","true","봉 기간의 마지막 유효 관측값","","","","partial","QA SYNTHETIC API → 격리된 메모리 PGlite → 실제 서버 서비스 · 모의 응답 · 실수급 검증 아님 · 요청 시작일까지 확보 · KRX 시장 · 공급자 기준일/공표시각/확정 여부 미확인","false","true","2025-04-22","2025-12-01","2025-04-22","2025-12-01","available-cumulative","2025-04-22","kiwoom","mock","KRX","ka10008","","ready","2026-10-06T12:19:27.676Z"
"aligned","KR","stock","005930","day","KRW","foreign","2025-04-29","1.2","%","키움증권 · 모의","wght","2025-04-29","unknown","2026-10-06T12:19:27.658Z","","","true","봉 기간의 마지막 유효 관측값","","","","partial","QA SYNTHETIC API → 격리된 메모리 PGlite → 실제 서버 서비스 · 모의 응답 · 실수급 검증 아님 · 요청 시작일까지 확보 · KRX 시장 · 공급자 기준일/공표시각/확정 여부 미확인","false","true","2025-04-22","2025-12-01","2025-04-22","2025-12-01","available-cumulative","2025-04-22","kiwoom","mock","KRX","ka10008","","ready","2026-10-06T12:19:27.676Z"
"aligned","KR","stock","005930","day","KRW","foreign","2025-04-30","1.3","%","키움증권 · 모의","wght","2025-04-30","unknown","2026-10-06T12:19:27.658Z","","","true","봉 기간의 마지막 유효 관측값","","","","partial","QA SYNTHETIC API → 격리된 메모리 PGlite → 실제 서버 서비스 · 모의 응답 · 실수급 검증 아님 · 요청 시작일까지 확보 · KRX 시장 · 공급자 기준일/공표시각/확정 여부 미확인","false","true","2025-04-22","2025-12-01","2025-04-22","2025-12-01","available-cumulative","2025-04-22","kiwoom","mock","KRX","ka10008","","ready","2026-10-06T12:19:27.676Z"
"aligned","KR","stock","005930","day","KRW","foreign","2025-05-01","1.4","%","키움증권 · 모의","wght","2025-05-01","unknown","2026-10-06T12:19:27.658Z","","","true","봉 기간의 마지막 유효 관측값","","","","partial","QA SYNTHETIC API → 격리된 메모리 PGlite → 실제 서버 서비스 · 모의 응답 · 실수급 검증 아님 · 요청 시작일까지 확보 · KRX 시장 · 공급자 기준일/공표시각/확정 여부 미확인","false","true","2025-04-22","2025-12-01","2025-04-22","2025-12-01","available-cumulative","2025-04-22","kiwoom","mock","KRX","ka10008","","ready","2026-10-06T12:19:27.676Z"
"aligned","KR","stock","005930","day","KRW","foreign","2025-05-02","1.5","%","키움증권 · 모의","wght","2025-05-02","unknown","2026-10-06T12:19:27.658Z","","","true","봉 기간의 마지막 유효 관측값","","","","partial","QA SYNTHETIC API → 격리된 메모리 PGlite → 실제 서버 서비스 · 모의 응답 · 실수급 검증 아님 · 요청 시작일까지 확보 · KRX 시장 · 공급자 기준일/공표시각/확정 여부 미확인","false","true","2025-04-22","2025-12-01","2025-04-22","2025-12-01","available-cumulative","2025-04-22","kiwoom","mock","KRX","ka10008","","ready","2026-10-06T12:19:27.676Z"
"aligned","KR","stock","005930","day","KRW","foreign","2025-05-05","1.6","%","키움증권 · 모의","wght","2025-05-05","unknown","2026-10-06T12:19:27.658Z","","","true","봉 기간의 마지막 유효 관측값","","","","partial","QA SYNTHETIC API → 격리된 메모리 PGlite → 실제 서버 서비스 · 모의 응답 · 실수급 검증 아님 · 요청 시작일까지 확보 · KRX 시장 · 공급자 기준일/공표시각/확정 여부 미확인","false","true","2025-04-22","2025-12-01","2025-04-22","2025-12-01","available-cumulative","2025-04-22","kiwoom","mock","KRX","ka10008","","ready","2026-10-06T12:19:27.676Z"
"aligned","KR","stock","005930","day","KRW","foreign","2025-05-06","1.7","%","키움증권 · 모의","wght","2025-05-06","unknown","2026-10-06T12:19:27.658Z","","","true","봉 기간의 마지막 유효 관측값","","","","partial","QA SYNTHETIC API → 격리된 메모리 PGlite → 실제 서버 서비스 · 모의 응답 · 실수급 검증 아님 · 요청 시작일까지 확보 · KRX 시장 · 공급자 기준일/공표시각/확정 여부 미확인","false","true","2025-04-22","2025-12-01","2025-04-22","2025-12-01","available-cumulative","2025-04-22","kiwoom","mock","KRX","ka10008","","ready","2026-10-06T12:19:27.676Z"
"aligned","KR","stock","005930","day","KRW","foreign","2025-05-07","1.8","%","키움증권 · 모의","wght","2025-05-07","unknown","2026-10-06T12:19:27.658Z","","","true","봉 기간의 마지막 유효 관측값","","","","partial","QA SYNTHETIC API → 격리된 메모리 PGlite → 실제 서버 서비스 · 모의 응답 · 실수급 검증 아님 · 요청 시작일까지 확보 · KRX 시장 · 공급자 기준일/공표시각/확정 여부 미확인","false","true","2025-04-22","2025-12-01","2025-04-22","2025-12-01","available-cumulative","2025-04-22","kiwoom","mock","KRX","ka10008","","ready","2026-10-06T12:19:27.676Z"
"aligned","KR","stock","005930","day","KRW","foreign","2025-05-08","1.9","%","키움증권 · 모의","wght","2025-05-08","unknown","2026-10-06T12:19:27.658Z","","","true","봉 기간의 마지막 유효 관측값","","","","partial","QA SYNTHETIC API → 격리된 메모리 PGlite → 실제 서버 서비스 · 모의 응답 · 실수급 검증 아님 · 요청 시작일까지 확보 · KRX 시장 · 공급자 기준일/공표시각/확정 여부 미확인","false","true","2025-04-22","2025-12-01","2025-04-22","2025-12-01","available-cumulative","2025-04-22","kiwoom","mock","KRX","ka10008","","ready","2026-10-06T12:19:27.676Z"
"aligned","KR","stock","005930","day","KRW","foreign","2025-05-09","2","%","키움증권 · 모의","wght","2025-05-09","unknown","2026-10-06T12:19:27.658Z","","","true","봉 기간의 마지막 유효 관측값","","","","partial","QA SYNTHETIC API → 격리된 메모리 PGlite → 실제 서버 서비스 · 모의 응답 · 실수급 검증 아님 · 요청 시작일까지 확보 · KRX 시장 · 공급자 기준일/공표시각/확정 여부 미확인","false","true","2025-04-22","2025-12-01","2025-04-22","2025-12-01","available-cumulative","2025-04-22","kiwoom","mock","KRX","ka10008","","ready","2026-10-06T12:19:27.676Z"
"aligned","KR","stock","005930","day","KRW","foreign","2025-05-12","2.1","%","키움증권 · 모의","wght","2025-05-12","unknown","2026-10-06T12:19:27.658Z","","","true","봉 기간의 마지막 유효 관측값","","","","partial","QA SYNTHETIC API → 격리된 메모리 PGlite → 실제 서버 서비스 · 모의 응답 · 실수급 검증 아님 · 요청 시작일까지 확보 · KRX 시장 · 공급자 기준일/공표시각/확정 여부 미확인","false","true","2025-04-22","2025-12-01","2025-04-22","2025-12-01","available-cumulative","2025-04-22","kiwoom","mock","KRX","ka10008","","ready","2026-10-06T12:19:27.676Z"
"aligned","KR","stock","005930","day","KRW","foreign","2025-05-13","2.2","%","키움증권 · 모의","wght","2025-05-13","unknown","2026-10-06T12:19:27.658Z","","","true","봉 기간의 마지막 유효 관측값","","","","partial","QA SYNTHETIC API → 격리된 메모리 PGlite → 실제 서버 서비스 · 모의 응답 · 실수급 검증 아님 · 요청 시작일까지 확보 · KRX 시장 · 공급자 기준일/공표시각/확정 여부 미확인","false","true","2025-04-22","2025-12-01","2025-04-22","2025-12-01","available-cumulative","2025-04-22","kiwoom","mock","KRX","ka10008","","ready","2026-10-06T12:19:27.676Z"
"aligned","KR","stock","005930","day","KRW","foreign","2025-05-14","2.3","%","키움증권 · 모의","wght","2025-05-14","unknown","2026-10-06T12:19:27.658Z","","","true","봉 기간의 마지막 유효 관측값","","","","partial","QA SYNTHETIC API → 격리된 메모리 PGlite → 실제 서버 서비스 · 모의 응답 · 실수급 검증 아님 · 요청 시작일까지 확보 · KRX 시장 · 공급자 기준일/공표시각/확정 여부 미확인","false","true","2025-04-22","2025-12-01","2025-04-22","2025-12-01","available-cumulative","2025-04-22","kiwoom","mock","KRX","ka10008","","ready","2026-10-06T12:19:27.676Z"
"aligned","KR","stock","005930","day","KRW","foreign","2025-05-15","2.4","%","키움증권 · 모의","wght","2025-05-15","unknown","2026-10-06T12:19:27.658Z","","","true","봉 기간의 마지막 유효 관측값","","","","partial","QA SYNTHETIC API → 격리된 메모리 PGlite → 실제 서버 서비스 · 모의 응답 · 실수급 검증 아님 · 요청 시작일까지 확보 · KRX 시장 · 공급자 기준일/공표시각/확정 여부 미확인","false","true","2025-04-22","2025-12-01","2025-04-22","2025-12-01","available-cumulative","2025-04-22","kiwoom","mock","KRX","ka10008","","ready","2026-10-06T12:19:27.676Z"
"aligned","KR","stock","005930","day","KRW","foreign","2025-05-16","2.5","%","키움증권 · 모의","wght","2025-05-16","unknown","2026-10-06T12:19:27.658Z","","","true","봉 기간의 마지막 유효 관측값","","","","partial","QA SYNTHETIC API → 격리된 메모리 PGlite → 실제 서버 서비스 · 모의 응답 · 실수급 검증 아님 · 요청 시작일까지 확보 · KRX 시장 · 공급자 기준일/공표시각/확정 여부 미확인","false","true","2025-04-22","2025-12-01","2025-04-22","2025-12-01","available-cumulative","2025-04-22","kiwoom","mock","KRX","ka10008","","ready","2026-10-06T12:19:27.676Z"
"aligned","KR","stock","005930","day","KRW","foreign","2025-05-19","2.6","%","키움증권 · 모의","wght","2025-05-19","unknown","2026-10-06T12:19:27.658Z","","","true","봉 기간의 마지막 유효 관측값","","","","partial","QA SYNTHETIC API → 격리된 메모리 PGlite → 실제 서버 서비스 · 모의 응답 · 실수급 검증 아님 · 요청 시작일까지 확보 · KRX 시장 · 공급자 기준일/공표시각/확정 여부 미확인","false","true","2025-04-22","2025-12-01","2025-04-22","2025-12-01","available-cumulative","2025-04-22","kiwoom","mock","KRX","ka10008","","ready","2026-10-06T12:19:27.676Z"
"aligned","KR","stock","005930","day","KRW","foreign","2025-05-20","2.7","%","키움증권 · 모의","wght","2025-05-20","unknown","2026-10-06T12:19:27.658Z","","","true","봉 기간의 마지막 유효 관측값","","","","partial","QA SYNTHETIC API → 격리된 메모리 PGlite → 실제 서버 서비스 · 모의 응답 · 실수급 검증 아님 · 요청 시작일까지 확보 · KRX 시장 · 공급자 기준일/공표시각/확정 여부 미확인","false","true","2025-04-22","2025-12-01","2025-04-22","2025-12-01","available-cumulative","2025-04-22","kiwoom","mock","KRX","ka10008","","ready","2026-10-06T12:19:27.676Z"
"aligned","KR","stock","005930","day","KRW","foreign","2025-05-21","2.8","%","키움증권 · 모의","wght","2025-05-21","unknown","2026-10-06T12:19:27.658Z","","","true","봉 기간의 마지막 유효 관측값","","","","partial","QA SYNTHETIC API → 격리된 메모리 PGlite → 실제 서버 서비스 · 모의 응답 · 실수급 검증 아님 · 요청 시작일까지 확보 · KRX 시장 · 공급자 기준일/공표시각/확정 여부 미확인","false","true","2025-04-22","2025-12-01","2025-04-22","2025-12-01","available-cumulative","2025-04-22","kiwoom","mock","KRX","ka10008","","ready","2026-10-06T12:19:27.676Z"
"aligned","KR","stock","005930","day","KRW","foreign","2025-05-22","2.9","%","키움증권 · 모의","wght","2025-05-22","unknown","2026-10-06T12:19:27.658Z","","","true","봉 기간의 마지막 유효 관측값","","","","partial","QA SYNTHETIC API → 격리된 메모리 PGlite → 실제 서버 서비스 · 모의 응답 · 실수급 검증 아님 · 요청 시작일까지 확보 · KRX 시장 · 공급자 기준일/공표시각/확정 여부 미확인","false","true","2025-04-22","2025-12-01","2025-04-22","2025-12-01","available-cumulative","2025-04-22","kiwoom","mock","KRX","ka10008","","ready","2026-10-06T12:19:27.676Z"
"aligned","KR","stock","005930","day","KRW","foreign","2025-05-23","3","%","키움증권 · 모의","wght","2025-05-23","unknown","2026-10-06T12:19:27.658Z","","","true","봉 기간의 마지막 유효 관측값","","","","partial","QA SYNTHETIC API → 격리된 메모리 PGlite → 실제 서버 서비스 · 모의 응답 · 실수급 검증 아님 · 요청 시작일까지 확보 · KRX 시장 · 공급자 기준일/공표시각/확정 여부 미확인","false","true","2025-04-22","2025-12-01","2025-04-22","2025-12-01","available-cumulative","2025-04-22","kiwoom","mock","KRX","ka10008","","ready","2026-10-06T12:19:27.676Z"
"aligned","KR","stock","005930","day","KRW","foreign","2025-05-26","3.1","%","키움증권 · 모의","wght","2025-05-26","unknown","2026-10-06T12:19:27.658Z","","","true","봉 기간의 마지막 유효 관측값","","","","partial","QA SYNTHETIC API → 격리된 메모리 PGlite → 실제 서버 서비스 · 모의 응답 · 실수급 검증 아님 · 요청 시작일까지 확보 · KRX 시장 · 공급자 기준일/공표시각/확정 여부 미확인","false","true","2025-04-22","2025-12-01","2025-04-22","2025-12-01","available-cumulative","2025-04-22","kiwoom","mock","KRX","ka10008","","ready","2026-10-06T12:19:27.676Z"
"aligned","KR","stock","005930","day","KRW","foreign","2025-05-27","3.2","%","키움증권 · 모의","wght","2025-05-27","unknown","2026-10-06T12:19:27.658Z","","","true","봉 기간의 마지막 유효 관측값","","","","partial","QA SYNTHETIC API → 격리된 메모리 PGlite → 실제 서버 서비스 · 모의 응답 · 실수급 검증 아님 · 요청 시작일까지 확보 · KRX 시장 · 공급자 기준일/공표시각/확정 여부 미확인","false","true","2025-04-22","2025-12-01","2025-04-22","2025-12-01","available-cumulative","2025-04-22","kiwoom","mock","KRX","ka10008","","ready","2026-10-06T12:19:27.676Z"
"aligned","KR","stock","005930","day","KRW","foreign","2025-05-28","3.3","%","키움증권 · 모의","wght","2025-05-28","unknown","2026-10-06T12:19:27.658Z","","","true","봉 기간의 마지막 유효 관측값","","","","partial","QA SYNTHETIC API → 격리된 메모리 PGlite → 실제 서버 서비스 · 모의 응답 · 실수급 검증 아님 · 요청 시작일까지 확보 · KRX 시장 · 공급자 기준일/공표시각/확정 여부 미확인","false","true","2025-04-22","2025-12-01","2025-04-22","2025-12-01","available-cumulative","2025-04-22","kiwoom","mock","KRX","ka10008","","ready","2026-10-06T12:19:27.676Z"
"aligned","KR","stock","005930","day","KRW","foreign","2025-05-29","3.4","%","키움증권 · 모의","wght","2025-05-29","unknown","2026-10-06T12:19:27.658Z","","","true","봉 기간의 마지막 유효 관측값","","","","partial","QA SYNTHETIC API → 격리된 메모리 PGlite → 실제 서버 서비스 · 모의 응답 · 실수급 검증 아님 · 요청 시작일까지 확보 · KRX 시장 · 공급자 기준일/공표시각/확정 여부 미확인","false","true","2025-04-22","2025-12-01","2025-04-22","2025-12-01","available-cumulative","2025-04-22","kiwoom","mock","KRX","ka10008","","ready","2026-10-06T12:19:27.676Z"
"aligned","KR","stock","005930","day","KRW","foreign","2025-05-30","3.5","%","키움증권 · 모의","wght","2025-05-30","unknown","2026-10-06T12:19:27.658Z","","","true","봉 기간의 마지막 유효 관측값","","","","partial","QA SYNTHETIC API → 격리된 메모리 PGlite → 실제 서버 서비스 · 모의 응답 · 실수급 검증 아님 · 요청 시작일까지 확보 · KRX 시장 · 공급자 기준일/공표시각/확정 여부 미확인","false","true","2025-04-22","2025-12-01","2025-04-22","2025-12-01","available-cumulative","2025-04-22","kiwoom","mock","KRX","ka10008","","ready","2026-10-06T12:19:27.676Z"
"aligned","KR","stock","005930","day","KRW","foreign","2025-06-02","3.6","%","키움증권 · 모의","wght","2025-06-02","unknown","2026-10-06T12:19:27.658Z","","","true","봉 기간의 마지막 유효 관측값","","","","partial","QA SYNTHETIC API → 격리된 메모리 PGlite → 실제 서버 서비스 · 모의 응답 · 실수급 검증 아님 · 요청 시작일까지 확보 · KRX 시장 · 공급자 기준일/공표시각/확정 여부 미확인","false","true","2025-04-22","2025-12-01","2025-04-22","2025-12-01","available-cumulative","2025-04-22","kiwoom","mock","KRX","ka10008","","ready","2026-10-06T12:19:27.676Z"
"aligned","KR","stock","005930","day","KRW","foreign","2025-06-03","0","%","키움증권 · 모의","wght","2025-06-03","unknown","2026-10-06T12:19:27.658Z","","","true","봉 기간의 마지막 유효 관측값","","","","partial","QA SYNTHETIC API → 격리된 메모리 PGlite → 실제 서버 서비스 · 모의 응답 · 실수급 검증 아님 · 요청 시작일까지 확보 · KRX 시장 · 공급자 기준일/공표시각/확정 여부 미확인","false","true","2025-04-22","2025-12-01","2025-04-22","2025-12-01","available-cumulative","2025-04-22","kiwoom","mock","KRX","ka10008","","ready","2026-10-06T12:19:27.676Z"
"aligned","KR","stock","005930","day","KRW","foreign","2025-06-04","0.1","%","키움증권 · 모의","wght","2025-06-04","unknown","2026-10-06T12:19:27.658Z","","","true","봉 기간의 마지막 유효 관측값","","","","partial","QA SYNTHETIC API → 격리된 메모리 PGlite → 실제 서버 서비스 · 모의 응답 · 실수급 검증 아님 · 요청 시작일까지 확보 · KRX 시장 · 공급자 기준일/공표시각/확정 여부 미확인","false","true","2025-04-22","2025-12-01","2025-04-22","2025-12-01","available-cumulative","2025-04-22","kiwoom","mock","KRX","ka10008","","ready","2026-10-06T12:19:27.676Z"
"aligned","KR","stock","005930","day","KRW","foreign","2025-06-05","0.2","%","키움증권 · 모의","wght","2025-06-05","unknown","2026-10-06T12:19:27.658Z","","","true","봉 기간의 마지막 유효 관측값","","","","partial","QA SYNTHETIC API → 격리된 메모리 PGlite → 실제 서버 서비스 · 모의 응답 · 실수급 검증 아님 · 요청 시작일까지 확보 · KRX 시장 · 공급자 기준일/공표시각/확정 여부 미확인","false","true","2025-04-22","2025-12-01","2025-04-22","2025-12-01","available-cumulative","2025-04-22","kiwoom","mock","KRX","ka10008","","ready","2026-10-06T12:19:27.676Z"
"aligned","KR","stock","005930","day","KRW","foreign","2025-06-06","0.3","%","키움증권 · 모의","wght","2025-06-06","unknown","2026-10-06T12:19:27.658Z","","","true","봉 기간의 마지막 유효 관측값","","","","partial","QA SYNTHETIC API → 격리된 메모리 PGlite → 실제 서버 서비스 · 모의 응답 · 실수급 검증 아님 · 요청 시작일까지 확보 · KRX 시장 · 공급자 기준일/공표시각/확정 여부 미확인","false","true","2025-04-22","2025-12-01","2025-04-22","2025-12-01","available-cumulative","2025-04-22","kiwoom","mock","KRX","ka10008","","ready","2026-10-06T12:19:27.676Z"
"aligned","KR","stock","005930","day","KRW","foreign","2025-06-09","0.4","%","키움증권 · 모의","wght","2025-06-09","unknown","2026-10-06T12:19:27.658Z","","","true","봉 기간의 마지막 유효 관측값","","","","partial","QA SYNTHETIC API → 격리된 메모리 PGlite → 실제 서버 서비스 · 모의 응답 · 실수급 검증 아님 · 요청 시작일까지 확보 · KRX 시장 · 공급자 기준일/공표시각/확정 여부 미확인","false","true","2025-04-22","2025-12-01","2025-04-22","2025-12-01","available-cumulative","2025-04-22","kiwoom","mock","KRX","ka10008","","ready","2026-10-06T12:19:27.676Z"
"aligned","KR","stock","005930","day","KRW","foreign","2025-06-10","0.5","%","키움증권 · 모의","wght","2025-06-10","unknown","2026-10-06T12:19:27.658Z","","","true","봉 기간의 마지막 유효 관측값","","","","partial","QA SYNTHETIC API → 격리된 메모리 PGlite → 실제 서버 서비스 · 모의 응답 · 실수급 검증 아님 · 요청 시작일까지 확보 · KRX 시장 · 공급자 기준일/공표시각/확정 여부 미확인","false","true","2025-04-22","2025-12-01","2025-04-22","2025-12-01","available-cumulative","2025-04-22","kiwoom","mock","KRX","ka10008","","ready","2026-10-06T12:19:27.676Z"
"aligned","KR","stock","005930","day","KRW","foreign","2025-06-11","0.6","%","키움증권 · 모의","wght","2025-06-11","unknown","2026-10-06T12:19:27.658Z","","","true","봉 기간의 마지막 유효 관측값","","","","partial","QA SYNTHETIC API → 격리된 메모리 PGlite → 실제 서버 서비스 · 모의 응답 · 실수급 검증 아님 · 요청 시작일까지 확보 · KRX 시장 · 공급자 기준일/공표시각/확정 여부 미확인","false","true","2025-04-22","2025-12-01","2025-04-22","2025-12-01","available-cumulative","2025-04-22","kiwoom","mock","KRX","ka10008","","ready","2026-10-06T12:19:27.676Z"
"aligned","KR","stock","005930","day","KRW","foreign","2025-06-12","0.7","%","키움증권 · 모의","wght","2025-06-12","unknown","2026-10-06T12:19:27.658Z","","","true","봉 기간의 마지막 유효 관측값","","","","partial","QA SYNTHETIC API → 격리된 메모리 PGlite → 실제 서버 서비스 · 모의 응답 · 실수급 검증 아님 · 요청 시작일까지 확보 · KRX 시장 · 공급자 기준일/공표시각/확정 여부 미확인","false","true","2025-04-22","2025-12-01","2025-04-22","2025-12-01","available-cumulative","2025-04-22","kiwoom","mock","KRX","ka10008","","ready","2026-10-06T12:19:27.676Z"
"aligned","KR","stock","005930","day","KRW","foreign","2025-06-13","0.8","%","키움증권 · 모의","wght","2025-06-13","unknown","2026-10-06T12:19:27.658Z","","","true","봉 기간의 마지막 유효 관측값","","","","partial","QA SYNTHETIC API → 격리된 메모리 PGlite → 실제 서버 서비스 · 모의 응답 · 실수급 검증 아님 · 요청 시작일까지 확보 · KRX 시장 · 공급자 기준일/공표시각/확정 여부 미확인","false","true","2025-04-22","2025-12-01","2025-04-22","2025-12-01","available-cumulative","2025-04-22","kiwoom","mock","KRX","ka10008","","ready","2026-10-06T12:19:27.676Z"
"aligned","KR","stock","005930","day","KRW","foreign","2025-06-16","0.9","%","키움증권 · 모의","wght","2025-06-16","unknown","2026-10-06T12:19:27.658Z","","","true","봉 기간의 마지막 유효 관측값","","","","partial","QA SYNTHETIC API → 격리된 메모리 PGlite → 실제 서버 서비스 · 모의 응답 · 실수급 검증 아님 · 요청 시작일까지 확보 · KRX 시장 · 공급자 기준일/공표시각/확정 여부 미확인","false","true","2025-04-22","2025-12-01","2025-04-22","2025-12-01","available-cumulative","2025-04-22","kiwoom","mock","KRX","ka10008","","ready","2026-10-06T12:19:27.676Z"
"aligned","KR","stock","005930","day","KRW","foreign","2025-06-17","1","%","키움증권 · 모의","wght","2025-06-17","unknown","2026-10-06T12:19:27.658Z","","","true","봉 기간의 마지막 유효 관측값","","","","partial","QA SYNTHETIC API → 격리된 메모리 PGlite → 실제 서버 서비스 · 모의 응답 · 실수급 검증 아님 · 요청 시작일까지 확보 · KRX 시장 · 공급자 기준일/공표시각/확정 여부 미확인","false","true","2025-04-22","2025-12-01","2025-04-22","2025-12-01","available-cumulative","2025-04-22","kiwoom","mock","KRX","ka10008","","ready","2026-10-06T12:19:27.676Z"
"aligned","KR","stock","005930","day","KRW","foreign","2025-06-18","1.1","%","키움증권 · 모의","wght","2025-06-18","unknown","2026-10-06T12:19:27.658Z","","","true","봉 기간의 마지막 유효 관측값","","","","partial","QA SYNTHETIC API → 격리된 메모리 PGlite → 실제 서버 서비스 · 모의 응답 · 실수급 검증 아님 · 요청 시작일까지 확보 · KRX 시장 · 공급자 기준일/공표시각/확정 여부 미확인","false","true","2025-04-22","2025-12-01","2025-04-22","2025-12-01","available-cumulative","2025-04-22","kiwoom","mock","KRX","ka10008","","ready","2026-10-06T12:19:27.676Z"
"aligned","KR","stock","005930","day","KRW","foreign","2025-06-19","1.2","%","키움증권 · 모의","wght","2025-06-19","unknown","2026-10-06T12:19:27.658Z","","","true","봉 기간의 마지막 유효 관측값","","","","partial","QA SYNTHETIC API → 격리된 메모리 PGlite → 실제 서버 서비스 · 모의 응답 · 실수급 검증 아님 · 요청 시작일까지 확보 · KRX 시장 · 공급자 기준일/공표시각/확정 여부 미확인","false","true","2025-04-22","2025-12-01","2025-04-22","2025-12-01","available-cumulative","2025-04-22","kiwoom","mock","KRX","ka10008","","ready","2026-10-06T12:19:27.676Z"
"aligned","KR","stock","005930","day","KRW","foreign","2025-06-20","1.3","%","키움증권 · 모의","wght","2025-06-20","unknown","2026-10-06T12:19:27.658Z","","","true","봉 기간의 마지막 유효 관측값","","","","partial","QA SYNTHETIC API → 격리된 메모리 PGlite → 실제 서버 서비스 · 모의 응답 · 실수급 검증 아님 · 요청 시작일까지 확보 · KRX 시장 · 공급자 기준일/공표시각/확정 여부 미확인","false","true","2025-04-22","2025-12-01","2025-04-22","2025-12-01","available-cumulative","2025-04-22","kiwoom","mock","KRX","ka10008","","ready","2026-10-06T12:19:27.676Z"
"aligned","KR","stock","005930","day","KRW","foreign","2025-06-23","1.4","%","키움증권 · 모의","wght","2025-06-23","unknown","2026-10-06T12:19:27.658Z","","","true","봉 기간의 마지막 유효 관측값","","","","partial","QA SYNTHETIC API → 격리된 메모리 PGlite → 실제 서버 서비스 · 모의 응답 · 실수급 검증 아님 · 요청 시작일까지 확보 · KRX 시장 · 공급자 기준일/공표시각/확정 여부 미확인","false","true","2025-04-22","2025-12-01","2025-04-22","2025-12-01","available-cumulative","2025-04-22","kiwoom","mock","KRX","ka10008","","ready","2026-10-06T12:19:27.676Z"
"aligned","KR","stock","005930","day","KRW","foreign","2025-06-24","1.5","%","키움증권 · 모의","wght","2025-06-24","unknown","2026-10-06T12:19:27.658Z","","","true","봉 기간의 마지막 유효 관측값","","","","partial","QA SYNTHETIC API → 격리된 메모리 PGlite → 실제 서버 서비스 · 모의 응답 · 실수급 검증 아님 · 요청 시작일까지 확보 · KRX 시장 · 공급자 기준일/공표시각/확정 여부 미확인","false","true","2025-04-22","2025-12-01","2025-04-22","2025-12-01","available-cumulative","2025-04-22","kiwoom","mock","KRX","ka10008","","ready","2026-10-06T12:19:27.676Z"
"aligned","KR","stock","005930","day","KRW","foreign","2025-06-25","1.6","%","키움증권 · 모의","wght","2025-06-25","unknown","2026-10-06T12:19:27.658Z","","","true","봉 기간의 마지막 유효 관측값","","","","partial","QA SYNTHETIC API → 격리된 메모리 PGlite → 실제 서버 서비스 · 모의 응답 · 실수급 검증 아님 · 요청 시작일까지 확보 · KRX 시장 · 공급자 기준일/공표시각/확정 여부 미확인","false","true","2025-04-22","2025-12-01","2025-04-22","2025-12-01","available-cumulative","2025-04-22","kiwoom","mock","KRX","ka10008","","ready","2026-10-06T12:19:27.676Z"
"aligned","KR","stock","005930","day","KRW","foreign","2025-06-26","1.7","%","키움증권 · 모의","wght","2025-06-26","unknown","2026-10-06T12:19:27.658Z","","","true","봉 기간의 마지막 유효 관측값","","","","partial","QA SYNTHETIC API → 격리된 메모리 PGlite → 실제 서버 서비스 · 모의 응답 · 실수급 검증 아님 · 요청 시작일까지 확보 · KRX 시장 · 공급자 기준일/공표시각/확정 여부 미확인","false","true","2025-04-22","2025-12-01","2025-04-22","2025-12-01","available-cumulative","2025-04-22","kiwoom","mock","KRX","ka10008","","ready","2026-10-06T12:19:27.676Z"
"aligned","KR","stock","005930","day","KRW","foreign","2025-06-27","1.8","%","키움증권 · 모의","wght","2025-06-27","unknown","2026-10-06T12:19:27.658Z","","","true","봉 기간의 마지막 유효 관측값","","","","partial","QA SYNTHETIC API → 격리된 메모리 PGlite → 실제 서버 서비스 · 모의 응답 · 실수급 검증 아님 · 요청 시작일까지 확보 · KRX 시장 · 공급자 기준일/공표시각/확정 여부 미확인","false","true","2025-04-22","2025-12-01","2025-04-22","2025-12-01","available-cumulative","2025-04-22","kiwoom","mock","KRX","ka10008","","ready","2026-10-06T12:19:27.676Z"
"aligned","KR","stock","005930","day","KRW","foreign","2025-06-30","1.9","%","키움증권 · 모의","wght","2025-06-30","unknown","2026-10-06T12:19:27.658Z","","","true","봉 기간의 마지막 유효 관측값","","","","partial","QA SYNTHETIC API → 격리된 메모리 PGlite → 실제 서버 서비스 · 모의 응답 · 실수급 검증 아님 · 요청 시작일까지 확보 · KRX 시장 · 공급자 기준일/공표시각/확정 여부 미확인","false","true","2025-04-22","2025-12-01","2025-04-22","2025-12-01","available-cumulative","2025-04-22","kiwoom","mock","KRX","ka10008","","ready","2026-10-06T12:19:27.676Z"
"aligned","KR","stock","005930","day","KRW","foreign","2025-07-01","2","%","키움증권 · 모의","wght","2025-07-01","unknown","2026-10-06T12:19:27.658Z","","","true","봉 기간의 마지막 유효 관측값","","","","partial","QA SYNTHETIC API → 격리된 메모리 PGlite → 실제 서버 서비스 · 모의 응답 · 실수급 검증 아님 · 요청 시작일까지 확보 · KRX 시장 · 공급자 기준일/공표시각/확정 여부 미확인","false","true","2025-04-22","2025-12-01","2025-04-22","2025-12-01","available-cumulative","2025-04-22","kiwoom","mock","KRX","ka10008","","ready","2026-10-06T12:19:27.676Z"
"aligned","KR","stock","005930","day","KRW","foreign","2025-07-02","2.1","%","키움증권 · 모의","wght","2025-07-02","unknown","2026-10-06T12:19:27.658Z","","","true","봉 기간의 마지막 유효 관측값","","","","partial","QA SYNTHETIC API → 격리된 메모리 PGlite → 실제 서버 서비스 · 모의 응답 · 실수급 검증 아님 · 요청 시작일까지 확보 · KRX 시장 · 공급자 기준일/공표시각/확정 여부 미확인","false","true","2025-04-22","2025-12-01","2025-04-22","2025-12-01","available-cumulative","2025-04-22","kiwoom","mock","KRX","ka10008","","ready","2026-10-06T12:19:27.676Z"
"aligned","KR","stock","005930","day","KRW","foreign","2025-07-03","2.2","%","키움증권 · 모의","wght","2025-07-03","unknown","2026-10-06T12:19:27.658Z","","","true","봉 기간의 마지막 유효 관측값","","","","partial","QA SYNTHETIC API → 격리된 메모리 PGlite → 실제 서버 서비스 · 모의 응답 · 실수급 검증 아님 · 요청 시작일까지 확보 · KRX 시장 · 공급자 기준일/공표시각/확정 여부 미확인","false","true","2025-04-22","2025-12-01","2025-04-22","2025-12-01","available-cumulative","2025-04-22","kiwoom","mock","KRX","ka10008","","ready","2026-10-06T12:19:27.676Z"
"aligned","KR","stock","005930","day","KRW","foreign","2025-07-04","2.3","%","키움증권 · 모의","wght","2025-07-04","unknown","2026-10-06T12:19:27.658Z","","","true","봉 기간의 마지막 유효 관측값","","","","partial","QA SYNTHETIC API → 격리된 메모리 PGlite → 실제 서버 서비스 · 모의 응답 · 실수급 검증 아님 · 요청 시작일까지 확보 · KRX 시장 · 공급자 기준일/공표시각/확정 여부 미확인","false","true","2025-04-22","2025-12-01","2025-04-22","2025-12-01","available-cumulative","2025-04-22","kiwoom","mock","KRX","ka10008","","ready","2026-10-06T12:19:27.676Z"
"aligned","KR","stock","005930","day","KRW","foreign","2025-07-07","2.4","%","키움증권 · 모의","wght","2025-07-07","unknown","2026-10-06T12:19:27.658Z","","","true","봉 기간의 마지막 유효 관측값","","","","partial","QA SYNTHETIC API → 격리된 메모리 PGlite → 실제 서버 서비스 · 모의 응답 · 실수급 검증 아님 · 요청 시작일까지 확보 · KRX 시장 · 공급자 기준일/공표시각/확정 여부 미확인","false","true","2025-04-22","2025-12-01","2025-04-22","2025-12-01","available-cumulative","2025-04-22","kiwoom","mock","KRX","ka10008","","ready","2026-10-06T12:19:27.676Z"
"aligned","KR","stock","005930","day","KRW","foreign","2025-07-08","2.5","%","키움증권 · 모의","wght","2025-07-08","unknown","2026-10-06T12:19:27.658Z","","","true","봉 기간의 마지막 유효 관측값","","","","partial","QA SYNTHETIC API → 격리된 메모리 PGlite → 실제 서버 서비스 · 모의 응답 · 실수급 검증 아님 · 요청 시작일까지 확보 · KRX 시장 · 공급자 기준일/공표시각/확정 여부 미확인","false","true","2025-04-22","2025-12-01","2025-04-22","2025-12-01","available-cumulative","2025-04-22","kiwoom","mock","KRX","ka10008","","ready","2026-10-06T12:19:27.676Z"
"aligned","KR","stock","005930","day","KRW","foreign","2025-07-09","2.6","%","키움증권 · 모의","wght","2025-07-09","unknown","2026-10-06T12:19:27.658Z","","","true","봉 기간의 마지막 유효 관측값","","","","partial","QA SYNTHETIC API → 격리된 메모리 PGlite → 실제 서버 서비스 · 모의 응답 · 실수급 검증 아님 · 요청 시작일까지 확보 · KRX 시장 · 공급자 기준일/공표시각/확정 여부 미확인","false","true","2025-04-22","2025-12-01","2025-04-22","2025-12-01","available-cumulative","2025-04-22","kiwoom","mock","KRX","ka10008","","ready","2026-10-06T12:19:27.676Z"
"aligned","KR","stock","005930","day","KRW","foreign","2025-07-10","2.7","%","키움증권 · 모의","wght","2025-07-10","unknown","2026-10-06T12:19:27.658Z","","","true","봉 기간의 마지막 유효 관측값","","","","partial","QA SYNTHETIC API → 격리된 메모리 PGlite → 실제 서버 서비스 · 모의 응답 · 실수급 검증 아님 · 요청 시작일까지 확보 · KRX 시장 · 공급자 기준일/공표시각/확정 여부 미확인","false","true","2025-04-22","2025-12-01","2025-04-22","2025-12-01","available-cumulative","2025-04-22","kiwoom","mock","KRX","ka10008","","ready","2026-10-06T12:19:27.676Z"
"aligned","KR","stock","005930","day","KRW","foreign","2025-07-11","2.8","%","키움증권 · 모의","wght","2025-07-11","unknown","2026-10-06T12:19:27.658Z","","","true","봉 기간의 마지막 유효 관측값","","","","partial","QA SYNTHETIC API → 격리된 메모리 PGlite → 실제 서버 서비스 · 모의 응답 · 실수급 검증 아님 · 요청 시작일까지 확보 · KRX 시장 · 공급자 기준일/공표시각/확정 여부 미확인","false","true","2025-04-22","2025-12-01","2025-04-22","2025-12-01","available-cumulative","2025-04-22","kiwoom","mock","KRX","ka10008","","ready","2026-10-06T12:19:27.676Z"
"aligned","KR","stock","005930","day","KRW","foreign","2025-07-14","2.9","%","키움증권 · 모의","wght","2025-07-14","unknown","2026-10-06T12:19:27.658Z","","","true","봉 기간의 마지막 유효 관측값","","","","partial","QA SYNTHETIC API → 격리된 메모리 PGlite → 실제 서버 서비스 · 모의 응답 · 실수급 검증 아님 · 요청 시작일까지 확보 · KRX 시장 · 공급자 기준일/공표시각/확정 여부 미확인","false","true","2025-04-22","2025-12-01","2025-04-22","2025-12-01","available-cumulative","2025-04-22","kiwoom","mock","KRX","ka10008","","ready","2026-10-06T12:19:27.676Z"
"aligned","KR","stock","005930","day","KRW","foreign","2025-07-15","3","%","키움증권 · 모의","wght","2025-07-15","unknown","2026-10-06T12:19:27.658Z","","","true","봉 기간의 마지막 유효 관측값","","","","partial","QA SYNTHETIC API → 격리된 메모리 PGlite → 실제 서버 서비스 · 모의 응답 · 실수급 검증 아님 · 요청 시작일까지 확보 · KRX 시장 · 공급자 기준일/공표시각/확정 여부 미확인","false","true","2025-04-22","2025-12-01","2025-04-22","2025-12-01","available-cumulative","2025-04-22","kiwoom","mock","KRX","ka10008","","ready","2026-10-06T12:19:27.676Z"
"aligned","KR","stock","005930","day","KRW","foreign","2025-07-16","3.1","%","키움증권 · 모의","wght","2025-07-16","unknown","2026-10-06T12:19:27.658Z","","","true","봉 기간의 마지막 유효 관측값","","","","partial","QA SYNTHETIC API → 격리된 메모리 PGlite → 실제 서버 서비스 · 모의 응답 · 실수급 검증 아님 · 요청 시작일까지 확보 · KRX 시장 · 공급자 기준일/공표시각/확정 여부 미확인","false","true","2025-04-22","2025-12-01","2025-04-22","2025-12-01","available-cumulative","2025-04-22","kiwoom","mock","KRX","ka10008","","ready","2026-10-06T12:19:27.676Z"
"aligned","KR","stock","005930","day","KRW","foreign","2025-07-17","3.2","%","키움증권 · 모의","wght","2025-07-17","unknown","2026-10-06T12:19:27.658Z","","","true","봉 기간의 마지막 유효 관측값","","","","partial","QA SYNTHETIC API → 격리된 메모리 PGlite → 실제 서버 서비스 · 모의 응답 · 실수급 검증 아님 · 요청 시작일까지 확보 · KRX 시장 · 공급자 기준일/공표시각/확정 여부 미확인","false","true","2025-04-22","2025-12-01","2025-04-22","2025-12-01","available-cumulative","2025-04-22","kiwoom","mock","KRX","ka10008","","ready","2026-10-06T12:19:27.676Z"
"aligned","KR","stock","005930","day","KRW","foreign","2025-07-18","3.3","%","키움증권 · 모의","wght","2025-07-18","unknown","2026-10-06T12:19:27.658Z","","","true","봉 기간의 마지막 유효 관측값","","","","partial","QA SYNTHETIC API → 격리된 메모리 PGlite → 실제 서버 서비스 · 모의 응답 · 실수급 검증 아님 · 요청 시작일까지 확보 · KRX 시장 · 공급자 기준일/공표시각/확정 여부 미확인","false","true","2025-04-22","2025-12-01","2025-04-22","2025-12-01","available-cumulative","2025-04-22","kiwoom","mock","KRX","ka10008","","ready","2026-10-06T12:19:27.676Z"
"aligned","KR","stock","005930","day","KRW","foreign","2025-07-21","3.4","%","키움증권 · 모의","wght","2025-07-21","unknown","2026-10-06T12:19:27.658Z","","","true","봉 기간의 마지막 유효 관측값","","","","partial","QA SYNTHETIC API → 격리된 메모리 PGlite → 실제 서버 서비스 · 모의 응답 · 실수급 검증 아님 · 요청 시작일까지 확보 · KRX 시장 · 공급자 기준일/공표시각/확정 여부 미확인","false","true","2025-04-22","2025-12-01","2025-04-22","2025-12-01","available-cumulative","2025-04-22","kiwoom","mock","KRX","ka10008","","ready","2026-10-06T12:19:27.676Z"
"aligned","KR","stock","005930","day","KRW","foreign","2025-07-22","3.5","%","키움증권 · 모의","wght","2025-07-22","unknown","2026-10-06T12:19:27.658Z","","","true","봉 기간의 마지막 유효 관측값","","","","partial","QA SYNTHETIC API → 격리된 메모리 PGlite → 실제 서버 서비스 · 모의 응답 · 실수급 검증 아님 · 요청 시작일까지 확보 · KRX 시장 · 공급자 기준일/공표시각/확정 여부 미확인","false","true","2025-04-22","2025-12-01","2025-04-22","2025-12-01","available-cumulative","2025-04-22","kiwoom","mock","KRX","ka10008","","ready","2026-10-06T12:19:27.676Z"
"aligned","KR","stock","005930","day","KRW","foreign","2025-07-23","3.6","%","키움증권 · 모의","wght","2025-07-23","unknown","2026-10-06T12:19:27.658Z","","","true","봉 기간의 마지막 유효 관측값","","","","partial","QA SYNTHETIC API → 격리된 메모리 PGlite → 실제 서버 서비스 · 모의 응답 · 실수급 검증 아님 · 요청 시작일까지 확보 · KRX 시장 · 공급자 기준일/공표시각/확정 여부 미확인","false","true","2025-04-22","2025-12-01","2025-04-22","2025-12-01","available-cumulative","2025-04-22","kiwoom","mock","KRX","ka10008","","ready","2026-10-06T12:19:27.676Z"
"aligned","KR","stock","005930","day","KRW","foreign","2025-07-24","0","%","키움증권 · 모의","wght","2025-07-24","unknown","2026-10-06T12:19:27.658Z","","","true","봉 기간의 마지막 유효 관측값","","","","partial","QA SYNTHETIC API → 격리된 메모리 PGlite → 실제 서버 서비스 · 모의 응답 · 실수급 검증 아님 · 요청 시작일까지 확보 · KRX 시장 · 공급자 기준일/공표시각/확정 여부 미확인","false","true","2025-04-22","2025-12-01","2025-04-22","2025-12-01","available-cumulative","2025-04-22","kiwoom","mock","KRX","ka10008","","ready","2026-10-06T12:19:27.676Z"
"aligned","KR","stock","005930","day","KRW","foreign","2025-07-25","0.1","%","키움증권 · 모의","wght","2025-07-25","unknown","2026-10-06T12:19:27.658Z","","","true","봉 기간의 마지막 유효 관측값","","","","partial","QA SYNTHETIC API → 격리된 메모리 PGlite → 실제 서버 서비스 · 모의 응답 · 실수급 검증 아님 · 요청 시작일까지 확보 · KRX 시장 · 공급자 기준일/공표시각/확정 여부 미확인","false","true","2025-04-22","2025-12-01","2025-04-22","2025-12-01","available-cumulative","2025-04-22","kiwoom","mock","KRX","ka10008","","ready","2026-10-06T12:19:27.676Z"
"aligned","KR","stock","005930","day","KRW","foreign","2025-07-28","0.2","%","키움증권 · 모의","wght","2025-07-28","unknown","2026-10-06T12:19:27.658Z","","","true","봉 기간의 마지막 유효 관측값","","","","partial","QA SYNTHETIC API → 격리된 메모리 PGlite → 실제 서버 서비스 · 모의 응답 · 실수급 검증 아님 · 요청 시작일까지 확보 · KRX 시장 · 공급자 기준일/공표시각/확정 여부 미확인","false","true","2025-04-22","2025-12-01","2025-04-22","2025-12-01","available-cumulative","2025-04-22","kiwoom","mock","KRX","ka10008","","ready","2026-10-06T12:19:27.676Z"
"aligned","KR","stock","005930","day","KRW","foreign","2025-07-29","0.3","%","키움증권 · 모의","wght","2025-07-29","unknown","2026-10-06T12:19:27.658Z","","","true","봉 기간의 마지막 유효 관측값","","","","partial","QA SYNTHETIC API → 격리된 메모리 PGlite → 실제 서버 서비스 · 모의 응답 · 실수급 검증 아님 · 요청 시작일까지 확보 · KRX 시장 · 공급자 기준일/공표시각/확정 여부 미확인","false","true","2025-04-22","2025-12-01","2025-04-22","2025-12-01","available-cumulative","2025-04-22","kiwoom","mock","KRX","ka10008","","ready","2026-10-06T12:19:27.676Z"
"aligned","KR","stock","005930","day","KRW","foreign","2025-07-30","0.4","%","키움증권 · 모의","wght","2025-07-30","unknown","2026-10-06T12:19:27.658Z","","","true","봉 기간의 마지막 유효 관측값","","","","partial","QA SYNTHETIC API → 격리된 메모리 PGlite → 실제 서버 서비스 · 모의 응답 · 실수급 검증 아님 · 요청 시작일까지 확보 · KRX 시장 · 공급자 기준일/공표시각/확정 여부 미확인","false","true","2025-04-22","2025-12-01","2025-04-22","2025-12-01","available-cumulative","2025-04-22","kiwoom","mock","KRX","ka10008","","ready","2026-10-06T12:19:27.676Z"
"aligned","KR","stock","005930","day","KRW","foreign","2025-07-31","0.5","%","키움증권 · 모의","wght","2025-07-31","unknown","2026-10-06T12:19:27.658Z","","","true","봉 기간의 마지막 유효 관측값","","","","partial","QA SYNTHETIC API → 격리된 메모리 PGlite → 실제 서버 서비스 · 모의 응답 · 실수급 검증 아님 · 요청 시작일까지 확보 · KRX 시장 · 공급자 기준일/공표시각/확정 여부 미확인","false","true","2025-04-22","2025-12-01","2025-04-22","2025-12-01","available-cumulative","2025-04-22","kiwoom","mock","KRX","ka10008","","ready","2026-10-06T12:19:27.676Z"
"aligned","KR","stock","005930","day","KRW","foreign","2025-08-01","0.6","%","키움증권 · 모의","wght","2025-08-01","unknown","2026-10-06T12:19:27.658Z","","","true","봉 기간의 마지막 유효 관측값","","","","partial","QA SYNTHETIC API → 격리된 메모리 PGlite → 실제 서버 서비스 · 모의 응답 · 실수급 검증 아님 · 요청 시작일까지 확보 · KRX 시장 · 공급자 기준일/공표시각/확정 여부 미확인","false","true","2025-04-22","2025-12-01","2025-04-22","2025-12-01","available-cumulative","2025-04-22","kiwoom","mock","KRX","ka10008","","ready","2026-10-06T12:19:27.676Z"
"aligned","KR","stock","005930","day","KRW","foreign","2025-08-04","0.7","%","키움증권 · 모의","wght","2025-08-04","unknown","2026-10-06T12:19:27.658Z","","","true","봉 기간의 마지막 유효 관측값","","","","partial","QA SYNTHETIC API → 격리된 메모리 PGlite → 실제 서버 서비스 · 모의 응답 · 실수급 검증 아님 · 요청 시작일까지 확보 · KRX 시장 · 공급자 기준일/공표시각/확정 여부 미확인","false","true","2025-04-22","2025-12-01","2025-04-22","2025-12-01","available-cumulative","2025-04-22","kiwoom","mock","KRX","ka10008","","ready","2026-10-06T12:19:27.676Z"
"aligned","KR","stock","005930","day","KRW","foreign","2025-08-05","0.8","%","키움증권 · 모의","wght","2025-08-05","unknown","2026-10-06T12:19:27.658Z","","","true","봉 기간의 마지막 유효 관측값","","","","partial","QA SYNTHETIC API → 격리된 메모리 PGlite → 실제 서버 서비스 · 모의 응답 · 실수급 검증 아님 · 요청 시작일까지 확보 · KRX 시장 · 공급자 기준일/공표시각/확정 여부 미확인","false","true","2025-04-22","2025-12-01","2025-04-22","2025-12-01","available-cumulative","2025-04-22","kiwoom","mock","KRX","ka10008","","ready","2026-10-06T12:19:27.676Z"
"aligned","KR","stock","005930","day","KRW","foreign","2025-08-06","0.9","%","키움증권 · 모의","wght","2025-08-06","unknown","2026-10-06T12:19:27.658Z","","","true","봉 기간의 마지막 유효 관측값","","","","partial","QA SYNTHETIC API → 격리된 메모리 PGlite → 실제 서버 서비스 · 모의 응답 · 실수급 검증 아님 · 요청 시작일까지 확보 · KRX 시장 · 공급자 기준일/공표시각/확정 여부 미확인","false","true","2025-04-22","2025-12-01","2025-04-22","2025-12-01","available-cumulative","2025-04-22","kiwoom","mock","KRX","ka10008","","ready","2026-10-06T12:19:27.676Z"
"aligned","KR","stock","005930","day","KRW","foreign","2025-08-07","1","%","키움증권 · 모의","wght","2025-08-07","unknown","2026-10-06T12:19:27.658Z","","","true","봉 기간의 마지막 유효 관측값","","","","partial","QA SYNTHETIC API → 격리된 메모리 PGlite → 실제 서버 서비스 · 모의 응답 · 실수급 검증 아님 · 요청 시작일까지 확보 · KRX 시장 · 공급자 기준일/공표시각/확정 여부 미확인","false","true","2025-04-22","2025-12-01","2025-04-22","2025-12-01","available-cumulative","2025-04-22","kiwoom","mock","KRX","ka10008","","ready","2026-10-06T12:19:27.676Z"
"aligned","KR","stock","005930","day","KRW","foreign","2025-08-08","1.1","%","키움증권 · 모의","wght","2025-08-08","unknown","2026-10-06T12:19:27.658Z","","","true","봉 기간의 마지막 유효 관측값","","","","partial","QA SYNTHETIC API → 격리된 메모리 PGlite → 실제 서버 서비스 · 모의 응답 · 실수급 검증 아님 · 요청 시작일까지 확보 · KRX 시장 · 공급자 기준일/공표시각/확정 여부 미확인","false","true","2025-04-22","2025-12-01","2025-04-22","2025-12-01","available-cumulative","2025-04-22","kiwoom","mock","KRX","ka10008","","ready","2026-10-06T12:19:27.676Z"
"aligned","KR","stock","005930","day","KRW","foreign","2025-08-11","1.2","%","키움증권 · 모의","wght","2025-08-11","unknown","2026-10-06T12:19:27.658Z","","","true","봉 기간의 마지막 유효 관측값","","","","partial","QA SYNTHETIC API → 격리된 메모리 PGlite → 실제 서버 서비스 · 모의 응답 · 실수급 검증 아님 · 요청 시작일까지 확보 · KRX 시장 · 공급자 기준일/공표시각/확정 여부 미확인","false","true","2025-04-22","2025-12-01","2025-04-22","2025-12-01","available-cumulative","2025-04-22","kiwoom","mock","KRX","ka10008","","ready","2026-10-06T12:19:27.676Z"
"aligned","KR","stock","005930","day","KRW","foreign","2025-08-12","1.3","%","키움증권 · 모의","wght","2025-08-12","unknown","2026-10-06T12:19:27.658Z","","","true","봉 기간의 마지막 유효 관측값","","","","partial","QA SYNTHETIC API → 격리된 메모리 PGlite → 실제 서버 서비스 · 모의 응답 · 실수급 검증 아님 · 요청 시작일까지 확보 · KRX 시장 · 공급자 기준일/공표시각/확정 여부 미확인","false","true","2025-04-22","2025-12-01","2025-04-22","2025-12-01","available-cumulative","2025-04-22","kiwoom","mock","KRX","ka10008","","ready","2026-10-06T12:19:27.676Z"
"aligned","KR","stock","005930","day","KRW","foreign","2025-08-13","1.4","%","키움증권 · 모의","wght","2025-08-13","unknown","2026-10-06T12:19:27.658Z","","","true","봉 기간의 마지막 유효 관측값","","","","partial","QA SYNTHETIC API → 격리된 메모리 PGlite → 실제 서버 서비스 · 모의 응답 · 실수급 검증 아님 · 요청 시작일까지 확보 · KRX 시장 · 공급자 기준일/공표시각/확정 여부 미확인","false","true","2025-04-22","2025-12-01","2025-04-22","2025-12-01","available-cumulative","2025-04-22","kiwoom","mock","KRX","ka10008","","ready","2026-10-06T12:19:27.676Z"
"aligned","KR","stock","005930","day","KRW","foreign","2025-08-14","1.5","%","키움증권 · 모의","wght","2025-08-14","unknown","2026-10-06T12:19:27.658Z","","","true","봉 기간의 마지막 유효 관측값","","","","partial","QA SYNTHETIC API → 격리된 메모리 PGlite → 실제 서버 서비스 · 모의 응답 · 실수급 검증 아님 · 요청 시작일까지 확보 · KRX 시장 · 공급자 기준일/공표시각/확정 여부 미확인","false","true","2025-04-22","2025-12-01","2025-04-22","2025-12-01","available-cumulative","2025-04-22","kiwoom","mock","KRX","ka10008","","ready","2026-10-06T12:19:27.676Z"
"aligned","KR","stock","005930","day","KRW","foreign","2025-08-15","1.6","%","키움증권 · 모의","wght","2025-08-15","unknown","2026-10-06T12:19:27.658Z","","","true","봉 기간의 마지막 유효 관측값","","","","partial","QA SYNTHETIC API → 격리된 메모리 PGlite → 실제 서버 서비스 · 모의 응답 · 실수급 검증 아님 · 요청 시작일까지 확보 · KRX 시장 · 공급자 기준일/공표시각/확정 여부 미확인","false","true","2025-04-22","2025-12-01","2025-04-22","2025-12-01","available-cumulative","2025-04-22","kiwoom","mock","KRX","ka10008","","ready","2026-10-06T12:19:27.676Z"
"aligned","KR","stock","005930","day","KRW","foreign","2025-08-18","1.7","%","키움증권 · 모의","wght","2025-08-18","unknown","2026-10-06T12:19:27.658Z","","","true","봉 기간의 마지막 유효 관측값","","","","partial","QA SYNTHETIC API → 격리된 메모리 PGlite → 실제 서버 서비스 · 모의 응답 · 실수급 검증 아님 · 요청 시작일까지 확보 · KRX 시장 · 공급자 기준일/공표시각/확정 여부 미확인","false","true","2025-04-22","2025-12-01","2025-04-22","2025-12-01","available-cumulative","2025-04-22","kiwoom","mock","KRX","ka10008","","ready","2026-10-06T12:19:27.676Z"
"aligned","KR","stock","005930","day","KRW","foreign","2025-08-19","1.8","%","키움증권 · 모의","wght","2025-08-19","unknown","2026-10-06T12:19:27.658Z","","","true","봉 기간의 마지막 유효 관측값","","","","partial","QA SYNTHETIC API → 격리된 메모리 PGlite → 실제 서버 서비스 · 모의 응답 · 실수급 검증 아님 · 요청 시작일까지 확보 · KRX 시장 · 공급자 기준일/공표시각/확정 여부 미확인","false","true","2025-04-22","2025-12-01","2025-04-22","2025-12-01","available-cumulative","2025-04-22","kiwoom","mock","KRX","ka10008","","ready","2026-10-06T12:19:27.676Z"
"aligned","KR","stock","005930","day","KRW","foreign","2025-08-20","1.9","%","키움증권 · 모의","wght","2025-08-20","unknown","2026-10-06T12:19:27.658Z","","","true","봉 기간의 마지막 유효 관측값","","","","partial","QA SYNTHETIC API → 격리된 메모리 PGlite → 실제 서버 서비스 · 모의 응답 · 실수급 검증 아님 · 요청 시작일까지 확보 · KRX 시장 · 공급자 기준일/공표시각/확정 여부 미확인","false","true","2025-04-22","2025-12-01","2025-04-22","2025-12-01","available-cumulative","2025-04-22","kiwoom","mock","KRX","ka10008","","ready","2026-10-06T12:19:27.676Z"
"aligned","KR","stock","005930","day","KRW","foreign","2025-08-21","2","%","키움증권 · 모의","wght","2025-08-21","unknown","2026-10-06T12:19:27.658Z","","","true","봉 기간의 마지막 유효 관측값","","","","partial","QA SYNTHETIC API → 격리된 메모리 PGlite → 실제 서버 서비스 · 모의 응답 · 실수급 검증 아님 · 요청 시작일까지 확보 · KRX 시장 · 공급자 기준일/공표시각/확정 여부 미확인","false","true","2025-04-22","2025-12-01","2025-04-22","2025-12-01","available-cumulative","2025-04-22","kiwoom","mock","KRX","ka10008","","ready","2026-10-06T12:19:27.676Z"
"aligned","KR","stock","005930","day","KRW","foreign","2025-08-22","2.1","%","키움증권 · 모의","wght","2025-08-22","unknown","2026-10-06T12:19:27.658Z","","","true","봉 기간의 마지막 유효 관측값","","","","partial","QA SYNTHETIC API → 격리된 메모리 PGlite → 실제 서버 서비스 · 모의 응답 · 실수급 검증 아님 · 요청 시작일까지 확보 · KRX 시장 · 공급자 기준일/공표시각/확정 여부 미확인","false","true","2025-04-22","2025-12-01","2025-04-22","2025-12-01","available-cumulative","2025-04-22","kiwoom","mock","KRX","ka10008","","ready","2026-10-06T12:19:27.676Z"
"aligned","KR","stock","005930","day","KRW","foreign","2025-08-25","2.2","%","키움증권 · 모의","wght","2025-08-25","unknown","2026-10-06T12:19:27.658Z","","","true","봉 기간의 마지막 유효 관측값","","","","partial","QA SYNTHETIC API → 격리된 메모리 PGlite → 실제 서버 서비스 · 모의 응답 · 실수급 검증 아님 · 요청 시작일까지 확보 · KRX 시장 · 공급자 기준일/공표시각/확정 여부 미확인","false","true","2025-04-22","2025-12-01","2025-04-22","2025-12-01","available-cumulative","2025-04-22","kiwoom","mock","KRX","ka10008","","ready","2026-10-06T12:19:27.676Z"
"aligned","KR","stock","005930","day","KRW","foreign","2025-08-26","2.3","%","키움증권 · 모의","wght","2025-08-26","unknown","2026-10-06T12:19:27.658Z","","","true","봉 기간의 마지막 유효 관측값","","","","partial","QA SYNTHETIC API → 격리된 메모리 PGlite → 실제 서버 서비스 · 모의 응답 · 실수급 검증 아님 · 요청 시작일까지 확보 · KRX 시장 · 공급자 기준일/공표시각/확정 여부 미확인","false","true","2025-04-22","2025-12-01","2025-04-22","2025-12-01","available-cumulative","2025-04-22","kiwoom","mock","KRX","ka10008","","ready","2026-10-06T12:19:27.676Z"
"aligned","KR","stock","005930","day","KRW","foreign","2025-08-27","2.4","%","키움증권 · 모의","wght","2025-08-27","unknown","2026-10-06T12:19:27.658Z","","","true","봉 기간의 마지막 유효 관측값","","","","partial","QA SYNTHETIC API → 격리된 메모리 PGlite → 실제 서버 서비스 · 모의 응답 · 실수급 검증 아님 · 요청 시작일까지 확보 · KRX 시장 · 공급자 기준일/공표시각/확정 여부 미확인","false","true","2025-04-22","2025-12-01","2025-04-22","2025-12-01","available-cumulative","2025-04-22","kiwoom","mock","KRX","ka10008","","ready","2026-10-06T12:19:27.676Z"
"aligned","KR","stock","005930","day","KRW","foreign","2025-08-28","2.5","%","키움증권 · 모의","wght","2025-08-28","unknown","2026-10-06T12:19:27.658Z","","","true","봉 기간의 마지막 유효 관측값","","","","partial","QA SYNTHETIC API → 격리된 메모리 PGlite → 실제 서버 서비스 · 모의 응답 · 실수급 검증 아님 · 요청 시작일까지 확보 · KRX 시장 · 공급자 기준일/공표시각/확정 여부 미확인","false","true","2025-04-22","2025-12-01","2025-04-22","2025-12-01","available-cumulative","2025-04-22","kiwoom","mock","KRX","ka10008","","ready","2026-10-06T12:19:27.676Z"
"aligned","KR","stock","005930","day","KRW","foreign","2025-08-29","2.6","%","키움증권 · 모의","wght","2025-08-29","unknown","2026-10-06T12:19:27.658Z","","","true","봉 기간의 마지막 유효 관측값","","","","partial","QA SYNTHETIC API → 격리된 메모리 PGlite → 실제 서버 서비스 · 모의 응답 · 실수급 검증 아님 · 요청 시작일까지 확보 · KRX 시장 · 공급자 기준일/공표시각/확정 여부 미확인","false","true","2025-04-22","2025-12-01","2025-04-22","2025-12-01","available-cumulative","2025-04-22","kiwoom","mock","KRX","ka10008","","ready","2026-10-06T12:19:27.676Z"
"aligned","KR","stock","005930","day","KRW","foreign","2025-09-01","2.7","%","키움증권 · 모의","wght","2025-09-01","unknown","2026-10-06T12:19:27.658Z","","","true","봉 기간의 마지막 유효 관측값","","","","partial","QA SYNTHETIC API → 격리된 메모리 PGlite → 실제 서버 서비스 · 모의 응답 · 실수급 검증 아님 · 요청 시작일까지 확보 · KRX 시장 · 공급자 기준일/공표시각/확정 여부 미확인","false","true","2025-04-22","2025-12-01","2025-04-22","2025-12-01","available-cumulative","2025-04-22","kiwoom","mock","KRX","ka10008","","ready","2026-10-06T12:19:27.676Z"
"aligned","KR","stock","005930","day","KRW","foreign","2025-09-02","2.8","%","키움증권 · 모의","wght","2025-09-02","unknown","2026-10-06T12:19:27.658Z","","","true","봉 기간의 마지막 유효 관측값","","","","partial","QA SYNTHETIC API → 격리된 메모리 PGlite → 실제 서버 서비스 · 모의 응답 · 실수급 검증 아님 · 요청 시작일까지 확보 · KRX 시장 · 공급자 기준일/공표시각/확정 여부 미확인","false","true","2025-04-22","2025-12-01","2025-04-22","2025-12-01","available-cumulative","2025-04-22","kiwoom","mock","KRX","ka10008","","ready","2026-10-06T12:19:27.676Z"
"aligned","KR","stock","005930","day","KRW","foreign","2025-09-03","2.9","%","키움증권 · 모의","wght","2025-09-03","unknown","2026-10-06T12:19:27.658Z","","","true","봉 기간의 마지막 유효 관측값","","","","partial","QA SYNTHETIC API → 격리된 메모리 PGlite → 실제 서버 서비스 · 모의 응답 · 실수급 검증 아님 · 요청 시작일까지 확보 · KRX 시장 · 공급자 기준일/공표시각/확정 여부 미확인","false","true","2025-04-22","2025-12-01","2025-04-22","2025-12-01","available-cumulative","2025-04-22","kiwoom","mock","KRX","ka10008","","ready","2026-10-06T12:19:27.676Z"
"aligned","KR","stock","005930","day","KRW","foreign","2025-09-04","3","%","키움증권 · 모의","wght","2025-09-04","unknown","2026-10-06T12:19:27.658Z","","","true","봉 기간의 마지막 유효 관측값","","","","partial","QA SYNTHETIC API → 격리된 메모리 PGlite → 실제 서버 서비스 · 모의 응답 · 실수급 검증 아님 · 요청 시작일까지 확보 · KRX 시장 · 공급자 기준일/공표시각/확정 여부 미확인","false","true","2025-04-22","2025-12-01","2025-04-22","2025-12-01","available-cumulative","2025-04-22","kiwoom","mock","KRX","ka10008","","ready","2026-10-06T12:19:27.676Z"
"aligned","KR","stock","005930","day","KRW","foreign","2025-09-05","3.1","%","키움증권 · 모의","wght","2025-09-05","unknown","2026-10-06T12:19:27.658Z","","","true","봉 기간의 마지막 유효 관측값","","","","partial","QA SYNTHETIC API → 격리된 메모리 PGlite → 실제 서버 서비스 · 모의 응답 · 실수급 검증 아님 · 요청 시작일까지 확보 · KRX 시장 · 공급자 기준일/공표시각/확정 여부 미확인","false","true","2025-04-22","2025-12-01","2025-04-22","2025-12-01","available-cumulative","2025-04-22","kiwoom","mock","KRX","ka10008","","ready","2026-10-06T12:19:27.676Z"
"aligned","KR","stock","005930","day","KRW","foreign","2025-09-08","3.2","%","키움증권 · 모의","wght","2025-09-08","unknown","2026-10-06T12:19:27.658Z","","","true","봉 기간의 마지막 유효 관측값","","","","partial","QA SYNTHETIC API → 격리된 메모리 PGlite → 실제 서버 서비스 · 모의 응답 · 실수급 검증 아님 · 요청 시작일까지 확보 · KRX 시장 · 공급자 기준일/공표시각/확정 여부 미확인","false","true","2025-04-22","2025-12-01","2025-04-22","2025-12-01","available-cumulative","2025-04-22","kiwoom","mock","KRX","ka10008","","ready","2026-10-06T12:19:27.676Z"
"aligned","KR","stock","005930","day","KRW","foreign","2025-09-09","3.3","%","키움증권 · 모의","wght","2025-09-09","unknown","2026-10-06T12:19:27.658Z","","","true","봉 기간의 마지막 유효 관측값","","","","partial","QA SYNTHETIC API → 격리된 메모리 PGlite → 실제 서버 서비스 · 모의 응답 · 실수급 검증 아님 · 요청 시작일까지 확보 · KRX 시장 · 공급자 기준일/공표시각/확정 여부 미확인","false","true","2025-04-22","2025-12-01","2025-04-22","2025-12-01","available-cumulative","2025-04-22","kiwoom","mock","KRX","ka10008","","ready","2026-10-06T12:19:27.676Z"
"aligned","KR","stock","005930","day","KRW","foreign","2025-09-10","3.4","%","키움증권 · 모의","wght","2025-09-10","unknown","2026-10-06T12:19:27.658Z","","","true","봉 기간의 마지막 유효 관측값","","","","partial","QA SYNTHETIC API → 격리된 메모리 PGlite → 실제 서버 서비스 · 모의 응답 · 실수급 검증 아님 · 요청 시작일까지 확보 · KRX 시장 · 공급자 기준일/공표시각/확정 여부 미확인","false","true","2025-04-22","2025-12-01","2025-04-22","2025-12-01","available-cumulative","2025-04-22","kiwoom","mock","KRX","ka10008","","ready","2026-10-06T12:19:27.676Z"
"aligned","KR","stock","005930","day","KRW","foreign","2025-09-11","3.5","%","키움증권 · 모의","wght","2025-09-11","unknown","2026-10-06T12:19:27.658Z","","","true","봉 기간의 마지막 유효 관측값","","","","partial","QA SYNTHETIC API → 격리된 메모리 PGlite → 실제 서버 서비스 · 모의 응답 · 실수급 검증 아님 · 요청 시작일까지 확보 · KRX 시장 · 공급자 기준일/공표시각/확정 여부 미확인","false","true","2025-04-22","2025-12-01","2025-04-22","2025-12-01","available-cumulative","2025-04-22","kiwoom","mock","KRX","ka10008","","ready","2026-10-06T12:19:27.676Z"
"aligned","KR","stock","005930","day","KRW","foreign","2025-09-12","3.6","%","키움증권 · 모의","wght","2025-09-12","unknown","2026-10-06T12:19:27.658Z","","","true","봉 기간의 마지막 유효 관측값","","","","partial","QA SYNTHETIC API → 격리된 메모리 PGlite → 실제 서버 서비스 · 모의 응답 · 실수급 검증 아님 · 요청 시작일까지 확보 · KRX 시장 · 공급자 기준일/공표시각/확정 여부 미확인","false","true","2025-04-22","2025-12-01","2025-04-22","2025-12-01","available-cumulative","2025-04-22","kiwoom","mock","KRX","ka10008","","ready","2026-10-06T12:19:27.676Z"
"aligned","KR","stock","005930","day","KRW","foreign","2025-09-15","0","%","키움증권 · 모의","wght","2025-09-15","unknown","2026-10-06T12:19:27.658Z","","","true","봉 기간의 마지막 유효 관측값","","","","partial","QA SYNTHETIC API → 격리된 메모리 PGlite → 실제 서버 서비스 · 모의 응답 · 실수급 검증 아님 · 요청 시작일까지 확보 · KRX 시장 · 공급자 기준일/공표시각/확정 여부 미확인","false","true","2025-04-22","2025-12-01","2025-04-22","2025-12-01","available-cumulative","2025-04-22","kiwoom","mock","KRX","ka10008","","ready","2026-10-06T12:19:27.676Z"
"aligned","KR","stock","005930","day","KRW","foreign","2025-09-16","0.1","%","키움증권 · 모의","wght","2025-09-16","unknown","2026-10-06T12:19:27.658Z","","","true","봉 기간의 마지막 유효 관측값","","","","partial","QA SYNTHETIC API → 격리된 메모리 PGlite → 실제 서버 서비스 · 모의 응답 · 실수급 검증 아님 · 요청 시작일까지 확보 · KRX 시장 · 공급자 기준일/공표시각/확정 여부 미확인","false","true","2025-04-22","2025-12-01","2025-04-22","2025-12-01","available-cumulative","2025-04-22","kiwoom","mock","KRX","ka10008","","ready","2026-10-06T12:19:27.676Z"
"aligned","KR","stock","005930","day","KRW","foreign","2025-09-17","0.2","%","키움증권 · 모의","wght","2025-09-17","unknown","2026-10-06T12:19:27.658Z","","","true","봉 기간의 마지막 유효 관측값","","","","partial","QA SYNTHETIC API → 격리된 메모리 PGlite → 실제 서버 서비스 · 모의 응답 · 실수급 검증 아님 · 요청 시작일까지 확보 · KRX 시장 · 공급자 기준일/공표시각/확정 여부 미확인","false","true","2025-04-22","2025-12-01","2025-04-22","2025-12-01","available-cumulative","2025-04-22","kiwoom","mock","KRX","ka10008","","ready","2026-10-06T12:19:27.676Z"
"aligned","KR","stock","005930","day","KRW","foreign","2025-09-18","0.3","%","키움증권 · 모의","wght","2025-09-18","unknown","2026-10-06T12:19:27.658Z","","","true","봉 기간의 마지막 유효 관측값","","","","partial","QA SYNTHETIC API → 격리된 메모리 PGlite → 실제 서버 서비스 · 모의 응답 · 실수급 검증 아님 · 요청 시작일까지 확보 · KRX 시장 · 공급자 기준일/공표시각/확정 여부 미확인","false","true","2025-04-22","2025-12-01","2025-04-22","2025-12-01","available-cumulative","2025-04-22","kiwoom","mock","KRX","ka10008","","ready","2026-10-06T12:19:27.676Z"
"aligned","KR","stock","005930","day","KRW","foreign","2025-09-19","0.4","%","키움증권 · 모의","wght","2025-09-19","unknown","2026-10-06T12:19:27.658Z","","","true","봉 기간의 마지막 유효 관측값","","","","partial","QA SYNTHETIC API → 격리된 메모리 PGlite → 실제 서버 서비스 · 모의 응답 · 실수급 검증 아님 · 요청 시작일까지 확보 · KRX 시장 · 공급자 기준일/공표시각/확정 여부 미확인","false","true","2025-04-22","2025-12-01","2025-04-22","2025-12-01","available-cumulative","2025-04-22","kiwoom","mock","KRX","ka10008","","ready","2026-10-06T12:19:27.676Z"
"aligned","KR","stock","005930","day","KRW","foreign","2025-09-22","0.5","%","키움증권 · 모의","wght","2025-09-22","unknown","2026-10-06T12:19:27.658Z","","","true","봉 기간의 마지막 유효 관측값","","","","partial","QA SYNTHETIC API → 격리된 메모리 PGlite → 실제 서버 서비스 · 모의 응답 · 실수급 검증 아님 · 요청 시작일까지 확보 · KRX 시장 · 공급자 기준일/공표시각/확정 여부 미확인","false","true","2025-04-22","2025-12-01","2025-04-22","2025-12-01","available-cumulative","2025-04-22","kiwoom","mock","KRX","ka10008","","ready","2026-10-06T12:19:27.676Z"
"aligned","KR","stock","005930","day","KRW","foreign","2025-09-23","0.6","%","키움증권 · 모의","wght","2025-09-23","unknown","2026-10-06T12:19:27.658Z","","","true","봉 기간의 마지막 유효 관측값","","","","partial","QA SYNTHETIC API → 격리된 메모리 PGlite → 실제 서버 서비스 · 모의 응답 · 실수급 검증 아님 · 요청 시작일까지 확보 · KRX 시장 · 공급자 기준일/공표시각/확정 여부 미확인","false","true","2025-04-22","2025-12-01","2025-04-22","2025-12-01","available-cumulative","2025-04-22","kiwoom","mock","KRX","ka10008","","ready","2026-10-06T12:19:27.676Z"
"aligned","KR","stock","005930","day","KRW","foreign","2025-09-24","0.7","%","키움증권 · 모의","wght","2025-09-24","unknown","2026-10-06T12:19:27.658Z","","","true","봉 기간의 마지막 유효 관측값","","","","partial","QA SYNTHETIC API → 격리된 메모리 PGlite → 실제 서버 서비스 · 모의 응답 · 실수급 검증 아님 · 요청 시작일까지 확보 · KRX 시장 · 공급자 기준일/공표시각/확정 여부 미확인","false","true","2025-04-22","2025-12-01","2025-04-22","2025-12-01","available-cumulative","2025-04-22","kiwoom","mock","KRX","ka10008","","ready","2026-10-06T12:19:27.676Z"
"aligned","KR","stock","005930","day","KRW","foreign","2025-09-25","0.8","%","키움증권 · 모의","wght","2025-09-25","unknown","2026-10-06T12:19:27.658Z","","","true","봉 기간의 마지막 유효 관측값","","","","partial","QA SYNTHETIC API → 격리된 메모리 PGlite → 실제 서버 서비스 · 모의 응답 · 실수급 검증 아님 · 요청 시작일까지 확보 · KRX 시장 · 공급자 기준일/공표시각/확정 여부 미확인","false","true","2025-04-22","2025-12-01","2025-04-22","2025-12-01","available-cumulative","2025-04-22","kiwoom","mock","KRX","ka10008","","ready","2026-10-06T12:19:27.676Z"
"aligned","KR","stock","005930","day","KRW","foreign","2025-09-26","0.9","%","키움증권 · 모의","wght","2025-09-26","unknown","2026-10-06T12:19:27.658Z","","","true","봉 기간의 마지막 유효 관측값","","","","partial","QA SYNTHETIC API → 격리된 메모리 PGlite → 실제 서버 서비스 · 모의 응답 · 실수급 검증 아님 · 요청 시작일까지 확보 · KRX 시장 · 공급자 기준일/공표시각/확정 여부 미확인","false","true","2025-04-22","2025-12-01","2025-04-22","2025-12-01","available-cumulative","2025-04-22","kiwoom","mock","KRX","ka10008","","ready","2026-10-06T12:19:27.676Z"
"aligned","KR","stock","005930","day","KRW","foreign","2025-09-29","1","%","키움증권 · 모의","wght","2025-09-29","unknown","2026-10-06T12:19:27.658Z","","","true","봉 기간의 마지막 유효 관측값","","","","partial","QA SYNTHETIC API → 격리된 메모리 PGlite → 실제 서버 서비스 · 모의 응답 · 실수급 검증 아님 · 요청 시작일까지 확보 · KRX 시장 · 공급자 기준일/공표시각/확정 여부 미확인","false","true","2025-04-22","2025-12-01","2025-04-22","2025-12-01","available-cumulative","2025-04-22","kiwoom","mock","KRX","ka10008","","ready","2026-10-06T12:19:27.676Z"
"aligned","KR","stock","005930","day","KRW","foreign","2025-09-30","1.1","%","키움증권 · 모의","wght","2025-09-30","unknown","2026-10-06T12:19:27.658Z","","","true","봉 기간의 마지막 유효 관측값","","","","partial","QA SYNTHETIC API → 격리된 메모리 PGlite → 실제 서버 서비스 · 모의 응답 · 실수급 검증 아님 · 요청 시작일까지 확보 · KRX 시장 · 공급자 기준일/공표시각/확정 여부 미확인","false","true","2025-04-22","2025-12-01","2025-04-22","2025-12-01","available-cumulative","2025-04-22","kiwoom","mock","KRX","ka10008","","ready","2026-10-06T12:19:27.676Z"
"aligned","KR","stock","005930","day","KRW","foreign","2025-10-01","1.2","%","키움증권 · 모의","wght","2025-10-01","unknown","2026-10-06T12:19:27.658Z","","","true","봉 기간의 마지막 유효 관측값","","","","partial","QA SYNTHETIC API → 격리된 메모리 PGlite → 실제 서버 서비스 · 모의 응답 · 실수급 검증 아님 · 요청 시작일까지 확보 · KRX 시장 · 공급자 기준일/공표시각/확정 여부 미확인","false","true","2025-04-22","2025-12-01","2025-04-22","2025-12-01","available-cumulative","2025-04-22","kiwoom","mock","KRX","ka10008","","ready","2026-10-06T12:19:27.676Z"
"aligned","KR","stock","005930","day","KRW","foreign","2025-10-02","1.3","%","키움증권 · 모의","wght","2025-10-02","unknown","2026-10-06T12:19:27.658Z","","","true","봉 기간의 마지막 유효 관측값","","","","partial","QA SYNTHETIC API → 격리된 메모리 PGlite → 실제 서버 서비스 · 모의 응답 · 실수급 검증 아님 · 요청 시작일까지 확보 · KRX 시장 · 공급자 기준일/공표시각/확정 여부 미확인","false","true","2025-04-22","2025-12-01","2025-04-22","2025-12-01","available-cumulative","2025-04-22","kiwoom","mock","KRX","ka10008","","ready","2026-10-06T12:19:27.676Z"
"aligned","KR","stock","005930","day","KRW","foreign","2025-10-03","1.4","%","키움증권 · 모의","wght","2025-10-03","unknown","2026-10-06T12:19:27.658Z","","","true","봉 기간의 마지막 유효 관측값","","","","partial","QA SYNTHETIC API → 격리된 메모리 PGlite → 실제 서버 서비스 · 모의 응답 · 실수급 검증 아님 · 요청 시작일까지 확보 · KRX 시장 · 공급자 기준일/공표시각/확정 여부 미확인","false","true","2025-04-22","2025-12-01","2025-04-22","2025-12-01","available-cumulative","2025-04-22","kiwoom","mock","KRX","ka10008","","ready","2026-10-06T12:19:27.676Z"
"aligned","KR","stock","005930","day","KRW","foreign","2025-10-06","1.5","%","키움증권 · 모의","wght","2025-10-06","unknown","2026-10-06T12:19:27.658Z","","","true","봉 기간의 마지막 유효 관측값","","","","partial","QA SYNTHETIC API → 격리된 메모리 PGlite → 실제 서버 서비스 · 모의 응답 · 실수급 검증 아님 · 요청 시작일까지 확보 · KRX 시장 · 공급자 기준일/공표시각/확정 여부 미확인","false","true","2025-04-22","2025-12-01","2025-04-22","2025-12-01","available-cumulative","2025-04-22","kiwoom","mock","KRX","ka10008","","ready","2026-10-06T12:19:27.676Z"
"aligned","KR","stock","005930","day","KRW","foreign","2025-10-07","1.6","%","키움증권 · 모의","wght","2025-10-07","unknown","2026-10-06T12:19:27.658Z","","","true","봉 기간의 마지막 유효 관측값","","","","partial","QA SYNTHETIC API → 격리된 메모리 PGlite → 실제 서버 서비스 · 모의 응답 · 실수급 검증 아님 · 요청 시작일까지 확보 · KRX 시장 · 공급자 기준일/공표시각/확정 여부 미확인","false","true","2025-04-22","2025-12-01","2025-04-22","2025-12-01","available-cumulative","2025-04-22","kiwoom","mock","KRX","ka10008","","ready","2026-10-06T12:19:27.676Z"
"aligned","KR","stock","005930","day","KRW","foreign","2025-10-08","1.7","%","키움증권 · 모의","wght","2025-10-08","unknown","2026-10-06T12:19:27.658Z","","","true","봉 기간의 마지막 유효 관측값","","","","partial","QA SYNTHETIC API → 격리된 메모리 PGlite → 실제 서버 서비스 · 모의 응답 · 실수급 검증 아님 · 요청 시작일까지 확보 · KRX 시장 · 공급자 기준일/공표시각/확정 여부 미확인","false","true","2025-04-22","2025-12-01","2025-04-22","2025-12-01","available-cumulative","2025-04-22","kiwoom","mock","KRX","ka10008","","ready","2026-10-06T12:19:27.676Z"
"aligned","KR","stock","005930","day","KRW","foreign","2025-10-09","1.8","%","키움증권 · 모의","wght","2025-10-09","unknown","2026-10-06T12:19:27.658Z","","","true","봉 기간의 마지막 유효 관측값","","","","partial","QA SYNTHETIC API → 격리된 메모리 PGlite → 실제 서버 서비스 · 모의 응답 · 실수급 검증 아님 · 요청 시작일까지 확보 · KRX 시장 · 공급자 기준일/공표시각/확정 여부 미확인","false","true","2025-04-22","2025-12-01","2025-04-22","2025-12-01","available-cumulative","2025-04-22","kiwoom","mock","KRX","ka10008","","ready","2026-10-06T12:19:27.676Z"
"aligned","KR","stock","005930","day","KRW","foreign","2025-10-10","1.9","%","키움증권 · 모의","wght","2025-10-10","unknown","2026-10-06T12:19:27.658Z","","","true","봉 기간의 마지막 유효 관측값","","","","partial","QA SYNTHETIC API → 격리된 메모리 PGlite → 실제 서버 서비스 · 모의 응답 · 실수급 검증 아님 · 요청 시작일까지 확보 · KRX 시장 · 공급자 기준일/공표시각/확정 여부 미확인","false","true","2025-04-22","2025-12-01","2025-04-22","2025-12-01","available-cumulative","2025-04-22","kiwoom","mock","KRX","ka10008","","ready","2026-10-06T12:19:27.676Z"
"aligned","KR","stock","005930","day","KRW","foreign","2025-10-13","2","%","키움증권 · 모의","wght","2025-10-13","unknown","2026-10-06T12:19:27.658Z","","","true","봉 기간의 마지막 유효 관측값","","","","partial","QA SYNTHETIC API → 격리된 메모리 PGlite → 실제 서버 서비스 · 모의 응답 · 실수급 검증 아님 · 요청 시작일까지 확보 · KRX 시장 · 공급자 기준일/공표시각/확정 여부 미확인","false","true","2025-04-22","2025-12-01","2025-04-22","2025-12-01","available-cumulative","2025-04-22","kiwoom","mock","KRX","ka10008","","ready","2026-10-06T12:19:27.676Z"
"aligned","KR","stock","005930","day","KRW","foreign","2025-10-14","2.1","%","키움증권 · 모의","wght","2025-10-14","unknown","2026-10-06T12:19:27.658Z","","","true","봉 기간의 마지막 유효 관측값","","","","partial","QA SYNTHETIC API → 격리된 메모리 PGlite → 실제 서버 서비스 · 모의 응답 · 실수급 검증 아님 · 요청 시작일까지 확보 · KRX 시장 · 공급자 기준일/공표시각/확정 여부 미확인","false","true","2025-04-22","2025-12-01","2025-04-22","2025-12-01","available-cumulative","2025-04-22","kiwoom","mock","KRX","ka10008","","ready","2026-10-06T12:19:27.676Z"
"aligned","KR","stock","005930","day","KRW","foreign","2025-10-15","2.2","%","키움증권 · 모의","wght","2025-10-15","unknown","2026-10-06T12:19:27.658Z","","","true","봉 기간의 마지막 유효 관측값","","","","partial","QA SYNTHETIC API → 격리된 메모리 PGlite → 실제 서버 서비스 · 모의 응답 · 실수급 검증 아님 · 요청 시작일까지 확보 · KRX 시장 · 공급자 기준일/공표시각/확정 여부 미확인","false","true","2025-04-22","2025-12-01","2025-04-22","2025-12-01","available-cumulative","2025-04-22","kiwoom","mock","KRX","ka10008","","ready","2026-10-06T12:19:27.676Z"
"aligned","KR","stock","005930","day","KRW","foreign","2025-10-16","2.3","%","키움증권 · 모의","wght","2025-10-16","unknown","2026-10-06T12:19:27.658Z","","","true","봉 기간의 마지막 유효 관측값","","","","partial","QA SYNTHETIC API → 격리된 메모리 PGlite → 실제 서버 서비스 · 모의 응답 · 실수급 검증 아님 · 요청 시작일까지 확보 · KRX 시장 · 공급자 기준일/공표시각/확정 여부 미확인","false","true","2025-04-22","2025-12-01","2025-04-22","2025-12-01","available-cumulative","2025-04-22","kiwoom","mock","KRX","ka10008","","ready","2026-10-06T12:19:27.676Z"
"aligned","KR","stock","005930","day","KRW","foreign","2025-10-17","2.4","%","키움증권 · 모의","wght","2025-10-17","unknown","2026-10-06T12:19:27.658Z","","","true","봉 기간의 마지막 유효 관측값","","","","partial","QA SYNTHETIC API → 격리된 메모리 PGlite → 실제 서버 서비스 · 모의 응답 · 실수급 검증 아님 · 요청 시작일까지 확보 · KRX 시장 · 공급자 기준일/공표시각/확정 여부 미확인","false","true","2025-04-22","2025-12-01","2025-04-22","2025-12-01","available-cumulative","2025-04-22","kiwoom","mock","KRX","ka10008","","ready","2026-10-06T12:19:27.676Z"
"aligned","KR","stock","005930","day","KRW","foreign","2025-10-20","2.5","%","키움증권 · 모의","wght","2025-10-20","unknown","2026-10-06T12:19:27.658Z","","","true","봉 기간의 마지막 유효 관측값","","","","partial","QA SYNTHETIC API → 격리된 메모리 PGlite → 실제 서버 서비스 · 모의 응답 · 실수급 검증 아님 · 요청 시작일까지 확보 · KRX 시장 · 공급자 기준일/공표시각/확정 여부 미확인","false","true","2025-04-22","2025-12-01","2025-04-22","2025-12-01","available-cumulative","2025-04-22","kiwoom","mock","KRX","ka10008","","ready","2026-10-06T12:19:27.676Z"
"aligned","KR","stock","005930","day","KRW","foreign","2025-10-21","2.6","%","키움증권 · 모의","wght","2025-10-21","unknown","2026-10-06T12:19:27.658Z","","","true","봉 기간의 마지막 유효 관측값","","","","partial","QA SYNTHETIC API → 격리된 메모리 PGlite → 실제 서버 서비스 · 모의 응답 · 실수급 검증 아님 · 요청 시작일까지 확보 · KRX 시장 · 공급자 기준일/공표시각/확정 여부 미확인","false","true","2025-04-22","2025-12-01","2025-04-22","2025-12-01","available-cumulative","2025-04-22","kiwoom","mock","KRX","ka10008","","ready","2026-10-06T12:19:27.676Z"
"aligned","KR","stock","005930","day","KRW","foreign","2025-10-22","2.7","%","키움증권 · 모의","wght","2025-10-22","unknown","2026-10-06T12:19:27.658Z","","","true","봉 기간의 마지막 유효 관측값","","","","partial","QA SYNTHETIC API → 격리된 메모리 PGlite → 실제 서버 서비스 · 모의 응답 · 실수급 검증 아님 · 요청 시작일까지 확보 · KRX 시장 · 공급자 기준일/공표시각/확정 여부 미확인","false","true","2025-04-22","2025-12-01","2025-04-22","2025-12-01","available-cumulative","2025-04-22","kiwoom","mock","KRX","ka10008","","ready","2026-10-06T12:19:27.676Z"
"aligned","KR","stock","005930","day","KRW","foreign","2025-10-23","2.8","%","키움증권 · 모의","wght","2025-10-23","unknown","2026-10-06T12:19:27.658Z","","","true","봉 기간의 마지막 유효 관측값","","","","partial","QA SYNTHETIC API → 격리된 메모리 PGlite → 실제 서버 서비스 · 모의 응답 · 실수급 검증 아님 · 요청 시작일까지 확보 · KRX 시장 · 공급자 기준일/공표시각/확정 여부 미확인","false","true","2025-04-22","2025-12-01","2025-04-22","2025-12-01","available-cumulative","2025-04-22","kiwoom","mock","KRX","ka10008","","ready","2026-10-06T12:19:27.676Z"
"aligned","KR","stock","005930","day","KRW","foreign","2025-10-24","2.9","%","키움증권 · 모의","wght","2025-10-24","unknown","2026-10-06T12:19:27.658Z","","","true","봉 기간의 마지막 유효 관측값","","","","partial","QA SYNTHETIC API → 격리된 메모리 PGlite → 실제 서버 서비스 · 모의 응답 · 실수급 검증 아님 · 요청 시작일까지 확보 · KRX 시장 · 공급자 기준일/공표시각/확정 여부 미확인","false","true","2025-04-22","2025-12-01","2025-04-22","2025-12-01","available-cumulative","2025-04-22","kiwoom","mock","KRX","ka10008","","ready","2026-10-06T12:19:27.676Z"
"aligned","KR","stock","005930","day","KRW","foreign","2025-10-27","3","%","키움증권 · 모의","wght","2025-10-27","unknown","2026-10-06T12:19:27.658Z","","","true","봉 기간의 마지막 유효 관측값","","","","partial","QA SYNTHETIC API → 격리된 메모리 PGlite → 실제 서버 서비스 · 모의 응답 · 실수급 검증 아님 · 요청 시작일까지 확보 · KRX 시장 · 공급자 기준일/공표시각/확정 여부 미확인","false","true","2025-04-22","2025-12-01","2025-04-22","2025-12-01","available-cumulative","2025-04-22","kiwoom","mock","KRX","ka10008","","ready","2026-10-06T12:19:27.676Z"
"aligned","KR","stock","005930","day","KRW","foreign","2025-10-28","3.1","%","키움증권 · 모의","wght","2025-10-28","unknown","2026-10-06T12:19:27.658Z","","","true","봉 기간의 마지막 유효 관측값","","","","partial","QA SYNTHETIC API → 격리된 메모리 PGlite → 실제 서버 서비스 · 모의 응답 · 실수급 검증 아님 · 요청 시작일까지 확보 · KRX 시장 · 공급자 기준일/공표시각/확정 여부 미확인","false","true","2025-04-22","2025-12-01","2025-04-22","2025-12-01","available-cumulative","2025-04-22","kiwoom","mock","KRX","ka10008","","ready","2026-10-06T12:19:27.676Z"
"aligned","KR","stock","005930","day","KRW","foreign","2025-10-29","3.2","%","키움증권 · 모의","wght","2025-10-29","unknown","2026-10-06T12:19:27.658Z","","","true","봉 기간의 마지막 유효 관측값","","","","partial","QA SYNTHETIC API → 격리된 메모리 PGlite → 실제 서버 서비스 · 모의 응답 · 실수급 검증 아님 · 요청 시작일까지 확보 · KRX 시장 · 공급자 기준일/공표시각/확정 여부 미확인","false","true","2025-04-22","2025-12-01","2025-04-22","2025-12-01","available-cumulative","2025-04-22","kiwoom","mock","KRX","ka10008","","ready","2026-10-06T12:19:27.676Z"
"aligned","KR","stock","005930","day","KRW","foreign","2025-10-30","3.3","%","키움증권 · 모의","wght","2025-10-30","unknown","2026-10-06T12:19:27.658Z","","","true","봉 기간의 마지막 유효 관측값","","","","partial","QA SYNTHETIC API → 격리된 메모리 PGlite → 실제 서버 서비스 · 모의 응답 · 실수급 검증 아님 · 요청 시작일까지 확보 · KRX 시장 · 공급자 기준일/공표시각/확정 여부 미확인","false","true","2025-04-22","2025-12-01","2025-04-22","2025-12-01","available-cumulative","2025-04-22","kiwoom","mock","KRX","ka10008","","ready","2026-10-06T12:19:27.676Z"
"aligned","KR","stock","005930","day","KRW","foreign","2025-10-31","3.4","%","키움증권 · 모의","wght","2025-10-31","unknown","2026-10-06T12:19:27.658Z","","","true","봉 기간의 마지막 유효 관측값","","","","partial","QA SYNTHETIC API → 격리된 메모리 PGlite → 실제 서버 서비스 · 모의 응답 · 실수급 검증 아님 · 요청 시작일까지 확보 · KRX 시장 · 공급자 기준일/공표시각/확정 여부 미확인","false","true","2025-04-22","2025-12-01","2025-04-22","2025-12-01","available-cumulative","2025-04-22","kiwoom","mock","KRX","ka10008","","ready","2026-10-06T12:19:27.676Z"
"aligned","KR","stock","005930","day","KRW","foreign","2025-11-03","3.5","%","키움증권 · 모의","wght","2025-11-03","unknown","2026-10-06T12:19:27.658Z","","","true","봉 기간의 마지막 유효 관측값","","","","partial","QA SYNTHETIC API → 격리된 메모리 PGlite → 실제 서버 서비스 · 모의 응답 · 실수급 검증 아님 · 요청 시작일까지 확보 · KRX 시장 · 공급자 기준일/공표시각/확정 여부 미확인","false","true","2025-04-22","2025-12-01","2025-04-22","2025-12-01","available-cumulative","2025-04-22","kiwoom","mock","KRX","ka10008","","ready","2026-10-06T12:19:27.676Z"
"aligned","KR","stock","005930","day","KRW","foreign","2025-11-04","3.6","%","키움증권 · 모의","wght","2025-11-04","unknown","2026-10-06T12:19:27.658Z","","","true","봉 기간의 마지막 유효 관측값","","","","partial","QA SYNTHETIC API → 격리된 메모리 PGlite → 실제 서버 서비스 · 모의 응답 · 실수급 검증 아님 · 요청 시작일까지 확보 · KRX 시장 · 공급자 기준일/공표시각/확정 여부 미확인","false","true","2025-04-22","2025-12-01","2025-04-22","2025-12-01","available-cumulative","2025-04-22","kiwoom","mock","KRX","ka10008","","ready","2026-10-06T12:19:27.676Z"
"aligned","KR","stock","005930","day","KRW","foreign","2025-11-05","0","%","키움증권 · 모의","wght","2025-11-05","unknown","2026-10-06T12:19:27.658Z","","","true","봉 기간의 마지막 유효 관측값","","","","partial","QA SYNTHETIC API → 격리된 메모리 PGlite → 실제 서버 서비스 · 모의 응답 · 실수급 검증 아님 · 요청 시작일까지 확보 · KRX 시장 · 공급자 기준일/공표시각/확정 여부 미확인","false","true","2025-04-22","2025-12-01","2025-04-22","2025-12-01","available-cumulative","2025-04-22","kiwoom","mock","KRX","ka10008","","ready","2026-10-06T12:19:27.676Z"
"aligned","KR","stock","005930","day","KRW","foreign","2025-11-06","0.1","%","키움증권 · 모의","wght","2025-11-06","unknown","2026-10-06T12:19:27.658Z","","","true","봉 기간의 마지막 유효 관측값","","","","partial","QA SYNTHETIC API → 격리된 메모리 PGlite → 실제 서버 서비스 · 모의 응답 · 실수급 검증 아님 · 요청 시작일까지 확보 · KRX 시장 · 공급자 기준일/공표시각/확정 여부 미확인","false","true","2025-04-22","2025-12-01","2025-04-22","2025-12-01","available-cumulative","2025-04-22","kiwoom","mock","KRX","ka10008","","ready","2026-10-06T12:19:27.676Z"
"aligned","KR","stock","005930","day","KRW","foreign","2025-11-07","0.2","%","키움증권 · 모의","wght","2025-11-07","unknown","2026-10-06T12:19:27.658Z","","","true","봉 기간의 마지막 유효 관측값","","","","partial","QA SYNTHETIC API → 격리된 메모리 PGlite → 실제 서버 서비스 · 모의 응답 · 실수급 검증 아님 · 요청 시작일까지 확보 · KRX 시장 · 공급자 기준일/공표시각/확정 여부 미확인","false","true","2025-04-22","2025-12-01","2025-04-22","2025-12-01","available-cumulative","2025-04-22","kiwoom","mock","KRX","ka10008","","ready","2026-10-06T12:19:27.676Z"
"aligned","KR","stock","005930","day","KRW","foreign","2025-11-10","0.3","%","키움증권 · 모의","wght","2025-11-10","unknown","2026-10-06T12:19:27.658Z","","","true","봉 기간의 마지막 유효 관측값","","","","partial","QA SYNTHETIC API → 격리된 메모리 PGlite → 실제 서버 서비스 · 모의 응답 · 실수급 검증 아님 · 요청 시작일까지 확보 · KRX 시장 · 공급자 기준일/공표시각/확정 여부 미확인","false","true","2025-04-22","2025-12-01","2025-04-22","2025-12-01","available-cumulative","2025-04-22","kiwoom","mock","KRX","ka10008","","ready","2026-10-06T12:19:27.676Z"
"aligned","KR","stock","005930","day","KRW","foreign","2025-11-11","0.4","%","키움증권 · 모의","wght","2025-11-11","unknown","2026-10-06T12:19:27.658Z","","","true","봉 기간의 마지막 유효 관측값","","","","partial","QA SYNTHETIC API → 격리된 메모리 PGlite → 실제 서버 서비스 · 모의 응답 · 실수급 검증 아님 · 요청 시작일까지 확보 · KRX 시장 · 공급자 기준일/공표시각/확정 여부 미확인","false","true","2025-04-22","2025-12-01","2025-04-22","2025-12-01","available-cumulative","2025-04-22","kiwoom","mock","KRX","ka10008","","ready","2026-10-06T12:19:27.676Z"
"aligned","KR","stock","005930","day","KRW","foreign","2025-11-12","0.5","%","키움증권 · 모의","wght","2025-11-12","unknown","2026-10-06T12:19:27.658Z","","","true","봉 기간의 마지막 유효 관측값","","","","partial","QA SYNTHETIC API → 격리된 메모리 PGlite → 실제 서버 서비스 · 모의 응답 · 실수급 검증 아님 · 요청 시작일까지 확보 · KRX 시장 · 공급자 기준일/공표시각/확정 여부 미확인","false","true","2025-04-22","2025-12-01","2025-04-22","2025-12-01","available-cumulative","2025-04-22","kiwoom","mock","KRX","ka10008","","ready","2026-10-06T12:19:27.676Z"
"aligned","KR","stock","005930","day","KRW","foreign","2025-11-13","0.6","%","키움증권 · 모의","wght","2025-11-13","unknown","2026-10-06T12:19:27.658Z","","","true","봉 기간의 마지막 유효 관측값","","","","partial","QA SYNTHETIC API → 격리된 메모리 PGlite → 실제 서버 서비스 · 모의 응답 · 실수급 검증 아님 · 요청 시작일까지 확보 · KRX 시장 · 공급자 기준일/공표시각/확정 여부 미확인","false","true","2025-04-22","2025-12-01","2025-04-22","2025-12-01","available-cumulative","2025-04-22","kiwoom","mock","KRX","ka10008","","ready","2026-10-06T12:19:27.676Z"
"aligned","KR","stock","005930","day","KRW","foreign","2025-11-14","0.7","%","키움증권 · 모의","wght","2025-11-14","unknown","2026-10-06T12:19:27.658Z","","","true","봉 기간의 마지막 유효 관측값","","","","partial","QA SYNTHETIC API → 격리된 메모리 PGlite → 실제 서버 서비스 · 모의 응답 · 실수급 검증 아님 · 요청 시작일까지 확보 · KRX 시장 · 공급자 기준일/공표시각/확정 여부 미확인","false","true","2025-04-22","2025-12-01","2025-04-22","2025-12-01","available-cumulative","2025-04-22","kiwoom","mock","KRX","ka10008","","ready","2026-10-06T12:19:27.676Z"
"aligned","KR","stock","005930","day","KRW","foreign","2025-11-17","0.8","%","키움증권 · 모의","wght","2025-11-17","unknown","2026-10-06T12:19:27.658Z","","","true","봉 기간의 마지막 유효 관측값","","","","partial","QA SYNTHETIC API → 격리된 메모리 PGlite → 실제 서버 서비스 · 모의 응답 · 실수급 검증 아님 · 요청 시작일까지 확보 · KRX 시장 · 공급자 기준일/공표시각/확정 여부 미확인","false","true","2025-04-22","2025-12-01","2025-04-22","2025-12-01","available-cumulative","2025-04-22","kiwoom","mock","KRX","ka10008","","ready","2026-10-06T12:19:27.676Z"
"aligned","KR","stock","005930","day","KRW","foreign","2025-11-18","0.9","%","키움증권 · 모의","wght","2025-11-18","unknown","2026-10-06T12:19:27.658Z","","","true","봉 기간의 마지막 유효 관측값","","","","partial","QA SYNTHETIC API → 격리된 메모리 PGlite → 실제 서버 서비스 · 모의 응답 · 실수급 검증 아님 · 요청 시작일까지 확보 · KRX 시장 · 공급자 기준일/공표시각/확정 여부 미확인","false","true","2025-04-22","2025-12-01","2025-04-22","2025-12-01","available-cumulative","2025-04-22","kiwoom","mock","KRX","ka10008","","ready","2026-10-06T12:19:27.676Z"
"aligned","KR","stock","005930","day","KRW","foreign","2025-11-19","1","%","키움증권 · 모의","wght","2025-11-19","unknown","2026-10-06T12:19:27.658Z","","","true","봉 기간의 마지막 유효 관측값","","","","partial","QA SYNTHETIC API → 격리된 메모리 PGlite → 실제 서버 서비스 · 모의 응답 · 실수급 검증 아님 · 요청 시작일까지 확보 · KRX 시장 · 공급자 기준일/공표시각/확정 여부 미확인","false","true","2025-04-22","2025-12-01","2025-04-22","2025-12-01","available-cumulative","2025-04-22","kiwoom","mock","KRX","ka10008","","ready","2026-10-06T12:19:27.676Z"
"aligned","KR","stock","005930","day","KRW","foreign","2025-11-20","1.1","%","키움증권 · 모의","wght","2025-11-20","unknown","2026-10-06T12:19:27.658Z","","","true","봉 기간의 마지막 유효 관측값","","","","partial","QA SYNTHETIC API → 격리된 메모리 PGlite → 실제 서버 서비스 · 모의 응답 · 실수급 검증 아님 · 요청 시작일까지 확보 · KRX 시장 · 공급자 기준일/공표시각/확정 여부 미확인","false","true","2025-04-22","2025-12-01","2025-04-22","2025-12-01","available-cumulative","2025-04-22","kiwoom","mock","KRX","ka10008","","ready","2026-10-06T12:19:27.676Z"
"aligned","KR","stock","005930","day","KRW","foreign","2025-11-21","1.2","%","키움증권 · 모의","wght","2025-11-21","unknown","2026-10-06T12:19:27.658Z","","","true","봉 기간의 마지막 유효 관측값","","","","partial","QA SYNTHETIC API → 격리된 메모리 PGlite → 실제 서버 서비스 · 모의 응답 · 실수급 검증 아님 · 요청 시작일까지 확보 · KRX 시장 · 공급자 기준일/공표시각/확정 여부 미확인","false","true","2025-04-22","2025-12-01","2025-04-22","2025-12-01","available-cumulative","2025-04-22","kiwoom","mock","KRX","ka10008","","ready","2026-10-06T12:19:27.676Z"
"aligned","KR","stock","005930","day","KRW","foreign","2025-11-24","1.3","%","키움증권 · 모의","wght","2025-11-24","unknown","2026-10-06T12:19:27.658Z","","","true","봉 기간의 마지막 유효 관측값","","","","partial","QA SYNTHETIC API → 격리된 메모리 PGlite → 실제 서버 서비스 · 모의 응답 · 실수급 검증 아님 · 요청 시작일까지 확보 · KRX 시장 · 공급자 기준일/공표시각/확정 여부 미확인","false","true","2025-04-22","2025-12-01","2025-04-22","2025-12-01","available-cumulative","2025-04-22","kiwoom","mock","KRX","ka10008","","ready","2026-10-06T12:19:27.676Z"
"aligned","KR","stock","005930","day","KRW","foreign","2025-11-25","1.4","%","키움증권 · 모의","wght","2025-11-25","unknown","2026-10-06T12:19:27.658Z","","","true","봉 기간의 마지막 유효 관측값","","","","partial","QA SYNTHETIC API → 격리된 메모리 PGlite → 실제 서버 서비스 · 모의 응답 · 실수급 검증 아님 · 요청 시작일까지 확보 · KRX 시장 · 공급자 기준일/공표시각/확정 여부 미확인","false","true","2025-04-22","2025-12-01","2025-04-22","2025-12-01","available-cumulative","2025-04-22","kiwoom","mock","KRX","ka10008","","ready","2026-10-06T12:19:27.676Z"
"aligned","KR","stock","005930","day","KRW","foreign","2025-11-26","1.5","%","키움증권 · 모의","wght","2025-11-26","unknown","2026-10-06T12:19:27.658Z","","","true","봉 기간의 마지막 유효 관측값","","","","partial","QA SYNTHETIC API → 격리된 메모리 PGlite → 실제 서버 서비스 · 모의 응답 · 실수급 검증 아님 · 요청 시작일까지 확보 · KRX 시장 · 공급자 기준일/공표시각/확정 여부 미확인","false","true","2025-04-22","2025-12-01","2025-04-22","2025-12-01","available-cumulative","2025-04-22","kiwoom","mock","KRX","ka10008","","ready","2026-10-06T12:19:27.676Z"
"aligned","KR","stock","005930","day","KRW","foreign","2025-11-27","1.6","%","키움증권 · 모의","wght","2025-11-27","unknown","2026-10-06T12:19:27.658Z","","","true","봉 기간의 마지막 유효 관측값","","","","partial","QA SYNTHETIC API → 격리된 메모리 PGlite → 실제 서버 서비스 · 모의 응답 · 실수급 검증 아님 · 요청 시작일까지 확보 · KRX 시장 · 공급자 기준일/공표시각/확정 여부 미확인","false","true","2025-04-22","2025-12-01","2025-04-22","2025-12-01","available-cumulative","2025-04-22","kiwoom","mock","KRX","ka10008","","ready","2026-10-06T12:19:27.676Z"
"aligned","KR","stock","005930","day","KRW","foreign","2025-11-28","1.7","%","키움증권 · 모의","wght","2025-11-28","unknown","2026-10-06T12:19:27.658Z","","","true","봉 기간의 마지막 유효 관측값","","","","partial","QA SYNTHETIC API → 격리된 메모리 PGlite → 실제 서버 서비스 · 모의 응답 · 실수급 검증 아님 · 요청 시작일까지 확보 · KRX 시장 · 공급자 기준일/공표시각/확정 여부 미확인","false","true","2025-04-22","2025-12-01","2025-04-22","2025-12-01","available-cumulative","2025-04-22","kiwoom","mock","KRX","ka10008","","ready","2026-10-06T12:19:27.676Z"
"aligned","KR","stock","005930","day","KRW","foreign","2025-12-01","1.8","%","키움증권 · 모의","wght","2025-12-01","unknown","2026-10-06T12:19:27.658Z","","","true","봉 기간의 마지막 유효 관측값","","","","partial","QA SYNTHETIC API → 격리된 메모리 PGlite → 실제 서버 서비스 · 모의 응답 · 실수급 검증 아님 · 요청 시작일까지 확보 · KRX 시장 · 공급자 기준일/공표시각/확정 여부 미확인","false","true","2025-04-22","2025-12-01","2025-04-22","2025-12-01","available-cumulative","2025-04-22","kiwoom","mock","KRX","ka10008","","ready","2026-10-06T12:19:27.676Z"
"raw","KR","stock","005930","day","KRW","investmentTrust","2025-04-22","1500","주","키움증권 · 모의","invtrt","2025-04-22","unknown","2026-10-06T12:19:27.661Z","","","false","","","","","partial","QA SYNTHETIC API → 격리된 메모리 PGlite → 실제 서버 서비스 · 모의 응답 · 실수급 검증 아님 · 요청 시작일까지 확보 · KRX 시장 · 공급자 기준일/공표시각/확정 여부 미확인","true","true","2025-04-22","2025-12-01","2025-04-22","2025-12-01","available-cumulative","2025-04-22","kiwoom","mock","KRX","ka10059","valid","ready","2026-10-06T12:19:27.681Z"
"raw","KR","stock","005930","day","KRW","investmentTrust","2025-04-23","-1000","주","키움증권 · 모의","invtrt","2025-04-23","unknown","2026-10-06T12:19:27.661Z","","","false","","","","","partial","QA SYNTHETIC API → 격리된 메모리 PGlite → 실제 서버 서비스 · 모의 응답 · 실수급 검증 아님 · 요청 시작일까지 확보 · KRX 시장 · 공급자 기준일/공표시각/확정 여부 미확인","true","true","2025-04-22","2025-12-01","2025-04-22","2025-12-01","available-cumulative","2025-04-22","kiwoom","mock","KRX","ka10059","valid","ready","2026-10-06T12:19:27.681Z"
"raw","KR","stock","005930","day","KRW","investmentTrust","2025-04-24","1500","주","키움증권 · 모의","invtrt","2025-04-24","unknown","2026-10-06T12:19:27.661Z","","","false","","","","","partial","QA SYNTHETIC API → 격리된 메모리 PGlite → 실제 서버 서비스 · 모의 응답 · 실수급 검증 아님 · 요청 시작일까지 확보 · KRX 시장 · 공급자 기준일/공표시각/확정 여부 미확인","true","true","2025-04-22","2025-12-01","2025-04-22","2025-12-01","available-cumulative","2025-04-22","kiwoom","mock","KRX","ka10059","valid","ready","2026-10-06T12:19:27.681Z"
"raw","KR","stock","005930","day","KRW","investmentTrust","2025-04-25","-1000","주","키움증권 · 모의","invtrt","2025-04-25","unknown","2026-10-06T12:19:27.661Z","","","false","","","","","partial","QA SYNTHETIC API → 격리된 메모리 PGlite → 실제 서버 서비스 · 모의 응답 · 실수급 검증 아님 · 요청 시작일까지 확보 · KRX 시장 · 공급자 기준일/공표시각/확정 여부 미확인","true","true","2025-04-22","2025-12-01","2025-04-22","2025-12-01","available-cumulative","2025-04-22","kiwoom","mock","KRX","ka10059","valid","ready","2026-10-06T12:19:27.681Z"
"raw","KR","stock","005930","day","KRW","investmentTrust","2025-04-28","1500","주","키움증권 · 모의","invtrt","2025-04-28","unknown","2026-10-06T12:19:27.661Z","","","false","","","","","partial","QA SYNTHETIC API → 격리된 메모리 PGlite → 실제 서버 서비스 · 모의 응답 · 실수급 검증 아님 · 요청 시작일까지 확보 · KRX 시장 · 공급자 기준일/공표시각/확정 여부 미확인","true","true","2025-04-22","2025-12-01","2025-04-22","2025-12-01","available-cumulative","2025-04-22","kiwoom","mock","KRX","ka10059","valid","ready","2026-10-06T12:19:27.681Z"
"raw","KR","stock","005930","day","KRW","investmentTrust","2025-04-29","-1000","주","키움증권 · 모의","invtrt","2025-04-29","unknown","2026-10-06T12:19:27.661Z","","","false","","","","","partial","QA SYNTHETIC API → 격리된 메모리 PGlite → 실제 서버 서비스 · 모의 응답 · 실수급 검증 아님 · 요청 시작일까지 확보 · KRX 시장 · 공급자 기준일/공표시각/확정 여부 미확인","true","true","2025-04-22","2025-12-01","2025-04-22","2025-12-01","available-cumulative","2025-04-22","kiwoom","mock","KRX","ka10059","valid","ready","2026-10-06T12:19:27.681Z"
"raw","KR","stock","005930","day","KRW","investmentTrust","2025-04-30","1500","주","키움증권 · 모의","invtrt","2025-04-30","unknown","2026-10-06T12:19:27.661Z","","","false","","","","","partial","QA SYNTHETIC API → 격리된 메모리 PGlite → 실제 서버 서비스 · 모의 응답 · 실수급 검증 아님 · 요청 시작일까지 확보 · KRX 시장 · 공급자 기준일/공표시각/확정 여부 미확인","true","true","2025-04-22","2025-12-01","2025-04-22","2025-12-01","available-cumulative","2025-04-22","kiwoom","mock","KRX","ka10059","valid","ready","2026-10-06T12:19:27.681Z"
"raw","KR","stock","005930","day","KRW","investmentTrust","2025-05-01","-1000","주","키움증권 · 모의","invtrt","2025-05-01","unknown","2026-10-06T12:19:27.661Z","","","false","","","","","partial","QA SYNTHETIC API → 격리된 메모리 PGlite → 실제 서버 서비스 · 모의 응답 · 실수급 검증 아님 · 요청 시작일까지 확보 · KRX 시장 · 공급자 기준일/공표시각/확정 여부 미확인","true","true","2025-04-22","2025-12-01","2025-04-22","2025-12-01","available-cumulative","2025-04-22","kiwoom","mock","KRX","ka10059","valid","ready","2026-10-06T12:19:27.681Z"
"raw","KR","stock","005930","day","KRW","investmentTrust","2025-05-02","1500","주","키움증권 · 모의","invtrt","2025-05-02","unknown","2026-10-06T12:19:27.661Z","","","false","","","","","partial","QA SYNTHETIC API → 격리된 메모리 PGlite → 실제 서버 서비스 · 모의 응답 · 실수급 검증 아님 · 요청 시작일까지 확보 · KRX 시장 · 공급자 기준일/공표시각/확정 여부 미확인","true","true","2025-04-22","2025-12-01","2025-04-22","2025-12-01","available-cumulative","2025-04-22","kiwoom","mock","KRX","ka10059","valid","ready","2026-10-06T12:19:27.681Z"
"raw","KR","stock","005930","day","KRW","investmentTrust","2025-05-05","-1000","주","키움증권 · 모의","invtrt","2025-05-05","unknown","2026-10-06T12:19:27.661Z","","","false","","","","","partial","QA SYNTHETIC API → 격리된 메모리 PGlite → 실제 서버 서비스 · 모의 응답 · 실수급 검증 아님 · 요청 시작일까지 확보 · KRX 시장 · 공급자 기준일/공표시각/확정 여부 미확인","true","true","2025-04-22","2025-12-01","2025-04-22","2025-12-01","available-cumulative","2025-04-22","kiwoom","mock","KRX","ka10059","valid","ready","2026-10-06T12:19:27.681Z"
"raw","KR","stock","005930","day","KRW","investmentTrust","2025-05-06","1500","주","키움증권 · 모의","invtrt","2025-05-06","unknown","2026-10-06T12:19:27.661Z","","","false","","","","","partial","QA SYNTHETIC API → 격리된 메모리 PGlite → 실제 서버 서비스 · 모의 응답 · 실수급 검증 아님 · 요청 시작일까지 확보 · KRX 시장 · 공급자 기준일/공표시각/확정 여부 미확인","true","true","2025-04-22","2025-12-01","2025-04-22","2025-12-01","available-cumulative","2025-04-22","kiwoom","mock","KRX","ka10059","valid","ready","2026-10-06T12:19:27.681Z"
"raw","KR","stock","005930","day","KRW","investmentTrust","2025-05-07","-1000","주","키움증권 · 모의","invtrt","2025-05-07","unknown","2026-10-06T12:19:27.661Z","","","false","","","","","partial","QA SYNTHETIC API → 격리된 메모리 PGlite → 실제 서버 서비스 · 모의 응답 · 실수급 검증 아님 · 요청 시작일까지 확보 · KRX 시장 · 공급자 기준일/공표시각/확정 여부 미확인","true","true","2025-04-22","2025-12-01","2025-04-22","2025-12-01","available-cumulative","2025-04-22","kiwoom","mock","KRX","ka10059","valid","ready","2026-10-06T12:19:27.681Z"
"raw","KR","stock","005930","day","KRW","investmentTrust","2025-05-08","1500","주","키움증권 · 모의","invtrt","2025-05-08","unknown","2026-10-06T12:19:27.661Z","","","false","","","","","partial","QA SYNTHETIC API → 격리된 메모리 PGlite → 실제 서버 서비스 · 모의 응답 · 실수급 검증 아님 · 요청 시작일까지 확보 · KRX 시장 · 공급자 기준일/공표시각/확정 여부 미확인","true","true","2025-04-22","2025-12-01","2025-04-22","2025-12-01","available-cumulative","2025-04-22","kiwoom","mock","KRX","ka10059","valid","ready","2026-10-06T12:19:27.681Z"
"raw","KR","stock","005930","day","KRW","investmentTrust","2025-05-09","-1000","주","키움증권 · 모의","invtrt","2025-05-09","unknown","2026-10-06T12:19:27.661Z","","","false","","","","","partial","QA SYNTHETIC API → 격리된 메모리 PGlite → 실제 서버 서비스 · 모의 응답 · 실수급 검증 아님 · 요청 시작일까지 확보 · KRX 시장 · 공급자 기준일/공표시각/확정 여부 미확인","true","true","2025-04-22","2025-12-01","2025-04-22","2025-12-01","available-cumulative","2025-04-22","kiwoom","mock","KRX","ka10059","valid","ready","2026-10-06T12:19:27.681Z"
"raw","KR","stock","005930","day","KRW","investmentTrust","2025-05-12","1500","주","키움증권 · 모의","invtrt","2025-05-12","unknown","2026-10-06T12:19:27.661Z","","","false","","","","","partial","QA SYNTHETIC API → 격리된 메모리 PGlite → 실제 서버 서비스 · 모의 응답 · 실수급 검증 아님 · 요청 시작일까지 확보 · KRX 시장 · 공급자 기준일/공표시각/확정 여부 미확인","true","true","2025-04-22","2025-12-01","2025-04-22","2025-12-01","available-cumulative","2025-04-22","kiwoom","mock","KRX","ka10059","valid","ready","2026-10-06T12:19:27.681Z"
"raw","KR","stock","005930","day","KRW","investmentTrust","2025-05-13","-1000","주","키움증권 · 모의","invtrt","2025-05-13","unknown","2026-10-06T12:19:27.661Z","","","false","","","","","partial","QA SYNTHETIC API → 격리된 메모리 PGlite → 실제 서버 서비스 · 모의 응답 · 실수급 검증 아님 · 요청 시작일까지 확보 · KRX 시장 · 공급자 기준일/공표시각/확정 여부 미확인","true","true","2025-04-22","2025-12-01","2025-04-22","2025-12-01","available-cumulative","2025-04-22","kiwoom","mock","KRX","ka10059","valid","ready","2026-10-06T12:19:27.681Z"
"raw","KR","stock","005930","day","KRW","investmentTrust","2025-05-14","1500","주","키움증권 · 모의","invtrt","2025-05-14","unknown","2026-10-06T12:19:27.661Z","","","false","","","","","partial","QA SYNTHETIC API → 격리된 메모리 PGlite → 실제 서버 서비스 · 모의 응답 · 실수급 검증 아님 · 요청 시작일까지 확보 · KRX 시장 · 공급자 기준일/공표시각/확정 여부 미확인","true","true","2025-04-22","2025-12-01","2025-04-22","2025-12-01","available-cumulative","2025-04-22","kiwoom","mock","KRX","ka10059","valid","ready","2026-10-06T12:19:27.681Z"
"raw","KR","stock","005930","day","KRW","investmentTrust","2025-05-15","-1000","주","키움증권 · 모의","invtrt","2025-05-15","unknown","2026-10-06T12:19:27.661Z","","","false","","","","","partial","QA SYNTHETIC API → 격리된 메모리 PGlite → 실제 서버 서비스 · 모의 응답 · 실수급 검증 아님 · 요청 시작일까지 확보 · KRX 시장 · 공급자 기준일/공표시각/확정 여부 미확인","true","true","2025-04-22","2025-12-01","2025-04-22","2025-12-01","available-cumulative","2025-04-22","kiwoom","mock","KRX","ka10059","valid","ready","2026-10-06T12:19:27.681Z"
"raw","KR","stock","005930","day","KRW","investmentTrust","2025-05-16","1500","주","키움증권 · 모의","invtrt","2025-05-16","unknown","2026-10-06T12:19:27.661Z","","","false","","","","","partial","QA SYNTHETIC API → 격리된 메모리 PGlite → 실제 서버 서비스 · 모의 응답 · 실수급 검증 아님 · 요청 시작일까지 확보 · KRX 시장 · 공급자 기준일/공표시각/확정 여부 미확인","true","true","2025-04-22","2025-12-01","2025-04-22","2025-12-01","available-cumulative","2025-04-22","kiwoom","mock","KRX","ka10059","valid","ready","2026-10-06T12:19:27.681Z"
"raw","KR","stock","005930","day","KRW","investmentTrust","2025-05-19","-1000","주","키움증권 · 모의","invtrt","2025-05-19","unknown","2026-10-06T12:19:27.661Z","","","false","","","","","partial","QA SYNTHETIC API → 격리된 메모리 PGlite → 실제 서버 서비스 · 모의 응답 · 실수급 검증 아님 · 요청 시작일까지 확보 · KRX 시장 · 공급자 기준일/공표시각/확정 여부 미확인","true","true","2025-04-22","2025-12-01","2025-04-22","2025-12-01","available-cumulative","2025-04-22","kiwoom","mock","KRX","ka10059","valid","ready","2026-10-06T12:19:27.681Z"
"raw","KR","stock","005930","day","KRW","investmentTrust","2025-05-20","1500","주","키움증권 · 모의","invtrt","2025-05-20","unknown","2026-10-06T12:19:27.661Z","","","false","","","","","partial","QA SYNTHETIC API → 격리된 메모리 PGlite → 실제 서버 서비스 · 모의 응답 · 실수급 검증 아님 · 요청 시작일까지 확보 · KRX 시장 · 공급자 기준일/공표시각/확정 여부 미확인","true","true","2025-04-22","2025-12-01","2025-04-22","2025-12-01","available-cumulative","2025-04-22","kiwoom","mock","KRX","ka10059","valid","ready","2026-10-06T12:19:27.681Z"
"raw","KR","stock","005930","day","KRW","investmentTrust","2025-05-21","-1000","주","키움증권 · 모의","invtrt","2025-05-21","unknown","2026-10-06T12:19:27.661Z","","","false","","","","","partial","QA SYNTHETIC API → 격리된 메모리 PGlite → 실제 서버 서비스 · 모의 응답 · 실수급 검증 아님 · 요청 시작일까지 확보 · KRX 시장 · 공급자 기준일/공표시각/확정 여부 미확인","true","true","2025-04-22","2025-12-01","2025-04-22","2025-12-01","available-cumulative","2025-04-22","kiwoom","mock","KRX","ka10059","valid","ready","2026-10-06T12:19:27.681Z"
"raw","KR","stock","005930","day","KRW","investmentTrust","2025-05-22","1500","주","키움증권 · 모의","invtrt","2025-05-22","unknown","2026-10-06T12:19:27.661Z","","","false","","","","","partial","QA SYNTHETIC API → 격리된 메모리 PGlite → 실제 서버 서비스 · 모의 응답 · 실수급 검증 아님 · 요청 시작일까지 확보 · KRX 시장 · 공급자 기준일/공표시각/확정 여부 미확인","true","true","2025-04-22","2025-12-01","2025-04-22","2025-12-01","available-cumulative","2025-04-22","kiwoom","mock","KRX","ka10059","valid","ready","2026-10-06T12:19:27.681Z"
"raw","KR","stock","005930","day","KRW","investmentTrust","2025-05-23","-1000","주","키움증권 · 모의","invtrt","2025-05-23","unknown","2026-10-06T12:19:27.661Z","","","false","","","","","partial","QA SYNTHETIC API → 격리된 메모리 PGlite → 실제 서버 서비스 · 모의 응답 · 실수급 검증 아님 · 요청 시작일까지 확보 · KRX 시장 · 공급자 기준일/공표시각/확정 여부 미확인","true","true","2025-04-22","2025-12-01","2025-04-22","2025-12-01","available-cumulative","2025-04-22","kiwoom","mock","KRX","ka10059","valid","ready","2026-10-06T12:19:27.681Z"
"raw","KR","stock","005930","day","KRW","investmentTrust","2025-05-26","1500","주","키움증권 · 모의","invtrt","2025-05-26","unknown","2026-10-06T12:19:27.661Z","","","false","","","","","partial","QA SYNTHETIC API → 격리된 메모리 PGlite → 실제 서버 서비스 · 모의 응답 · 실수급 검증 아님 · 요청 시작일까지 확보 · KRX 시장 · 공급자 기준일/공표시각/확정 여부 미확인","true","true","2025-04-22","2025-12-01","2025-04-22","2025-12-01","available-cumulative","2025-04-22","kiwoom","mock","KRX","ka10059","valid","ready","2026-10-06T12:19:27.681Z"
"raw","KR","stock","005930","day","KRW","investmentTrust","2025-05-27","-1000","주","키움증권 · 모의","invtrt","2025-05-27","unknown","2026-10-06T12:19:27.661Z","","","false","","","","","partial","QA SYNTHETIC API → 격리된 메모리 PGlite → 실제 서버 서비스 · 모의 응답 · 실수급 검증 아님 · 요청 시작일까지 확보 · KRX 시장 · 공급자 기준일/공표시각/확정 여부 미확인","true","true","2025-04-22","2025-12-01","2025-04-22","2025-12-01","available-cumulative","2025-04-22","kiwoom","mock","KRX","ka10059","valid","ready","2026-10-06T12:19:27.681Z"
"raw","KR","stock","005930","day","KRW","investmentTrust","2025-05-28","1500","주","키움증권 · 모의","invtrt","2025-05-28","unknown","2026-10-06T12:19:27.661Z","","","false","","","","","partial","QA SYNTHETIC API → 격리된 메모리 PGlite → 실제 서버 서비스 · 모의 응답 · 실수급 검증 아님 · 요청 시작일까지 확보 · KRX 시장 · 공급자 기준일/공표시각/확정 여부 미확인","true","true","2025-04-22","2025-12-01","2025-04-22","2025-12-01","available-cumulative","2025-04-22","kiwoom","mock","KRX","ka10059","valid","ready","2026-10-06T12:19:27.681Z"
"raw","KR","stock","005930","day","KRW","investmentTrust","2025-05-29","-1000","주","키움증권 · 모의","invtrt","2025-05-29","unknown","2026-10-06T12:19:27.661Z","","","false","","","","","partial","QA SYNTHETIC API → 격리된 메모리 PGlite → 실제 서버 서비스 · 모의 응답 · 실수급 검증 아님 · 요청 시작일까지 확보 · KRX 시장 · 공급자 기준일/공표시각/확정 여부 미확인","true","true","2025-04-22","2025-12-01","2025-04-22","2025-12-01","available-cumulative","2025-04-22","kiwoom","mock","KRX","ka10059","valid","ready","2026-10-06T12:19:27.681Z"
"raw","KR","stock","005930","day","KRW","investmentTrust","2025-05-30","1500","주","키움증권 · 모의","invtrt","2025-05-30","unknown","2026-10-06T12:19:27.661Z","","","false","","","","","partial","QA SYNTHETIC API → 격리된 메모리 PGlite → 실제 서버 서비스 · 모의 응답 · 실수급 검증 아님 · 요청 시작일까지 확보 · KRX 시장 · 공급자 기준일/공표시각/확정 여부 미확인","true","true","2025-04-22","2025-12-01","2025-04-22","2025-12-01","available-cumulative","2025-04-22","kiwoom","mock","KRX","ka10059","valid","ready","2026-10-06T12:19:27.681Z"
"raw","KR","stock","005930","day","KRW","investmentTrust","2025-06-02","-1000","주","키움증권 · 모의","invtrt","2025-06-02","unknown","2026-10-06T12:19:27.661Z","","","false","","","","","partial","QA SYNTHETIC API → 격리된 메모리 PGlite → 실제 서버 서비스 · 모의 응답 · 실수급 검증 아님 · 요청 시작일까지 확보 · KRX 시장 · 공급자 기준일/공표시각/확정 여부 미확인","true","true","2025-04-22","2025-12-01","2025-04-22","2025-12-01","available-cumulative","2025-04-22","kiwoom","mock","KRX","ka10059","valid","ready","2026-10-06T12:19:27.681Z"
"raw","KR","stock","005930","day","KRW","investmentTrust","2025-06-03","1500","주","키움증권 · 모의","invtrt","2025-06-03","unknown","2026-10-06T12:19:27.661Z","","","false","","","","","partial","QA SYNTHETIC API → 격리된 메모리 PGlite → 실제 서버 서비스 · 모의 응답 · 실수급 검증 아님 · 요청 시작일까지 확보 · KRX 시장 · 공급자 기준일/공표시각/확정 여부 미확인","true","true","2025-04-22","2025-12-01","2025-04-22","2025-12-01","available-cumulative","2025-04-22","kiwoom","mock","KRX","ka10059","valid","ready","2026-10-06T12:19:27.681Z"
"raw","KR","stock","005930","day","KRW","investmentTrust","2025-06-04","-1000","주","키움증권 · 모의","invtrt","2025-06-04","unknown","2026-10-06T12:19:27.661Z","","","false","","","","","partial","QA SYNTHETIC API → 격리된 메모리 PGlite → 실제 서버 서비스 · 모의 응답 · 실수급 검증 아님 · 요청 시작일까지 확보 · KRX 시장 · 공급자 기준일/공표시각/확정 여부 미확인","true","true","2025-04-22","2025-12-01","2025-04-22","2025-12-01","available-cumulative","2025-04-22","kiwoom","mock","KRX","ka10059","valid","ready","2026-10-06T12:19:27.681Z"
"raw","KR","stock","005930","day","KRW","investmentTrust","2025-06-05","1500","주","키움증권 · 모의","invtrt","2025-06-05","unknown","2026-10-06T12:19:27.661Z","","","false","","","","","partial","QA SYNTHETIC API → 격리된 메모리 PGlite → 실제 서버 서비스 · 모의 응답 · 실수급 검증 아님 · 요청 시작일까지 확보 · KRX 시장 · 공급자 기준일/공표시각/확정 여부 미확인","true","true","2025-04-22","2025-12-01","2025-04-22","2025-12-01","available-cumulative","2025-04-22","kiwoom","mock","KRX","ka10059","valid","ready","2026-10-06T12:19:27.681Z"
"raw","KR","stock","005930","day","KRW","investmentTrust","2025-06-06","-1000","주","키움증권 · 모의","invtrt","2025-06-06","unknown","2026-10-06T12:19:27.661Z","","","false","","","","","partial","QA SYNTHETIC API → 격리된 메모리 PGlite → 실제 서버 서비스 · 모의 응답 · 실수급 검증 아님 · 요청 시작일까지 확보 · KRX 시장 · 공급자 기준일/공표시각/확정 여부 미확인","true","true","2025-04-22","2025-12-01","2025-04-22","2025-12-01","available-cumulative","2025-04-22","kiwoom","mock","KRX","ka10059","valid","ready","2026-10-06T12:19:27.681Z"
"raw","KR","stock","005930","day","KRW","investmentTrust","2025-06-09","1500","주","키움증권 · 모의","invtrt","2025-06-09","unknown","2026-10-06T12:19:27.661Z","","","false","","","","","partial","QA SYNTHETIC API → 격리된 메모리 PGlite → 실제 서버 서비스 · 모의 응답 · 실수급 검증 아님 · 요청 시작일까지 확보 · KRX 시장 · 공급자 기준일/공표시각/확정 여부 미확인","true","true","2025-04-22","2025-12-01","2025-04-22","2025-12-01","available-cumulative","2025-04-22","kiwoom","mock","KRX","ka10059","valid","ready","2026-10-06T12:19:27.681Z"
"raw","KR","stock","005930","day","KRW","investmentTrust","2025-06-10","-1000","주","키움증권 · 모의","invtrt","2025-06-10","unknown","2026-10-06T12:19:27.661Z","","","false","","","","","partial","QA SYNTHETIC API → 격리된 메모리 PGlite → 실제 서버 서비스 · 모의 응답 · 실수급 검증 아님 · 요청 시작일까지 확보 · KRX 시장 · 공급자 기준일/공표시각/확정 여부 미확인","true","true","2025-04-22","2025-12-01","2025-04-22","2025-12-01","available-cumulative","2025-04-22","kiwoom","mock","KRX","ka10059","valid","ready","2026-10-06T12:19:27.681Z"
"raw","KR","stock","005930","day","KRW","investmentTrust","2025-06-11","1500","주","키움증권 · 모의","invtrt","2025-06-11","unknown","2026-10-06T12:19:27.661Z","","","false","","","","","partial","QA SYNTHETIC API → 격리된 메모리 PGlite → 실제 서버 서비스 · 모의 응답 · 실수급 검증 아님 · 요청 시작일까지 확보 · KRX 시장 · 공급자 기준일/공표시각/확정 여부 미확인","true","true","2025-04-22","2025-12-01","2025-04-22","2025-12-01","available-cumulative","2025-04-22","kiwoom","mock","KRX","ka10059","valid","ready","2026-10-06T12:19:27.681Z"
"raw","KR","stock","005930","day","KRW","investmentTrust","2025-06-12","-1000","주","키움증권 · 모의","invtrt","2025-06-12","unknown","2026-10-06T12:19:27.661Z","","","false","","","","","partial","QA SYNTHETIC API → 격리된 메모리 PGlite → 실제 서버 서비스 · 모의 응답 · 실수급 검증 아님 · 요청 시작일까지 확보 · KRX 시장 · 공급자 기준일/공표시각/확정 여부 미확인","true","true","2025-04-22","2025-12-01","2025-04-22","2025-12-01","available-cumulative","2025-04-22","kiwoom","mock","KRX","ka10059","valid","ready","2026-10-06T12:19:27.681Z"
"raw","KR","stock","005930","day","KRW","investmentTrust","2025-06-13","1500","주","키움증권 · 모의","invtrt","2025-06-13","unknown","2026-10-06T12:19:27.661Z","","","false","","","","","partial","QA SYNTHETIC API → 격리된 메모리 PGlite → 실제 서버 서비스 · 모의 응답 · 실수급 검증 아님 · 요청 시작일까지 확보 · KRX 시장 · 공급자 기준일/공표시각/확정 여부 미확인","true","true","2025-04-22","2025-12-01","2025-04-22","2025-12-01","available-cumulative","2025-04-22","kiwoom","mock","KRX","ka10059","valid","ready","2026-10-06T12:19:27.681Z"
"raw","KR","stock","005930","day","KRW","investmentTrust","2025-06-16","-1000","주","키움증권 · 모의","invtrt","2025-06-16","unknown","2026-10-06T12:19:27.661Z","","","false","","","","","partial","QA SYNTHETIC API → 격리된 메모리 PGlite → 실제 서버 서비스 · 모의 응답 · 실수급 검증 아님 · 요청 시작일까지 확보 · KRX 시장 · 공급자 기준일/공표시각/확정 여부 미확인","true","true","2025-04-22","2025-12-01","2025-04-22","2025-12-01","available-cumulative","2025-04-22","kiwoom","mock","KRX","ka10059","valid","ready","2026-10-06T12:19:27.681Z"
"raw","KR","stock","005930","day","KRW","investmentTrust","2025-06-17","1500","주","키움증권 · 모의","invtrt","2025-06-17","unknown","2026-10-06T12:19:27.661Z","","","false","","","","","partial","QA SYNTHETIC API → 격리된 메모리 PGlite → 실제 서버 서비스 · 모의 응답 · 실수급 검증 아님 · 요청 시작일까지 확보 · KRX 시장 · 공급자 기준일/공표시각/확정 여부 미확인","true","true","2025-04-22","2025-12-01","2025-04-22","2025-12-01","available-cumulative","2025-04-22","kiwoom","mock","KRX","ka10059","valid","ready","2026-10-06T12:19:27.681Z"
"raw","KR","stock","005930","day","KRW","investmentTrust","2025-06-18","-1000","주","키움증권 · 모의","invtrt","2025-06-18","unknown","2026-10-06T12:19:27.661Z","","","false","","","","","partial","QA SYNTHETIC API → 격리된 메모리 PGlite → 실제 서버 서비스 · 모의 응답 · 실수급 검증 아님 · 요청 시작일까지 확보 · KRX 시장 · 공급자 기준일/공표시각/확정 여부 미확인","true","true","2025-04-22","2025-12-01","2025-04-22","2025-12-01","available-cumulative","2025-04-22","kiwoom","mock","KRX","ka10059","valid","ready","2026-10-06T12:19:27.681Z"
"raw","KR","stock","005930","day","KRW","investmentTrust","2025-06-19","1500","주","키움증권 · 모의","invtrt","2025-06-19","unknown","2026-10-06T12:19:27.661Z","","","false","","","","","partial","QA SYNTHETIC API → 격리된 메모리 PGlite → 실제 서버 서비스 · 모의 응답 · 실수급 검증 아님 · 요청 시작일까지 확보 · KRX 시장 · 공급자 기준일/공표시각/확정 여부 미확인","true","true","2025-04-22","2025-12-01","2025-04-22","2025-12-01","available-cumulative","2025-04-22","kiwoom","mock","KRX","ka10059","valid","ready","2026-10-06T12:19:27.681Z"
"raw","KR","stock","005930","day","KRW","investmentTrust","2025-06-20","-1000","주","키움증권 · 모의","invtrt","2025-06-20","unknown","2026-10-06T12:19:27.661Z","","","false","","","","","partial","QA SYNTHETIC API → 격리된 메모리 PGlite → 실제 서버 서비스 · 모의 응답 · 실수급 검증 아님 · 요청 시작일까지 확보 · KRX 시장 · 공급자 기준일/공표시각/확정 여부 미확인","true","true","2025-04-22","2025-12-01","2025-04-22","2025-12-01","available-cumulative","2025-04-22","kiwoom","mock","KRX","ka10059","valid","ready","2026-10-06T12:19:27.681Z"
"raw","KR","stock","005930","day","KRW","investmentTrust","2025-06-23","1500","주","키움증권 · 모의","invtrt","2025-06-23","unknown","2026-10-06T12:19:27.661Z","","","false","","","","","partial","QA SYNTHETIC API → 격리된 메모리 PGlite → 실제 서버 서비스 · 모의 응답 · 실수급 검증 아님 · 요청 시작일까지 확보 · KRX 시장 · 공급자 기준일/공표시각/확정 여부 미확인","true","true","2025-04-22","2025-12-01","2025-04-22","2025-12-01","available-cumulative","2025-04-22","kiwoom","mock","KRX","ka10059","valid","ready","2026-10-06T12:19:27.681Z"
"raw","KR","stock","005930","day","KRW","investmentTrust","2025-06-24","-1000","주","키움증권 · 모의","invtrt","2025-06-24","unknown","2026-10-06T12:19:27.661Z","","","false","","","","","partial","QA SYNTHETIC API → 격리된 메모리 PGlite → 실제 서버 서비스 · 모의 응답 · 실수급 검증 아님 · 요청 시작일까지 확보 · KRX 시장 · 공급자 기준일/공표시각/확정 여부 미확인","true","true","2025-04-22","2025-12-01","2025-04-22","2025-12-01","available-cumulative","2025-04-22","kiwoom","mock","KRX","ka10059","valid","ready","2026-10-06T12:19:27.681Z"
"raw","KR","stock","005930","day","KRW","investmentTrust","2025-06-25","1500","주","키움증권 · 모의","invtrt","2025-06-25","unknown","2026-10-06T12:19:27.661Z","","","false","","","","","partial","QA SYNTHETIC API → 격리된 메모리 PGlite → 실제 서버 서비스 · 모의 응답 · 실수급 검증 아님 · 요청 시작일까지 확보 · KRX 시장 · 공급자 기준일/공표시각/확정 여부 미확인","true","true","2025-04-22","2025-12-01","2025-04-22","2025-12-01","available-cumulative","2025-04-22","kiwoom","mock","KRX","ka10059","valid","ready","2026-10-06T12:19:27.681Z"
"raw","KR","stock","005930","day","KRW","investmentTrust","2025-06-26","-1000","주","키움증권 · 모의","invtrt","2025-06-26","unknown","2026-10-06T12:19:27.661Z","","","false","","","","","partial","QA SYNTHETIC API → 격리된 메모리 PGlite → 실제 서버 서비스 · 모의 응답 · 실수급 검증 아님 · 요청 시작일까지 확보 · KRX 시장 · 공급자 기준일/공표시각/확정 여부 미확인","true","true","2025-04-22","2025-12-01","2025-04-22","2025-12-01","available-cumulative","2025-04-22","kiwoom","mock","KRX","ka10059","valid","ready","2026-10-06T12:19:27.681Z"
"raw","KR","stock","005930","day","KRW","investmentTrust","2025-06-27","1500","주","키움증권 · 모의","invtrt","2025-06-27","unknown","2026-10-06T12:19:27.661Z","","","false","","","","","partial","QA SYNTHETIC API → 격리된 메모리 PGlite → 실제 서버 서비스 · 모의 응답 · 실수급 검증 아님 · 요청 시작일까지 확보 · KRX 시장 · 공급자 기준일/공표시각/확정 여부 미확인","true","true","2025-04-22","2025-12-01","2025-04-22","2025-12-01","available-cumulative","2025-04-22","kiwoom","mock","KRX","ka10059","valid","ready","2026-10-06T12:19:27.681Z"
"raw","KR","stock","005930","day","KRW","investmentTrust","2025-06-30","-1000","주","키움증권 · 모의","invtrt","2025-06-30","unknown","2026-10-06T12:19:27.661Z","","","false","","","","","partial","QA SYNTHETIC API → 격리된 메모리 PGlite → 실제 서버 서비스 · 모의 응답 · 실수급 검증 아님 · 요청 시작일까지 확보 · KRX 시장 · 공급자 기준일/공표시각/확정 여부 미확인","true","true","2025-04-22","2025-12-01","2025-04-22","2025-12-01","available-cumulative","2025-04-22","kiwoom","mock","KRX","ka10059","valid","ready","2026-10-06T12:19:27.681Z"
"raw","KR","stock","005930","day","KRW","investmentTrust","2025-07-01","1500","주","키움증권 · 모의","invtrt","2025-07-01","unknown","2026-10-06T12:19:27.661Z","","","false","","","","","partial","QA SYNTHETIC API → 격리된 메모리 PGlite → 실제 서버 서비스 · 모의 응답 · 실수급 검증 아님 · 요청 시작일까지 확보 · KRX 시장 · 공급자 기준일/공표시각/확정 여부 미확인","true","true","2025-04-22","2025-12-01","2025-04-22","2025-12-01","available-cumulative","2025-04-22","kiwoom","mock","KRX","ka10059","valid","ready","2026-10-06T12:19:27.681Z"
"raw","KR","stock","005930","day","KRW","investmentTrust","2025-07-02","-1000","주","키움증권 · 모의","invtrt","2025-07-02","unknown","2026-10-06T12:19:27.661Z","","","false","","","","","partial","QA SYNTHETIC API → 격리된 메모리 PGlite → 실제 서버 서비스 · 모의 응답 · 실수급 검증 아님 · 요청 시작일까지 확보 · KRX 시장 · 공급자 기준일/공표시각/확정 여부 미확인","true","true","2025-04-22","2025-12-01","2025-04-22","2025-12-01","available-cumulative","2025-04-22","kiwoom","mock","KRX","ka10059","valid","ready","2026-10-06T12:19:27.681Z"
"raw","KR","stock","005930","day","KRW","investmentTrust","2025-07-03","1500","주","키움증권 · 모의","invtrt","2025-07-03","unknown","2026-10-06T12:19:27.661Z","","","false","","","","","partial","QA SYNTHETIC API → 격리된 메모리 PGlite → 실제 서버 서비스 · 모의 응답 · 실수급 검증 아님 · 요청 시작일까지 확보 · KRX 시장 · 공급자 기준일/공표시각/확정 여부 미확인","true","true","2025-04-22","2025-12-01","2025-04-22","2025-12-01","available-cumulative","2025-04-22","kiwoom","mock","KRX","ka10059","valid","ready","2026-10-06T12:19:27.681Z"
"raw","KR","stock","005930","day","KRW","investmentTrust","2025-07-04","-1000","주","키움증권 · 모의","invtrt","2025-07-04","unknown","2026-10-06T12:19:27.661Z","","","false","","","","","partial","QA SYNTHETIC API → 격리된 메모리 PGlite → 실제 서버 서비스 · 모의 응답 · 실수급 검증 아님 · 요청 시작일까지 확보 · KRX 시장 · 공급자 기준일/공표시각/확정 여부 미확인","true","true","2025-04-22","2025-12-01","2025-04-22","2025-12-01","available-cumulative","2025-04-22","kiwoom","mock","KRX","ka10059","valid","ready","2026-10-06T12:19:27.681Z"
"raw","KR","stock","005930","day","KRW","investmentTrust","2025-07-07","1500","주","키움증권 · 모의","invtrt","2025-07-07","unknown","2026-10-06T12:19:27.661Z","","","false","","","","","partial","QA SYNTHETIC API → 격리된 메모리 PGlite → 실제 서버 서비스 · 모의 응답 · 실수급 검증 아님 · 요청 시작일까지 확보 · KRX 시장 · 공급자 기준일/공표시각/확정 여부 미확인","true","true","2025-04-22","2025-12-01","2025-04-22","2025-12-01","available-cumulative","2025-04-22","kiwoom","mock","KRX","ka10059","valid","ready","2026-10-06T12:19:27.681Z"
"raw","KR","stock","005930","day","KRW","investmentTrust","2025-07-08","-1000","주","키움증권 · 모의","invtrt","2025-07-08","unknown","2026-10-06T12:19:27.661Z","","","false","","","","","partial","QA SYNTHETIC API → 격리된 메모리 PGlite → 실제 서버 서비스 · 모의 응답 · 실수급 검증 아님 · 요청 시작일까지 확보 · KRX 시장 · 공급자 기준일/공표시각/확정 여부 미확인","true","true","2025-04-22","2025-12-01","2025-04-22","2025-12-01","available-cumulative","2025-04-22","kiwoom","mock","KRX","ka10059","valid","ready","2026-10-06T12:19:27.681Z"
"raw","KR","stock","005930","day","KRW","investmentTrust","2025-07-09","1500","주","키움증권 · 모의","invtrt","2025-07-09","unknown","2026-10-06T12:19:27.661Z","","","false","","","","","partial","QA SYNTHETIC API → 격리된 메모리 PGlite → 실제 서버 서비스 · 모의 응답 · 실수급 검증 아님 · 요청 시작일까지 확보 · KRX 시장 · 공급자 기준일/공표시각/확정 여부 미확인","true","true","2025-04-22","2025-12-01","2025-04-22","2025-12-01","available-cumulative","2025-04-22","kiwoom","mock","KRX","ka10059","valid","ready","2026-10-06T12:19:27.681Z"
"raw","KR","stock","005930","day","KRW","investmentTrust","2025-07-10","-1000","주","키움증권 · 모의","invtrt","2025-07-10","unknown","2026-10-06T12:19:27.661Z","","","false","","","","","partial","QA SYNTHETIC API → 격리된 메모리 PGlite → 실제 서버 서비스 · 모의 응답 · 실수급 검증 아님 · 요청 시작일까지 확보 · KRX 시장 · 공급자 기준일/공표시각/확정 여부 미확인","true","true","2025-04-22","2025-12-01","2025-04-22","2025-12-01","available-cumulative","2025-04-22","kiwoom","mock","KRX","ka10059","valid","ready","2026-10-06T12:19:27.681Z"
"raw","KR","stock","005930","day","KRW","investmentTrust","2025-07-11","1500","주","키움증권 · 모의","invtrt","2025-07-11","unknown","2026-10-06T12:19:27.661Z","","","false","","","","","partial","QA SYNTHETIC API → 격리된 메모리 PGlite → 실제 서버 서비스 · 모의 응답 · 실수급 검증 아님 · 요청 시작일까지 확보 · KRX 시장 · 공급자 기준일/공표시각/확정 여부 미확인","true","true","2025-04-22","2025-12-01","2025-04-22","2025-12-01","available-cumulative","2025-04-22","kiwoom","mock","KRX","ka10059","valid","ready","2026-10-06T12:19:27.681Z"
"raw","KR","stock","005930","day","KRW","investmentTrust","2025-07-14","-1000","주","키움증권 · 모의","invtrt","2025-07-14","unknown","2026-10-06T12:19:27.661Z","","","false","","","","","partial","QA SYNTHETIC API → 격리된 메모리 PGlite → 실제 서버 서비스 · 모의 응답 · 실수급 검증 아님 · 요청 시작일까지 확보 · KRX 시장 · 공급자 기준일/공표시각/확정 여부 미확인","true","true","2025-04-22","2025-12-01","2025-04-22","2025-12-01","available-cumulative","2025-04-22","kiwoom","mock","KRX","ka10059","valid","ready","2026-10-06T12:19:27.681Z"
"raw","KR","stock","005930","day","KRW","investmentTrust","2025-07-15","1500","주","키움증권 · 모의","invtrt","2025-07-15","unknown","2026-10-06T12:19:27.661Z","","","false","","","","","partial","QA SYNTHETIC API → 격리된 메모리 PGlite → 실제 서버 서비스 · 모의 응답 · 실수급 검증 아님 · 요청 시작일까지 확보 · KRX 시장 · 공급자 기준일/공표시각/확정 여부 미확인","true","true","2025-04-22","2025-12-01","2025-04-22","2025-12-01","available-cumulative","2025-04-22","kiwoom","mock","KRX","ka10059","valid","ready","2026-10-06T12:19:27.681Z"
"raw","KR","stock","005930","day","KRW","investmentTrust","2025-07-16","-1000","주","키움증권 · 모의","invtrt","2025-07-16","unknown","2026-10-06T12:19:27.661Z","","","false","","","","","partial","QA SYNTHETIC API → 격리된 메모리 PGlite → 실제 서버 서비스 · 모의 응답 · 실수급 검증 아님 · 요청 시작일까지 확보 · KRX 시장 · 공급자 기준일/공표시각/확정 여부 미확인","true","true","2025-04-22","2025-12-01","2025-04-22","2025-12-01","available-cumulative","2025-04-22","kiwoom","mock","KRX","ka10059","valid","ready","2026-10-06T12:19:27.681Z"
"raw","KR","stock","005930","day","KRW","investmentTrust","2025-07-17","1500","주","키움증권 · 모의","invtrt","2025-07-17","unknown","2026-10-06T12:19:27.661Z","","","false","","","","","partial","QA SYNTHETIC API → 격리된 메모리 PGlite → 실제 서버 서비스 · 모의 응답 · 실수급 검증 아님 · 요청 시작일까지 확보 · KRX 시장 · 공급자 기준일/공표시각/확정 여부 미확인","true","true","2025-04-22","2025-12-01","2025-04-22","2025-12-01","available-cumulative","2025-04-22","kiwoom","mock","KRX","ka10059","valid","ready","2026-10-06T12:19:27.681Z"
"raw","KR","stock","005930","day","KRW","investmentTrust","2025-07-18","-1000","주","키움증권 · 모의","invtrt","2025-07-18","unknown","2026-10-06T12:19:27.661Z","","","false","","","","","partial","QA SYNTHETIC API → 격리된 메모리 PGlite → 실제 서버 서비스 · 모의 응답 · 실수급 검증 아님 · 요청 시작일까지 확보 · KRX 시장 · 공급자 기준일/공표시각/확정 여부 미확인","true","true","2025-04-22","2025-12-01","2025-04-22","2025-12-01","available-cumulative","2025-04-22","kiwoom","mock","KRX","ka10059","valid","ready","2026-10-06T12:19:27.681Z"
"raw","KR","stock","005930","day","KRW","investmentTrust","2025-07-21","1500","주","키움증권 · 모의","invtrt","2025-07-21","unknown","2026-10-06T12:19:27.661Z","","","false","","","","","partial","QA SYNTHETIC API → 격리된 메모리 PGlite → 실제 서버 서비스 · 모의 응답 · 실수급 검증 아님 · 요청 시작일까지 확보 · KRX 시장 · 공급자 기준일/공표시각/확정 여부 미확인","true","true","2025-04-22","2025-12-01","2025-04-22","2025-12-01","available-cumulative","2025-04-22","kiwoom","mock","KRX","ka10059","valid","ready","2026-10-06T12:19:27.681Z"
"raw","KR","stock","005930","day","KRW","investmentTrust","2025-07-22","-1000","주","키움증권 · 모의","invtrt","2025-07-22","unknown","2026-10-06T12:19:27.661Z","","","false","","","","","partial","QA SYNTHETIC API → 격리된 메모리 PGlite → 실제 서버 서비스 · 모의 응답 · 실수급 검증 아님 · 요청 시작일까지 확보 · KRX 시장 · 공급자 기준일/공표시각/확정 여부 미확인","true","true","2025-04-22","2025-12-01","2025-04-22","2025-12-01","available-cumulative","2025-04-22","kiwoom","mock","KRX","ka10059","valid","ready","2026-10-06T12:19:27.681Z"
"raw","KR","stock","005930","day","KRW","investmentTrust","2025-07-23","1500","주","키움증권 · 모의","invtrt","2025-07-23","unknown","2026-10-06T12:19:27.661Z","","","false","","","","","partial","QA SYNTHETIC API → 격리된 메모리 PGlite → 실제 서버 서비스 · 모의 응답 · 실수급 검증 아님 · 요청 시작일까지 확보 · KRX 시장 · 공급자 기준일/공표시각/확정 여부 미확인","true","true","2025-04-22","2025-12-01","2025-04-22","2025-12-01","available-cumulative","2025-04-22","kiwoom","mock","KRX","ka10059","valid","ready","2026-10-06T12:19:27.681Z"
"raw","KR","stock","005930","day","KRW","investmentTrust","2025-07-24","-1000","주","키움증권 · 모의","invtrt","2025-07-24","unknown","2026-10-06T12:19:27.661Z","","","false","","","","","partial","QA SYNTHETIC API → 격리된 메모리 PGlite → 실제 서버 서비스 · 모의 응답 · 실수급 검증 아님 · 요청 시작일까지 확보 · KRX 시장 · 공급자 기준일/공표시각/확정 여부 미확인","true","true","2025-04-22","2025-12-01","2025-04-22","2025-12-01","available-cumulative","2025-04-22","kiwoom","mock","KRX","ka10059","valid","ready","2026-10-06T12:19:27.681Z"
"raw","KR","stock","005930","day","KRW","investmentTrust","2025-07-25","1500","주","키움증권 · 모의","invtrt","2025-07-25","unknown","2026-10-06T12:19:27.661Z","","","false","","","","","partial","QA SYNTHETIC API → 격리된 메모리 PGlite → 실제 서버 서비스 · 모의 응답 · 실수급 검증 아님 · 요청 시작일까지 확보 · KRX 시장 · 공급자 기준일/공표시각/확정 여부 미확인","true","true","2025-04-22","2025-12-01","2025-04-22","2025-12-01","available-cumulative","2025-04-22","kiwoom","mock","KRX","ka10059","valid","ready","2026-10-06T12:19:27.681Z"
"raw","KR","stock","005930","day","KRW","investmentTrust","2025-07-28","-1000","주","키움증권 · 모의","invtrt","2025-07-28","unknown","2026-10-06T12:19:27.661Z","","","false","","","","","partial","QA SYNTHETIC API → 격리된 메모리 PGlite → 실제 서버 서비스 · 모의 응답 · 실수급 검증 아님 · 요청 시작일까지 확보 · KRX 시장 · 공급자 기준일/공표시각/확정 여부 미확인","true","true","2025-04-22","2025-12-01","2025-04-22","2025-12-01","available-cumulative","2025-04-22","kiwoom","mock","KRX","ka10059","valid","ready","2026-10-06T12:19:27.681Z"
"raw","KR","stock","005930","day","KRW","investmentTrust","2025-07-29","1500","주","키움증권 · 모의","invtrt","2025-07-29","unknown","2026-10-06T12:19:27.661Z","","","false","","","","","partial","QA SYNTHETIC API → 격리된 메모리 PGlite → 실제 서버 서비스 · 모의 응답 · 실수급 검증 아님 · 요청 시작일까지 확보 · KRX 시장 · 공급자 기준일/공표시각/확정 여부 미확인","true","true","2025-04-22","2025-12-01","2025-04-22","2025-12-01","available-cumulative","2025-04-22","kiwoom","mock","KRX","ka10059","valid","ready","2026-10-06T12:19:27.681Z"
"raw","KR","stock","005930","day","KRW","investmentTrust","2025-07-30","-1000","주","키움증권 · 모의","invtrt","2025-07-30","unknown","2026-10-06T12:19:27.661Z","","","false","","","","","partial","QA SYNTHETIC API → 격리된 메모리 PGlite → 실제 서버 서비스 · 모의 응답 · 실수급 검증 아님 · 요청 시작일까지 확보 · KRX 시장 · 공급자 기준일/공표시각/확정 여부 미확인","true","true","2025-04-22","2025-12-01","2025-04-22","2025-12-01","available-cumulative","2025-04-22","kiwoom","mock","KRX","ka10059","valid","ready","2026-10-06T12:19:27.681Z"
"raw","KR","stock","005930","day","KRW","investmentTrust","2025-07-31","1500","주","키움증권 · 모의","invtrt","2025-07-31","unknown","2026-10-06T12:19:27.661Z","","","false","","","","","partial","QA SYNTHETIC API → 격리된 메모리 PGlite → 실제 서버 서비스 · 모의 응답 · 실수급 검증 아님 · 요청 시작일까지 확보 · KRX 시장 · 공급자 기준일/공표시각/확정 여부 미확인","true","true","2025-04-22","2025-12-01","2025-04-22","2025-12-01","available-cumulative","2025-04-22","kiwoom","mock","KRX","ka10059","valid","ready","2026-10-06T12:19:27.681Z"
"raw","KR","stock","005930","day","KRW","investmentTrust","2025-08-01","-1000","주","키움증권 · 모의","invtrt","2025-08-01","unknown","2026-10-06T12:19:27.661Z","","","false","","","","","partial","QA SYNTHETIC API → 격리된 메모리 PGlite → 실제 서버 서비스 · 모의 응답 · 실수급 검증 아님 · 요청 시작일까지 확보 · KRX 시장 · 공급자 기준일/공표시각/확정 여부 미확인","true","true","2025-04-22","2025-12-01","2025-04-22","2025-12-01","available-cumulative","2025-04-22","kiwoom","mock","KRX","ka10059","valid","ready","2026-10-06T12:19:27.681Z"
"raw","KR","stock","005930","day","KRW","investmentTrust","2025-08-04","1500","주","키움증권 · 모의","invtrt","2025-08-04","unknown","2026-10-06T12:19:27.661Z","","","false","","","","","partial","QA SYNTHETIC API → 격리된 메모리 PGlite → 실제 서버 서비스 · 모의 응답 · 실수급 검증 아님 · 요청 시작일까지 확보 · KRX 시장 · 공급자 기준일/공표시각/확정 여부 미확인","true","true","2025-04-22","2025-12-01","2025-04-22","2025-12-01","available-cumulative","2025-04-22","kiwoom","mock","KRX","ka10059","valid","ready","2026-10-06T12:19:27.681Z"
"raw","KR","stock","005930","day","KRW","investmentTrust","2025-08-05","-1000","주","키움증권 · 모의","invtrt","2025-08-05","unknown","2026-10-06T12:19:27.661Z","","","false","","","","","partial","QA SYNTHETIC API → 격리된 메모리 PGlite → 실제 서버 서비스 · 모의 응답 · 실수급 검증 아님 · 요청 시작일까지 확보 · KRX 시장 · 공급자 기준일/공표시각/확정 여부 미확인","true","true","2025-04-22","2025-12-01","2025-04-22","2025-12-01","available-cumulative","2025-04-22","kiwoom","mock","KRX","ka10059","valid","ready","2026-10-06T12:19:27.681Z"
"raw","KR","stock","005930","day","KRW","investmentTrust","2025-08-06","1500","주","키움증권 · 모의","invtrt","2025-08-06","unknown","2026-10-06T12:19:27.661Z","","","false","","","","","partial","QA SYNTHETIC API → 격리된 메모리 PGlite → 실제 서버 서비스 · 모의 응답 · 실수급 검증 아님 · 요청 시작일까지 확보 · KRX 시장 · 공급자 기준일/공표시각/확정 여부 미확인","true","true","2025-04-22","2025-12-01","2025-04-22","2025-12-01","available-cumulative","2025-04-22","kiwoom","mock","KRX","ka10059","valid","ready","2026-10-06T12:19:27.681Z"
"raw","KR","stock","005930","day","KRW","investmentTrust","2025-08-07","-1000","주","키움증권 · 모의","invtrt","2025-08-07","unknown","2026-10-06T12:19:27.661Z","","","false","","","","","partial","QA SYNTHETIC API → 격리된 메모리 PGlite → 실제 서버 서비스 · 모의 응답 · 실수급 검증 아님 · 요청 시작일까지 확보 · KRX 시장 · 공급자 기준일/공표시각/확정 여부 미확인","true","true","2025-04-22","2025-12-01","2025-04-22","2025-12-01","available-cumulative","2025-04-22","kiwoom","mock","KRX","ka10059","valid","ready","2026-10-06T12:19:27.681Z"
"raw","KR","stock","005930","day","KRW","investmentTrust","2025-08-08","1500","주","키움증권 · 모의","invtrt","2025-08-08","unknown","2026-10-06T12:19:27.661Z","","","false","","","","","partial","QA SYNTHETIC API → 격리된 메모리 PGlite → 실제 서버 서비스 · 모의 응답 · 실수급 검증 아님 · 요청 시작일까지 확보 · KRX 시장 · 공급자 기준일/공표시각/확정 여부 미확인","true","true","2025-04-22","2025-12-01","2025-04-22","2025-12-01","available-cumulative","2025-04-22","kiwoom","mock","KRX","ka10059","valid","ready","2026-10-06T12:19:27.681Z"
"raw","KR","stock","005930","day","KRW","investmentTrust","2025-08-11","-1000","주","키움증권 · 모의","invtrt","2025-08-11","unknown","2026-10-06T12:19:27.661Z","","","false","","","","","partial","QA SYNTHETIC API → 격리된 메모리 PGlite → 실제 서버 서비스 · 모의 응답 · 실수급 검증 아님 · 요청 시작일까지 확보 · KRX 시장 · 공급자 기준일/공표시각/확정 여부 미확인","true","true","2025-04-22","2025-12-01","2025-04-22","2025-12-01","available-cumulative","2025-04-22","kiwoom","mock","KRX","ka10059","valid","ready","2026-10-06T12:19:27.681Z"
"raw","KR","stock","005930","day","KRW","investmentTrust","2025-08-12","1500","주","키움증권 · 모의","invtrt","2025-08-12","unknown","2026-10-06T12:19:27.661Z","","","false","","","","","partial","QA SYNTHETIC API → 격리된 메모리 PGlite → 실제 서버 서비스 · 모의 응답 · 실수급 검증 아님 · 요청 시작일까지 확보 · KRX 시장 · 공급자 기준일/공표시각/확정 여부 미확인","true","true","2025-04-22","2025-12-01","2025-04-22","2025-12-01","available-cumulative","2025-04-22","kiwoom","mock","KRX","ka10059","valid","ready","2026-10-06T12:19:27.681Z"
"raw","KR","stock","005930","day","KRW","investmentTrust","2025-08-13","-1000","주","키움증권 · 모의","invtrt","2025-08-13","unknown","2026-10-06T12:19:27.661Z","","","false","","","","","partial","QA SYNTHETIC API → 격리된 메모리 PGlite → 실제 서버 서비스 · 모의 응답 · 실수급 검증 아님 · 요청 시작일까지 확보 · KRX 시장 · 공급자 기준일/공표시각/확정 여부 미확인","true","true","2025-04-22","2025-12-01","2025-04-22","2025-12-01","available-cumulative","2025-04-22","kiwoom","mock","KRX","ka10059","valid","ready","2026-10-06T12:19:27.681Z"
"raw","KR","stock","005930","day","KRW","investmentTrust","2025-08-14","1500","주","키움증권 · 모의","invtrt","2025-08-14","unknown","2026-10-06T12:19:27.661Z","","","false","","","","","partial","QA SYNTHETIC API → 격리된 메모리 PGlite → 실제 서버 서비스 · 모의 응답 · 실수급 검증 아님 · 요청 시작일까지 확보 · KRX 시장 · 공급자 기준일/공표시각/확정 여부 미확인","true","true","2025-04-22","2025-12-01","2025-04-22","2025-12-01","available-cumulative","2025-04-22","kiwoom","mock","KRX","ka10059","valid","ready","2026-10-06T12:19:27.681Z"
"raw","KR","stock","005930","day","KRW","investmentTrust","2025-08-15","-1000","주","키움증권 · 모의","invtrt","2025-08-15","unknown","2026-10-06T12:19:27.661Z","","","false","","","","","partial","QA SYNTHETIC API → 격리된 메모리 PGlite → 실제 서버 서비스 · 모의 응답 · 실수급 검증 아님 · 요청 시작일까지 확보 · KRX 시장 · 공급자 기준일/공표시각/확정 여부 미확인","true","true","2025-04-22","2025-12-01","2025-04-22","2025-12-01","available-cumulative","2025-04-22","kiwoom","mock","KRX","ka10059","valid","ready","2026-10-06T12:19:27.681Z"
"raw","KR","stock","005930","day","KRW","investmentTrust","2025-08-18","1500","주","키움증권 · 모의","invtrt","2025-08-18","unknown","2026-10-06T12:19:27.661Z","","","false","","","","","partial","QA SYNTHETIC API → 격리된 메모리 PGlite → 실제 서버 서비스 · 모의 응답 · 실수급 검증 아님 · 요청 시작일까지 확보 · KRX 시장 · 공급자 기준일/공표시각/확정 여부 미확인","true","true","2025-04-22","2025-12-01","2025-04-22","2025-12-01","available-cumulative","2025-04-22","kiwoom","mock","KRX","ka10059","valid","ready","2026-10-06T12:19:27.681Z"
"raw","KR","stock","005930","day","KRW","investmentTrust","2025-08-19","-1000","주","키움증권 · 모의","invtrt","2025-08-19","unknown","2026-10-06T12:19:27.661Z","","","false","","","","","partial","QA SYNTHETIC API → 격리된 메모리 PGlite → 실제 서버 서비스 · 모의 응답 · 실수급 검증 아님 · 요청 시작일까지 확보 · KRX 시장 · 공급자 기준일/공표시각/확정 여부 미확인","true","true","2025-04-22","2025-12-01","2025-04-22","2025-12-01","available-cumulative","2025-04-22","kiwoom","mock","KRX","ka10059","valid","ready","2026-10-06T12:19:27.681Z"
"raw","KR","stock","005930","day","KRW","investmentTrust","2025-08-20","1500","주","키움증권 · 모의","invtrt","2025-08-20","unknown","2026-10-06T12:19:27.661Z","","","false","","","","","partial","QA SYNTHETIC API → 격리된 메모리 PGlite → 실제 서버 서비스 · 모의 응답 · 실수급 검증 아님 · 요청 시작일까지 확보 · KRX 시장 · 공급자 기준일/공표시각/확정 여부 미확인","true","true","2025-04-22","2025-12-01","2025-04-22","2025-12-01","available-cumulative","2025-04-22","kiwoom","mock","KRX","ka10059","valid","ready","2026-10-06T12:19:27.681Z"
"raw","KR","stock","005930","day","KRW","investmentTrust","2025-08-21","-1000","주","키움증권 · 모의","invtrt","2025-08-21","unknown","2026-10-06T12:19:27.661Z","","","false","","","","","partial","QA SYNTHETIC API → 격리된 메모리 PGlite → 실제 서버 서비스 · 모의 응답 · 실수급 검증 아님 · 요청 시작일까지 확보 · KRX 시장 · 공급자 기준일/공표시각/확정 여부 미확인","true","true","2025-04-22","2025-12-01","2025-04-22","2025-12-01","available-cumulative","2025-04-22","kiwoom","mock","KRX","ka10059","valid","ready","2026-10-06T12:19:27.681Z"
"raw","KR","stock","005930","day","KRW","investmentTrust","2025-08-22","1500","주","키움증권 · 모의","invtrt","2025-08-22","unknown","2026-10-06T12:19:27.661Z","","","false","","","","","partial","QA SYNTHETIC API → 격리된 메모리 PGlite → 실제 서버 서비스 · 모의 응답 · 실수급 검증 아님 · 요청 시작일까지 확보 · KRX 시장 · 공급자 기준일/공표시각/확정 여부 미확인","true","true","2025-04-22","2025-12-01","2025-04-22","2025-12-01","available-cumulative","2025-04-22","kiwoom","mock","KRX","ka10059","valid","ready","2026-10-06T12:19:27.681Z"
"raw","KR","stock","005930","day","KRW","investmentTrust","2025-08-25","-1000","주","키움증권 · 모의","invtrt","2025-08-25","unknown","2026-10-06T12:19:27.661Z","","","false","","","","","partial","QA SYNTHETIC API → 격리된 메모리 PGlite → 실제 서버 서비스 · 모의 응답 · 실수급 검증 아님 · 요청 시작일까지 확보 · KRX 시장 · 공급자 기준일/공표시각/확정 여부 미확인","true","true","2025-04-22","2025-12-01","2025-04-22","2025-12-01","available-cumulative","2025-04-22","kiwoom","mock","KRX","ka10059","valid","ready","2026-10-06T12:19:27.681Z"
"raw","KR","stock","005930","day","KRW","investmentTrust","2025-08-26","1500","주","키움증권 · 모의","invtrt","2025-08-26","unknown","2026-10-06T12:19:27.661Z","","","false","","","","","partial","QA SYNTHETIC API → 격리된 메모리 PGlite → 실제 서버 서비스 · 모의 응답 · 실수급 검증 아님 · 요청 시작일까지 확보 · KRX 시장 · 공급자 기준일/공표시각/확정 여부 미확인","true","true","2025-04-22","2025-12-01","2025-04-22","2025-12-01","available-cumulative","2025-04-22","kiwoom","mock","KRX","ka10059","valid","ready","2026-10-06T12:19:27.681Z"
"raw","KR","stock","005930","day","KRW","investmentTrust","2025-08-27","-1000","주","키움증권 · 모의","invtrt","2025-08-27","unknown","2026-10-06T12:19:27.661Z","","","false","","","","","partial","QA SYNTHETIC API → 격리된 메모리 PGlite → 실제 서버 서비스 · 모의 응답 · 실수급 검증 아님 · 요청 시작일까지 확보 · KRX 시장 · 공급자 기준일/공표시각/확정 여부 미확인","true","true","2025-04-22","2025-12-01","2025-04-22","2025-12-01","available-cumulative","2025-04-22","kiwoom","mock","KRX","ka10059","valid","ready","2026-10-06T12:19:27.681Z"
"raw","KR","stock","005930","day","KRW","investmentTrust","2025-08-28","1500","주","키움증권 · 모의","invtrt","2025-08-28","unknown","2026-10-06T12:19:27.661Z","","","false","","","","","partial","QA SYNTHETIC API → 격리된 메모리 PGlite → 실제 서버 서비스 · 모의 응답 · 실수급 검증 아님 · 요청 시작일까지 확보 · KRX 시장 · 공급자 기준일/공표시각/확정 여부 미확인","true","true","2025-04-22","2025-12-01","2025-04-22","2025-12-01","available-cumulative","2025-04-22","kiwoom","mock","KRX","ka10059","valid","ready","2026-10-06T12:19:27.681Z"
"raw","KR","stock","005930","day","KRW","investmentTrust","2025-08-29","-1000","주","키움증권 · 모의","invtrt","2025-08-29","unknown","2026-10-06T12:19:27.661Z","","","false","","","","","partial","QA SYNTHETIC API → 격리된 메모리 PGlite → 실제 서버 서비스 · 모의 응답 · 실수급 검증 아님 · 요청 시작일까지 확보 · KRX 시장 · 공급자 기준일/공표시각/확정 여부 미확인","true","true","2025-04-22","2025-12-01","2025-04-22","2025-12-01","available-cumulative","2025-04-22","kiwoom","mock","KRX","ka10059","valid","ready","2026-10-06T12:19:27.681Z"
"raw","KR","stock","005930","day","KRW","investmentTrust","2025-09-01","1500","주","키움증권 · 모의","invtrt","2025-09-01","unknown","2026-10-06T12:19:27.661Z","","","false","","","","","partial","QA SYNTHETIC API → 격리된 메모리 PGlite → 실제 서버 서비스 · 모의 응답 · 실수급 검증 아님 · 요청 시작일까지 확보 · KRX 시장 · 공급자 기준일/공표시각/확정 여부 미확인","true","true","2025-04-22","2025-12-01","2025-04-22","2025-12-01","available-cumulative","2025-04-22","kiwoom","mock","KRX","ka10059","valid","ready","2026-10-06T12:19:27.681Z"
"raw","KR","stock","005930","day","KRW","investmentTrust","2025-09-02","-1000","주","키움증권 · 모의","invtrt","2025-09-02","unknown","2026-10-06T12:19:27.661Z","","","false","","","","","partial","QA SYNTHETIC API → 격리된 메모리 PGlite → 실제 서버 서비스 · 모의 응답 · 실수급 검증 아님 · 요청 시작일까지 확보 · KRX 시장 · 공급자 기준일/공표시각/확정 여부 미확인","true","true","2025-04-22","2025-12-01","2025-04-22","2025-12-01","available-cumulative","2025-04-22","kiwoom","mock","KRX","ka10059","valid","ready","2026-10-06T12:19:27.681Z"
"raw","KR","stock","005930","day","KRW","investmentTrust","2025-09-03","1500","주","키움증권 · 모의","invtrt","2025-09-03","unknown","2026-10-06T12:19:27.661Z","","","false","","","","","partial","QA SYNTHETIC API → 격리된 메모리 PGlite → 실제 서버 서비스 · 모의 응답 · 실수급 검증 아님 · 요청 시작일까지 확보 · KRX 시장 · 공급자 기준일/공표시각/확정 여부 미확인","true","true","2025-04-22","2025-12-01","2025-04-22","2025-12-01","available-cumulative","2025-04-22","kiwoom","mock","KRX","ka10059","valid","ready","2026-10-06T12:19:27.681Z"
"raw","KR","stock","005930","day","KRW","investmentTrust","2025-09-04","-1000","주","키움증권 · 모의","invtrt","2025-09-04","unknown","2026-10-06T12:19:27.661Z","","","false","","","","","partial","QA SYNTHETIC API → 격리된 메모리 PGlite → 실제 서버 서비스 · 모의 응답 · 실수급 검증 아님 · 요청 시작일까지 확보 · KRX 시장 · 공급자 기준일/공표시각/확정 여부 미확인","true","true","2025-04-22","2025-12-01","2025-04-22","2025-12-01","available-cumulative","2025-04-22","kiwoom","mock","KRX","ka10059","valid","ready","2026-10-06T12:19:27.681Z"
"raw","KR","stock","005930","day","KRW","investmentTrust","2025-09-05","1500","주","키움증권 · 모의","invtrt","2025-09-05","unknown","2026-10-06T12:19:27.661Z","","","false","","","","","partial","QA SYNTHETIC API → 격리된 메모리 PGlite → 실제 서버 서비스 · 모의 응답 · 실수급 검증 아님 · 요청 시작일까지 확보 · KRX 시장 · 공급자 기준일/공표시각/확정 여부 미확인","true","true","2025-04-22","2025-12-01","2025-04-22","2025-12-01","available-cumulative","2025-04-22","kiwoom","mock","KRX","ka10059","valid","ready","2026-10-06T12:19:27.681Z"
"raw","KR","stock","005930","day","KRW","investmentTrust","2025-09-08","-1000","주","키움증권 · 모의","invtrt","2025-09-08","unknown","2026-10-06T12:19:27.661Z","","","false","","","","","partial","QA SYNTHETIC API → 격리된 메모리 PGlite → 실제 서버 서비스 · 모의 응답 · 실수급 검증 아님 · 요청 시작일까지 확보 · KRX 시장 · 공급자 기준일/공표시각/확정 여부 미확인","true","true","2025-04-22","2025-12-01","2025-04-22","2025-12-01","available-cumulative","2025-04-22","kiwoom","mock","KRX","ka10059","valid","ready","2026-10-06T12:19:27.681Z"
"raw","KR","stock","005930","day","KRW","investmentTrust","2025-09-09","1500","주","키움증권 · 모의","invtrt","2025-09-09","unknown","2026-10-06T12:19:27.661Z","","","false","","","","","partial","QA SYNTHETIC API → 격리된 메모리 PGlite → 실제 서버 서비스 · 모의 응답 · 실수급 검증 아님 · 요청 시작일까지 확보 · KRX 시장 · 공급자 기준일/공표시각/확정 여부 미확인","true","true","2025-04-22","2025-12-01","2025-04-22","2025-12-01","available-cumulative","2025-04-22","kiwoom","mock","KRX","ka10059","valid","ready","2026-10-06T12:19:27.681Z"
"raw","KR","stock","005930","day","KRW","investmentTrust","2025-09-10","-1000","주","키움증권 · 모의","invtrt","2025-09-10","unknown","2026-10-06T12:19:27.661Z","","","false","","","","","partial","QA SYNTHETIC API → 격리된 메모리 PGlite → 실제 서버 서비스 · 모의 응답 · 실수급 검증 아님 · 요청 시작일까지 확보 · KRX 시장 · 공급자 기준일/공표시각/확정 여부 미확인","true","true","2025-04-22","2025-12-01","2025-04-22","2025-12-01","available-cumulative","2025-04-22","kiwoom","mock","KRX","ka10059","valid","ready","2026-10-06T12:19:27.681Z"
"raw","KR","stock","005930","day","KRW","investmentTrust","2025-09-11","1500","주","키움증권 · 모의","invtrt","2025-09-11","unknown","2026-10-06T12:19:27.661Z","","","false","","","","","partial","QA SYNTHETIC API → 격리된 메모리 PGlite → 실제 서버 서비스 · 모의 응답 · 실수급 검증 아님 · 요청 시작일까지 확보 · KRX 시장 · 공급자 기준일/공표시각/확정 여부 미확인","true","true","2025-04-22","2025-12-01","2025-04-22","2025-12-01","available-cumulative","2025-04-22","kiwoom","mock","KRX","ka10059","valid","ready","2026-10-06T12:19:27.681Z"
"raw","KR","stock","005930","day","KRW","investmentTrust","2025-09-12","-1000","주","키움증권 · 모의","invtrt","2025-09-12","unknown","2026-10-06T12:19:27.661Z","","","false","","","","","partial","QA SYNTHETIC API → 격리된 메모리 PGlite → 실제 서버 서비스 · 모의 응답 · 실수급 검증 아님 · 요청 시작일까지 확보 · KRX 시장 · 공급자 기준일/공표시각/확정 여부 미확인","true","true","2025-04-22","2025-12-01","2025-04-22","2025-12-01","available-cumulative","2025-04-22","kiwoom","mock","KRX","ka10059","valid","ready","2026-10-06T12:19:27.681Z"
"raw","KR","stock","005930","day","KRW","investmentTrust","2025-09-15","1500","주","키움증권 · 모의","invtrt","2025-09-15","unknown","2026-10-06T12:19:27.661Z","","","false","","","","","partial","QA SYNTHETIC API → 격리된 메모리 PGlite → 실제 서버 서비스 · 모의 응답 · 실수급 검증 아님 · 요청 시작일까지 확보 · KRX 시장 · 공급자 기준일/공표시각/확정 여부 미확인","true","true","2025-04-22","2025-12-01","2025-04-22","2025-12-01","available-cumulative","2025-04-22","kiwoom","mock","KRX","ka10059","valid","ready","2026-10-06T12:19:27.681Z"
"raw","KR","stock","005930","day","KRW","investmentTrust","2025-09-16","-1000","주","키움증권 · 모의","invtrt","2025-09-16","unknown","2026-10-06T12:19:27.661Z","","","false","","","","","partial","QA SYNTHETIC API → 격리된 메모리 PGlite → 실제 서버 서비스 · 모의 응답 · 실수급 검증 아님 · 요청 시작일까지 확보 · KRX 시장 · 공급자 기준일/공표시각/확정 여부 미확인","true","true","2025-04-22","2025-12-01","2025-04-22","2025-12-01","available-cumulative","2025-04-22","kiwoom","mock","KRX","ka10059","valid","ready","2026-10-06T12:19:27.681Z"
"raw","KR","stock","005930","day","KRW","investmentTrust","2025-09-17","1500","주","키움증권 · 모의","invtrt","2025-09-17","unknown","2026-10-06T12:19:27.661Z","","","false","","","","","partial","QA SYNTHETIC API → 격리된 메모리 PGlite → 실제 서버 서비스 · 모의 응답 · 실수급 검증 아님 · 요청 시작일까지 확보 · KRX 시장 · 공급자 기준일/공표시각/확정 여부 미확인","true","true","2025-04-22","2025-12-01","2025-04-22","2025-12-01","available-cumulative","2025-04-22","kiwoom","mock","KRX","ka10059","valid","ready","2026-10-06T12:19:27.681Z"
"raw","KR","stock","005930","day","KRW","investmentTrust","2025-09-18","-1000","주","키움증권 · 모의","invtrt","2025-09-18","unknown","2026-10-06T12:19:27.661Z","","","false","","","","","partial","QA SYNTHETIC API → 격리된 메모리 PGlite → 실제 서버 서비스 · 모의 응답 · 실수급 검증 아님 · 요청 시작일까지 확보 · KRX 시장 · 공급자 기준일/공표시각/확정 여부 미확인","true","true","2025-04-22","2025-12-01","2025-04-22","2025-12-01","available-cumulative","2025-04-22","kiwoom","mock","KRX","ka10059","valid","ready","2026-10-06T12:19:27.681Z"
"raw","KR","stock","005930","day","KRW","investmentTrust","2025-09-19","1500","주","키움증권 · 모의","invtrt","2025-09-19","unknown","2026-10-06T12:19:27.661Z","","","false","","","","","partial","QA SYNTHETIC API → 격리된 메모리 PGlite → 실제 서버 서비스 · 모의 응답 · 실수급 검증 아님 · 요청 시작일까지 확보 · KRX 시장 · 공급자 기준일/공표시각/확정 여부 미확인","true","true","2025-04-22","2025-12-01","2025-04-22","2025-12-01","available-cumulative","2025-04-22","kiwoom","mock","KRX","ka10059","valid","ready","2026-10-06T12:19:27.681Z"
"raw","KR","stock","005930","day","KRW","investmentTrust","2025-09-22","-1000","주","키움증권 · 모의","invtrt","2025-09-22","unknown","2026-10-06T12:19:27.661Z","","","false","","","","","partial","QA SYNTHETIC API → 격리된 메모리 PGlite → 실제 서버 서비스 · 모의 응답 · 실수급 검증 아님 · 요청 시작일까지 확보 · KRX 시장 · 공급자 기준일/공표시각/확정 여부 미확인","true","true","2025-04-22","2025-12-01","2025-04-22","2025-12-01","available-cumulative","2025-04-22","kiwoom","mock","KRX","ka10059","valid","ready","2026-10-06T12:19:27.681Z"
"raw","KR","stock","005930","day","KRW","investmentTrust","2025-09-23","1500","주","키움증권 · 모의","invtrt","2025-09-23","unknown","2026-10-06T12:19:27.661Z","","","false","","","","","partial","QA SYNTHETIC API → 격리된 메모리 PGlite → 실제 서버 서비스 · 모의 응답 · 실수급 검증 아님 · 요청 시작일까지 확보 · KRX 시장 · 공급자 기준일/공표시각/확정 여부 미확인","true","true","2025-04-22","2025-12-01","2025-04-22","2025-12-01","available-cumulative","2025-04-22","kiwoom","mock","KRX","ka10059","valid","ready","2026-10-06T12:19:27.681Z"
"raw","KR","stock","005930","day","KRW","investmentTrust","2025-09-24","-1000","주","키움증권 · 모의","invtrt","2025-09-24","unknown","2026-10-06T12:19:27.661Z","","","false","","","","","partial","QA SYNTHETIC API → 격리된 메모리 PGlite → 실제 서버 서비스 · 모의 응답 · 실수급 검증 아님 · 요청 시작일까지 확보 · KRX 시장 · 공급자 기준일/공표시각/확정 여부 미확인","true","true","2025-04-22","2025-12-01","2025-04-22","2025-12-01","available-cumulative","2025-04-22","kiwoom","mock","KRX","ka10059","valid","ready","2026-10-06T12:19:27.681Z"
"raw","KR","stock","005930","day","KRW","investmentTrust","2025-09-25","1500","주","키움증권 · 모의","invtrt","2025-09-25","unknown","2026-10-06T12:19:27.661Z","","","false","","","","","partial","QA SYNTHETIC API → 격리된 메모리 PGlite → 실제 서버 서비스 · 모의 응답 · 실수급 검증 아님 · 요청 시작일까지 확보 · KRX 시장 · 공급자 기준일/공표시각/확정 여부 미확인","true","true","2025-04-22","2025-12-01","2025-04-22","2025-12-01","available-cumulative","2025-04-22","kiwoom","mock","KRX","ka10059","valid","ready","2026-10-06T12:19:27.681Z"
"raw","KR","stock","005930","day","KRW","investmentTrust","2025-09-26","-1000","주","키움증권 · 모의","invtrt","2025-09-26","unknown","2026-10-06T12:19:27.661Z","","","false","","","","","partial","QA SYNTHETIC API → 격리된 메모리 PGlite → 실제 서버 서비스 · 모의 응답 · 실수급 검증 아님 · 요청 시작일까지 확보 · KRX 시장 · 공급자 기준일/공표시각/확정 여부 미확인","true","true","2025-04-22","2025-12-01","2025-04-22","2025-12-01","available-cumulative","2025-04-22","kiwoom","mock","KRX","ka10059","valid","ready","2026-10-06T12:19:27.681Z"
"raw","KR","stock","005930","day","KRW","investmentTrust","2025-09-29","1500","주","키움증권 · 모의","invtrt","2025-09-29","unknown","2026-10-06T12:19:27.661Z","","","false","","","","","partial","QA SYNTHETIC API → 격리된 메모리 PGlite → 실제 서버 서비스 · 모의 응답 · 실수급 검증 아님 · 요청 시작일까지 확보 · KRX 시장 · 공급자 기준일/공표시각/확정 여부 미확인","true","true","2025-04-22","2025-12-01","2025-04-22","2025-12-01","available-cumulative","2025-04-22","kiwoom","mock","KRX","ka10059","valid","ready","2026-10-06T12:19:27.681Z"
"raw","KR","stock","005930","day","KRW","investmentTrust","2025-09-30","-1000","주","키움증권 · 모의","invtrt","2025-09-30","unknown","2026-10-06T12:19:27.661Z","","","false","","","","","partial","QA SYNTHETIC API → 격리된 메모리 PGlite → 실제 서버 서비스 · 모의 응답 · 실수급 검증 아님 · 요청 시작일까지 확보 · KRX 시장 · 공급자 기준일/공표시각/확정 여부 미확인","true","true","2025-04-22","2025-12-01","2025-04-22","2025-12-01","available-cumulative","2025-04-22","kiwoom","mock","KRX","ka10059","valid","ready","2026-10-06T12:19:27.681Z"
"raw","KR","stock","005930","day","KRW","investmentTrust","2025-10-01","1500","주","키움증권 · 모의","invtrt","2025-10-01","unknown","2026-10-06T12:19:27.661Z","","","false","","","","","partial","QA SYNTHETIC API → 격리된 메모리 PGlite → 실제 서버 서비스 · 모의 응답 · 실수급 검증 아님 · 요청 시작일까지 확보 · KRX 시장 · 공급자 기준일/공표시각/확정 여부 미확인","true","true","2025-04-22","2025-12-01","2025-04-22","2025-12-01","available-cumulative","2025-04-22","kiwoom","mock","KRX","ka10059","valid","ready","2026-10-06T12:19:27.681Z"
"raw","KR","stock","005930","day","KRW","investmentTrust","2025-10-02","-1000","주","키움증권 · 모의","invtrt","2025-10-02","unknown","2026-10-06T12:19:27.661Z","","","false","","","","","partial","QA SYNTHETIC API → 격리된 메모리 PGlite → 실제 서버 서비스 · 모의 응답 · 실수급 검증 아님 · 요청 시작일까지 확보 · KRX 시장 · 공급자 기준일/공표시각/확정 여부 미확인","true","true","2025-04-22","2025-12-01","2025-04-22","2025-12-01","available-cumulative","2025-04-22","kiwoom","mock","KRX","ka10059","valid","ready","2026-10-06T12:19:27.681Z"
"raw","KR","stock","005930","day","KRW","investmentTrust","2025-10-03","1500","주","키움증권 · 모의","invtrt","2025-10-03","unknown","2026-10-06T12:19:27.661Z","","","false","","","","","partial","QA SYNTHETIC API → 격리된 메모리 PGlite → 실제 서버 서비스 · 모의 응답 · 실수급 검증 아님 · 요청 시작일까지 확보 · KRX 시장 · 공급자 기준일/공표시각/확정 여부 미확인","true","true","2025-04-22","2025-12-01","2025-04-22","2025-12-01","available-cumulative","2025-04-22","kiwoom","mock","KRX","ka10059","valid","ready","2026-10-06T12:19:27.681Z"
"raw","KR","stock","005930","day","KRW","investmentTrust","2025-10-06","-1000","주","키움증권 · 모의","invtrt","2025-10-06","unknown","2026-10-06T12:19:27.661Z","","","false","","","","","partial","QA SYNTHETIC API → 격리된 메모리 PGlite → 실제 서버 서비스 · 모의 응답 · 실수급 검증 아님 · 요청 시작일까지 확보 · KRX 시장 · 공급자 기준일/공표시각/확정 여부 미확인","true","true","2025-04-22","2025-12-01","2025-04-22","2025-12-01","available-cumulative","2025-04-22","kiwoom","mock","KRX","ka10059","valid","ready","2026-10-06T12:19:27.681Z"
"raw","KR","stock","005930","day","KRW","investmentTrust","2025-10-07","1500","주","키움증권 · 모의","invtrt","2025-10-07","unknown","2026-10-06T12:19:27.661Z","","","false","","","","","partial","QA SYNTHETIC API → 격리된 메모리 PGlite → 실제 서버 서비스 · 모의 응답 · 실수급 검증 아님 · 요청 시작일까지 확보 · KRX 시장 · 공급자 기준일/공표시각/확정 여부 미확인","true","true","2025-04-22","2025-12-01","2025-04-22","2025-12-01","available-cumulative","2025-04-22","kiwoom","mock","KRX","ka10059","valid","ready","2026-10-06T12:19:27.681Z"
"raw","KR","stock","005930","day","KRW","investmentTrust","2025-10-08","-1000","주","키움증권 · 모의","invtrt","2025-10-08","unknown","2026-10-06T12:19:27.661Z","","","false","","","","","partial","QA SYNTHETIC API → 격리된 메모리 PGlite → 실제 서버 서비스 · 모의 응답 · 실수급 검증 아님 · 요청 시작일까지 확보 · KRX 시장 · 공급자 기준일/공표시각/확정 여부 미확인","true","true","2025-04-22","2025-12-01","2025-04-22","2025-12-01","available-cumulative","2025-04-22","kiwoom","mock","KRX","ka10059","valid","ready","2026-10-06T12:19:27.681Z"
"raw","KR","stock","005930","day","KRW","investmentTrust","2025-10-09","1500","주","키움증권 · 모의","invtrt","2025-10-09","unknown","2026-10-06T12:19:27.661Z","","","false","","","","","partial","QA SYNTHETIC API → 격리된 메모리 PGlite → 실제 서버 서비스 · 모의 응답 · 실수급 검증 아님 · 요청 시작일까지 확보 · KRX 시장 · 공급자 기준일/공표시각/확정 여부 미확인","true","true","2025-04-22","2025-12-01","2025-04-22","2025-12-01","available-cumulative","2025-04-22","kiwoom","mock","KRX","ka10059","valid","ready","2026-10-06T12:19:27.681Z"
"raw","KR","stock","005930","day","KRW","investmentTrust","2025-10-10","-1000","주","키움증권 · 모의","invtrt","2025-10-10","unknown","2026-10-06T12:19:27.661Z","","","false","","","","","partial","QA SYNTHETIC API → 격리된 메모리 PGlite → 실제 서버 서비스 · 모의 응답 · 실수급 검증 아님 · 요청 시작일까지 확보 · KRX 시장 · 공급자 기준일/공표시각/확정 여부 미확인","true","true","2025-04-22","2025-12-01","2025-04-22","2025-12-01","available-cumulative","2025-04-22","kiwoom","mock","KRX","ka10059","valid","ready","2026-10-06T12:19:27.681Z"
"raw","KR","stock","005930","day","KRW","investmentTrust","2025-10-13","1500","주","키움증권 · 모의","invtrt","2025-10-13","unknown","2026-10-06T12:19:27.661Z","","","false","","","","","partial","QA SYNTHETIC API → 격리된 메모리 PGlite → 실제 서버 서비스 · 모의 응답 · 실수급 검증 아님 · 요청 시작일까지 확보 · KRX 시장 · 공급자 기준일/공표시각/확정 여부 미확인","true","true","2025-04-22","2025-12-01","2025-04-22","2025-12-01","available-cumulative","2025-04-22","kiwoom","mock","KRX","ka10059","valid","ready","2026-10-06T12:19:27.681Z"
"raw","KR","stock","005930","day","KRW","investmentTrust","2025-10-14","-1000","주","키움증권 · 모의","invtrt","2025-10-14","unknown","2026-10-06T12:19:27.661Z","","","false","","","","","partial","QA SYNTHETIC API → 격리된 메모리 PGlite → 실제 서버 서비스 · 모의 응답 · 실수급 검증 아님 · 요청 시작일까지 확보 · KRX 시장 · 공급자 기준일/공표시각/확정 여부 미확인","true","true","2025-04-22","2025-12-01","2025-04-22","2025-12-01","available-cumulative","2025-04-22","kiwoom","mock","KRX","ka10059","valid","ready","2026-10-06T12:19:27.681Z"
"raw","KR","stock","005930","day","KRW","investmentTrust","2025-10-15","1500","주","키움증권 · 모의","invtrt","2025-10-15","unknown","2026-10-06T12:19:27.661Z","","","false","","","","","partial","QA SYNTHETIC API → 격리된 메모리 PGlite → 실제 서버 서비스 · 모의 응답 · 실수급 검증 아님 · 요청 시작일까지 확보 · KRX 시장 · 공급자 기준일/공표시각/확정 여부 미확인","true","true","2025-04-22","2025-12-01","2025-04-22","2025-12-01","available-cumulative","2025-04-22","kiwoom","mock","KRX","ka10059","valid","ready","2026-10-06T12:19:27.681Z"
"raw","KR","stock","005930","day","KRW","investmentTrust","2025-10-16","-1000","주","키움증권 · 모의","invtrt","2025-10-16","unknown","2026-10-06T12:19:27.661Z","","","false","","","","","partial","QA SYNTHETIC API → 격리된 메모리 PGlite → 실제 서버 서비스 · 모의 응답 · 실수급 검증 아님 · 요청 시작일까지 확보 · KRX 시장 · 공급자 기준일/공표시각/확정 여부 미확인","true","true","2025-04-22","2025-12-01","2025-04-22","2025-12-01","available-cumulative","2025-04-22","kiwoom","mock","KRX","ka10059","valid","ready","2026-10-06T12:19:27.681Z"
"raw","KR","stock","005930","day","KRW","investmentTrust","2025-10-17","1500","주","키움증권 · 모의","invtrt","2025-10-17","unknown","2026-10-06T12:19:27.661Z","","","false","","","","","partial","QA SYNTHETIC API → 격리된 메모리 PGlite → 실제 서버 서비스 · 모의 응답 · 실수급 검증 아님 · 요청 시작일까지 확보 · KRX 시장 · 공급자 기준일/공표시각/확정 여부 미확인","true","true","2025-04-22","2025-12-01","2025-04-22","2025-12-01","available-cumulative","2025-04-22","kiwoom","mock","KRX","ka10059","valid","ready","2026-10-06T12:19:27.681Z"
"raw","KR","stock","005930","day","KRW","investmentTrust","2025-10-20","-1000","주","키움증권 · 모의","invtrt","2025-10-20","unknown","2026-10-06T12:19:27.661Z","","","false","","","","","partial","QA SYNTHETIC API → 격리된 메모리 PGlite → 실제 서버 서비스 · 모의 응답 · 실수급 검증 아님 · 요청 시작일까지 확보 · KRX 시장 · 공급자 기준일/공표시각/확정 여부 미확인","true","true","2025-04-22","2025-12-01","2025-04-22","2025-12-01","available-cumulative","2025-04-22","kiwoom","mock","KRX","ka10059","valid","ready","2026-10-06T12:19:27.681Z"
"raw","KR","stock","005930","day","KRW","investmentTrust","2025-10-21","1500","주","키움증권 · 모의","invtrt","2025-10-21","unknown","2026-10-06T12:19:27.661Z","","","false","","","","","partial","QA SYNTHETIC API → 격리된 메모리 PGlite → 실제 서버 서비스 · 모의 응답 · 실수급 검증 아님 · 요청 시작일까지 확보 · KRX 시장 · 공급자 기준일/공표시각/확정 여부 미확인","true","true","2025-04-22","2025-12-01","2025-04-22","2025-12-01","available-cumulative","2025-04-22","kiwoom","mock","KRX","ka10059","valid","ready","2026-10-06T12:19:27.681Z"
"raw","KR","stock","005930","day","KRW","investmentTrust","2025-10-22","-1000","주","키움증권 · 모의","invtrt","2025-10-22","unknown","2026-10-06T12:19:27.661Z","","","false","","","","","partial","QA SYNTHETIC API → 격리된 메모리 PGlite → 실제 서버 서비스 · 모의 응답 · 실수급 검증 아님 · 요청 시작일까지 확보 · KRX 시장 · 공급자 기준일/공표시각/확정 여부 미확인","true","true","2025-04-22","2025-12-01","2025-04-22","2025-12-01","available-cumulative","2025-04-22","kiwoom","mock","KRX","ka10059","valid","ready","2026-10-06T12:19:27.681Z"
"raw","KR","stock","005930","day","KRW","investmentTrust","2025-10-23","1500","주","키움증권 · 모의","invtrt","2025-10-23","unknown","2026-10-06T12:19:27.661Z","","","false","","","","","partial","QA SYNTHETIC API → 격리된 메모리 PGlite → 실제 서버 서비스 · 모의 응답 · 실수급 검증 아님 · 요청 시작일까지 확보 · KRX 시장 · 공급자 기준일/공표시각/확정 여부 미확인","true","true","2025-04-22","2025-12-01","2025-04-22","2025-12-01","available-cumulative","2025-04-22","kiwoom","mock","KRX","ka10059","valid","ready","2026-10-06T12:19:27.681Z"
"raw","KR","stock","005930","day","KRW","investmentTrust","2025-10-24","-1000","주","키움증권 · 모의","invtrt","2025-10-24","unknown","2026-10-06T12:19:27.661Z","","","false","","","","","partial","QA SYNTHETIC API → 격리된 메모리 PGlite → 실제 서버 서비스 · 모의 응답 · 실수급 검증 아님 · 요청 시작일까지 확보 · KRX 시장 · 공급자 기준일/공표시각/확정 여부 미확인","true","true","2025-04-22","2025-12-01","2025-04-22","2025-12-01","available-cumulative","2025-04-22","kiwoom","mock","KRX","ka10059","valid","ready","2026-10-06T12:19:27.681Z"
"raw","KR","stock","005930","day","KRW","investmentTrust","2025-10-27","1500","주","키움증권 · 모의","invtrt","2025-10-27","unknown","2026-10-06T12:19:27.661Z","","","false","","","","","partial","QA SYNTHETIC API → 격리된 메모리 PGlite → 실제 서버 서비스 · 모의 응답 · 실수급 검증 아님 · 요청 시작일까지 확보 · KRX 시장 · 공급자 기준일/공표시각/확정 여부 미확인","true","true","2025-04-22","2025-12-01","2025-04-22","2025-12-01","available-cumulative","2025-04-22","kiwoom","mock","KRX","ka10059","valid","ready","2026-10-06T12:19:27.681Z"
"raw","KR","stock","005930","day","KRW","investmentTrust","2025-10-28","-1000","주","키움증권 · 모의","invtrt","2025-10-28","unknown","2026-10-06T12:19:27.661Z","","","false","","","","","partial","QA SYNTHETIC API → 격리된 메모리 PGlite → 실제 서버 서비스 · 모의 응답 · 실수급 검증 아님 · 요청 시작일까지 확보 · KRX 시장 · 공급자 기준일/공표시각/확정 여부 미확인","true","true","2025-04-22","2025-12-01","2025-04-22","2025-12-01","available-cumulative","2025-04-22","kiwoom","mock","KRX","ka10059","valid","ready","2026-10-06T12:19:27.681Z"
"raw","KR","stock","005930","day","KRW","investmentTrust","2025-10-29","1500","주","키움증권 · 모의","invtrt","2025-10-29","unknown","2026-10-06T12:19:27.661Z","","","false","","","","","partial","QA SYNTHETIC API → 격리된 메모리 PGlite → 실제 서버 서비스 · 모의 응답 · 실수급 검증 아님 · 요청 시작일까지 확보 · KRX 시장 · 공급자 기준일/공표시각/확정 여부 미확인","true","true","2025-04-22","2025-12-01","2025-04-22","2025-12-01","available-cumulative","2025-04-22","kiwoom","mock","KRX","ka10059","valid","ready","2026-10-06T12:19:27.681Z"
"raw","KR","stock","005930","day","KRW","investmentTrust","2025-10-30","-1000","주","키움증권 · 모의","invtrt","2025-10-30","unknown","2026-10-06T12:19:27.661Z","","","false","","","","","partial","QA SYNTHETIC API → 격리된 메모리 PGlite → 실제 서버 서비스 · 모의 응답 · 실수급 검증 아님 · 요청 시작일까지 확보 · KRX 시장 · 공급자 기준일/공표시각/확정 여부 미확인","true","true","2025-04-22","2025-12-01","2025-04-22","2025-12-01","available-cumulative","2025-04-22","kiwoom","mock","KRX","ka10059","valid","ready","2026-10-06T12:19:27.681Z"
"raw","KR","stock","005930","day","KRW","investmentTrust","2025-10-31","1500","주","키움증권 · 모의","invtrt","2025-10-31","unknown","2026-10-06T12:19:27.661Z","","","false","","","","","partial","QA SYNTHETIC API → 격리된 메모리 PGlite → 실제 서버 서비스 · 모의 응답 · 실수급 검증 아님 · 요청 시작일까지 확보 · KRX 시장 · 공급자 기준일/공표시각/확정 여부 미확인","true","true","2025-04-22","2025-12-01","2025-04-22","2025-12-01","available-cumulative","2025-04-22","kiwoom","mock","KRX","ka10059","valid","ready","2026-10-06T12:19:27.681Z"
"raw","KR","stock","005930","day","KRW","investmentTrust","2025-11-03","-1000","주","키움증권 · 모의","invtrt","2025-11-03","unknown","2026-10-06T12:19:27.661Z","","","false","","","","","partial","QA SYNTHETIC API → 격리된 메모리 PGlite → 실제 서버 서비스 · 모의 응답 · 실수급 검증 아님 · 요청 시작일까지 확보 · KRX 시장 · 공급자 기준일/공표시각/확정 여부 미확인","true","true","2025-04-22","2025-12-01","2025-04-22","2025-12-01","available-cumulative","2025-04-22","kiwoom","mock","KRX","ka10059","valid","ready","2026-10-06T12:19:27.681Z"
"raw","KR","stock","005930","day","KRW","investmentTrust","2025-11-04","1500","주","키움증권 · 모의","invtrt","2025-11-04","unknown","2026-10-06T12:19:27.661Z","","","false","","","","","partial","QA SYNTHETIC API → 격리된 메모리 PGlite → 실제 서버 서비스 · 모의 응답 · 실수급 검증 아님 · 요청 시작일까지 확보 · KRX 시장 · 공급자 기준일/공표시각/확정 여부 미확인","true","true","2025-04-22","2025-12-01","2025-04-22","2025-12-01","available-cumulative","2025-04-22","kiwoom","mock","KRX","ka10059","valid","ready","2026-10-06T12:19:27.681Z"
"raw","KR","stock","005930","day","KRW","investmentTrust","2025-11-05","-1000","주","키움증권 · 모의","invtrt","2025-11-05","unknown","2026-10-06T12:19:27.661Z","","","false","","","","","partial","QA SYNTHETIC API → 격리된 메모리 PGlite → 실제 서버 서비스 · 모의 응답 · 실수급 검증 아님 · 요청 시작일까지 확보 · KRX 시장 · 공급자 기준일/공표시각/확정 여부 미확인","true","true","2025-04-22","2025-12-01","2025-04-22","2025-12-01","available-cumulative","2025-04-22","kiwoom","mock","KRX","ka10059","valid","ready","2026-10-06T12:19:27.681Z"
"raw","KR","stock","005930","day","KRW","investmentTrust","2025-11-06","1500","주","키움증권 · 모의","invtrt","2025-11-06","unknown","2026-10-06T12:19:27.661Z","","","false","","","","","partial","QA SYNTHETIC API → 격리된 메모리 PGlite → 실제 서버 서비스 · 모의 응답 · 실수급 검증 아님 · 요청 시작일까지 확보 · KRX 시장 · 공급자 기준일/공표시각/확정 여부 미확인","true","true","2025-04-22","2025-12-01","2025-04-22","2025-12-01","available-cumulative","2025-04-22","kiwoom","mock","KRX","ka10059","valid","ready","2026-10-06T12:19:27.681Z"
"raw","KR","stock","005930","day","KRW","investmentTrust","2025-11-07","-1000","주","키움증권 · 모의","invtrt","2025-11-07","unknown","2026-10-06T12:19:27.661Z","","","false","","","","","partial","QA SYNTHETIC API → 격리된 메모리 PGlite → 실제 서버 서비스 · 모의 응답 · 실수급 검증 아님 · 요청 시작일까지 확보 · KRX 시장 · 공급자 기준일/공표시각/확정 여부 미확인","true","true","2025-04-22","2025-12-01","2025-04-22","2025-12-01","available-cumulative","2025-04-22","kiwoom","mock","KRX","ka10059","valid","ready","2026-10-06T12:19:27.681Z"
"raw","KR","stock","005930","day","KRW","investmentTrust","2025-11-10","1500","주","키움증권 · 모의","invtrt","2025-11-10","unknown","2026-10-06T12:19:27.661Z","","","false","","","","","partial","QA SYNTHETIC API → 격리된 메모리 PGlite → 실제 서버 서비스 · 모의 응답 · 실수급 검증 아님 · 요청 시작일까지 확보 · KRX 시장 · 공급자 기준일/공표시각/확정 여부 미확인","true","true","2025-04-22","2025-12-01","2025-04-22","2025-12-01","available-cumulative","2025-04-22","kiwoom","mock","KRX","ka10059","valid","ready","2026-10-06T12:19:27.681Z"
"raw","KR","stock","005930","day","KRW","investmentTrust","2025-11-11","-1000","주","키움증권 · 모의","invtrt","2025-11-11","unknown","2026-10-06T12:19:27.661Z","","","false","","","","","partial","QA SYNTHETIC API → 격리된 메모리 PGlite → 실제 서버 서비스 · 모의 응답 · 실수급 검증 아님 · 요청 시작일까지 확보 · KRX 시장 · 공급자 기준일/공표시각/확정 여부 미확인","true","true","2025-04-22","2025-12-01","2025-04-22","2025-12-01","available-cumulative","2025-04-22","kiwoom","mock","KRX","ka10059","valid","ready","2026-10-06T12:19:27.681Z"
"raw","KR","stock","005930","day","KRW","investmentTrust","2025-11-12","1500","주","키움증권 · 모의","invtrt","2025-11-12","unknown","2026-10-06T12:19:27.661Z","","","false","","","","","partial","QA SYNTHETIC API → 격리된 메모리 PGlite → 실제 서버 서비스 · 모의 응답 · 실수급 검증 아님 · 요청 시작일까지 확보 · KRX 시장 · 공급자 기준일/공표시각/확정 여부 미확인","true","true","2025-04-22","2025-12-01","2025-04-22","2025-12-01","available-cumulative","2025-04-22","kiwoom","mock","KRX","ka10059","valid","ready","2026-10-06T12:19:27.681Z"
"raw","KR","stock","005930","day","KRW","investmentTrust","2025-11-13","-1000","주","키움증권 · 모의","invtrt","2025-11-13","unknown","2026-10-06T12:19:27.661Z","","","false","","","","","partial","QA SYNTHETIC API → 격리된 메모리 PGlite → 실제 서버 서비스 · 모의 응답 · 실수급 검증 아님 · 요청 시작일까지 확보 · KRX 시장 · 공급자 기준일/공표시각/확정 여부 미확인","true","true","2025-04-22","2025-12-01","2025-04-22","2025-12-01","available-cumulative","2025-04-22","kiwoom","mock","KRX","ka10059","valid","ready","2026-10-06T12:19:27.681Z"
"raw","KR","stock","005930","day","KRW","investmentTrust","2025-11-14","1500","주","키움증권 · 모의","invtrt","2025-11-14","unknown","2026-10-06T12:19:27.661Z","","","false","","","","","partial","QA SYNTHETIC API → 격리된 메모리 PGlite → 실제 서버 서비스 · 모의 응답 · 실수급 검증 아님 · 요청 시작일까지 확보 · KRX 시장 · 공급자 기준일/공표시각/확정 여부 미확인","true","true","2025-04-22","2025-12-01","2025-04-22","2025-12-01","available-cumulative","2025-04-22","kiwoom","mock","KRX","ka10059","valid","ready","2026-10-06T12:19:27.681Z"
"raw","KR","stock","005930","day","KRW","investmentTrust","2025-11-17","-1000","주","키움증권 · 모의","invtrt","2025-11-17","unknown","2026-10-06T12:19:27.661Z","","","false","","","","","partial","QA SYNTHETIC API → 격리된 메모리 PGlite → 실제 서버 서비스 · 모의 응답 · 실수급 검증 아님 · 요청 시작일까지 확보 · KRX 시장 · 공급자 기준일/공표시각/확정 여부 미확인","true","true","2025-04-22","2025-12-01","2025-04-22","2025-12-01","available-cumulative","2025-04-22","kiwoom","mock","KRX","ka10059","valid","ready","2026-10-06T12:19:27.681Z"
"raw","KR","stock","005930","day","KRW","investmentTrust","2025-11-18","1500","주","키움증권 · 모의","invtrt","2025-11-18","unknown","2026-10-06T12:19:27.661Z","","","false","","","","","partial","QA SYNTHETIC API → 격리된 메모리 PGlite → 실제 서버 서비스 · 모의 응답 · 실수급 검증 아님 · 요청 시작일까지 확보 · KRX 시장 · 공급자 기준일/공표시각/확정 여부 미확인","true","true","2025-04-22","2025-12-01","2025-04-22","2025-12-01","available-cumulative","2025-04-22","kiwoom","mock","KRX","ka10059","valid","ready","2026-10-06T12:19:27.681Z"
"raw","KR","stock","005930","day","KRW","investmentTrust","2025-11-19","-1000","주","키움증권 · 모의","invtrt","2025-11-19","unknown","2026-10-06T12:19:27.661Z","","","false","","","","","partial","QA SYNTHETIC API → 격리된 메모리 PGlite → 실제 서버 서비스 · 모의 응답 · 실수급 검증 아님 · 요청 시작일까지 확보 · KRX 시장 · 공급자 기준일/공표시각/확정 여부 미확인","true","true","2025-04-22","2025-12-01","2025-04-22","2025-12-01","available-cumulative","2025-04-22","kiwoom","mock","KRX","ka10059","valid","ready","2026-10-06T12:19:27.681Z"
"raw","KR","stock","005930","day","KRW","investmentTrust","2025-11-20","1500","주","키움증권 · 모의","invtrt","2025-11-20","unknown","2026-10-06T12:19:27.661Z","","","false","","","","","partial","QA SYNTHETIC API → 격리된 메모리 PGlite → 실제 서버 서비스 · 모의 응답 · 실수급 검증 아님 · 요청 시작일까지 확보 · KRX 시장 · 공급자 기준일/공표시각/확정 여부 미확인","true","true","2025-04-22","2025-12-01","2025-04-22","2025-12-01","available-cumulative","2025-04-22","kiwoom","mock","KRX","ka10059","valid","ready","2026-10-06T12:19:27.681Z"
"raw","KR","stock","005930","day","KRW","investmentTrust","2025-11-21","-1000","주","키움증권 · 모의","invtrt","2025-11-21","unknown","2026-10-06T12:19:27.661Z","","","false","","","","","partial","QA SYNTHETIC API → 격리된 메모리 PGlite → 실제 서버 서비스 · 모의 응답 · 실수급 검증 아님 · 요청 시작일까지 확보 · KRX 시장 · 공급자 기준일/공표시각/확정 여부 미확인","true","true","2025-04-22","2025-12-01","2025-04-22","2025-12-01","available-cumulative","2025-04-22","kiwoom","mock","KRX","ka10059","valid","ready","2026-10-06T12:19:27.681Z"
"raw","KR","stock","005930","day","KRW","investmentTrust","2025-11-24","1500","주","키움증권 · 모의","invtrt","2025-11-24","unknown","2026-10-06T12:19:27.661Z","","","false","","","","","partial","QA SYNTHETIC API → 격리된 메모리 PGlite → 실제 서버 서비스 · 모의 응답 · 실수급 검증 아님 · 요청 시작일까지 확보 · KRX 시장 · 공급자 기준일/공표시각/확정 여부 미확인","true","true","2025-04-22","2025-12-01","2025-04-22","2025-12-01","available-cumulative","2025-04-22","kiwoom","mock","KRX","ka10059","valid","ready","2026-10-06T12:19:27.681Z"
"raw","KR","stock","005930","day","KRW","investmentTrust","2025-11-25","-1000","주","키움증권 · 모의","invtrt","2025-11-25","unknown","2026-10-06T12:19:27.661Z","","","false","","","","","partial","QA SYNTHETIC API → 격리된 메모리 PGlite → 실제 서버 서비스 · 모의 응답 · 실수급 검증 아님 · 요청 시작일까지 확보 · KRX 시장 · 공급자 기준일/공표시각/확정 여부 미확인","true","true","2025-04-22","2025-12-01","2025-04-22","2025-12-01","available-cumulative","2025-04-22","kiwoom","mock","KRX","ka10059","valid","ready","2026-10-06T12:19:27.681Z"
"raw","KR","stock","005930","day","KRW","investmentTrust","2025-11-26","1500","주","키움증권 · 모의","invtrt","2025-11-26","unknown","2026-10-06T12:19:27.661Z","","","false","","","","","partial","QA SYNTHETIC API → 격리된 메모리 PGlite → 실제 서버 서비스 · 모의 응답 · 실수급 검증 아님 · 요청 시작일까지 확보 · KRX 시장 · 공급자 기준일/공표시각/확정 여부 미확인","true","true","2025-04-22","2025-12-01","2025-04-22","2025-12-01","available-cumulative","2025-04-22","kiwoom","mock","KRX","ka10059","valid","ready","2026-10-06T12:19:27.681Z"
"raw","KR","stock","005930","day","KRW","investmentTrust","2025-11-27","-1000","주","키움증권 · 모의","invtrt","2025-11-27","unknown","2026-10-06T12:19:27.661Z","","","false","","","","","partial","QA SYNTHETIC API → 격리된 메모리 PGlite → 실제 서버 서비스 · 모의 응답 · 실수급 검증 아님 · 요청 시작일까지 확보 · KRX 시장 · 공급자 기준일/공표시각/확정 여부 미확인","true","true","2025-04-22","2025-12-01","2025-04-22","2025-12-01","available-cumulative","2025-04-22","kiwoom","mock","KRX","ka10059","valid","ready","2026-10-06T12:19:27.681Z"
"raw","KR","stock","005930","day","KRW","investmentTrust","2025-11-28","1500","주","키움증권 · 모의","invtrt","2025-11-28","unknown","2026-10-06T12:19:27.661Z","","","false","","","","","partial","QA SYNTHETIC API → 격리된 메모리 PGlite → 실제 서버 서비스 · 모의 응답 · 실수급 검증 아님 · 요청 시작일까지 확보 · KRX 시장 · 공급자 기준일/공표시각/확정 여부 미확인","true","true","2025-04-22","2025-12-01","2025-04-22","2025-12-01","available-cumulative","2025-04-22","kiwoom","mock","KRX","ka10059","valid","ready","2026-10-06T12:19:27.681Z"
"raw","KR","stock","005930","day","KRW","investmentTrust","2025-12-01","-1000","주","키움증권 · 모의","invtrt","2025-12-01","unknown","2026-10-06T12:19:27.661Z","","","false","","","","","partial","QA SYNTHETIC API → 격리된 메모리 PGlite → 실제 서버 서비스 · 모의 응답 · 실수급 검증 아님 · 요청 시작일까지 확보 · KRX 시장 · 공급자 기준일/공표시각/확정 여부 미확인","true","true","2025-04-22","2025-12-01","2025-04-22","2025-12-01","available-cumulative","2025-04-22","kiwoom","mock","KRX","ka10059","valid","ready","2026-10-06T12:19:27.681Z"
"aligned","KR","stock","005930","day","KRW","investmentTrust","2025-04-22","1500","주","키움증권 · 모의","invtrt","2025-04-22","unknown","2026-10-06T12:19:27.661Z","","","true","Σ dailyNet[2025-04-22..asOf]","","","","partial","QA SYNTHETIC API → 격리된 메모리 PGlite → 실제 서버 서비스 · 모의 응답 · 실수급 검증 아님 · 요청 시작일까지 확보 · KRX 시장 · 공급자 기준일/공표시각/확정 여부 미확인","false","true","2025-04-22","2025-12-01","2025-04-22","2025-12-01","available-cumulative","2025-04-22","kiwoom","mock","KRX","ka10059","","ready","2026-10-06T12:19:27.681Z"
"aligned","KR","stock","005930","day","KRW","investmentTrust","2025-04-23","500","주","키움증권 · 모의","invtrt","2025-04-23","unknown","2026-10-06T12:19:27.661Z","","","true","Σ dailyNet[2025-04-22..asOf]","","","","partial","QA SYNTHETIC API → 격리된 메모리 PGlite → 실제 서버 서비스 · 모의 응답 · 실수급 검증 아님 · 요청 시작일까지 확보 · KRX 시장 · 공급자 기준일/공표시각/확정 여부 미확인","false","true","2025-04-22","2025-12-01","2025-04-22","2025-12-01","available-cumulative","2025-04-22","kiwoom","mock","KRX","ka10059","","ready","2026-10-06T12:19:27.681Z"
"aligned","KR","stock","005930","day","KRW","investmentTrust","2025-04-24","2000","주","키움증권 · 모의","invtrt","2025-04-24","unknown","2026-10-06T12:19:27.661Z","","","true","Σ dailyNet[2025-04-22..asOf]","","","","partial","QA SYNTHETIC API → 격리된 메모리 PGlite → 실제 서버 서비스 · 모의 응답 · 실수급 검증 아님 · 요청 시작일까지 확보 · KRX 시장 · 공급자 기준일/공표시각/확정 여부 미확인","false","true","2025-04-22","2025-12-01","2025-04-22","2025-12-01","available-cumulative","2025-04-22","kiwoom","mock","KRX","ka10059","","ready","2026-10-06T12:19:27.681Z"
"aligned","KR","stock","005930","day","KRW","investmentTrust","2025-04-25","1000","주","키움증권 · 모의","invtrt","2025-04-25","unknown","2026-10-06T12:19:27.661Z","","","true","Σ dailyNet[2025-04-22..asOf]","","","","partial","QA SYNTHETIC API → 격리된 메모리 PGlite → 실제 서버 서비스 · 모의 응답 · 실수급 검증 아님 · 요청 시작일까지 확보 · KRX 시장 · 공급자 기준일/공표시각/확정 여부 미확인","false","true","2025-04-22","2025-12-01","2025-04-22","2025-12-01","available-cumulative","2025-04-22","kiwoom","mock","KRX","ka10059","","ready","2026-10-06T12:19:27.681Z"
"aligned","KR","stock","005930","day","KRW","investmentTrust","2025-04-28","2500","주","키움증권 · 모의","invtrt","2025-04-28","unknown","2026-10-06T12:19:27.661Z","","","true","Σ dailyNet[2025-04-22..asOf]","","","","partial","QA SYNTHETIC API → 격리된 메모리 PGlite → 실제 서버 서비스 · 모의 응답 · 실수급 검증 아님 · 요청 시작일까지 확보 · KRX 시장 · 공급자 기준일/공표시각/확정 여부 미확인","false","true","2025-04-22","2025-12-01","2025-04-22","2025-12-01","available-cumulative","2025-04-22","kiwoom","mock","KRX","ka10059","","ready","2026-10-06T12:19:27.681Z"
"aligned","KR","stock","005930","day","KRW","investmentTrust","2025-04-29","1500","주","키움증권 · 모의","invtrt","2025-04-29","unknown","2026-10-06T12:19:27.661Z","","","true","Σ dailyNet[2025-04-22..asOf]","","","","partial","QA SYNTHETIC API → 격리된 메모리 PGlite → 실제 서버 서비스 · 모의 응답 · 실수급 검증 아님 · 요청 시작일까지 확보 · KRX 시장 · 공급자 기준일/공표시각/확정 여부 미확인","false","true","2025-04-22","2025-12-01","2025-04-22","2025-12-01","available-cumulative","2025-04-22","kiwoom","mock","KRX","ka10059","","ready","2026-10-06T12:19:27.681Z"
"aligned","KR","stock","005930","day","KRW","investmentTrust","2025-04-30","3000","주","키움증권 · 모의","invtrt","2025-04-30","unknown","2026-10-06T12:19:27.661Z","","","true","Σ dailyNet[2025-04-22..asOf]","","","","partial","QA SYNTHETIC API → 격리된 메모리 PGlite → 실제 서버 서비스 · 모의 응답 · 실수급 검증 아님 · 요청 시작일까지 확보 · KRX 시장 · 공급자 기준일/공표시각/확정 여부 미확인","false","true","2025-04-22","2025-12-01","2025-04-22","2025-12-01","available-cumulative","2025-04-22","kiwoom","mock","KRX","ka10059","","ready","2026-10-06T12:19:27.681Z"
"aligned","KR","stock","005930","day","KRW","investmentTrust","2025-05-01","2000","주","키움증권 · 모의","invtrt","2025-05-01","unknown","2026-10-06T12:19:27.661Z","","","true","Σ dailyNet[2025-04-22..asOf]","","","","partial","QA SYNTHETIC API → 격리된 메모리 PGlite → 실제 서버 서비스 · 모의 응답 · 실수급 검증 아님 · 요청 시작일까지 확보 · KRX 시장 · 공급자 기준일/공표시각/확정 여부 미확인","false","true","2025-04-22","2025-12-01","2025-04-22","2025-12-01","available-cumulative","2025-04-22","kiwoom","mock","KRX","ka10059","","ready","2026-10-06T12:19:27.681Z"
"aligned","KR","stock","005930","day","KRW","investmentTrust","2025-05-02","3500","주","키움증권 · 모의","invtrt","2025-05-02","unknown","2026-10-06T12:19:27.661Z","","","true","Σ dailyNet[2025-04-22..asOf]","","","","partial","QA SYNTHETIC API → 격리된 메모리 PGlite → 실제 서버 서비스 · 모의 응답 · 실수급 검증 아님 · 요청 시작일까지 확보 · KRX 시장 · 공급자 기준일/공표시각/확정 여부 미확인","false","true","2025-04-22","2025-12-01","2025-04-22","2025-12-01","available-cumulative","2025-04-22","kiwoom","mock","KRX","ka10059","","ready","2026-10-06T12:19:27.681Z"
"aligned","KR","stock","005930","day","KRW","investmentTrust","2025-05-05","2500","주","키움증권 · 모의","invtrt","2025-05-05","unknown","2026-10-06T12:19:27.661Z","","","true","Σ dailyNet[2025-04-22..asOf]","","","","partial","QA SYNTHETIC API → 격리된 메모리 PGlite → 실제 서버 서비스 · 모의 응답 · 실수급 검증 아님 · 요청 시작일까지 확보 · KRX 시장 · 공급자 기준일/공표시각/확정 여부 미확인","false","true","2025-04-22","2025-12-01","2025-04-22","2025-12-01","available-cumulative","2025-04-22","kiwoom","mock","KRX","ka10059","","ready","2026-10-06T12:19:27.681Z"
"aligned","KR","stock","005930","day","KRW","investmentTrust","2025-05-06","4000","주","키움증권 · 모의","invtrt","2025-05-06","unknown","2026-10-06T12:19:27.661Z","","","true","Σ dailyNet[2025-04-22..asOf]","","","","partial","QA SYNTHETIC API → 격리된 메모리 PGlite → 실제 서버 서비스 · 모의 응답 · 실수급 검증 아님 · 요청 시작일까지 확보 · KRX 시장 · 공급자 기준일/공표시각/확정 여부 미확인","false","true","2025-04-22","2025-12-01","2025-04-22","2025-12-01","available-cumulative","2025-04-22","kiwoom","mock","KRX","ka10059","","ready","2026-10-06T12:19:27.681Z"
"aligned","KR","stock","005930","day","KRW","investmentTrust","2025-05-07","3000","주","키움증권 · 모의","invtrt","2025-05-07","unknown","2026-10-06T12:19:27.661Z","","","true","Σ dailyNet[2025-04-22..asOf]","","","","partial","QA SYNTHETIC API → 격리된 메모리 PGlite → 실제 서버 서비스 · 모의 응답 · 실수급 검증 아님 · 요청 시작일까지 확보 · KRX 시장 · 공급자 기준일/공표시각/확정 여부 미확인","false","true","2025-04-22","2025-12-01","2025-04-22","2025-12-01","available-cumulative","2025-04-22","kiwoom","mock","KRX","ka10059","","ready","2026-10-06T12:19:27.681Z"
"aligned","KR","stock","005930","day","KRW","investmentTrust","2025-05-08","4500","주","키움증권 · 모의","invtrt","2025-05-08","unknown","2026-10-06T12:19:27.661Z","","","true","Σ dailyNet[2025-04-22..asOf]","","","","partial","QA SYNTHETIC API → 격리된 메모리 PGlite → 실제 서버 서비스 · 모의 응답 · 실수급 검증 아님 · 요청 시작일까지 확보 · KRX 시장 · 공급자 기준일/공표시각/확정 여부 미확인","false","true","2025-04-22","2025-12-01","2025-04-22","2025-12-01","available-cumulative","2025-04-22","kiwoom","mock","KRX","ka10059","","ready","2026-10-06T12:19:27.681Z"
"aligned","KR","stock","005930","day","KRW","investmentTrust","2025-05-09","3500","주","키움증권 · 모의","invtrt","2025-05-09","unknown","2026-10-06T12:19:27.661Z","","","true","Σ dailyNet[2025-04-22..asOf]","","","","partial","QA SYNTHETIC API → 격리된 메모리 PGlite → 실제 서버 서비스 · 모의 응답 · 실수급 검증 아님 · 요청 시작일까지 확보 · KRX 시장 · 공급자 기준일/공표시각/확정 여부 미확인","false","true","2025-04-22","2025-12-01","2025-04-22","2025-12-01","available-cumulative","2025-04-22","kiwoom","mock","KRX","ka10059","","ready","2026-10-06T12:19:27.681Z"
"aligned","KR","stock","005930","day","KRW","investmentTrust","2025-05-12","5000","주","키움증권 · 모의","invtrt","2025-05-12","unknown","2026-10-06T12:19:27.661Z","","","true","Σ dailyNet[2025-04-22..asOf]","","","","partial","QA SYNTHETIC API → 격리된 메모리 PGlite → 실제 서버 서비스 · 모의 응답 · 실수급 검증 아님 · 요청 시작일까지 확보 · KRX 시장 · 공급자 기준일/공표시각/확정 여부 미확인","false","true","2025-04-22","2025-12-01","2025-04-22","2025-12-01","available-cumulative","2025-04-22","kiwoom","mock","KRX","ka10059","","ready","2026-10-06T12:19:27.681Z"
"aligned","KR","stock","005930","day","KRW","investmentTrust","2025-05-13","4000","주","키움증권 · 모의","invtrt","2025-05-13","unknown","2026-10-06T12:19:27.661Z","","","true","Σ dailyNet[2025-04-22..asOf]","","","","partial","QA SYNTHETIC API → 격리된 메모리 PGlite → 실제 서버 서비스 · 모의 응답 · 실수급 검증 아님 · 요청 시작일까지 확보 · KRX 시장 · 공급자 기준일/공표시각/확정 여부 미확인","false","true","2025-04-22","2025-12-01","2025-04-22","2025-12-01","available-cumulative","2025-04-22","kiwoom","mock","KRX","ka10059","","ready","2026-10-06T12:19:27.681Z"
"aligned","KR","stock","005930","day","KRW","investmentTrust","2025-05-14","5500","주","키움증권 · 모의","invtrt","2025-05-14","unknown","2026-10-06T12:19:27.661Z","","","true","Σ dailyNet[2025-04-22..asOf]","","","","partial","QA SYNTHETIC API → 격리된 메모리 PGlite → 실제 서버 서비스 · 모의 응답 · 실수급 검증 아님 · 요청 시작일까지 확보 · KRX 시장 · 공급자 기준일/공표시각/확정 여부 미확인","false","true","2025-04-22","2025-12-01","2025-04-22","2025-12-01","available-cumulative","2025-04-22","kiwoom","mock","KRX","ka10059","","ready","2026-10-06T12:19:27.681Z"
"aligned","KR","stock","005930","day","KRW","investmentTrust","2025-05-15","4500","주","키움증권 · 모의","invtrt","2025-05-15","unknown","2026-10-06T12:19:27.661Z","","","true","Σ dailyNet[2025-04-22..asOf]","","","","partial","QA SYNTHETIC API → 격리된 메모리 PGlite → 실제 서버 서비스 · 모의 응답 · 실수급 검증 아님 · 요청 시작일까지 확보 · KRX 시장 · 공급자 기준일/공표시각/확정 여부 미확인","false","true","2025-04-22","2025-12-01","2025-04-22","2025-12-01","available-cumulative","2025-04-22","kiwoom","mock","KRX","ka10059","","ready","2026-10-06T12:19:27.681Z"
"aligned","KR","stock","005930","day","KRW","investmentTrust","2025-05-16","6000","주","키움증권 · 모의","invtrt","2025-05-16","unknown","2026-10-06T12:19:27.661Z","","","true","Σ dailyNet[2025-04-22..asOf]","","","","partial","QA SYNTHETIC API → 격리된 메모리 PGlite → 실제 서버 서비스 · 모의 응답 · 실수급 검증 아님 · 요청 시작일까지 확보 · KRX 시장 · 공급자 기준일/공표시각/확정 여부 미확인","false","true","2025-04-22","2025-12-01","2025-04-22","2025-12-01","available-cumulative","2025-04-22","kiwoom","mock","KRX","ka10059","","ready","2026-10-06T12:19:27.681Z"
"aligned","KR","stock","005930","day","KRW","investmentTrust","2025-05-19","5000","주","키움증권 · 모의","invtrt","2025-05-19","unknown","2026-10-06T12:19:27.661Z","","","true","Σ dailyNet[2025-04-22..asOf]","","","","partial","QA SYNTHETIC API → 격리된 메모리 PGlite → 실제 서버 서비스 · 모의 응답 · 실수급 검증 아님 · 요청 시작일까지 확보 · KRX 시장 · 공급자 기준일/공표시각/확정 여부 미확인","false","true","2025-04-22","2025-12-01","2025-04-22","2025-12-01","available-cumulative","2025-04-22","kiwoom","mock","KRX","ka10059","","ready","2026-10-06T12:19:27.681Z"
"aligned","KR","stock","005930","day","KRW","investmentTrust","2025-05-20","6500","주","키움증권 · 모의","invtrt","2025-05-20","unknown","2026-10-06T12:19:27.661Z","","","true","Σ dailyNet[2025-04-22..asOf]","","","","partial","QA SYNTHETIC API → 격리된 메모리 PGlite → 실제 서버 서비스 · 모의 응답 · 실수급 검증 아님 · 요청 시작일까지 확보 · KRX 시장 · 공급자 기준일/공표시각/확정 여부 미확인","false","true","2025-04-22","2025-12-01","2025-04-22","2025-12-01","available-cumulative","2025-04-22","kiwoom","mock","KRX","ka10059","","ready","2026-10-06T12:19:27.681Z"
"aligned","KR","stock","005930","day","KRW","investmentTrust","2025-05-21","5500","주","키움증권 · 모의","invtrt","2025-05-21","unknown","2026-10-06T12:19:27.661Z","","","true","Σ dailyNet[2025-04-22..asOf]","","","","partial","QA SYNTHETIC API → 격리된 메모리 PGlite → 실제 서버 서비스 · 모의 응답 · 실수급 검증 아님 · 요청 시작일까지 확보 · KRX 시장 · 공급자 기준일/공표시각/확정 여부 미확인","false","true","2025-04-22","2025-12-01","2025-04-22","2025-12-01","available-cumulative","2025-04-22","kiwoom","mock","KRX","ka10059","","ready","2026-10-06T12:19:27.681Z"
"aligned","KR","stock","005930","day","KRW","investmentTrust","2025-05-22","7000","주","키움증권 · 모의","invtrt","2025-05-22","unknown","2026-10-06T12:19:27.661Z","","","true","Σ dailyNet[2025-04-22..asOf]","","","","partial","QA SYNTHETIC API → 격리된 메모리 PGlite → 실제 서버 서비스 · 모의 응답 · 실수급 검증 아님 · 요청 시작일까지 확보 · KRX 시장 · 공급자 기준일/공표시각/확정 여부 미확인","false","true","2025-04-22","2025-12-01","2025-04-22","2025-12-01","available-cumulative","2025-04-22","kiwoom","mock","KRX","ka10059","","ready","2026-10-06T12:19:27.681Z"
"aligned","KR","stock","005930","day","KRW","investmentTrust","2025-05-23","6000","주","키움증권 · 모의","invtrt","2025-05-23","unknown","2026-10-06T12:19:27.661Z","","","true","Σ dailyNet[2025-04-22..asOf]","","","","partial","QA SYNTHETIC API → 격리된 메모리 PGlite → 실제 서버 서비스 · 모의 응답 · 실수급 검증 아님 · 요청 시작일까지 확보 · KRX 시장 · 공급자 기준일/공표시각/확정 여부 미확인","false","true","2025-04-22","2025-12-01","2025-04-22","2025-12-01","available-cumulative","2025-04-22","kiwoom","mock","KRX","ka10059","","ready","2026-10-06T12:19:27.681Z"
"aligned","KR","stock","005930","day","KRW","investmentTrust","2025-05-26","7500","주","키움증권 · 모의","invtrt","2025-05-26","unknown","2026-10-06T12:19:27.661Z","","","true","Σ dailyNet[2025-04-22..asOf]","","","","partial","QA SYNTHETIC API → 격리된 메모리 PGlite → 실제 서버 서비스 · 모의 응답 · 실수급 검증 아님 · 요청 시작일까지 확보 · KRX 시장 · 공급자 기준일/공표시각/확정 여부 미확인","false","true","2025-04-22","2025-12-01","2025-04-22","2025-12-01","available-cumulative","2025-04-22","kiwoom","mock","KRX","ka10059","","ready","2026-10-06T12:19:27.681Z"
"aligned","KR","stock","005930","day","KRW","investmentTrust","2025-05-27","6500","주","키움증권 · 모의","invtrt","2025-05-27","unknown","2026-10-06T12:19:27.661Z","","","true","Σ dailyNet[2025-04-22..asOf]","","","","partial","QA SYNTHETIC API → 격리된 메모리 PGlite → 실제 서버 서비스 · 모의 응답 · 실수급 검증 아님 · 요청 시작일까지 확보 · KRX 시장 · 공급자 기준일/공표시각/확정 여부 미확인","false","true","2025-04-22","2025-12-01","2025-04-22","2025-12-01","available-cumulative","2025-04-22","kiwoom","mock","KRX","ka10059","","ready","2026-10-06T12:19:27.681Z"
"aligned","KR","stock","005930","day","KRW","investmentTrust","2025-05-28","8000","주","키움증권 · 모의","invtrt","2025-05-28","unknown","2026-10-06T12:19:27.661Z","","","true","Σ dailyNet[2025-04-22..asOf]","","","","partial","QA SYNTHETIC API → 격리된 메모리 PGlite → 실제 서버 서비스 · 모의 응답 · 실수급 검증 아님 · 요청 시작일까지 확보 · KRX 시장 · 공급자 기준일/공표시각/확정 여부 미확인","false","true","2025-04-22","2025-12-01","2025-04-22","2025-12-01","available-cumulative","2025-04-22","kiwoom","mock","KRX","ka10059","","ready","2026-10-06T12:19:27.681Z"
"aligned","KR","stock","005930","day","KRW","investmentTrust","2025-05-29","7000","주","키움증권 · 모의","invtrt","2025-05-29","unknown","2026-10-06T12:19:27.661Z","","","true","Σ dailyNet[2025-04-22..asOf]","","","","partial","QA SYNTHETIC API → 격리된 메모리 PGlite → 실제 서버 서비스 · 모의 응답 · 실수급 검증 아님 · 요청 시작일까지 확보 · KRX 시장 · 공급자 기준일/공표시각/확정 여부 미확인","false","true","2025-04-22","2025-12-01","2025-04-22","2025-12-01","available-cumulative","2025-04-22","kiwoom","mock","KRX","ka10059","","ready","2026-10-06T12:19:27.681Z"
"aligned","KR","stock","005930","day","KRW","investmentTrust","2025-05-30","8500","주","키움증권 · 모의","invtrt","2025-05-30","unknown","2026-10-06T12:19:27.661Z","","","true","Σ dailyNet[2025-04-22..asOf]","","","","partial","QA SYNTHETIC API → 격리된 메모리 PGlite → 실제 서버 서비스 · 모의 응답 · 실수급 검증 아님 · 요청 시작일까지 확보 · KRX 시장 · 공급자 기준일/공표시각/확정 여부 미확인","false","true","2025-04-22","2025-12-01","2025-04-22","2025-12-01","available-cumulative","2025-04-22","kiwoom","mock","KRX","ka10059","","ready","2026-10-06T12:19:27.681Z"
"aligned","KR","stock","005930","day","KRW","investmentTrust","2025-06-02","7500","주","키움증권 · 모의","invtrt","2025-06-02","unknown","2026-10-06T12:19:27.661Z","","","true","Σ dailyNet[2025-04-22..asOf]","","","","partial","QA SYNTHETIC API → 격리된 메모리 PGlite → 실제 서버 서비스 · 모의 응답 · 실수급 검증 아님 · 요청 시작일까지 확보 · KRX 시장 · 공급자 기준일/공표시각/확정 여부 미확인","false","true","2025-04-22","2025-12-01","2025-04-22","2025-12-01","available-cumulative","2025-04-22","kiwoom","mock","KRX","ka10059","","ready","2026-10-06T12:19:27.681Z"
"aligned","KR","stock","005930","day","KRW","investmentTrust","2025-06-03","9000","주","키움증권 · 모의","invtrt","2025-06-03","unknown","2026-10-06T12:19:27.661Z","","","true","Σ dailyNet[2025-04-22..asOf]","","","","partial","QA SYNTHETIC API → 격리된 메모리 PGlite → 실제 서버 서비스 · 모의 응답 · 실수급 검증 아님 · 요청 시작일까지 확보 · KRX 시장 · 공급자 기준일/공표시각/확정 여부 미확인","false","true","2025-04-22","2025-12-01","2025-04-22","2025-12-01","available-cumulative","2025-04-22","kiwoom","mock","KRX","ka10059","","ready","2026-10-06T12:19:27.681Z"
"aligned","KR","stock","005930","day","KRW","investmentTrust","2025-06-04","8000","주","키움증권 · 모의","invtrt","2025-06-04","unknown","2026-10-06T12:19:27.661Z","","","true","Σ dailyNet[2025-04-22..asOf]","","","","partial","QA SYNTHETIC API → 격리된 메모리 PGlite → 실제 서버 서비스 · 모의 응답 · 실수급 검증 아님 · 요청 시작일까지 확보 · KRX 시장 · 공급자 기준일/공표시각/확정 여부 미확인","false","true","2025-04-22","2025-12-01","2025-04-22","2025-12-01","available-cumulative","2025-04-22","kiwoom","mock","KRX","ka10059","","ready","2026-10-06T12:19:27.681Z"
"aligned","KR","stock","005930","day","KRW","investmentTrust","2025-06-05","9500","주","키움증권 · 모의","invtrt","2025-06-05","unknown","2026-10-06T12:19:27.661Z","","","true","Σ dailyNet[2025-04-22..asOf]","","","","partial","QA SYNTHETIC API → 격리된 메모리 PGlite → 실제 서버 서비스 · 모의 응답 · 실수급 검증 아님 · 요청 시작일까지 확보 · KRX 시장 · 공급자 기준일/공표시각/확정 여부 미확인","false","true","2025-04-22","2025-12-01","2025-04-22","2025-12-01","available-cumulative","2025-04-22","kiwoom","mock","KRX","ka10059","","ready","2026-10-06T12:19:27.681Z"
"aligned","KR","stock","005930","day","KRW","investmentTrust","2025-06-06","8500","주","키움증권 · 모의","invtrt","2025-06-06","unknown","2026-10-06T12:19:27.661Z","","","true","Σ dailyNet[2025-04-22..asOf]","","","","partial","QA SYNTHETIC API → 격리된 메모리 PGlite → 실제 서버 서비스 · 모의 응답 · 실수급 검증 아님 · 요청 시작일까지 확보 · KRX 시장 · 공급자 기준일/공표시각/확정 여부 미확인","false","true","2025-04-22","2025-12-01","2025-04-22","2025-12-01","available-cumulative","2025-04-22","kiwoom","mock","KRX","ka10059","","ready","2026-10-06T12:19:27.681Z"
"aligned","KR","stock","005930","day","KRW","investmentTrust","2025-06-09","10000","주","키움증권 · 모의","invtrt","2025-06-09","unknown","2026-10-06T12:19:27.661Z","","","true","Σ dailyNet[2025-04-22..asOf]","","","","partial","QA SYNTHETIC API → 격리된 메모리 PGlite → 실제 서버 서비스 · 모의 응답 · 실수급 검증 아님 · 요청 시작일까지 확보 · KRX 시장 · 공급자 기준일/공표시각/확정 여부 미확인","false","true","2025-04-22","2025-12-01","2025-04-22","2025-12-01","available-cumulative","2025-04-22","kiwoom","mock","KRX","ka10059","","ready","2026-10-06T12:19:27.681Z"
"aligned","KR","stock","005930","day","KRW","investmentTrust","2025-06-10","9000","주","키움증권 · 모의","invtrt","2025-06-10","unknown","2026-10-06T12:19:27.661Z","","","true","Σ dailyNet[2025-04-22..asOf]","","","","partial","QA SYNTHETIC API → 격리된 메모리 PGlite → 실제 서버 서비스 · 모의 응답 · 실수급 검증 아님 · 요청 시작일까지 확보 · KRX 시장 · 공급자 기준일/공표시각/확정 여부 미확인","false","true","2025-04-22","2025-12-01","2025-04-22","2025-12-01","available-cumulative","2025-04-22","kiwoom","mock","KRX","ka10059","","ready","2026-10-06T12:19:27.681Z"
"aligned","KR","stock","005930","day","KRW","investmentTrust","2025-06-11","10500","주","키움증권 · 모의","invtrt","2025-06-11","unknown","2026-10-06T12:19:27.661Z","","","true","Σ dailyNet[2025-04-22..asOf]","","","","partial","QA SYNTHETIC API → 격리된 메모리 PGlite → 실제 서버 서비스 · 모의 응답 · 실수급 검증 아님 · 요청 시작일까지 확보 · KRX 시장 · 공급자 기준일/공표시각/확정 여부 미확인","false","true","2025-04-22","2025-12-01","2025-04-22","2025-12-01","available-cumulative","2025-04-22","kiwoom","mock","KRX","ka10059","","ready","2026-10-06T12:19:27.681Z"
"aligned","KR","stock","005930","day","KRW","investmentTrust","2025-06-12","9500","주","키움증권 · 모의","invtrt","2025-06-12","unknown","2026-10-06T12:19:27.661Z","","","true","Σ dailyNet[2025-04-22..asOf]","","","","partial","QA SYNTHETIC API → 격리된 메모리 PGlite → 실제 서버 서비스 · 모의 응답 · 실수급 검증 아님 · 요청 시작일까지 확보 · KRX 시장 · 공급자 기준일/공표시각/확정 여부 미확인","false","true","2025-04-22","2025-12-01","2025-04-22","2025-12-01","available-cumulative","2025-04-22","kiwoom","mock","KRX","ka10059","","ready","2026-10-06T12:19:27.681Z"
"aligned","KR","stock","005930","day","KRW","investmentTrust","2025-06-13","11000","주","키움증권 · 모의","invtrt","2025-06-13","unknown","2026-10-06T12:19:27.661Z","","","true","Σ dailyNet[2025-04-22..asOf]","","","","partial","QA SYNTHETIC API → 격리된 메모리 PGlite → 실제 서버 서비스 · 모의 응답 · 실수급 검증 아님 · 요청 시작일까지 확보 · KRX 시장 · 공급자 기준일/공표시각/확정 여부 미확인","false","true","2025-04-22","2025-12-01","2025-04-22","2025-12-01","available-cumulative","2025-04-22","kiwoom","mock","KRX","ka10059","","ready","2026-10-06T12:19:27.681Z"
"aligned","KR","stock","005930","day","KRW","investmentTrust","2025-06-16","10000","주","키움증권 · 모의","invtrt","2025-06-16","unknown","2026-10-06T12:19:27.661Z","","","true","Σ dailyNet[2025-04-22..asOf]","","","","partial","QA SYNTHETIC API → 격리된 메모리 PGlite → 실제 서버 서비스 · 모의 응답 · 실수급 검증 아님 · 요청 시작일까지 확보 · KRX 시장 · 공급자 기준일/공표시각/확정 여부 미확인","false","true","2025-04-22","2025-12-01","2025-04-22","2025-12-01","available-cumulative","2025-04-22","kiwoom","mock","KRX","ka10059","","ready","2026-10-06T12:19:27.681Z"
"aligned","KR","stock","005930","day","KRW","investmentTrust","2025-06-17","11500","주","키움증권 · 모의","invtrt","2025-06-17","unknown","2026-10-06T12:19:27.661Z","","","true","Σ dailyNet[2025-04-22..asOf]","","","","partial","QA SYNTHETIC API → 격리된 메모리 PGlite → 실제 서버 서비스 · 모의 응답 · 실수급 검증 아님 · 요청 시작일까지 확보 · KRX 시장 · 공급자 기준일/공표시각/확정 여부 미확인","false","true","2025-04-22","2025-12-01","2025-04-22","2025-12-01","available-cumulative","2025-04-22","kiwoom","mock","KRX","ka10059","","ready","2026-10-06T12:19:27.681Z"
"aligned","KR","stock","005930","day","KRW","investmentTrust","2025-06-18","10500","주","키움증권 · 모의","invtrt","2025-06-18","unknown","2026-10-06T12:19:27.661Z","","","true","Σ dailyNet[2025-04-22..asOf]","","","","partial","QA SYNTHETIC API → 격리된 메모리 PGlite → 실제 서버 서비스 · 모의 응답 · 실수급 검증 아님 · 요청 시작일까지 확보 · KRX 시장 · 공급자 기준일/공표시각/확정 여부 미확인","false","true","2025-04-22","2025-12-01","2025-04-22","2025-12-01","available-cumulative","2025-04-22","kiwoom","mock","KRX","ka10059","","ready","2026-10-06T12:19:27.681Z"
"aligned","KR","stock","005930","day","KRW","investmentTrust","2025-06-19","12000","주","키움증권 · 모의","invtrt","2025-06-19","unknown","2026-10-06T12:19:27.661Z","","","true","Σ dailyNet[2025-04-22..asOf]","","","","partial","QA SYNTHETIC API → 격리된 메모리 PGlite → 실제 서버 서비스 · 모의 응답 · 실수급 검증 아님 · 요청 시작일까지 확보 · KRX 시장 · 공급자 기준일/공표시각/확정 여부 미확인","false","true","2025-04-22","2025-12-01","2025-04-22","2025-12-01","available-cumulative","2025-04-22","kiwoom","mock","KRX","ka10059","","ready","2026-10-06T12:19:27.681Z"
"aligned","KR","stock","005930","day","KRW","investmentTrust","2025-06-20","11000","주","키움증권 · 모의","invtrt","2025-06-20","unknown","2026-10-06T12:19:27.661Z","","","true","Σ dailyNet[2025-04-22..asOf]","","","","partial","QA SYNTHETIC API → 격리된 메모리 PGlite → 실제 서버 서비스 · 모의 응답 · 실수급 검증 아님 · 요청 시작일까지 확보 · KRX 시장 · 공급자 기준일/공표시각/확정 여부 미확인","false","true","2025-04-22","2025-12-01","2025-04-22","2025-12-01","available-cumulative","2025-04-22","kiwoom","mock","KRX","ka10059","","ready","2026-10-06T12:19:27.681Z"
"aligned","KR","stock","005930","day","KRW","investmentTrust","2025-06-23","12500","주","키움증권 · 모의","invtrt","2025-06-23","unknown","2026-10-06T12:19:27.661Z","","","true","Σ dailyNet[2025-04-22..asOf]","","","","partial","QA SYNTHETIC API → 격리된 메모리 PGlite → 실제 서버 서비스 · 모의 응답 · 실수급 검증 아님 · 요청 시작일까지 확보 · KRX 시장 · 공급자 기준일/공표시각/확정 여부 미확인","false","true","2025-04-22","2025-12-01","2025-04-22","2025-12-01","available-cumulative","2025-04-22","kiwoom","mock","KRX","ka10059","","ready","2026-10-06T12:19:27.681Z"
"aligned","KR","stock","005930","day","KRW","investmentTrust","2025-06-24","11500","주","키움증권 · 모의","invtrt","2025-06-24","unknown","2026-10-06T12:19:27.661Z","","","true","Σ dailyNet[2025-04-22..asOf]","","","","partial","QA SYNTHETIC API → 격리된 메모리 PGlite → 실제 서버 서비스 · 모의 응답 · 실수급 검증 아님 · 요청 시작일까지 확보 · KRX 시장 · 공급자 기준일/공표시각/확정 여부 미확인","false","true","2025-04-22","2025-12-01","2025-04-22","2025-12-01","available-cumulative","2025-04-22","kiwoom","mock","KRX","ka10059","","ready","2026-10-06T12:19:27.681Z"
"aligned","KR","stock","005930","day","KRW","investmentTrust","2025-06-25","13000","주","키움증권 · 모의","invtrt","2025-06-25","unknown","2026-10-06T12:19:27.661Z","","","true","Σ dailyNet[2025-04-22..asOf]","","","","partial","QA SYNTHETIC API → 격리된 메모리 PGlite → 실제 서버 서비스 · 모의 응답 · 실수급 검증 아님 · 요청 시작일까지 확보 · KRX 시장 · 공급자 기준일/공표시각/확정 여부 미확인","false","true","2025-04-22","2025-12-01","2025-04-22","2025-12-01","available-cumulative","2025-04-22","kiwoom","mock","KRX","ka10059","","ready","2026-10-06T12:19:27.681Z"
"aligned","KR","stock","005930","day","KRW","investmentTrust","2025-06-26","12000","주","키움증권 · 모의","invtrt","2025-06-26","unknown","2026-10-06T12:19:27.661Z","","","true","Σ dailyNet[2025-04-22..asOf]","","","","partial","QA SYNTHETIC API → 격리된 메모리 PGlite → 실제 서버 서비스 · 모의 응답 · 실수급 검증 아님 · 요청 시작일까지 확보 · KRX 시장 · 공급자 기준일/공표시각/확정 여부 미확인","false","true","2025-04-22","2025-12-01","2025-04-22","2025-12-01","available-cumulative","2025-04-22","kiwoom","mock","KRX","ka10059","","ready","2026-10-06T12:19:27.681Z"
"aligned","KR","stock","005930","day","KRW","investmentTrust","2025-06-27","13500","주","키움증권 · 모의","invtrt","2025-06-27","unknown","2026-10-06T12:19:27.661Z","","","true","Σ dailyNet[2025-04-22..asOf]","","","","partial","QA SYNTHETIC API → 격리된 메모리 PGlite → 실제 서버 서비스 · 모의 응답 · 실수급 검증 아님 · 요청 시작일까지 확보 · KRX 시장 · 공급자 기준일/공표시각/확정 여부 미확인","false","true","2025-04-22","2025-12-01","2025-04-22","2025-12-01","available-cumulative","2025-04-22","kiwoom","mock","KRX","ka10059","","ready","2026-10-06T12:19:27.681Z"
"aligned","KR","stock","005930","day","KRW","investmentTrust","2025-06-30","12500","주","키움증권 · 모의","invtrt","2025-06-30","unknown","2026-10-06T12:19:27.661Z","","","true","Σ dailyNet[2025-04-22..asOf]","","","","partial","QA SYNTHETIC API → 격리된 메모리 PGlite → 실제 서버 서비스 · 모의 응답 · 실수급 검증 아님 · 요청 시작일까지 확보 · KRX 시장 · 공급자 기준일/공표시각/확정 여부 미확인","false","true","2025-04-22","2025-12-01","2025-04-22","2025-12-01","available-cumulative","2025-04-22","kiwoom","mock","KRX","ka10059","","ready","2026-10-06T12:19:27.681Z"
"aligned","KR","stock","005930","day","KRW","investmentTrust","2025-07-01","14000","주","키움증권 · 모의","invtrt","2025-07-01","unknown","2026-10-06T12:19:27.661Z","","","true","Σ dailyNet[2025-04-22..asOf]","","","","partial","QA SYNTHETIC API → 격리된 메모리 PGlite → 실제 서버 서비스 · 모의 응답 · 실수급 검증 아님 · 요청 시작일까지 확보 · KRX 시장 · 공급자 기준일/공표시각/확정 여부 미확인","false","true","2025-04-22","2025-12-01","2025-04-22","2025-12-01","available-cumulative","2025-04-22","kiwoom","mock","KRX","ka10059","","ready","2026-10-06T12:19:27.681Z"
"aligned","KR","stock","005930","day","KRW","investmentTrust","2025-07-02","13000","주","키움증권 · 모의","invtrt","2025-07-02","unknown","2026-10-06T12:19:27.661Z","","","true","Σ dailyNet[2025-04-22..asOf]","","","","partial","QA SYNTHETIC API → 격리된 메모리 PGlite → 실제 서버 서비스 · 모의 응답 · 실수급 검증 아님 · 요청 시작일까지 확보 · KRX 시장 · 공급자 기준일/공표시각/확정 여부 미확인","false","true","2025-04-22","2025-12-01","2025-04-22","2025-12-01","available-cumulative","2025-04-22","kiwoom","mock","KRX","ka10059","","ready","2026-10-06T12:19:27.681Z"
"aligned","KR","stock","005930","day","KRW","investmentTrust","2025-07-03","14500","주","키움증권 · 모의","invtrt","2025-07-03","unknown","2026-10-06T12:19:27.661Z","","","true","Σ dailyNet[2025-04-22..asOf]","","","","partial","QA SYNTHETIC API → 격리된 메모리 PGlite → 실제 서버 서비스 · 모의 응답 · 실수급 검증 아님 · 요청 시작일까지 확보 · KRX 시장 · 공급자 기준일/공표시각/확정 여부 미확인","false","true","2025-04-22","2025-12-01","2025-04-22","2025-12-01","available-cumulative","2025-04-22","kiwoom","mock","KRX","ka10059","","ready","2026-10-06T12:19:27.681Z"
"aligned","KR","stock","005930","day","KRW","investmentTrust","2025-07-04","13500","주","키움증권 · 모의","invtrt","2025-07-04","unknown","2026-10-06T12:19:27.661Z","","","true","Σ dailyNet[2025-04-22..asOf]","","","","partial","QA SYNTHETIC API → 격리된 메모리 PGlite → 실제 서버 서비스 · 모의 응답 · 실수급 검증 아님 · 요청 시작일까지 확보 · KRX 시장 · 공급자 기준일/공표시각/확정 여부 미확인","false","true","2025-04-22","2025-12-01","2025-04-22","2025-12-01","available-cumulative","2025-04-22","kiwoom","mock","KRX","ka10059","","ready","2026-10-06T12:19:27.681Z"
"aligned","KR","stock","005930","day","KRW","investmentTrust","2025-07-07","15000","주","키움증권 · 모의","invtrt","2025-07-07","unknown","2026-10-06T12:19:27.661Z","","","true","Σ dailyNet[2025-04-22..asOf]","","","","partial","QA SYNTHETIC API → 격리된 메모리 PGlite → 실제 서버 서비스 · 모의 응답 · 실수급 검증 아님 · 요청 시작일까지 확보 · KRX 시장 · 공급자 기준일/공표시각/확정 여부 미확인","false","true","2025-04-22","2025-12-01","2025-04-22","2025-12-01","available-cumulative","2025-04-22","kiwoom","mock","KRX","ka10059","","ready","2026-10-06T12:19:27.681Z"
"aligned","KR","stock","005930","day","KRW","investmentTrust","2025-07-08","14000","주","키움증권 · 모의","invtrt","2025-07-08","unknown","2026-10-06T12:19:27.661Z","","","true","Σ dailyNet[2025-04-22..asOf]","","","","partial","QA SYNTHETIC API → 격리된 메모리 PGlite → 실제 서버 서비스 · 모의 응답 · 실수급 검증 아님 · 요청 시작일까지 확보 · KRX 시장 · 공급자 기준일/공표시각/확정 여부 미확인","false","true","2025-04-22","2025-12-01","2025-04-22","2025-12-01","available-cumulative","2025-04-22","kiwoom","mock","KRX","ka10059","","ready","2026-10-06T12:19:27.681Z"
"aligned","KR","stock","005930","day","KRW","investmentTrust","2025-07-09","15500","주","키움증권 · 모의","invtrt","2025-07-09","unknown","2026-10-06T12:19:27.661Z","","","true","Σ dailyNet[2025-04-22..asOf]","","","","partial","QA SYNTHETIC API → 격리된 메모리 PGlite → 실제 서버 서비스 · 모의 응답 · 실수급 검증 아님 · 요청 시작일까지 확보 · KRX 시장 · 공급자 기준일/공표시각/확정 여부 미확인","false","true","2025-04-22","2025-12-01","2025-04-22","2025-12-01","available-cumulative","2025-04-22","kiwoom","mock","KRX","ka10059","","ready","2026-10-06T12:19:27.681Z"
"aligned","KR","stock","005930","day","KRW","investmentTrust","2025-07-10","14500","주","키움증권 · 모의","invtrt","2025-07-10","unknown","2026-10-06T12:19:27.661Z","","","true","Σ dailyNet[2025-04-22..asOf]","","","","partial","QA SYNTHETIC API → 격리된 메모리 PGlite → 실제 서버 서비스 · 모의 응답 · 실수급 검증 아님 · 요청 시작일까지 확보 · KRX 시장 · 공급자 기준일/공표시각/확정 여부 미확인","false","true","2025-04-22","2025-12-01","2025-04-22","2025-12-01","available-cumulative","2025-04-22","kiwoom","mock","KRX","ka10059","","ready","2026-10-06T12:19:27.681Z"
"aligned","KR","stock","005930","day","KRW","investmentTrust","2025-07-11","16000","주","키움증권 · 모의","invtrt","2025-07-11","unknown","2026-10-06T12:19:27.661Z","","","true","Σ dailyNet[2025-04-22..asOf]","","","","partial","QA SYNTHETIC API → 격리된 메모리 PGlite → 실제 서버 서비스 · 모의 응답 · 실수급 검증 아님 · 요청 시작일까지 확보 · KRX 시장 · 공급자 기준일/공표시각/확정 여부 미확인","false","true","2025-04-22","2025-12-01","2025-04-22","2025-12-01","available-cumulative","2025-04-22","kiwoom","mock","KRX","ka10059","","ready","2026-10-06T12:19:27.681Z"
"aligned","KR","stock","005930","day","KRW","investmentTrust","2025-07-14","15000","주","키움증권 · 모의","invtrt","2025-07-14","unknown","2026-10-06T12:19:27.661Z","","","true","Σ dailyNet[2025-04-22..asOf]","","","","partial","QA SYNTHETIC API → 격리된 메모리 PGlite → 실제 서버 서비스 · 모의 응답 · 실수급 검증 아님 · 요청 시작일까지 확보 · KRX 시장 · 공급자 기준일/공표시각/확정 여부 미확인","false","true","2025-04-22","2025-12-01","2025-04-22","2025-12-01","available-cumulative","2025-04-22","kiwoom","mock","KRX","ka10059","","ready","2026-10-06T12:19:27.681Z"
"aligned","KR","stock","005930","day","KRW","investmentTrust","2025-07-15","16500","주","키움증권 · 모의","invtrt","2025-07-15","unknown","2026-10-06T12:19:27.661Z","","","true","Σ dailyNet[2025-04-22..asOf]","","","","partial","QA SYNTHETIC API → 격리된 메모리 PGlite → 실제 서버 서비스 · 모의 응답 · 실수급 검증 아님 · 요청 시작일까지 확보 · KRX 시장 · 공급자 기준일/공표시각/확정 여부 미확인","false","true","2025-04-22","2025-12-01","2025-04-22","2025-12-01","available-cumulative","2025-04-22","kiwoom","mock","KRX","ka10059","","ready","2026-10-06T12:19:27.681Z"
"aligned","KR","stock","005930","day","KRW","investmentTrust","2025-07-16","15500","주","키움증권 · 모의","invtrt","2025-07-16","unknown","2026-10-06T12:19:27.661Z","","","true","Σ dailyNet[2025-04-22..asOf]","","","","partial","QA SYNTHETIC API → 격리된 메모리 PGlite → 실제 서버 서비스 · 모의 응답 · 실수급 검증 아님 · 요청 시작일까지 확보 · KRX 시장 · 공급자 기준일/공표시각/확정 여부 미확인","false","true","2025-04-22","2025-12-01","2025-04-22","2025-12-01","available-cumulative","2025-04-22","kiwoom","mock","KRX","ka10059","","ready","2026-10-06T12:19:27.681Z"
"aligned","KR","stock","005930","day","KRW","investmentTrust","2025-07-17","17000","주","키움증권 · 모의","invtrt","2025-07-17","unknown","2026-10-06T12:19:27.661Z","","","true","Σ dailyNet[2025-04-22..asOf]","","","","partial","QA SYNTHETIC API → 격리된 메모리 PGlite → 실제 서버 서비스 · 모의 응답 · 실수급 검증 아님 · 요청 시작일까지 확보 · KRX 시장 · 공급자 기준일/공표시각/확정 여부 미확인","false","true","2025-04-22","2025-12-01","2025-04-22","2025-12-01","available-cumulative","2025-04-22","kiwoom","mock","KRX","ka10059","","ready","2026-10-06T12:19:27.681Z"
"aligned","KR","stock","005930","day","KRW","investmentTrust","2025-07-18","16000","주","키움증권 · 모의","invtrt","2025-07-18","unknown","2026-10-06T12:19:27.661Z","","","true","Σ dailyNet[2025-04-22..asOf]","","","","partial","QA SYNTHETIC API → 격리된 메모리 PGlite → 실제 서버 서비스 · 모의 응답 · 실수급 검증 아님 · 요청 시작일까지 확보 · KRX 시장 · 공급자 기준일/공표시각/확정 여부 미확인","false","true","2025-04-22","2025-12-01","2025-04-22","2025-12-01","available-cumulative","2025-04-22","kiwoom","mock","KRX","ka10059","","ready","2026-10-06T12:19:27.681Z"
"aligned","KR","stock","005930","day","KRW","investmentTrust","2025-07-21","17500","주","키움증권 · 모의","invtrt","2025-07-21","unknown","2026-10-06T12:19:27.661Z","","","true","Σ dailyNet[2025-04-22..asOf]","","","","partial","QA SYNTHETIC API → 격리된 메모리 PGlite → 실제 서버 서비스 · 모의 응답 · 실수급 검증 아님 · 요청 시작일까지 확보 · KRX 시장 · 공급자 기준일/공표시각/확정 여부 미확인","false","true","2025-04-22","2025-12-01","2025-04-22","2025-12-01","available-cumulative","2025-04-22","kiwoom","mock","KRX","ka10059","","ready","2026-10-06T12:19:27.681Z"
"aligned","KR","stock","005930","day","KRW","investmentTrust","2025-07-22","16500","주","키움증권 · 모의","invtrt","2025-07-22","unknown","2026-10-06T12:19:27.661Z","","","true","Σ dailyNet[2025-04-22..asOf]","","","","partial","QA SYNTHETIC API → 격리된 메모리 PGlite → 실제 서버 서비스 · 모의 응답 · 실수급 검증 아님 · 요청 시작일까지 확보 · KRX 시장 · 공급자 기준일/공표시각/확정 여부 미확인","false","true","2025-04-22","2025-12-01","2025-04-22","2025-12-01","available-cumulative","2025-04-22","kiwoom","mock","KRX","ka10059","","ready","2026-10-06T12:19:27.681Z"
"aligned","KR","stock","005930","day","KRW","investmentTrust","2025-07-23","18000","주","키움증권 · 모의","invtrt","2025-07-23","unknown","2026-10-06T12:19:27.661Z","","","true","Σ dailyNet[2025-04-22..asOf]","","","","partial","QA SYNTHETIC API → 격리된 메모리 PGlite → 실제 서버 서비스 · 모의 응답 · 실수급 검증 아님 · 요청 시작일까지 확보 · KRX 시장 · 공급자 기준일/공표시각/확정 여부 미확인","false","true","2025-04-22","2025-12-01","2025-04-22","2025-12-01","available-cumulative","2025-04-22","kiwoom","mock","KRX","ka10059","","ready","2026-10-06T12:19:27.681Z"
"aligned","KR","stock","005930","day","KRW","investmentTrust","2025-07-24","17000","주","키움증권 · 모의","invtrt","2025-07-24","unknown","2026-10-06T12:19:27.661Z","","","true","Σ dailyNet[2025-04-22..asOf]","","","","partial","QA SYNTHETIC API → 격리된 메모리 PGlite → 실제 서버 서비스 · 모의 응답 · 실수급 검증 아님 · 요청 시작일까지 확보 · KRX 시장 · 공급자 기준일/공표시각/확정 여부 미확인","false","true","2025-04-22","2025-12-01","2025-04-22","2025-12-01","available-cumulative","2025-04-22","kiwoom","mock","KRX","ka10059","","ready","2026-10-06T12:19:27.681Z"
"aligned","KR","stock","005930","day","KRW","investmentTrust","2025-07-25","18500","주","키움증권 · 모의","invtrt","2025-07-25","unknown","2026-10-06T12:19:27.661Z","","","true","Σ dailyNet[2025-04-22..asOf]","","","","partial","QA SYNTHETIC API → 격리된 메모리 PGlite → 실제 서버 서비스 · 모의 응답 · 실수급 검증 아님 · 요청 시작일까지 확보 · KRX 시장 · 공급자 기준일/공표시각/확정 여부 미확인","false","true","2025-04-22","2025-12-01","2025-04-22","2025-12-01","available-cumulative","2025-04-22","kiwoom","mock","KRX","ka10059","","ready","2026-10-06T12:19:27.681Z"
"aligned","KR","stock","005930","day","KRW","investmentTrust","2025-07-28","17500","주","키움증권 · 모의","invtrt","2025-07-28","unknown","2026-10-06T12:19:27.661Z","","","true","Σ dailyNet[2025-04-22..asOf]","","","","partial","QA SYNTHETIC API → 격리된 메모리 PGlite → 실제 서버 서비스 · 모의 응답 · 실수급 검증 아님 · 요청 시작일까지 확보 · KRX 시장 · 공급자 기준일/공표시각/확정 여부 미확인","false","true","2025-04-22","2025-12-01","2025-04-22","2025-12-01","available-cumulative","2025-04-22","kiwoom","mock","KRX","ka10059","","ready","2026-10-06T12:19:27.681Z"
"aligned","KR","stock","005930","day","KRW","investmentTrust","2025-07-29","19000","주","키움증권 · 모의","invtrt","2025-07-29","unknown","2026-10-06T12:19:27.661Z","","","true","Σ dailyNet[2025-04-22..asOf]","","","","partial","QA SYNTHETIC API → 격리된 메모리 PGlite → 실제 서버 서비스 · 모의 응답 · 실수급 검증 아님 · 요청 시작일까지 확보 · KRX 시장 · 공급자 기준일/공표시각/확정 여부 미확인","false","true","2025-04-22","2025-12-01","2025-04-22","2025-12-01","available-cumulative","2025-04-22","kiwoom","mock","KRX","ka10059","","ready","2026-10-06T12:19:27.681Z"
"aligned","KR","stock","005930","day","KRW","investmentTrust","2025-07-30","18000","주","키움증권 · 모의","invtrt","2025-07-30","unknown","2026-10-06T12:19:27.661Z","","","true","Σ dailyNet[2025-04-22..asOf]","","","","partial","QA SYNTHETIC API → 격리된 메모리 PGlite → 실제 서버 서비스 · 모의 응답 · 실수급 검증 아님 · 요청 시작일까지 확보 · KRX 시장 · 공급자 기준일/공표시각/확정 여부 미확인","false","true","2025-04-22","2025-12-01","2025-04-22","2025-12-01","available-cumulative","2025-04-22","kiwoom","mock","KRX","ka10059","","ready","2026-10-06T12:19:27.681Z"
"aligned","KR","stock","005930","day","KRW","investmentTrust","2025-07-31","19500","주","키움증권 · 모의","invtrt","2025-07-31","unknown","2026-10-06T12:19:27.661Z","","","true","Σ dailyNet[2025-04-22..asOf]","","","","partial","QA SYNTHETIC API → 격리된 메모리 PGlite → 실제 서버 서비스 · 모의 응답 · 실수급 검증 아님 · 요청 시작일까지 확보 · KRX 시장 · 공급자 기준일/공표시각/확정 여부 미확인","false","true","2025-04-22","2025-12-01","2025-04-22","2025-12-01","available-cumulative","2025-04-22","kiwoom","mock","KRX","ka10059","","ready","2026-10-06T12:19:27.681Z"
"aligned","KR","stock","005930","day","KRW","investmentTrust","2025-08-01","18500","주","키움증권 · 모의","invtrt","2025-08-01","unknown","2026-10-06T12:19:27.661Z","","","true","Σ dailyNet[2025-04-22..asOf]","","","","partial","QA SYNTHETIC API → 격리된 메모리 PGlite → 실제 서버 서비스 · 모의 응답 · 실수급 검증 아님 · 요청 시작일까지 확보 · KRX 시장 · 공급자 기준일/공표시각/확정 여부 미확인","false","true","2025-04-22","2025-12-01","2025-04-22","2025-12-01","available-cumulative","2025-04-22","kiwoom","mock","KRX","ka10059","","ready","2026-10-06T12:19:27.681Z"
"aligned","KR","stock","005930","day","KRW","investmentTrust","2025-08-04","20000","주","키움증권 · 모의","invtrt","2025-08-04","unknown","2026-10-06T12:19:27.661Z","","","true","Σ dailyNet[2025-04-22..asOf]","","","","partial","QA SYNTHETIC API → 격리된 메모리 PGlite → 실제 서버 서비스 · 모의 응답 · 실수급 검증 아님 · 요청 시작일까지 확보 · KRX 시장 · 공급자 기준일/공표시각/확정 여부 미확인","false","true","2025-04-22","2025-12-01","2025-04-22","2025-12-01","available-cumulative","2025-04-22","kiwoom","mock","KRX","ka10059","","ready","2026-10-06T12:19:27.681Z"
"aligned","KR","stock","005930","day","KRW","investmentTrust","2025-08-05","19000","주","키움증권 · 모의","invtrt","2025-08-05","unknown","2026-10-06T12:19:27.661Z","","","true","Σ dailyNet[2025-04-22..asOf]","","","","partial","QA SYNTHETIC API → 격리된 메모리 PGlite → 실제 서버 서비스 · 모의 응답 · 실수급 검증 아님 · 요청 시작일까지 확보 · KRX 시장 · 공급자 기준일/공표시각/확정 여부 미확인","false","true","2025-04-22","2025-12-01","2025-04-22","2025-12-01","available-cumulative","2025-04-22","kiwoom","mock","KRX","ka10059","","ready","2026-10-06T12:19:27.681Z"
"aligned","KR","stock","005930","day","KRW","investmentTrust","2025-08-06","20500","주","키움증권 · 모의","invtrt","2025-08-06","unknown","2026-10-06T12:19:27.661Z","","","true","Σ dailyNet[2025-04-22..asOf]","","","","partial","QA SYNTHETIC API → 격리된 메모리 PGlite → 실제 서버 서비스 · 모의 응답 · 실수급 검증 아님 · 요청 시작일까지 확보 · KRX 시장 · 공급자 기준일/공표시각/확정 여부 미확인","false","true","2025-04-22","2025-12-01","2025-04-22","2025-12-01","available-cumulative","2025-04-22","kiwoom","mock","KRX","ka10059","","ready","2026-10-06T12:19:27.681Z"
"aligned","KR","stock","005930","day","KRW","investmentTrust","2025-08-07","19500","주","키움증권 · 모의","invtrt","2025-08-07","unknown","2026-10-06T12:19:27.661Z","","","true","Σ dailyNet[2025-04-22..asOf]","","","","partial","QA SYNTHETIC API → 격리된 메모리 PGlite → 실제 서버 서비스 · 모의 응답 · 실수급 검증 아님 · 요청 시작일까지 확보 · KRX 시장 · 공급자 기준일/공표시각/확정 여부 미확인","false","true","2025-04-22","2025-12-01","2025-04-22","2025-12-01","available-cumulative","2025-04-22","kiwoom","mock","KRX","ka10059","","ready","2026-10-06T12:19:27.681Z"
"aligned","KR","stock","005930","day","KRW","investmentTrust","2025-08-08","21000","주","키움증권 · 모의","invtrt","2025-08-08","unknown","2026-10-06T12:19:27.661Z","","","true","Σ dailyNet[2025-04-22..asOf]","","","","partial","QA SYNTHETIC API → 격리된 메모리 PGlite → 실제 서버 서비스 · 모의 응답 · 실수급 검증 아님 · 요청 시작일까지 확보 · KRX 시장 · 공급자 기준일/공표시각/확정 여부 미확인","false","true","2025-04-22","2025-12-01","2025-04-22","2025-12-01","available-cumulative","2025-04-22","kiwoom","mock","KRX","ka10059","","ready","2026-10-06T12:19:27.681Z"
"aligned","KR","stock","005930","day","KRW","investmentTrust","2025-08-11","20000","주","키움증권 · 모의","invtrt","2025-08-11","unknown","2026-10-06T12:19:27.661Z","","","true","Σ dailyNet[2025-04-22..asOf]","","","","partial","QA SYNTHETIC API → 격리된 메모리 PGlite → 실제 서버 서비스 · 모의 응답 · 실수급 검증 아님 · 요청 시작일까지 확보 · KRX 시장 · 공급자 기준일/공표시각/확정 여부 미확인","false","true","2025-04-22","2025-12-01","2025-04-22","2025-12-01","available-cumulative","2025-04-22","kiwoom","mock","KRX","ka10059","","ready","2026-10-06T12:19:27.681Z"
"aligned","KR","stock","005930","day","KRW","investmentTrust","2025-08-12","21500","주","키움증권 · 모의","invtrt","2025-08-12","unknown","2026-10-06T12:19:27.661Z","","","true","Σ dailyNet[2025-04-22..asOf]","","","","partial","QA SYNTHETIC API → 격리된 메모리 PGlite → 실제 서버 서비스 · 모의 응답 · 실수급 검증 아님 · 요청 시작일까지 확보 · KRX 시장 · 공급자 기준일/공표시각/확정 여부 미확인","false","true","2025-04-22","2025-12-01","2025-04-22","2025-12-01","available-cumulative","2025-04-22","kiwoom","mock","KRX","ka10059","","ready","2026-10-06T12:19:27.681Z"
"aligned","KR","stock","005930","day","KRW","investmentTrust","2025-08-13","20500","주","키움증권 · 모의","invtrt","2025-08-13","unknown","2026-10-06T12:19:27.661Z","","","true","Σ dailyNet[2025-04-22..asOf]","","","","partial","QA SYNTHETIC API → 격리된 메모리 PGlite → 실제 서버 서비스 · 모의 응답 · 실수급 검증 아님 · 요청 시작일까지 확보 · KRX 시장 · 공급자 기준일/공표시각/확정 여부 미확인","false","true","2025-04-22","2025-12-01","2025-04-22","2025-12-01","available-cumulative","2025-04-22","kiwoom","mock","KRX","ka10059","","ready","2026-10-06T12:19:27.681Z"
"aligned","KR","stock","005930","day","KRW","investmentTrust","2025-08-14","22000","주","키움증권 · 모의","invtrt","2025-08-14","unknown","2026-10-06T12:19:27.661Z","","","true","Σ dailyNet[2025-04-22..asOf]","","","","partial","QA SYNTHETIC API → 격리된 메모리 PGlite → 실제 서버 서비스 · 모의 응답 · 실수급 검증 아님 · 요청 시작일까지 확보 · KRX 시장 · 공급자 기준일/공표시각/확정 여부 미확인","false","true","2025-04-22","2025-12-01","2025-04-22","2025-12-01","available-cumulative","2025-04-22","kiwoom","mock","KRX","ka10059","","ready","2026-10-06T12:19:27.681Z"
"aligned","KR","stock","005930","day","KRW","investmentTrust","2025-08-15","21000","주","키움증권 · 모의","invtrt","2025-08-15","unknown","2026-10-06T12:19:27.661Z","","","true","Σ dailyNet[2025-04-22..asOf]","","","","partial","QA SYNTHETIC API → 격리된 메모리 PGlite → 실제 서버 서비스 · 모의 응답 · 실수급 검증 아님 · 요청 시작일까지 확보 · KRX 시장 · 공급자 기준일/공표시각/확정 여부 미확인","false","true","2025-04-22","2025-12-01","2025-04-22","2025-12-01","available-cumulative","2025-04-22","kiwoom","mock","KRX","ka10059","","ready","2026-10-06T12:19:27.681Z"
"aligned","KR","stock","005930","day","KRW","investmentTrust","2025-08-18","22500","주","키움증권 · 모의","invtrt","2025-08-18","unknown","2026-10-06T12:19:27.661Z","","","true","Σ dailyNet[2025-04-22..asOf]","","","","partial","QA SYNTHETIC API → 격리된 메모리 PGlite → 실제 서버 서비스 · 모의 응답 · 실수급 검증 아님 · 요청 시작일까지 확보 · KRX 시장 · 공급자 기준일/공표시각/확정 여부 미확인","false","true","2025-04-22","2025-12-01","2025-04-22","2025-12-01","available-cumulative","2025-04-22","kiwoom","mock","KRX","ka10059","","ready","2026-10-06T12:19:27.681Z"
"aligned","KR","stock","005930","day","KRW","investmentTrust","2025-08-19","21500","주","키움증권 · 모의","invtrt","2025-08-19","unknown","2026-10-06T12:19:27.661Z","","","true","Σ dailyNet[2025-04-22..asOf]","","","","partial","QA SYNTHETIC API → 격리된 메모리 PGlite → 실제 서버 서비스 · 모의 응답 · 실수급 검증 아님 · 요청 시작일까지 확보 · KRX 시장 · 공급자 기준일/공표시각/확정 여부 미확인","false","true","2025-04-22","2025-12-01","2025-04-22","2025-12-01","available-cumulative","2025-04-22","kiwoom","mock","KRX","ka10059","","ready","2026-10-06T12:19:27.681Z"
"aligned","KR","stock","005930","day","KRW","investmentTrust","2025-08-20","23000","주","키움증권 · 모의","invtrt","2025-08-20","unknown","2026-10-06T12:19:27.661Z","","","true","Σ dailyNet[2025-04-22..asOf]","","","","partial","QA SYNTHETIC API → 격리된 메모리 PGlite → 실제 서버 서비스 · 모의 응답 · 실수급 검증 아님 · 요청 시작일까지 확보 · KRX 시장 · 공급자 기준일/공표시각/확정 여부 미확인","false","true","2025-04-22","2025-12-01","2025-04-22","2025-12-01","available-cumulative","2025-04-22","kiwoom","mock","KRX","ka10059","","ready","2026-10-06T12:19:27.681Z"
"aligned","KR","stock","005930","day","KRW","investmentTrust","2025-08-21","22000","주","키움증권 · 모의","invtrt","2025-08-21","unknown","2026-10-06T12:19:27.661Z","","","true","Σ dailyNet[2025-04-22..asOf]","","","","partial","QA SYNTHETIC API → 격리된 메모리 PGlite → 실제 서버 서비스 · 모의 응답 · 실수급 검증 아님 · 요청 시작일까지 확보 · KRX 시장 · 공급자 기준일/공표시각/확정 여부 미확인","false","true","2025-04-22","2025-12-01","2025-04-22","2025-12-01","available-cumulative","2025-04-22","kiwoom","mock","KRX","ka10059","","ready","2026-10-06T12:19:27.681Z"
"aligned","KR","stock","005930","day","KRW","investmentTrust","2025-08-22","23500","주","키움증권 · 모의","invtrt","2025-08-22","unknown","2026-10-06T12:19:27.661Z","","","true","Σ dailyNet[2025-04-22..asOf]","","","","partial","QA SYNTHETIC API → 격리된 메모리 PGlite → 실제 서버 서비스 · 모의 응답 · 실수급 검증 아님 · 요청 시작일까지 확보 · KRX 시장 · 공급자 기준일/공표시각/확정 여부 미확인","false","true","2025-04-22","2025-12-01","2025-04-22","2025-12-01","available-cumulative","2025-04-22","kiwoom","mock","KRX","ka10059","","ready","2026-10-06T12:19:27.681Z"
"aligned","KR","stock","005930","day","KRW","investmentTrust","2025-08-25","22500","주","키움증권 · 모의","invtrt","2025-08-25","unknown","2026-10-06T12:19:27.661Z","","","true","Σ dailyNet[2025-04-22..asOf]","","","","partial","QA SYNTHETIC API → 격리된 메모리 PGlite → 실제 서버 서비스 · 모의 응답 · 실수급 검증 아님 · 요청 시작일까지 확보 · KRX 시장 · 공급자 기준일/공표시각/확정 여부 미확인","false","true","2025-04-22","2025-12-01","2025-04-22","2025-12-01","available-cumulative","2025-04-22","kiwoom","mock","KRX","ka10059","","ready","2026-10-06T12:19:27.681Z"
"aligned","KR","stock","005930","day","KRW","investmentTrust","2025-08-26","24000","주","키움증권 · 모의","invtrt","2025-08-26","unknown","2026-10-06T12:19:27.661Z","","","true","Σ dailyNet[2025-04-22..asOf]","","","","partial","QA SYNTHETIC API → 격리된 메모리 PGlite → 실제 서버 서비스 · 모의 응답 · 실수급 검증 아님 · 요청 시작일까지 확보 · KRX 시장 · 공급자 기준일/공표시각/확정 여부 미확인","false","true","2025-04-22","2025-12-01","2025-04-22","2025-12-01","available-cumulative","2025-04-22","kiwoom","mock","KRX","ka10059","","ready","2026-10-06T12:19:27.681Z"
"aligned","KR","stock","005930","day","KRW","investmentTrust","2025-08-27","23000","주","키움증권 · 모의","invtrt","2025-08-27","unknown","2026-10-06T12:19:27.661Z","","","true","Σ dailyNet[2025-04-22..asOf]","","","","partial","QA SYNTHETIC API → 격리된 메모리 PGlite → 실제 서버 서비스 · 모의 응답 · 실수급 검증 아님 · 요청 시작일까지 확보 · KRX 시장 · 공급자 기준일/공표시각/확정 여부 미확인","false","true","2025-04-22","2025-12-01","2025-04-22","2025-12-01","available-cumulative","2025-04-22","kiwoom","mock","KRX","ka10059","","ready","2026-10-06T12:19:27.681Z"
"aligned","KR","stock","005930","day","KRW","investmentTrust","2025-08-28","24500","주","키움증권 · 모의","invtrt","2025-08-28","unknown","2026-10-06T12:19:27.661Z","","","true","Σ dailyNet[2025-04-22..asOf]","","","","partial","QA SYNTHETIC API → 격리된 메모리 PGlite → 실제 서버 서비스 · 모의 응답 · 실수급 검증 아님 · 요청 시작일까지 확보 · KRX 시장 · 공급자 기준일/공표시각/확정 여부 미확인","false","true","2025-04-22","2025-12-01","2025-04-22","2025-12-01","available-cumulative","2025-04-22","kiwoom","mock","KRX","ka10059","","ready","2026-10-06T12:19:27.681Z"
"aligned","KR","stock","005930","day","KRW","investmentTrust","2025-08-29","23500","주","키움증권 · 모의","invtrt","2025-08-29","unknown","2026-10-06T12:19:27.661Z","","","true","Σ dailyNet[2025-04-22..asOf]","","","","partial","QA SYNTHETIC API → 격리된 메모리 PGlite → 실제 서버 서비스 · 모의 응답 · 실수급 검증 아님 · 요청 시작일까지 확보 · KRX 시장 · 공급자 기준일/공표시각/확정 여부 미확인","false","true","2025-04-22","2025-12-01","2025-04-22","2025-12-01","available-cumulative","2025-04-22","kiwoom","mock","KRX","ka10059","","ready","2026-10-06T12:19:27.681Z"
"aligned","KR","stock","005930","day","KRW","investmentTrust","2025-09-01","25000","주","키움증권 · 모의","invtrt","2025-09-01","unknown","2026-10-06T12:19:27.661Z","","","true","Σ dailyNet[2025-04-22..asOf]","","","","partial","QA SYNTHETIC API → 격리된 메모리 PGlite → 실제 서버 서비스 · 모의 응답 · 실수급 검증 아님 · 요청 시작일까지 확보 · KRX 시장 · 공급자 기준일/공표시각/확정 여부 미확인","false","true","2025-04-22","2025-12-01","2025-04-22","2025-12-01","available-cumulative","2025-04-22","kiwoom","mock","KRX","ka10059","","ready","2026-10-06T12:19:27.681Z"
"aligned","KR","stock","005930","day","KRW","investmentTrust","2025-09-02","24000","주","키움증권 · 모의","invtrt","2025-09-02","unknown","2026-10-06T12:19:27.661Z","","","true","Σ dailyNet[2025-04-22..asOf]","","","","partial","QA SYNTHETIC API → 격리된 메모리 PGlite → 실제 서버 서비스 · 모의 응답 · 실수급 검증 아님 · 요청 시작일까지 확보 · KRX 시장 · 공급자 기준일/공표시각/확정 여부 미확인","false","true","2025-04-22","2025-12-01","2025-04-22","2025-12-01","available-cumulative","2025-04-22","kiwoom","mock","KRX","ka10059","","ready","2026-10-06T12:19:27.681Z"
"aligned","KR","stock","005930","day","KRW","investmentTrust","2025-09-03","25500","주","키움증권 · 모의","invtrt","2025-09-03","unknown","2026-10-06T12:19:27.661Z","","","true","Σ dailyNet[2025-04-22..asOf]","","","","partial","QA SYNTHETIC API → 격리된 메모리 PGlite → 실제 서버 서비스 · 모의 응답 · 실수급 검증 아님 · 요청 시작일까지 확보 · KRX 시장 · 공급자 기준일/공표시각/확정 여부 미확인","false","true","2025-04-22","2025-12-01","2025-04-22","2025-12-01","available-cumulative","2025-04-22","kiwoom","mock","KRX","ka10059","","ready","2026-10-06T12:19:27.681Z"
"aligned","KR","stock","005930","day","KRW","investmentTrust","2025-09-04","24500","주","키움증권 · 모의","invtrt","2025-09-04","unknown","2026-10-06T12:19:27.661Z","","","true","Σ dailyNet[2025-04-22..asOf]","","","","partial","QA SYNTHETIC API → 격리된 메모리 PGlite → 실제 서버 서비스 · 모의 응답 · 실수급 검증 아님 · 요청 시작일까지 확보 · KRX 시장 · 공급자 기준일/공표시각/확정 여부 미확인","false","true","2025-04-22","2025-12-01","2025-04-22","2025-12-01","available-cumulative","2025-04-22","kiwoom","mock","KRX","ka10059","","ready","2026-10-06T12:19:27.681Z"
"aligned","KR","stock","005930","day","KRW","investmentTrust","2025-09-05","26000","주","키움증권 · 모의","invtrt","2025-09-05","unknown","2026-10-06T12:19:27.661Z","","","true","Σ dailyNet[2025-04-22..asOf]","","","","partial","QA SYNTHETIC API → 격리된 메모리 PGlite → 실제 서버 서비스 · 모의 응답 · 실수급 검증 아님 · 요청 시작일까지 확보 · KRX 시장 · 공급자 기준일/공표시각/확정 여부 미확인","false","true","2025-04-22","2025-12-01","2025-04-22","2025-12-01","available-cumulative","2025-04-22","kiwoom","mock","KRX","ka10059","","ready","2026-10-06T12:19:27.681Z"
"aligned","KR","stock","005930","day","KRW","investmentTrust","2025-09-08","25000","주","키움증권 · 모의","invtrt","2025-09-08","unknown","2026-10-06T12:19:27.661Z","","","true","Σ dailyNet[2025-04-22..asOf]","","","","partial","QA SYNTHETIC API → 격리된 메모리 PGlite → 실제 서버 서비스 · 모의 응답 · 실수급 검증 아님 · 요청 시작일까지 확보 · KRX 시장 · 공급자 기준일/공표시각/확정 여부 미확인","false","true","2025-04-22","2025-12-01","2025-04-22","2025-12-01","available-cumulative","2025-04-22","kiwoom","mock","KRX","ka10059","","ready","2026-10-06T12:19:27.681Z"
"aligned","KR","stock","005930","day","KRW","investmentTrust","2025-09-09","26500","주","키움증권 · 모의","invtrt","2025-09-09","unknown","2026-10-06T12:19:27.661Z","","","true","Σ dailyNet[2025-04-22..asOf]","","","","partial","QA SYNTHETIC API → 격리된 메모리 PGlite → 실제 서버 서비스 · 모의 응답 · 실수급 검증 아님 · 요청 시작일까지 확보 · KRX 시장 · 공급자 기준일/공표시각/확정 여부 미확인","false","true","2025-04-22","2025-12-01","2025-04-22","2025-12-01","available-cumulative","2025-04-22","kiwoom","mock","KRX","ka10059","","ready","2026-10-06T12:19:27.681Z"
"aligned","KR","stock","005930","day","KRW","investmentTrust","2025-09-10","25500","주","키움증권 · 모의","invtrt","2025-09-10","unknown","2026-10-06T12:19:27.661Z","","","true","Σ dailyNet[2025-04-22..asOf]","","","","partial","QA SYNTHETIC API → 격리된 메모리 PGlite → 실제 서버 서비스 · 모의 응답 · 실수급 검증 아님 · 요청 시작일까지 확보 · KRX 시장 · 공급자 기준일/공표시각/확정 여부 미확인","false","true","2025-04-22","2025-12-01","2025-04-22","2025-12-01","available-cumulative","2025-04-22","kiwoom","mock","KRX","ka10059","","ready","2026-10-06T12:19:27.681Z"
"aligned","KR","stock","005930","day","KRW","investmentTrust","2025-09-11","27000","주","키움증권 · 모의","invtrt","2025-09-11","unknown","2026-10-06T12:19:27.661Z","","","true","Σ dailyNet[2025-04-22..asOf]","","","","partial","QA SYNTHETIC API → 격리된 메모리 PGlite → 실제 서버 서비스 · 모의 응답 · 실수급 검증 아님 · 요청 시작일까지 확보 · KRX 시장 · 공급자 기준일/공표시각/확정 여부 미확인","false","true","2025-04-22","2025-12-01","2025-04-22","2025-12-01","available-cumulative","2025-04-22","kiwoom","mock","KRX","ka10059","","ready","2026-10-06T12:19:27.681Z"
"aligned","KR","stock","005930","day","KRW","investmentTrust","2025-09-12","26000","주","키움증권 · 모의","invtrt","2025-09-12","unknown","2026-10-06T12:19:27.661Z","","","true","Σ dailyNet[2025-04-22..asOf]","","","","partial","QA SYNTHETIC API → 격리된 메모리 PGlite → 실제 서버 서비스 · 모의 응답 · 실수급 검증 아님 · 요청 시작일까지 확보 · KRX 시장 · 공급자 기준일/공표시각/확정 여부 미확인","false","true","2025-04-22","2025-12-01","2025-04-22","2025-12-01","available-cumulative","2025-04-22","kiwoom","mock","KRX","ka10059","","ready","2026-10-06T12:19:27.681Z"
"aligned","KR","stock","005930","day","KRW","investmentTrust","2025-09-15","27500","주","키움증권 · 모의","invtrt","2025-09-15","unknown","2026-10-06T12:19:27.661Z","","","true","Σ dailyNet[2025-04-22..asOf]","","","","partial","QA SYNTHETIC API → 격리된 메모리 PGlite → 실제 서버 서비스 · 모의 응답 · 실수급 검증 아님 · 요청 시작일까지 확보 · KRX 시장 · 공급자 기준일/공표시각/확정 여부 미확인","false","true","2025-04-22","2025-12-01","2025-04-22","2025-12-01","available-cumulative","2025-04-22","kiwoom","mock","KRX","ka10059","","ready","2026-10-06T12:19:27.681Z"
"aligned","KR","stock","005930","day","KRW","investmentTrust","2025-09-16","26500","주","키움증권 · 모의","invtrt","2025-09-16","unknown","2026-10-06T12:19:27.661Z","","","true","Σ dailyNet[2025-04-22..asOf]","","","","partial","QA SYNTHETIC API → 격리된 메모리 PGlite → 실제 서버 서비스 · 모의 응답 · 실수급 검증 아님 · 요청 시작일까지 확보 · KRX 시장 · 공급자 기준일/공표시각/확정 여부 미확인","false","true","2025-04-22","2025-12-01","2025-04-22","2025-12-01","available-cumulative","2025-04-22","kiwoom","mock","KRX","ka10059","","ready","2026-10-06T12:19:27.681Z"
"aligned","KR","stock","005930","day","KRW","investmentTrust","2025-09-17","28000","주","키움증권 · 모의","invtrt","2025-09-17","unknown","2026-10-06T12:19:27.661Z","","","true","Σ dailyNet[2025-04-22..asOf]","","","","partial","QA SYNTHETIC API → 격리된 메모리 PGlite → 실제 서버 서비스 · 모의 응답 · 실수급 검증 아님 · 요청 시작일까지 확보 · KRX 시장 · 공급자 기준일/공표시각/확정 여부 미확인","false","true","2025-04-22","2025-12-01","2025-04-22","2025-12-01","available-cumulative","2025-04-22","kiwoom","mock","KRX","ka10059","","ready","2026-10-06T12:19:27.681Z"
"aligned","KR","stock","005930","day","KRW","investmentTrust","2025-09-18","27000","주","키움증권 · 모의","invtrt","2025-09-18","unknown","2026-10-06T12:19:27.661Z","","","true","Σ dailyNet[2025-04-22..asOf]","","","","partial","QA SYNTHETIC API → 격리된 메모리 PGlite → 실제 서버 서비스 · 모의 응답 · 실수급 검증 아님 · 요청 시작일까지 확보 · KRX 시장 · 공급자 기준일/공표시각/확정 여부 미확인","false","true","2025-04-22","2025-12-01","2025-04-22","2025-12-01","available-cumulative","2025-04-22","kiwoom","mock","KRX","ka10059","","ready","2026-10-06T12:19:27.681Z"
"aligned","KR","stock","005930","day","KRW","investmentTrust","2025-09-19","28500","주","키움증권 · 모의","invtrt","2025-09-19","unknown","2026-10-06T12:19:27.661Z","","","true","Σ dailyNet[2025-04-22..asOf]","","","","partial","QA SYNTHETIC API → 격리된 메모리 PGlite → 실제 서버 서비스 · 모의 응답 · 실수급 검증 아님 · 요청 시작일까지 확보 · KRX 시장 · 공급자 기준일/공표시각/확정 여부 미확인","false","true","2025-04-22","2025-12-01","2025-04-22","2025-12-01","available-cumulative","2025-04-22","kiwoom","mock","KRX","ka10059","","ready","2026-10-06T12:19:27.681Z"
"aligned","KR","stock","005930","day","KRW","investmentTrust","2025-09-22","27500","주","키움증권 · 모의","invtrt","2025-09-22","unknown","2026-10-06T12:19:27.661Z","","","true","Σ dailyNet[2025-04-22..asOf]","","","","partial","QA SYNTHETIC API → 격리된 메모리 PGlite → 실제 서버 서비스 · 모의 응답 · 실수급 검증 아님 · 요청 시작일까지 확보 · KRX 시장 · 공급자 기준일/공표시각/확정 여부 미확인","false","true","2025-04-22","2025-12-01","2025-04-22","2025-12-01","available-cumulative","2025-04-22","kiwoom","mock","KRX","ka10059","","ready","2026-10-06T12:19:27.681Z"
"aligned","KR","stock","005930","day","KRW","investmentTrust","2025-09-23","29000","주","키움증권 · 모의","invtrt","2025-09-23","unknown","2026-10-06T12:19:27.661Z","","","true","Σ dailyNet[2025-04-22..asOf]","","","","partial","QA SYNTHETIC API → 격리된 메모리 PGlite → 실제 서버 서비스 · 모의 응답 · 실수급 검증 아님 · 요청 시작일까지 확보 · KRX 시장 · 공급자 기준일/공표시각/확정 여부 미확인","false","true","2025-04-22","2025-12-01","2025-04-22","2025-12-01","available-cumulative","2025-04-22","kiwoom","mock","KRX","ka10059","","ready","2026-10-06T12:19:27.681Z"
"aligned","KR","stock","005930","day","KRW","investmentTrust","2025-09-24","28000","주","키움증권 · 모의","invtrt","2025-09-24","unknown","2026-10-06T12:19:27.661Z","","","true","Σ dailyNet[2025-04-22..asOf]","","","","partial","QA SYNTHETIC API → 격리된 메모리 PGlite → 실제 서버 서비스 · 모의 응답 · 실수급 검증 아님 · 요청 시작일까지 확보 · KRX 시장 · 공급자 기준일/공표시각/확정 여부 미확인","false","true","2025-04-22","2025-12-01","2025-04-22","2025-12-01","available-cumulative","2025-04-22","kiwoom","mock","KRX","ka10059","","ready","2026-10-06T12:19:27.681Z"
"aligned","KR","stock","005930","day","KRW","investmentTrust","2025-09-25","29500","주","키움증권 · 모의","invtrt","2025-09-25","unknown","2026-10-06T12:19:27.661Z","","","true","Σ dailyNet[2025-04-22..asOf]","","","","partial","QA SYNTHETIC API → 격리된 메모리 PGlite → 실제 서버 서비스 · 모의 응답 · 실수급 검증 아님 · 요청 시작일까지 확보 · KRX 시장 · 공급자 기준일/공표시각/확정 여부 미확인","false","true","2025-04-22","2025-12-01","2025-04-22","2025-12-01","available-cumulative","2025-04-22","kiwoom","mock","KRX","ka10059","","ready","2026-10-06T12:19:27.681Z"
"aligned","KR","stock","005930","day","KRW","investmentTrust","2025-09-26","28500","주","키움증권 · 모의","invtrt","2025-09-26","unknown","2026-10-06T12:19:27.661Z","","","true","Σ dailyNet[2025-04-22..asOf]","","","","partial","QA SYNTHETIC API → 격리된 메모리 PGlite → 실제 서버 서비스 · 모의 응답 · 실수급 검증 아님 · 요청 시작일까지 확보 · KRX 시장 · 공급자 기준일/공표시각/확정 여부 미확인","false","true","2025-04-22","2025-12-01","2025-04-22","2025-12-01","available-cumulative","2025-04-22","kiwoom","mock","KRX","ka10059","","ready","2026-10-06T12:19:27.681Z"
"aligned","KR","stock","005930","day","KRW","investmentTrust","2025-09-29","30000","주","키움증권 · 모의","invtrt","2025-09-29","unknown","2026-10-06T12:19:27.661Z","","","true","Σ dailyNet[2025-04-22..asOf]","","","","partial","QA SYNTHETIC API → 격리된 메모리 PGlite → 실제 서버 서비스 · 모의 응답 · 실수급 검증 아님 · 요청 시작일까지 확보 · KRX 시장 · 공급자 기준일/공표시각/확정 여부 미확인","false","true","2025-04-22","2025-12-01","2025-04-22","2025-12-01","available-cumulative","2025-04-22","kiwoom","mock","KRX","ka10059","","ready","2026-10-06T12:19:27.681Z"
"aligned","KR","stock","005930","day","KRW","investmentTrust","2025-09-30","29000","주","키움증권 · 모의","invtrt","2025-09-30","unknown","2026-10-06T12:19:27.661Z","","","true","Σ dailyNet[2025-04-22..asOf]","","","","partial","QA SYNTHETIC API → 격리된 메모리 PGlite → 실제 서버 서비스 · 모의 응답 · 실수급 검증 아님 · 요청 시작일까지 확보 · KRX 시장 · 공급자 기준일/공표시각/확정 여부 미확인","false","true","2025-04-22","2025-12-01","2025-04-22","2025-12-01","available-cumulative","2025-04-22","kiwoom","mock","KRX","ka10059","","ready","2026-10-06T12:19:27.681Z"
"aligned","KR","stock","005930","day","KRW","investmentTrust","2025-10-01","30500","주","키움증권 · 모의","invtrt","2025-10-01","unknown","2026-10-06T12:19:27.661Z","","","true","Σ dailyNet[2025-04-22..asOf]","","","","partial","QA SYNTHETIC API → 격리된 메모리 PGlite → 실제 서버 서비스 · 모의 응답 · 실수급 검증 아님 · 요청 시작일까지 확보 · KRX 시장 · 공급자 기준일/공표시각/확정 여부 미확인","false","true","2025-04-22","2025-12-01","2025-04-22","2025-12-01","available-cumulative","2025-04-22","kiwoom","mock","KRX","ka10059","","ready","2026-10-06T12:19:27.681Z"
"aligned","KR","stock","005930","day","KRW","investmentTrust","2025-10-02","29500","주","키움증권 · 모의","invtrt","2025-10-02","unknown","2026-10-06T12:19:27.661Z","","","true","Σ dailyNet[2025-04-22..asOf]","","","","partial","QA SYNTHETIC API → 격리된 메모리 PGlite → 실제 서버 서비스 · 모의 응답 · 실수급 검증 아님 · 요청 시작일까지 확보 · KRX 시장 · 공급자 기준일/공표시각/확정 여부 미확인","false","true","2025-04-22","2025-12-01","2025-04-22","2025-12-01","available-cumulative","2025-04-22","kiwoom","mock","KRX","ka10059","","ready","2026-10-06T12:19:27.681Z"
"aligned","KR","stock","005930","day","KRW","investmentTrust","2025-10-03","31000","주","키움증권 · 모의","invtrt","2025-10-03","unknown","2026-10-06T12:19:27.661Z","","","true","Σ dailyNet[2025-04-22..asOf]","","","","partial","QA SYNTHETIC API → 격리된 메모리 PGlite → 실제 서버 서비스 · 모의 응답 · 실수급 검증 아님 · 요청 시작일까지 확보 · KRX 시장 · 공급자 기준일/공표시각/확정 여부 미확인","false","true","2025-04-22","2025-12-01","2025-04-22","2025-12-01","available-cumulative","2025-04-22","kiwoom","mock","KRX","ka10059","","ready","2026-10-06T12:19:27.681Z"
"aligned","KR","stock","005930","day","KRW","investmentTrust","2025-10-06","30000","주","키움증권 · 모의","invtrt","2025-10-06","unknown","2026-10-06T12:19:27.661Z","","","true","Σ dailyNet[2025-04-22..asOf]","","","","partial","QA SYNTHETIC API → 격리된 메모리 PGlite → 실제 서버 서비스 · 모의 응답 · 실수급 검증 아님 · 요청 시작일까지 확보 · KRX 시장 · 공급자 기준일/공표시각/확정 여부 미확인","false","true","2025-04-22","2025-12-01","2025-04-22","2025-12-01","available-cumulative","2025-04-22","kiwoom","mock","KRX","ka10059","","ready","2026-10-06T12:19:27.681Z"
"aligned","KR","stock","005930","day","KRW","investmentTrust","2025-10-07","31500","주","키움증권 · 모의","invtrt","2025-10-07","unknown","2026-10-06T12:19:27.661Z","","","true","Σ dailyNet[2025-04-22..asOf]","","","","partial","QA SYNTHETIC API → 격리된 메모리 PGlite → 실제 서버 서비스 · 모의 응답 · 실수급 검증 아님 · 요청 시작일까지 확보 · KRX 시장 · 공급자 기준일/공표시각/확정 여부 미확인","false","true","2025-04-22","2025-12-01","2025-04-22","2025-12-01","available-cumulative","2025-04-22","kiwoom","mock","KRX","ka10059","","ready","2026-10-06T12:19:27.681Z"
"aligned","KR","stock","005930","day","KRW","investmentTrust","2025-10-08","30500","주","키움증권 · 모의","invtrt","2025-10-08","unknown","2026-10-06T12:19:27.661Z","","","true","Σ dailyNet[2025-04-22..asOf]","","","","partial","QA SYNTHETIC API → 격리된 메모리 PGlite → 실제 서버 서비스 · 모의 응답 · 실수급 검증 아님 · 요청 시작일까지 확보 · KRX 시장 · 공급자 기준일/공표시각/확정 여부 미확인","false","true","2025-04-22","2025-12-01","2025-04-22","2025-12-01","available-cumulative","2025-04-22","kiwoom","mock","KRX","ka10059","","ready","2026-10-06T12:19:27.681Z"
"aligned","KR","stock","005930","day","KRW","investmentTrust","2025-10-09","32000","주","키움증권 · 모의","invtrt","2025-10-09","unknown","2026-10-06T12:19:27.661Z","","","true","Σ dailyNet[2025-04-22..asOf]","","","","partial","QA SYNTHETIC API → 격리된 메모리 PGlite → 실제 서버 서비스 · 모의 응답 · 실수급 검증 아님 · 요청 시작일까지 확보 · KRX 시장 · 공급자 기준일/공표시각/확정 여부 미확인","false","true","2025-04-22","2025-12-01","2025-04-22","2025-12-01","available-cumulative","2025-04-22","kiwoom","mock","KRX","ka10059","","ready","2026-10-06T12:19:27.681Z"
"aligned","KR","stock","005930","day","KRW","investmentTrust","2025-10-10","31000","주","키움증권 · 모의","invtrt","2025-10-10","unknown","2026-10-06T12:19:27.661Z","","","true","Σ dailyNet[2025-04-22..asOf]","","","","partial","QA SYNTHETIC API → 격리된 메모리 PGlite → 실제 서버 서비스 · 모의 응답 · 실수급 검증 아님 · 요청 시작일까지 확보 · KRX 시장 · 공급자 기준일/공표시각/확정 여부 미확인","false","true","2025-04-22","2025-12-01","2025-04-22","2025-12-01","available-cumulative","2025-04-22","kiwoom","mock","KRX","ka10059","","ready","2026-10-06T12:19:27.681Z"
"aligned","KR","stock","005930","day","KRW","investmentTrust","2025-10-13","32500","주","키움증권 · 모의","invtrt","2025-10-13","unknown","2026-10-06T12:19:27.661Z","","","true","Σ dailyNet[2025-04-22..asOf]","","","","partial","QA SYNTHETIC API → 격리된 메모리 PGlite → 실제 서버 서비스 · 모의 응답 · 실수급 검증 아님 · 요청 시작일까지 확보 · KRX 시장 · 공급자 기준일/공표시각/확정 여부 미확인","false","true","2025-04-22","2025-12-01","2025-04-22","2025-12-01","available-cumulative","2025-04-22","kiwoom","mock","KRX","ka10059","","ready","2026-10-06T12:19:27.681Z"
"aligned","KR","stock","005930","day","KRW","investmentTrust","2025-10-14","31500","주","키움증권 · 모의","invtrt","2025-10-14","unknown","2026-10-06T12:19:27.661Z","","","true","Σ dailyNet[2025-04-22..asOf]","","","","partial","QA SYNTHETIC API → 격리된 메모리 PGlite → 실제 서버 서비스 · 모의 응답 · 실수급 검증 아님 · 요청 시작일까지 확보 · KRX 시장 · 공급자 기준일/공표시각/확정 여부 미확인","false","true","2025-04-22","2025-12-01","2025-04-22","2025-12-01","available-cumulative","2025-04-22","kiwoom","mock","KRX","ka10059","","ready","2026-10-06T12:19:27.681Z"
"aligned","KR","stock","005930","day","KRW","investmentTrust","2025-10-15","33000","주","키움증권 · 모의","invtrt","2025-10-15","unknown","2026-10-06T12:19:27.661Z","","","true","Σ dailyNet[2025-04-22..asOf]","","","","partial","QA SYNTHETIC API → 격리된 메모리 PGlite → 실제 서버 서비스 · 모의 응답 · 실수급 검증 아님 · 요청 시작일까지 확보 · KRX 시장 · 공급자 기준일/공표시각/확정 여부 미확인","false","true","2025-04-22","2025-12-01","2025-04-22","2025-12-01","available-cumulative","2025-04-22","kiwoom","mock","KRX","ka10059","","ready","2026-10-06T12:19:27.681Z"
"aligned","KR","stock","005930","day","KRW","investmentTrust","2025-10-16","32000","주","키움증권 · 모의","invtrt","2025-10-16","unknown","2026-10-06T12:19:27.661Z","","","true","Σ dailyNet[2025-04-22..asOf]","","","","partial","QA SYNTHETIC API → 격리된 메모리 PGlite → 실제 서버 서비스 · 모의 응답 · 실수급 검증 아님 · 요청 시작일까지 확보 · KRX 시장 · 공급자 기준일/공표시각/확정 여부 미확인","false","true","2025-04-22","2025-12-01","2025-04-22","2025-12-01","available-cumulative","2025-04-22","kiwoom","mock","KRX","ka10059","","ready","2026-10-06T12:19:27.681Z"
"aligned","KR","stock","005930","day","KRW","investmentTrust","2025-10-17","33500","주","키움증권 · 모의","invtrt","2025-10-17","unknown","2026-10-06T12:19:27.661Z","","","true","Σ dailyNet[2025-04-22..asOf]","","","","partial","QA SYNTHETIC API → 격리된 메모리 PGlite → 실제 서버 서비스 · 모의 응답 · 실수급 검증 아님 · 요청 시작일까지 확보 · KRX 시장 · 공급자 기준일/공표시각/확정 여부 미확인","false","true","2025-04-22","2025-12-01","2025-04-22","2025-12-01","available-cumulative","2025-04-22","kiwoom","mock","KRX","ka10059","","ready","2026-10-06T12:19:27.681Z"
"aligned","KR","stock","005930","day","KRW","investmentTrust","2025-10-20","32500","주","키움증권 · 모의","invtrt","2025-10-20","unknown","2026-10-06T12:19:27.661Z","","","true","Σ dailyNet[2025-04-22..asOf]","","","","partial","QA SYNTHETIC API → 격리된 메모리 PGlite → 실제 서버 서비스 · 모의 응답 · 실수급 검증 아님 · 요청 시작일까지 확보 · KRX 시장 · 공급자 기준일/공표시각/확정 여부 미확인","false","true","2025-04-22","2025-12-01","2025-04-22","2025-12-01","available-cumulative","2025-04-22","kiwoom","mock","KRX","ka10059","","ready","2026-10-06T12:19:27.681Z"
"aligned","KR","stock","005930","day","KRW","investmentTrust","2025-10-21","34000","주","키움증권 · 모의","invtrt","2025-10-21","unknown","2026-10-06T12:19:27.661Z","","","true","Σ dailyNet[2025-04-22..asOf]","","","","partial","QA SYNTHETIC API → 격리된 메모리 PGlite → 실제 서버 서비스 · 모의 응답 · 실수급 검증 아님 · 요청 시작일까지 확보 · KRX 시장 · 공급자 기준일/공표시각/확정 여부 미확인","false","true","2025-04-22","2025-12-01","2025-04-22","2025-12-01","available-cumulative","2025-04-22","kiwoom","mock","KRX","ka10059","","ready","2026-10-06T12:19:27.681Z"
"aligned","KR","stock","005930","day","KRW","investmentTrust","2025-10-22","33000","주","키움증권 · 모의","invtrt","2025-10-22","unknown","2026-10-06T12:19:27.661Z","","","true","Σ dailyNet[2025-04-22..asOf]","","","","partial","QA SYNTHETIC API → 격리된 메모리 PGlite → 실제 서버 서비스 · 모의 응답 · 실수급 검증 아님 · 요청 시작일까지 확보 · KRX 시장 · 공급자 기준일/공표시각/확정 여부 미확인","false","true","2025-04-22","2025-12-01","2025-04-22","2025-12-01","available-cumulative","2025-04-22","kiwoom","mock","KRX","ka10059","","ready","2026-10-06T12:19:27.681Z"
"aligned","KR","stock","005930","day","KRW","investmentTrust","2025-10-23","34500","주","키움증권 · 모의","invtrt","2025-10-23","unknown","2026-10-06T12:19:27.661Z","","","true","Σ dailyNet[2025-04-22..asOf]","","","","partial","QA SYNTHETIC API → 격리된 메모리 PGlite → 실제 서버 서비스 · 모의 응답 · 실수급 검증 아님 · 요청 시작일까지 확보 · KRX 시장 · 공급자 기준일/공표시각/확정 여부 미확인","false","true","2025-04-22","2025-12-01","2025-04-22","2025-12-01","available-cumulative","2025-04-22","kiwoom","mock","KRX","ka10059","","ready","2026-10-06T12:19:27.681Z"
"aligned","KR","stock","005930","day","KRW","investmentTrust","2025-10-24","33500","주","키움증권 · 모의","invtrt","2025-10-24","unknown","2026-10-06T12:19:27.661Z","","","true","Σ dailyNet[2025-04-22..asOf]","","","","partial","QA SYNTHETIC API → 격리된 메모리 PGlite → 실제 서버 서비스 · 모의 응답 · 실수급 검증 아님 · 요청 시작일까지 확보 · KRX 시장 · 공급자 기준일/공표시각/확정 여부 미확인","false","true","2025-04-22","2025-12-01","2025-04-22","2025-12-01","available-cumulative","2025-04-22","kiwoom","mock","KRX","ka10059","","ready","2026-10-06T12:19:27.681Z"
"aligned","KR","stock","005930","day","KRW","investmentTrust","2025-10-27","35000","주","키움증권 · 모의","invtrt","2025-10-27","unknown","2026-10-06T12:19:27.661Z","","","true","Σ dailyNet[2025-04-22..asOf]","","","","partial","QA SYNTHETIC API → 격리된 메모리 PGlite → 실제 서버 서비스 · 모의 응답 · 실수급 검증 아님 · 요청 시작일까지 확보 · KRX 시장 · 공급자 기준일/공표시각/확정 여부 미확인","false","true","2025-04-22","2025-12-01","2025-04-22","2025-12-01","available-cumulative","2025-04-22","kiwoom","mock","KRX","ka10059","","ready","2026-10-06T12:19:27.681Z"
"aligned","KR","stock","005930","day","KRW","investmentTrust","2025-10-28","34000","주","키움증권 · 모의","invtrt","2025-10-28","unknown","2026-10-06T12:19:27.661Z","","","true","Σ dailyNet[2025-04-22..asOf]","","","","partial","QA SYNTHETIC API → 격리된 메모리 PGlite → 실제 서버 서비스 · 모의 응답 · 실수급 검증 아님 · 요청 시작일까지 확보 · KRX 시장 · 공급자 기준일/공표시각/확정 여부 미확인","false","true","2025-04-22","2025-12-01","2025-04-22","2025-12-01","available-cumulative","2025-04-22","kiwoom","mock","KRX","ka10059","","ready","2026-10-06T12:19:27.681Z"
"aligned","KR","stock","005930","day","KRW","investmentTrust","2025-10-29","35500","주","키움증권 · 모의","invtrt","2025-10-29","unknown","2026-10-06T12:19:27.661Z","","","true","Σ dailyNet[2025-04-22..asOf]","","","","partial","QA SYNTHETIC API → 격리된 메모리 PGlite → 실제 서버 서비스 · 모의 응답 · 실수급 검증 아님 · 요청 시작일까지 확보 · KRX 시장 · 공급자 기준일/공표시각/확정 여부 미확인","false","true","2025-04-22","2025-12-01","2025-04-22","2025-12-01","available-cumulative","2025-04-22","kiwoom","mock","KRX","ka10059","","ready","2026-10-06T12:19:27.681Z"
"aligned","KR","stock","005930","day","KRW","investmentTrust","2025-10-30","34500","주","키움증권 · 모의","invtrt","2025-10-30","unknown","2026-10-06T12:19:27.661Z","","","true","Σ dailyNet[2025-04-22..asOf]","","","","partial","QA SYNTHETIC API → 격리된 메모리 PGlite → 실제 서버 서비스 · 모의 응답 · 실수급 검증 아님 · 요청 시작일까지 확보 · KRX 시장 · 공급자 기준일/공표시각/확정 여부 미확인","false","true","2025-04-22","2025-12-01","2025-04-22","2025-12-01","available-cumulative","2025-04-22","kiwoom","mock","KRX","ka10059","","ready","2026-10-06T12:19:27.681Z"
"aligned","KR","stock","005930","day","KRW","investmentTrust","2025-10-31","36000","주","키움증권 · 모의","invtrt","2025-10-31","unknown","2026-10-06T12:19:27.661Z","","","true","Σ dailyNet[2025-04-22..asOf]","","","","partial","QA SYNTHETIC API → 격리된 메모리 PGlite → 실제 서버 서비스 · 모의 응답 · 실수급 검증 아님 · 요청 시작일까지 확보 · KRX 시장 · 공급자 기준일/공표시각/확정 여부 미확인","false","true","2025-04-22","2025-12-01","2025-04-22","2025-12-01","available-cumulative","2025-04-22","kiwoom","mock","KRX","ka10059","","ready","2026-10-06T12:19:27.681Z"
"aligned","KR","stock","005930","day","KRW","investmentTrust","2025-11-03","35000","주","키움증권 · 모의","invtrt","2025-11-03","unknown","2026-10-06T12:19:27.661Z","","","true","Σ dailyNet[2025-04-22..asOf]","","","","partial","QA SYNTHETIC API → 격리된 메모리 PGlite → 실제 서버 서비스 · 모의 응답 · 실수급 검증 아님 · 요청 시작일까지 확보 · KRX 시장 · 공급자 기준일/공표시각/확정 여부 미확인","false","true","2025-04-22","2025-12-01","2025-04-22","2025-12-01","available-cumulative","2025-04-22","kiwoom","mock","KRX","ka10059","","ready","2026-10-06T12:19:27.681Z"
"aligned","KR","stock","005930","day","KRW","investmentTrust","2025-11-04","36500","주","키움증권 · 모의","invtrt","2025-11-04","unknown","2026-10-06T12:19:27.661Z","","","true","Σ dailyNet[2025-04-22..asOf]","","","","partial","QA SYNTHETIC API → 격리된 메모리 PGlite → 실제 서버 서비스 · 모의 응답 · 실수급 검증 아님 · 요청 시작일까지 확보 · KRX 시장 · 공급자 기준일/공표시각/확정 여부 미확인","false","true","2025-04-22","2025-12-01","2025-04-22","2025-12-01","available-cumulative","2025-04-22","kiwoom","mock","KRX","ka10059","","ready","2026-10-06T12:19:27.681Z"
"aligned","KR","stock","005930","day","KRW","investmentTrust","2025-11-05","35500","주","키움증권 · 모의","invtrt","2025-11-05","unknown","2026-10-06T12:19:27.661Z","","","true","Σ dailyNet[2025-04-22..asOf]","","","","partial","QA SYNTHETIC API → 격리된 메모리 PGlite → 실제 서버 서비스 · 모의 응답 · 실수급 검증 아님 · 요청 시작일까지 확보 · KRX 시장 · 공급자 기준일/공표시각/확정 여부 미확인","false","true","2025-04-22","2025-12-01","2025-04-22","2025-12-01","available-cumulative","2025-04-22","kiwoom","mock","KRX","ka10059","","ready","2026-10-06T12:19:27.681Z"
"aligned","KR","stock","005930","day","KRW","investmentTrust","2025-11-06","37000","주","키움증권 · 모의","invtrt","2025-11-06","unknown","2026-10-06T12:19:27.661Z","","","true","Σ dailyNet[2025-04-22..asOf]","","","","partial","QA SYNTHETIC API → 격리된 메모리 PGlite → 실제 서버 서비스 · 모의 응답 · 실수급 검증 아님 · 요청 시작일까지 확보 · KRX 시장 · 공급자 기준일/공표시각/확정 여부 미확인","false","true","2025-04-22","2025-12-01","2025-04-22","2025-12-01","available-cumulative","2025-04-22","kiwoom","mock","KRX","ka10059","","ready","2026-10-06T12:19:27.681Z"
"aligned","KR","stock","005930","day","KRW","investmentTrust","2025-11-07","36000","주","키움증권 · 모의","invtrt","2025-11-07","unknown","2026-10-06T12:19:27.661Z","","","true","Σ dailyNet[2025-04-22..asOf]","","","","partial","QA SYNTHETIC API → 격리된 메모리 PGlite → 실제 서버 서비스 · 모의 응답 · 실수급 검증 아님 · 요청 시작일까지 확보 · KRX 시장 · 공급자 기준일/공표시각/확정 여부 미확인","false","true","2025-04-22","2025-12-01","2025-04-22","2025-12-01","available-cumulative","2025-04-22","kiwoom","mock","KRX","ka10059","","ready","2026-10-06T12:19:27.681Z"
"aligned","KR","stock","005930","day","KRW","investmentTrust","2025-11-10","37500","주","키움증권 · 모의","invtrt","2025-11-10","unknown","2026-10-06T12:19:27.661Z","","","true","Σ dailyNet[2025-04-22..asOf]","","","","partial","QA SYNTHETIC API → 격리된 메모리 PGlite → 실제 서버 서비스 · 모의 응답 · 실수급 검증 아님 · 요청 시작일까지 확보 · KRX 시장 · 공급자 기준일/공표시각/확정 여부 미확인","false","true","2025-04-22","2025-12-01","2025-04-22","2025-12-01","available-cumulative","2025-04-22","kiwoom","mock","KRX","ka10059","","ready","2026-10-06T12:19:27.681Z"
"aligned","KR","stock","005930","day","KRW","investmentTrust","2025-11-11","36500","주","키움증권 · 모의","invtrt","2025-11-11","unknown","2026-10-06T12:19:27.661Z","","","true","Σ dailyNet[2025-04-22..asOf]","","","","partial","QA SYNTHETIC API → 격리된 메모리 PGlite → 실제 서버 서비스 · 모의 응답 · 실수급 검증 아님 · 요청 시작일까지 확보 · KRX 시장 · 공급자 기준일/공표시각/확정 여부 미확인","false","true","2025-04-22","2025-12-01","2025-04-22","2025-12-01","available-cumulative","2025-04-22","kiwoom","mock","KRX","ka10059","","ready","2026-10-06T12:19:27.681Z"
"aligned","KR","stock","005930","day","KRW","investmentTrust","2025-11-12","38000","주","키움증권 · 모의","invtrt","2025-11-12","unknown","2026-10-06T12:19:27.661Z","","","true","Σ dailyNet[2025-04-22..asOf]","","","","partial","QA SYNTHETIC API → 격리된 메모리 PGlite → 실제 서버 서비스 · 모의 응답 · 실수급 검증 아님 · 요청 시작일까지 확보 · KRX 시장 · 공급자 기준일/공표시각/확정 여부 미확인","false","true","2025-04-22","2025-12-01","2025-04-22","2025-12-01","available-cumulative","2025-04-22","kiwoom","mock","KRX","ka10059","","ready","2026-10-06T12:19:27.681Z"
"aligned","KR","stock","005930","day","KRW","investmentTrust","2025-11-13","37000","주","키움증권 · 모의","invtrt","2025-11-13","unknown","2026-10-06T12:19:27.661Z","","","true","Σ dailyNet[2025-04-22..asOf]","","","","partial","QA SYNTHETIC API → 격리된 메모리 PGlite → 실제 서버 서비스 · 모의 응답 · 실수급 검증 아님 · 요청 시작일까지 확보 · KRX 시장 · 공급자 기준일/공표시각/확정 여부 미확인","false","true","2025-04-22","2025-12-01","2025-04-22","2025-12-01","available-cumulative","2025-04-22","kiwoom","mock","KRX","ka10059","","ready","2026-10-06T12:19:27.681Z"
"aligned","KR","stock","005930","day","KRW","investmentTrust","2025-11-14","38500","주","키움증권 · 모의","invtrt","2025-11-14","unknown","2026-10-06T12:19:27.661Z","","","true","Σ dailyNet[2025-04-22..asOf]","","","","partial","QA SYNTHETIC API → 격리된 메모리 PGlite → 실제 서버 서비스 · 모의 응답 · 실수급 검증 아님 · 요청 시작일까지 확보 · KRX 시장 · 공급자 기준일/공표시각/확정 여부 미확인","false","true","2025-04-22","2025-12-01","2025-04-22","2025-12-01","available-cumulative","2025-04-22","kiwoom","mock","KRX","ka10059","","ready","2026-10-06T12:19:27.681Z"
"aligned","KR","stock","005930","day","KRW","investmentTrust","2025-11-17","37500","주","키움증권 · 모의","invtrt","2025-11-17","unknown","2026-10-06T12:19:27.661Z","","","true","Σ dailyNet[2025-04-22..asOf]","","","","partial","QA SYNTHETIC API → 격리된 메모리 PGlite → 실제 서버 서비스 · 모의 응답 · 실수급 검증 아님 · 요청 시작일까지 확보 · KRX 시장 · 공급자 기준일/공표시각/확정 여부 미확인","false","true","2025-04-22","2025-12-01","2025-04-22","2025-12-01","available-cumulative","2025-04-22","kiwoom","mock","KRX","ka10059","","ready","2026-10-06T12:19:27.681Z"
"aligned","KR","stock","005930","day","KRW","investmentTrust","2025-11-18","39000","주","키움증권 · 모의","invtrt","2025-11-18","unknown","2026-10-06T12:19:27.661Z","","","true","Σ dailyNet[2025-04-22..asOf]","","","","partial","QA SYNTHETIC API → 격리된 메모리 PGlite → 실제 서버 서비스 · 모의 응답 · 실수급 검증 아님 · 요청 시작일까지 확보 · KRX 시장 · 공급자 기준일/공표시각/확정 여부 미확인","false","true","2025-04-22","2025-12-01","2025-04-22","2025-12-01","available-cumulative","2025-04-22","kiwoom","mock","KRX","ka10059","","ready","2026-10-06T12:19:27.681Z"
"aligned","KR","stock","005930","day","KRW","investmentTrust","2025-11-19","38000","주","키움증권 · 모의","invtrt","2025-11-19","unknown","2026-10-06T12:19:27.661Z","","","true","Σ dailyNet[2025-04-22..asOf]","","","","partial","QA SYNTHETIC API → 격리된 메모리 PGlite → 실제 서버 서비스 · 모의 응답 · 실수급 검증 아님 · 요청 시작일까지 확보 · KRX 시장 · 공급자 기준일/공표시각/확정 여부 미확인","false","true","2025-04-22","2025-12-01","2025-04-22","2025-12-01","available-cumulative","2025-04-22","kiwoom","mock","KRX","ka10059","","ready","2026-10-06T12:19:27.681Z"
"aligned","KR","stock","005930","day","KRW","investmentTrust","2025-11-20","39500","주","키움증권 · 모의","invtrt","2025-11-20","unknown","2026-10-06T12:19:27.661Z","","","true","Σ dailyNet[2025-04-22..asOf]","","","","partial","QA SYNTHETIC API → 격리된 메모리 PGlite → 실제 서버 서비스 · 모의 응답 · 실수급 검증 아님 · 요청 시작일까지 확보 · KRX 시장 · 공급자 기준일/공표시각/확정 여부 미확인","false","true","2025-04-22","2025-12-01","2025-04-22","2025-12-01","available-cumulative","2025-04-22","kiwoom","mock","KRX","ka10059","","ready","2026-10-06T12:19:27.681Z"
"aligned","KR","stock","005930","day","KRW","investmentTrust","2025-11-21","38500","주","키움증권 · 모의","invtrt","2025-11-21","unknown","2026-10-06T12:19:27.661Z","","","true","Σ dailyNet[2025-04-22..asOf]","","","","partial","QA SYNTHETIC API → 격리된 메모리 PGlite → 실제 서버 서비스 · 모의 응답 · 실수급 검증 아님 · 요청 시작일까지 확보 · KRX 시장 · 공급자 기준일/공표시각/확정 여부 미확인","false","true","2025-04-22","2025-12-01","2025-04-22","2025-12-01","available-cumulative","2025-04-22","kiwoom","mock","KRX","ka10059","","ready","2026-10-06T12:19:27.681Z"
"aligned","KR","stock","005930","day","KRW","investmentTrust","2025-11-24","40000","주","키움증권 · 모의","invtrt","2025-11-24","unknown","2026-10-06T12:19:27.661Z","","","true","Σ dailyNet[2025-04-22..asOf]","","","","partial","QA SYNTHETIC API → 격리된 메모리 PGlite → 실제 서버 서비스 · 모의 응답 · 실수급 검증 아님 · 요청 시작일까지 확보 · KRX 시장 · 공급자 기준일/공표시각/확정 여부 미확인","false","true","2025-04-22","2025-12-01","2025-04-22","2025-12-01","available-cumulative","2025-04-22","kiwoom","mock","KRX","ka10059","","ready","2026-10-06T12:19:27.681Z"
"aligned","KR","stock","005930","day","KRW","investmentTrust","2025-11-25","39000","주","키움증권 · 모의","invtrt","2025-11-25","unknown","2026-10-06T12:19:27.661Z","","","true","Σ dailyNet[2025-04-22..asOf]","","","","partial","QA SYNTHETIC API → 격리된 메모리 PGlite → 실제 서버 서비스 · 모의 응답 · 실수급 검증 아님 · 요청 시작일까지 확보 · KRX 시장 · 공급자 기준일/공표시각/확정 여부 미확인","false","true","2025-04-22","2025-12-01","2025-04-22","2025-12-01","available-cumulative","2025-04-22","kiwoom","mock","KRX","ka10059","","ready","2026-10-06T12:19:27.681Z"
"aligned","KR","stock","005930","day","KRW","investmentTrust","2025-11-26","40500","주","키움증권 · 모의","invtrt","2025-11-26","unknown","2026-10-06T12:19:27.661Z","","","true","Σ dailyNet[2025-04-22..asOf]","","","","partial","QA SYNTHETIC API → 격리된 메모리 PGlite → 실제 서버 서비스 · 모의 응답 · 실수급 검증 아님 · 요청 시작일까지 확보 · KRX 시장 · 공급자 기준일/공표시각/확정 여부 미확인","false","true","2025-04-22","2025-12-01","2025-04-22","2025-12-01","available-cumulative","2025-04-22","kiwoom","mock","KRX","ka10059","","ready","2026-10-06T12:19:27.681Z"
"aligned","KR","stock","005930","day","KRW","investmentTrust","2025-11-27","39500","주","키움증권 · 모의","invtrt","2025-11-27","unknown","2026-10-06T12:19:27.661Z","","","true","Σ dailyNet[2025-04-22..asOf]","","","","partial","QA SYNTHETIC API → 격리된 메모리 PGlite → 실제 서버 서비스 · 모의 응답 · 실수급 검증 아님 · 요청 시작일까지 확보 · KRX 시장 · 공급자 기준일/공표시각/확정 여부 미확인","false","true","2025-04-22","2025-12-01","2025-04-22","2025-12-01","available-cumulative","2025-04-22","kiwoom","mock","KRX","ka10059","","ready","2026-10-06T12:19:27.681Z"
"aligned","KR","stock","005930","day","KRW","investmentTrust","2025-11-28","41000","주","키움증권 · 모의","invtrt","2025-11-28","unknown","2026-10-06T12:19:27.661Z","","","true","Σ dailyNet[2025-04-22..asOf]","","","","partial","QA SYNTHETIC API → 격리된 메모리 PGlite → 실제 서버 서비스 · 모의 응답 · 실수급 검증 아님 · 요청 시작일까지 확보 · KRX 시장 · 공급자 기준일/공표시각/확정 여부 미확인","false","true","2025-04-22","2025-12-01","2025-04-22","2025-12-01","available-cumulative","2025-04-22","kiwoom","mock","KRX","ka10059","","ready","2026-10-06T12:19:27.681Z"
"aligned","KR","stock","005930","day","KRW","investmentTrust","2025-12-01","40000","주","키움증권 · 모의","invtrt","2025-12-01","unknown","2026-10-06T12:19:27.661Z","","","true","Σ dailyNet[2025-04-22..asOf]","","","","partial","QA SYNTHETIC API → 격리된 메모리 PGlite → 실제 서버 서비스 · 모의 응답 · 실수급 검증 아님 · 요청 시작일까지 확보 · KRX 시장 · 공급자 기준일/공표시각/확정 여부 미확인","false","true","2025-04-22","2025-12-01","2025-04-22","2025-12-01","available-cumulative","2025-04-22","kiwoom","mock","KRX","ka10059","","ready","2026-10-06T12:19:27.681Z"

"date","completed","BB_upper","BB_middle","BB_lower","percentB","BBW_percent","BBW_percentile","BBW_valid_samples","trend","volatility","breakout","failed_breakout","band_walk","RVOL","RVOL_method","RSI","setup","setup_quality","coverage","foreign_ownership_change_pp","investment_trust_net_quantity","flow_availability","source","BB_period","BB_multiplier","BB_source","system_enabled"
"2025-04-22","true","33355.53036354955","32891.15669797211","32426.78303239467","0.4680282584133581","2.823699207915493","69.19999999999999","125","neutral","normal","","","","1.0033562974739445","rolling","49.010776989863125","mixed","22.5","0.8","","","unknown","yahoo-QA-SYNTHETIC-005930","20","2","close","true"
"2025-04-23","true","33330.2808916653","32908.37053808542","32486.460184505544","0.3699302415932691","2.564152200070766","61.199999999999996","125","neutral","normal","","","","1.003355112131379","rolling","44.57395446911743","mixed","22.5","0.8","","","unknown","yahoo-QA-SYNTHETIC-005930","20","2","close","true"
"2025-04-24","true","33304.153974554","32921.42225094015","32538.6905273263","0.26755188117362755","2.3251226553732494","52.400000000000006","125","neutral","normal","","","","1.0033539276257724","rolling","41.06274808283113","mixed","22.5","0.8","","","unknown","yahoo-QA-SYNTHETIC-005930","20","2","close","true"
"2025-04-25","true","33283.594160527304","32930.033274159476","32576.472387791644","0.17476630367582796","2.147346062023403","21.2","125","neutral","normal","","","","1.003352743956238","rolling","38.489733256307524","mixed","22.5","0.8","","","unknown","yahoo-QA-SYNTHETIC-005930","20","2","close","true"
"2025-04-28","true","33273.20997351701","32934.20114593996","32595.1923183629","0.11259526286222754","2.0587038141585405","0.4","125","neutral","extreme-squeeze","","","","1.003351561121891","rolling","36.8568058849244","squeeze","41.3","0.8","","","unknown","yahoo-QA-SYNTHETIC-005930","20","2","close","true"
"2025-04-29","true","33273.213294786576","32934.19965811459","32595.186021442594","0.09594477369111798","2.0587331114236562","1.2","125","neutral","extreme-squeeze","","","","1.003350379121848","rolling","36.201765026986344","squeeze","41.3","0.8","","","unknown","yahoo-QA-SYNTHETIC-005930","20","2","close","true"
"2025-04-30","true","33279.249431272736","32930.56183310265","32581.87423493256","0.12264601928024203","2.117714237232229","13.200000000000001","125","neutral","compression","","","","1.0033491979552265","rolling","36.9671221701508","mixed","33.8","0.8","","","unknown","yahoo-QA-SYNTHETIC-005930","20","2","close","true"
"2025-05-01","true","33285.146894936384","32924.04678315743","32562.946671378475","0.18024176541003947","2.193534191937052","30","125","neutral","normal","","","","1.0033480176211453","rolling","39.75991418143607","mixed","22.5","0.8","","","unknown","yahoo-QA-SYNTHETIC-005930","20","2","close","true"
"2025-05-02","true","33285.84474538682","32915.5925124429","32545.34027949897","0.25789380235533943","2.249707234065198","36.4","125","neutral","normal","","","","1.0033468381187247","rolling","44.23019037953801","mixed","22.5","0.8","","","unknown","yahoo-QA-SYNTHETIC-005930","20","2","close","true"
"2025-05-05","true","33278.79614610046","32906.257596478026","32533.719046855593","0.35045529958480565","2.264241374335479","40.400000000000006","125","neutral","normal","","","","1.0033456594470858","rolling","49.67880705974524","mixed","22.5","0.8","","","unknown","yahoo-QA-SYNTHETIC-005930","20","2","close","true"
"2025-05-06","true","33264.2894437469","32897.15536503812","32530.021286329335","0.45700016785427927","2.232011094180863","33.2","125","neutral","normal","","","","1.0033444816053512","rolling","55.356896230615106","mixed","22.5","0.8","","","unknown","yahoo-QA-SYNTHETIC-005930","20","2","close","true"
"2025-05-07","true","33245.419009517966","32889.38468070169","32533.350351885412","0.5776630619772374","2.165040983726186","23.599999999999998","125","bullish","normal","","","","1.0033433045926448","rolling","60.69705548399541","mixed","47.5","0.8","","","unknown","yahoo-QA-SYNTHETIC-005930","20","2","close","true"
"2025-05-08","true","33227.88978931273","32883.96161689762","32540.033444482513","0.7090563416999931","2.0917684822888147","6.800000000000001","125","bullish","squeeze","","","","1.0033421284080914","rolling","65.38066557421024","squeeze","63.7","0.8","","","unknown","yahoo-QA-SYNTHETIC-005930","20","2","close","true"
"2025-05-09","true","33219.227745880715","32881.75628338059","32544.284820880475","0.8384316252359413","2.0526364807994626","0.4","125","bullish","extreme-squeeze","","","","1.0033409530508177","rolling","69.2904142086658","pre-breakout","78.8","0.8","","","unknown","yahoo-QA-SYNTHETIC-005930","20","2","close","true"
"2025-05-12","true","33226.6038065635","32883.43872702087","32540.27364747824","0.9427956219648257","2.0871605454124595","6.800000000000001","125","bullish","squeeze","","","","1.0033397785199507","rolling","72.42990172560442","pre-breakout","76.3","0.8","","","unknown","yahoo-QA-SYNTHETIC-005930","20","2","close","true"
"2025-05-13","true","33253.53878320963","32889.43727153521","32525.335759860784","1.0019939393227546","2.214093896884897","32.4","125","strong-bullish","normal","upper","","","1.0033386048146196","rolling","74.85668180605947","bull-breakout","68.8","0.8","","","unknown","yahoo-QA-SYNTHETIC-005930","20","2","close","true"
"2025-05-14","true","33298.094454747974","32899.91188639273","32501.729318037487","1.014258457459905","2.4205692083931085","56.39999999999999","125","strong-bullish","normal","","","upper","1.003337431933954","rolling","76.63935940804504","upper-band-walk","68.8","0.8","","","unknown","yahoo-QA-SYNTHETIC-005930","20","2","close","true"
"2025-05-15","true","33354.31576018832","32914.74424068809","32475.172721187853","0.9926630429829079","2.670970287879987","64.4","125","strong-bullish","normal","","upper","upper","1.0033362598770852","rolling","77.83330066211238","failed-breakout","68.8","0.8","","","unknown","yahoo-QA-SYNTHETIC-005930","20","2","close","true"
"2025-05-16","true","33414.96161829201","32933.545060384065","32452.128502476124","0.951623969074036","2.923563540003109","72.39999999999999","125","strong-bullish","normal","","","upper","1.0033350886431456","rolling","78.46632931557417","upper-band-walk","68.8","0.8","","","unknown","yahoo-QA-SYNTHETIC-005930","20","2","close","true"
"2025-05-19","true","33473.30697750036","32955.67833148579","32438.049685471222","0.90046317620614","3.1413624129231046","80.4","125","strong-bullish","normal","","","upper","1.0033339182312686","rolling","78.52674851512327","upper-band-walk","68.8","0.8","","","unknown","yahoo-QA-SYNTHETIC-005930","20","2","close","true"
"2025-05-20","true","33523.860641904226","32980.300844310455","32436.74104671668","0.8436718849866207","3.2962694922629487","87.6","125","strong-bullish","normal","","","upper","1.0033327486405894","rolling","76.51337969796754","upper-band-walk","56.3","0.8","","","unknown","yahoo-QA-SYNTHETIC-005930","20","2","close","true"
"2025-05-21","true","33562.58711917618","33006.41462018136","32450.242121186533","0.7827143380619256","3.3700873323863574","91.60000000000001","125","strong-bullish","normal","","","","1.0033315798702438","rolling","72.47117014738359","mixed","43.8","0.8","","","unknown","yahoo-QA-SYNTHETIC-005930","20","2","close","true"
"2025-05-22","true","33586.99286359871","33032.92896090838","32478.865058218045","0.7173481840852455","3.3546156524358985","90","125","strong-bullish","normal","","","","1.003330411919369","rolling","67.03045619804091","mixed","43.8","0.8","","","unknown","yahoo-QA-SYNTHETIC-005930","20","2","close","true"
"2025-05-23","true","33596.19367023182","33058.728263118785","32521.262856005746","0.6463454440682999","3.2515794487632976","83.6","125","strong-bullish","normal","","","","1.0033292447871036","rolling","60.9874375808862","mixed","43.8","0.8","","","unknown","yahoo-QA-SYNTHETIC-005930","20","2","close","true"
"2025-05-26","true","33590.98441235968","33082.74138107154","32574.498349783393","0.567934893547671","3.0725569289063595","78","125","strong-bullish","normal","","","","1.003328078472587","rolling","55.041571210531934","mixed","43.8","0.8","","","unknown","yahoo-QA-SYNTHETIC-005930","20","2","close","true"
"2025-05-27","true","33573.90380074221","33104.008225311525","32634.112649880833","0.4803869766650969","2.8389044144292166","70.8","125","neutral","normal","","","","1.0033269129749607","rolling","49.6664812640238","mixed","22.5","0.8","","","unknown","yahoo-QA-SYNTHETIC-005930","20","2","close","true"
"2025-05-28","true","33549.24831182356","33121.73945638172","32694.230600939885","0.3833821720881998","2.581439637280088","62.8","125","neutral","normal","","","","1.003325748293366","rolling","45.11355216369099","mixed","22.5","0.8","","","unknown","yahoo-QA-SYNTHETIC-005930","20","2","close","true"
"2025-05-29","true","33522.85903826366","33135.36556212754","32747.872085991417","0.28099485151120346","2.338851372619303","54.800000000000004","125","neutral","normal","","","","1.0033245844269467","rolling","41.47980868192124","mixed","22.5","0.8","","","unknown","yahoo-QA-SYNTHETIC-005930","20","2","close","true"
"2025-05-30","true","33501.22539121126","33144.57226720419","32787.91914319712","0.18579221838139334","2.15210575735786","23.599999999999998","125","neutral","normal","","","","1.003323421374847","rolling","38.783582943515256","mixed","22.5","0.8","","","unknown","yahoo-QA-SYNTHETIC-005930","20","2","close","true"
"2025-06-02","true","33489.36529029995","33149.3200731955","32809.27485609105","0.11839091475258048","2.0515969338352296","0.4","125","neutral","extreme-squeeze","","","","1.0033222591362125","rolling","37.02556262005257","squeeze","41.3","0.8","","","unknown","yahoo-QA-SYNTHETIC-005930","20","2","close","true"
"2025-06-03","true","33488.16077386669","33149.84671443409","32811.53265500149","0.09544700477106305","2.041119902284765","0.4","125","neutral","extreme-squeeze","","","","1.0033210977101905","rolling","36.23635901081544","squeeze","41.3","0.8","","","unknown","yahoo-QA-SYNTHETIC-005930","20","2","close","true"
"2025-06-04","true","33493.74704525174","33146.65237683202","32799.5577084123","0.11703097156121615","2.094296971372723","10.8","125","neutral","compression","","","","1.0033199370959287","rolling","36.73379383429853","mixed","33.8","0.8","","","unknown","yahoo-QA-SYNTHETIC-005930","20","2","close","true"
"2025-06-05","true","33499.999400983426","33140.46859874339","32780.93779650336","0.1712634757854015","2.1697387963528527","28.4","125","neutral","normal","","","","1.0033187772925765","rolling","39.270097686817664","mixed","22.5","0.8","","","unknown","yahoo-QA-SYNTHETIC-005930","20","2","close","true"
"2025-06-06","true","33501.59470993186","33132.212787452656","32762.83086497345","0.24667046835774392","2.2297449605846493","35.6","125","neutral","normal","","","","1.003317618299284","rolling","43.55774654456607","mixed","22.5","0.8","","","unknown","yahoo-QA-SYNTHETIC-005930","20","2","close","true"
"2025-06-09","true","33495.619677186354","33122.93117923302","32750.242681279688","0.3373700454867078","2.2503352492366178","40.400000000000006","125","neutral","normal","","","","1.0033164601152034","rolling","48.92638187823959","mixed","22.5","0.8","","","unknown","yahoo-QA-SYNTHETIC-005930","20","2","close","true"
"2025-06-10","true","33481.98489700635","33113.733789442376","32745.482681878406","0.4420357352285138","2.22415937692523","35.6","125","neutral","normal","","","","1.003315302739487","rolling","54.61614165427895","mixed","22.5","0.8","","","unknown","yahoo-QA-SYNTHETIC-005930","20","2","close","true"
"2025-06-11","true","33463.41821219852","33105.725397144604","32748.03258209069","0.5608848546002803","2.1609121127112743","25.2","125","bullish","normal","","","","1.0033141461712891","rolling","60.027735808323854","mixed","47.5","0.8","","","unknown","yahoo-QA-SYNTHETIC-005930","20","2","close","true"
"2025-06-12","true","33445.3027370609","33099.936855298285","32754.57097353567","0.691330180908899","2.0868068919432528","8.4","125","bullish","squeeze","","","","1.0033129904097646","rolling","64.81070345415432","squeeze","63.7","0.8","","","unknown","yahoo-QA-SYNTHETIC-005930","20","2","close","true"
"2025-06-13","true","33435.01115103163","33097.260997312624","32759.51084359362","0.8221396264115209","2.0409553149816704","0.4","125","bullish","extreme-squeeze","","","","1.00331183545407","rolling","68.82584464759164","pre-breakout","78.8","0.8","","","unknown","yahoo-QA-SYNTHETIC-005930","20","2","close","true"
"2025-06-16","true","33439.94443756253","33098.39712499039","32756.84981241825","0.9312523808030669","2.0638299267625895","5.2","125","bullish","squeeze","","","","1.003310681303363","rolling","72.06536613277108","pre-breakout","76.3","0.8","","","unknown","yahoo-QA-SYNTHETIC-005930","20","2","close","true"
"2025-06-17","true","33464.27783427738","33103.80752932885","32743.337224380317","0.9970088205823247","2.17781779107535","32.4","125","strong-bullish","normal","","","","1.003309527956802","rolling","74.58286713228823","mixed","68.8","0.8","","","unknown","yahoo-QA-SYNTHETIC-005930","20","2","close","true"
"2025-06-18","true","33506.778709514016","33113.688747504646","32720.59878549528","1.0149280764209065","2.374184072373936","56.39999999999999","125","strong-bullish","normal","upper","","upper","1.003308375413547","rolling","76.44736794598415","bull-breakout","68.8","0.8","","","unknown","yahoo-QA-SYNTHETIC-005930","20","2","close","true"
"2025-06-19","true","33561.864543291245","33127.95934314403","32694.05414299681","0.9969185626718047","2.6195709530597204","64.4","125","strong-bullish","normal","","upper","upper","1.003307223672759","rolling","77.717058670843","failed-breakout","68.8","0.8","","","unknown","yahoo-QA-SYNTHETIC-005930","20","2","close","true"
"2025-06-20","true","33622.332101482636","33146.264969642194","32670.197837801752","0.9577999841171099","2.8725235393879798","72.39999999999999","125","strong-bullish","normal","","","upper","1.0033060727336","rolling","78.42415575032909","upper-band-walk","68.8","0.8","","","unknown","yahoo-QA-SYNTHETIC-005930","20","2","close","true"
"2025-06-23","true","33681.32906578747","33168.00040171888","32654.67173765029","0.9076379546224577","3.0953247579072434","80.4","125","strong-bullish","normal","","","upper","1.003304922595234","rolling","78.5630323081929","upper-band-walk","68.8","0.8","","","unknown","yahoo-QA-SYNTHETIC-005930","20","2","close","true"
"2025-06-24","true","33733.18200702609","33192.347165394924","32651.51232376376","0.8514605184451524","3.258792389319292","87.6","125","strong-bullish","normal","","","upper","1.0033037732568248","rolling","76.85047975064438","upper-band-walk","56.3","0.8","","","unknown","yahoo-QA-SYNTHETIC-005930","20","2","close","true"
"2025-06-25","true","33773.656162624204","33218.32442674013","32662.99269085606","0.7910422071969014","3.343526475026179","90.8","125","strong-bullish","normal","","","","1.0033026247175387","rolling","73.05878777141997","mixed","43.8","0.8","","","unknown","yahoo-QA-SYNTHETIC-005930","20","2","close","true"
"2025-06-26","true","33800.04942686885","33244.849975376404","32689.650523883956","0.7263154495576841","3.34006290841239","90.8","125","strong-bullish","normal","","","","1.003301476976542","rolling","67.77158441498571","mixed","43.8","0.8","","","unknown","yahoo-QA-SYNTHETIC-005930","20","2","close","true"
"2025-06-27","true","33811.26001107819","33270.80751107748","32730.35501107677","0.6561553479212632","3.2488090336897852","83.6","125","strong-bullish","normal","","","","1.0033003300330032","rolling","61.77721882445345","mixed","43.8","0.8","","","unknown","yahoo-QA-SYNTHETIC-005930","20","2","close","true"
"2025-06-30","true","33807.855873701665","33295.116049910284","32782.376226118904","0.5788373632259063","3.0799701855537576","79.60000000000001","125","strong-bullish","normal","","","","1.0032991838860914","rolling","55.79694328682629","mixed","43.8","0.8","","","unknown","yahoo-QA-SYNTHETIC-005930","20","2","close","true"
"2025-07-01","true","33792.14141832458","33316.797134580214","32841.45285083585","0.4925731105515569","2.853481274470981","71.6","125","neutral","normal","","","","1.0032980385349766","rolling","50.335741867675566","mixed","22.5","0.8","","","unknown","yahoo-QA-SYNTHETIC-005930","20","2","close","true"
"2025-07-02","true","33768.18398023425","33335.035670166646","32901.88736009904","0.39672636899595065","2.5987571416055406","63.6","125","neutral","normal","","","","1.0032968939788305","rolling","45.67142288370883","mixed","22.5","0.8","","","unknown","yahoo-QA-SYNTHETIC-005930","20","2","close","true"
"2025-07-03","true","33741.64981749468","33349.23060277727","32956.81138805986","0.294549861058008","2.353392912667261","55.60000000000001","125","neutral","normal","","","","1.0032957502168256","rolling","41.917457179918046","mixed","22.5","0.8","","","unknown","yahoo-QA-SYNTHETIC-005930","20","2","close","true"
"2025-07-04","true","33719.035243490864","33359.03229016792","32999.02933684497","0.19731296406296933","2.158353696783056","25.2","125","neutral","normal","","","","1.003294607248136","rolling","39.09927490806679","mixed","22.5","0.8","","","unknown","yahoo-QA-SYNTHETIC-005930","20","2","close","true"
"2025-07-07","true","33705.71597798656","33364.36424080389","33023.01250362121","0.1249987214007276","2.046205554639096","2","125","neutral","extreme-squeeze","","","","1.0032934650719363","rolling","37.21740238405553","squeeze","41.3","0.8","","","unknown","yahoo-QA-SYNTHETIC-005930","20","2","close","true"
"2025-07-08","true","33703.231226649","33365.42786973303","33027.62451281706","0.09575252063263519","2.0248705230745774","0.4","125","neutral","extreme-squeeze","","","","1.0032923236874025","rolling","36.2962155507099","squeeze","41.3","0.8","","","unknown","yahoo-QA-SYNTHETIC-005930","20","2","close","true"
"2025-07-09","true","33708.25486799197","33362.689975573674","33017.12508315538","0.11198848982139066","2.0715649287950133","9.2","125","neutral","squeeze","","","","1.0032911830937121","rolling","36.52920595113286","squeeze","38.8","0.8","","","unknown","yahoo-QA-SYNTHETIC-005930","20","2","close","true"
"2025-07-10","true","33714.76614059748","33356.85371723741","32998.941293877346","0.16264904536905303","2.1459603258392015","24.4","125","neutral","normal","","","","1.0032900432900433","rolling","38.80469905099168","mixed","22.5","0.8","","","unknown","yahoo-QA-SYNTHETIC-005930","20","2","close","true"
"2025-07-11","true","33717.207149245194","33348.81489491366","32980.422640582125","0.23570979695207991","2.2093274108383487","35.6","125","neutral","normal","","","","1.0032889042755755","rolling","42.89962287662157","mixed","22.5","0.8","","","unknown","yahoo-QA-SYNTHETIC-005930","20","2","close","true"
"2025-07-14","true","33712.30416630747","33339.606253552636","32966.9083407978","0.324528434558936","2.235766732938657","40.400000000000006","125","neutral","normal","","","","1.0032877660494894","rolling","48.17729418417182","mixed","22.5","0.8","","","unknown","yahoo-QA-SYNTHETIC-005930","20","2","close","true"
"2025-07-15","true","33699.58954191892","33330.33327178638","32961.077001653844","0.42732481491970786","2.215737041220087","37.2","125","neutral","normal","","","","1.003286628610967","rolling","53.87070570985175","mixed","22.5","0.8","","","unknown","yahoo-QA-SYNTHETIC-005930","20","2","close","true"
"2025-07-16","true","33681.42223408199","33322.10542862168","32962.788623161374","0.5443237988046727","2.1566272649247242","26.8","125","neutral","normal","","","","1.0032854919591907","rolling","59.349707778705444","mixed","22.5","0.8","","","unknown","yahoo-QA-SYNTHETIC-005930","20","2","close","true"
"2025-07-17","true","33662.85315070957","33315.96722140915","32969.08129210873","0.6736292309594247","2.0824004717924476","12.4","125","bullish","compression","","","","1.0032843560933449","rolling","64.23109734912671","mixed","58.8","0.8","","","unknown","yahoo-QA-SYNTHETIC-005930","20","2","close","true"
"2025-07-18","true","33651.06766301668","33312.833224056856","32974.598785097034","0.8054668974063725","2.030655493544548","1.2","125","bullish","extreme-squeeze","","","","1.0032832210126146","rolling","68.35241083945658","pre-breakout","78.8","0.8","","","unknown","yahoo-QA-SYNTHETIC-005930","20","2","close","true"
"2025-07-21","true","33653.63551048026","33313.43122325445","32973.22693602864","0.9189154376632145","2.0424451924263516","3.5999999999999996","125","bullish","extreme-squeeze","","","","1.0032820867161858","rolling","71.69338170585708","pre-breakout","78.8","0.8","","","unknown","yahoo-QA-SYNTHETIC-005930","20","2","close","true"
"2025-07-22","true","33675.34360758","33318.2569682217","32961.1703288634","0.9911543103578192","2.1434893169764586","24.4","125","strong-bullish","normal","","","","1.0032809532032465","rolling","74.30300906745919","mixed","68.8","0.8","","","unknown","yahoo-QA-SYNTHETIC-005930","20","2","close","true"
"2025-07-23","true","33715.6868115209","33327.5433474232","32939.399883325495","1.0149624412104643","2.329265376997627","54.800000000000004","125","strong-bullish","normal","upper","","upper","1.0032798204729847","rolling","76.25039532162896","bull-breakout","68.8","0.8","","","unknown","yahoo-QA-SYNTHETIC-005930","20","2","close","true"
"2025-07-24","true","33769.507406847486","33341.24590869157","32912.98441053565","1.0008105104203633","2.5689591764432227","62.8","125","strong-bullish","normal","","","upper","1.0032786885245901","rolling","77.59637702609382","upper-band-walk","68.8","0.8","","","unknown","yahoo-QA-SYNTHETIC-005930","20","2","close","true"
"2025-07-25","true","33829.674874927725","33359.04562304796","32888.4163711682","0.9637889270150418","2.8215990181361965","70","125","strong-bullish","normal","","upper","upper","1.0032775573572537","rolling","78.37741351045742","failed-breakout","68.8","0.8","","","unknown","yahoo-QA-SYNTHETIC-005930","20","2","close","true"
"2025-07-28","true","33889.223176124884","33380.368720378734","32871.514264632584","0.9147113018647404","3.04882465504639","77.2","125","strong-bullish","normal","","","upper","1.0032764269701673","rolling","78.59371222282931","upper-band-walk","68.8","0.8","","","unknown","yahoo-QA-SYNTHETIC-005930","20","2","close","true"
"2025-07-29","true","33942.30066222715","33404.42236368214","32866.54406513713","0.8591769542671556","3.2204017341715767","83.6","125","strong-bullish","normal","","","upper","1.0032752973625236","rolling","77.18044674759088","upper-band-walk","56.3","0.8","","","unknown","yahoo-QA-SYNTHETIC-005930","20","2","close","true"
"2025-07-30","true","33984.47479000136","33430.24394383303","32876.013097664705","0.7992956221736855","3.3157451504063484","90.8","125","strong-bullish","normal","","","","1.0032741685335171","rolling","73.64331247290207","mixed","43.8","0.8","","","unknown","yahoo-QA-SYNTHETIC-005930","20","2","close","true"
"2025-07-31","true","34012.836059288784","33456.76092995595","32900.68580062311","0.735187852421261","3.3241420500748275","91.60000000000001","125","strong-bullish","normal","","","","1.003273040482343","rolling","68.51631787381773","mixed","43.8","0.8","","","unknown","yahoo-QA-SYNTHETIC-005930","20","2","close","true"
"2025-08-01","true","34026.066327479784","33482.857554200236","32939.64878092069","0.6658393383688687","3.2446978123072747","85.2","125","strong-bullish","normal","","","","1.003271913208197","rolling","62.57644126616619","mixed","43.8","0.8","","","unknown","yahoo-QA-SYNTHETIC-005930","20","2","close","true"
"2025-08-04","true","34024.50785337702","33507.44418478086","32990.380516184705","0.5895808364334654","3.086261463242304","80.4","125","strong-bullish","normal","","","","1.0032707867102773","rolling","56.564923679039296","mixed","43.8","0.8","","","unknown","yahoo-QA-SYNTHETIC-005930","20","2","close","true"
"2025-08-05","true","34010.2313820115","33529.525074005265","33048.81876599903","0.504585199977806","2.867361270076072","72.39999999999999","125","neutral","normal","","","","1.0032696609877818","rolling","51.01820461348208","mixed","22.5","0.8","","","unknown","yahoo-QA-SYNTHETIC-005930","20","2","close","true"
"2025-08-06","true","33987.07279964333","33548.26026904205","33109.44773844078","0.40994707447365436","2.6160076682498175","64.4","125","neutral","normal","","","","1.0032685360399105","rolling","46.24151942868097","mixed","22.5","0.8","","","unknown","yahoo-QA-SYNTHETIC-005930","20","2","close","true"
"2025-08-07","true","33960.511034602954","33563.01783611981","33165.52463763667","0.3081766262934785","2.3686380076070996","56.39999999999999","125","neutral","normal","","","","1.0032674118658642","rolling","42.365850478425784","mixed","22.5","0.8","","","unknown","yahoo-QA-SYNTHETIC-005930","20","2","close","true"
"2025-08-08","true","33937.01475510463","33573.413151108296","33209.81154711196","0.20927399453339487","2.166009171363223","30.8","125","neutral","normal","","","","1.0032662884648444","rolling","39.42454456110734","mixed","22.5","0.8","","","unknown","yahoo-QA-SYNTHETIC-005930","20","2","close","true"
"2025-08-11","true","33922.26538883711","33579.33281358393","33236.40023833075","0.1323926318346612","2.0425216734172453","4.3999999999999995","125","neutral","extreme-squeeze","","","","1.0032651658360543","rolling","37.41859244790817","squeeze","41.3","0.8","","","unknown","yahoo-QA-SYNTHETIC-005930","20","2","close","true"
"2025-08-12","true","33918.438033305785","33580.94169751894","33243.44536173209","0.09688113065613191","2.0100468821086253","0.4","125","neutral","extreme-squeeze","","","","1.0032640439786977","rolling","36.366794684880325","squeeze","41.3","0.8","","","unknown","yahoo-QA-SYNTHETIC-005930","20","2","close","true"
"2025-08-13","true","33922.78787621243","33578.67270021628","33234.55752422013","0.1075519696550246","2.0496055878583546","6.800000000000001","125","neutral","squeeze","","","","1.00326292289198","rolling","36.35113391467119","squeeze","38.8","0.8","","","unknown","yahoo-QA-SYNTHETIC-005930","20","2","close","true"
"2025-08-14","true","33929.45760554139","33573.199826852055","33216.94204816272","0.15442017945108247","2.12227479374427","22.8","125","neutral","normal","","","","1.0032618025751072","rolling","38.36252805354959","mixed","22.5","0.8","","","unknown","yahoo-QA-SYNTHETIC-005930","20","2","close","true"
"2025-08-15","true","33932.68606164371","33565.396284098155","33198.1065065526","0.22501948306436118","2.1885025544570307","36.4","125","neutral","normal","","","","1.0032606830272868","rolling","42.255568793413374","mixed","22.5","0.8","","","unknown","yahoo-QA-SYNTHETIC-005930","20","2","close","true"
"2025-08-18","true","33928.84692357205","33556.280188360695","33183.71345314934","0.31193003715195217","2.2205484822515014","41.199999999999996","125","neutral","normal","","","","1.0032595642477269","rolling","47.43185528290993","mixed","22.5","0.8","","","unknown","yahoo-QA-SYNTHETIC-005930","20","2","close","true"
"2025-08-19","true","33917.09416514775","33546.951264233074","33176.8083633184","0.4128667681855584","2.2067155849676947","38","125","neutral","normal","","","","1.003258446235637","rolling","53.12117221664305","mixed","22.5","0.8","","","unknown","yahoo-QA-SYNTHETIC-005930","20","2","close","true"
"2025-08-20","true","33899.41586490414","33538.522468947165","33177.62907299019","0.5279910696726309","2.152112671577126","29.2","125","neutral","normal","","","","1.003257328990228","rolling","58.663720122984635","mixed","22.5","0.8","","","unknown","yahoo-QA-SYNTHETIC-005930","20","2","close","true"
"2025-08-21","true","33880.522172367135","33532.05079408318","33183.57941579923","0.6559917730314082","2.07843761435219","14.799999999999999","125","bullish","compression","","","","1.0032562125107112","rolling","63.64274420313554","mixed","58.8","0.8","","","unknown","yahoo-QA-SYNTHETIC-005930","20","2","close","true"
"2025-08-22","true","33867.381176585266","33528.47154695265","33189.56191732003","0.788475729059313","2.0216229013482723","1.2","125","bullish","extreme-squeeze","","","","1.0032550967962994","rolling","67.87115087087778","squeeze","66.3","0.8","","","unknown","yahoo-QA-SYNTHETIC-005930","20","2","close","true"
"2025-08-25","true","33867.67225410527","33528.54019771986","33189.408141334454","0.9058255780082938","2.0229455525682125","2","125","bullish","extreme-squeeze","","","","1.0032539818462065","rolling","71.31510767614829","pre-breakout","78.8","0.8","","","unknown","yahoo-QA-SYNTHETIC-005930","20","2","close","true"
"2025-08-26","true","33886.74488354676","33532.78540792617","33178.825932305575","0.9844172307526127","2.1111248070488404","22","125","strong-bullish","normal","","","","1.0032528676596473","rolling","74.01836237115353","mixed","68.8","0.8","","","unknown","yahoo-QA-SYNTHETIC-005930","20","2","close","true"
"2025-08-27","true","33924.83503219956","33541.4761608758","33158.117289552036","1.0143230055583683","2.285879544985133","52.400000000000006","125","strong-bullish","normal","upper","","upper","1.0032517542358377","rolling","76.0497720414624","bull-breakout","68.8","0.8","","","unknown","yahoo-QA-SYNTHETIC-005930","20","2","close","true"
"2025-08-28","true","33977.26160800069","33554.60503755686","33131.94846711303","1.0043073818513748","2.5192164829284285","60.4","125","strong-bullish","normal","","","upper","1.0032506415739948","rolling","77.47265597043993","upper-band-walk","68.8","0.8","","","unknown","yahoo-QA-SYNTHETIC-005930","20","2","close","true"
"2025-08-29","true","34037.00501812344","33571.88867791953","33106.77233771562","0.9695733227265316","2.7708678809591043","68.4","125","strong-bullish","normal","","upper","upper","1.0032495296733368","rolling","78.32758644572523","failed-breakout","68.8","0.8","","","unknown","yahoo-QA-SYNTHETIC-005930","20","2","close","true"
"2025-09-01","true","34097.00119303784","33592.785398831555","33088.56960462527","0.9216757992513478","3.0019290643509544","76.4","125","strong-bullish","normal","","","upper","1.0032484185330826","rolling","78.62039877369433","upper-band-walk","68.8","0.8","","","unknown","yahoo-QA-SYNTHETIC-005930","20","2","close","true"
"2025-09-02","true","34151.22499726632","33616.52887331178","33081.832749357236","0.8668195277929217","3.181150117964963","83.6","125","strong-bullish","normal","","","upper","1.0032473081524527","rolling","77.50500324755377","upper-band-walk","56.3","0.8","","","unknown","yahoo-QA-SYNTHETIC-005930","20","2","close","true"
"2025-09-03","true","34195.04773697653","33642.17577703019","33089.303817083855","0.8074761307632253","3.286778855271424","90.8","125","strong-bullish","normal","","","upper","1.003246198530668","rolling","74.22640475601024","upper-band-walk","56.3","0.8","","","unknown","yahoo-QA-SYNTHETIC-005930","20","2","close","true"
"2025-09-04","true","34225.35368516526","33668.66443964587","33111.975194126484","0.7439688553866081","3.3068685959747777","92.4","125","strong-bullish","normal","","","","1.0032450896669514","rolling","69.26625080989879","mixed","43.8","0.8","","","unknown","yahoo-QA-SYNTHETIC-005930","20","2","close","true"
"2025-09-05","true","34240.60956584132","33694.88085432667","33149.152142812025","0.6754019007394026","3.239238113789447","86","125","strong-bullish","normal","","","","1.0032439815605259","rolling","63.386632087453506","mixed","43.8","0.8","","","unknown","yahoo-QA-SYNTHETIC-005930","20","2","close","true"
"2025-09-08","true","34240.93316995393","33719.72794129841","33198.522712642894","0.6001693028825588","3.0913964048753204","81.2","125","strong-bullish","normal","","","","1.003242874210616","rolling","57.34690038083537","mixed","43.8","0.8","","","unknown","yahoo-QA-SYNTHETIC-005930","20","2","close","true"
"2025-09-09","true","34228.16238127285","33742.19375895163","33256.22513663041","0.5164228803242271","2.8804803018611933","74","125","neutral","normal","","","","1.0032417676164478","rolling","51.71502316786579","mixed","22.5","0.8","","","unknown","yahoo-QA-SYNTHETIC-005930","20","2","close","true"
"2025-09-10","true","34205.899996967026","33761.4144214696","33316.92884597217","0.4230311164986019","2.633098068395909","66","125","neutral","normal","","","","1.0032406617772471","rolling","46.824699878089106","mixed","22.5","0.8","","","unknown","yahoo-QA-SYNTHETIC-005930","20","2","close","true"
"2025-09-11","true","34179.42713102458","33776.72781106425","33374.02849110392","0.3218383001110511","2.3844779885896403","57.99999999999999","125","neutral","normal","","","","1.003239556692242","rolling","42.82553374176424","mixed","22.5","0.8","","","unknown","yahoo-QA-SYNTHETIC-005930","20","2","close","true"
"2025-09-12","true","34155.15368256053","33787.71474525331","33420.27580794609","0.2216206253718306","2.174985435254031","35.6","125","neutral","normal","","","","1.0032384523606612","rolling","39.75962825177211","mixed","22.5","0.8","","","unknown","yahoo-QA-SYNTHETIC-005930","20","2","close","true"
"2025-09-15","true","34139.01514705768","33794.22503959679","33449.434932135904","0.14054045765537218","2.0405267885675578","4.3999999999999995","125","neutral","extreme-squeeze","","","","1.0032373487817345","rolling","37.629053045557946","squeeze","41.3","0.8","","","unknown","yahoo-QA-SYNTHETIC-005930","20","2","close","true"
"2025-09-16","true","34133.79369415531","33796.38684543805","33458.97999672079","0.09884786010014984","1.9967036728531644","0.4","125","neutral","extreme-squeeze","","","","1.0032362459546926","rolling","36.447641696066334","squeeze","41.3","0.8","","","unknown","yahoo-QA-SYNTHETIC-005930","20","2","close","true"
"2025-09-17","true","34137.36128837468","33794.59868207394","33451.8360757732","0.10375506103281176","2.0285052621888746","4.3999999999999995","125","neutral","extreme-squeeze","","","","1.0032351438787672","rolling","36.28608958334039","squeeze","41.3","0.8","","","unknown","yahoo-QA-SYNTHETIC-005930","20","2","close","true"
"2025-09-18","true","34144.08506601038","33789.50465875515","33434.92425149991","0.14660061636031052","2.098760611238258","22.8","125","neutral","normal","","","","1.0032340425531916","rolling","38.0176104011996","mixed","22.5","0.8","","","unknown","yahoo-QA-SYNTHETIC-005930","20","2","close","true"
"2025-09-19","true","34148.0363364376","33781.95442709266","33415.872517747724","0.21460880329130647","2.167322261564277","34.8","125","neutral","normal","","","","1.0032329419771993","rolling","41.67431695278623","mixed","22.5","0.8","","","unknown","yahoo-QA-SYNTHETIC-005930","20","2","close","true"
"2025-09-22","true","34145.246139374336","33772.95035383584","33400.654568297345","0.29957509399542653","2.2046980298611154","40.400000000000006","125","neutral","normal","","","","1.0032318421500255","rolling","46.70784279588753","mixed","22.5","0.8","","","unknown","yahoo-QA-SYNTHETIC-005930","20","2","close","true"
"2025-09-23","true","34142.743886495235","33771.684354565354","33400.62482263547","0.606060078148837","2.197459433969393","40.400000000000006","125","bullish","normal","","","","1.0032307430709062","rolling","62.34857248956073","mixed","47.5","0.8","","","unknown","yahoo-QA-SYNTHETIC-005930","20","2","close","true"
"2025-09-24","true","34133.8442065514","33767.97499591934","33402.105785287284","0.6279891326301487","2.1669597343416216","34.8","125","bullish","normal","","","","1.0032296447390787","rolling","62.92935184267857","mixed","47.5","0.8","","","unknown","yahoo-QA-SYNTHETIC-005930","20","2","close","true"
"2025-09-25","true","34118.79861251158","33762.585837765975","33406.37306302037","0.6551512206825825","2.11010363043433","22.8","125","bullish","normal","","","","1.0032285471537807","rolling","63.54855933660855","mixed","47.5","0.8","","","unknown","yahoo-QA-SYNTHETIC-005930","20","2","close","true"
"2025-09-26","true","34099.31443895017","33756.38488177078","33413.455324591385","0.6870604679689359","2.0317907760589713","6","125","bullish","squeeze","","","","1.0032274503142518","rolling","64.19666556144644","squeeze","63.7","0.8","","","unknown","yahoo-QA-SYNTHETIC-005930","20","2","close","true"
"2025-09-29","true","34078.41814933084","33750.290603257235","33422.16305718363","0.72223129859506","1.944442789727798","0.4","125","bullish","extreme-squeeze","","","","1.0032263542197317","rolling","64.86285827367755","squeeze","66.3","0.8","","","unknown","yahoo-QA-SYNTHETIC-005930","20","2","close","true"
"2025-09-30","true","34060.061687161666","33745.21484485968","33430.36800255769","0.7573835880318828","1.8660236347551211","0.4","125","bullish","extreme-squeeze","","","","1.003225258869462","rolling","65.53582598348603","squeeze","66.3","0.8","","","unknown","yahoo-QA-SYNTHETIC-005930","20","2","close","true"
"2025-10-01","true","34048.32058197319","33742.006122564766","33435.69166315634","0.7872621015193245","1.815626837928741","0.4","125","bullish","extreme-squeeze","","","","1.0032241642626845","rolling","66.20457617469513","squeeze","66.3","0.8","","","unknown","yahoo-QA-SYNTHETIC-005930","20","2","close","true"
"2025-10-02","true","34046.17596498008","33741.396869097145","33436.61777321421","0.8063073875295907","1.8065588515220876","0.4","125","bullish","extreme-squeeze","","","","1.003223070398643","rolling","66.85921967508062","pre-breakout","78.8","0.8","","","unknown","yahoo-QA-SYNTHETIC-005930","20","2","close","true"
"2025-10-03","true","34054.373871255775","33743.95789480008","33433.54191834438","0.8118189700981112","1.8398314591515772","2","125","strong-bullish","extreme-squeeze","","","","1.0032219772765814","rolling","67.49167109089633","pre-breakout","87.5","0.8","","","unknown","yahoo-QA-SYNTHETIC-005930","20","2","close","true"
"2025-10-06","true","34071.165749500506","33750.06289741302","33428.96004532554","0.8054825326143185","1.9028281699119163","3.5999999999999996","125","strong-bullish","extreme-squeeze","","","","1.0032208848957451","rolling","68.09623661390896","pre-breakout","87.5","0.8","","","unknown","yahoo-QA-SYNTHETIC-005930","20","2","close","true"
"2025-10-07","true","34093.09815582547","33759.865227356146","33426.63229888682","0.7915935414935844","1.9741366040721167","5.2","125","strong-bullish","squeeze","","","","1.0032197932553804","rolling","68.67007818762374","squeeze","72.5","0.8","","","unknown","yahoo-QA-SYNTHETIC-005930","20","2","close","true"
"2025-10-08","true","34116.153678366114","33773.288353143915","33430.423027921715","0.7744014242357979","2.0303934969973536","10.8","125","strong-bullish","compression","","","","1.003218702354735","rolling","69.21355191394377","mixed","67.5","0.8","","","unknown","yahoo-QA-SYNTHETIC-005930","20","2","close","true"
"2025-10-09","true","34136.58715041507","33790.03061974224","33443.47408906941","0.7568864193185169","2.0512353751484995","18.8","125","strong-bullish","compression","","","","1.0032176121930567","rolling","69.73041612751419","mixed","67.5","0.8","","","unknown","yahoo-QA-SYNTHETIC-005930","20","2","close","true"
"2025-10-10","true","34151.337668069165","33809.584004017415","33467.830339965665","0.7408512342258803","2.0216377936572143","8.4","125","strong-bullish","squeeze","","","","1.0032165227695955","rolling","70.22789100403278","squeeze","72.5","0.8","","","unknown","yahoo-QA-SYNTHETIC-005930","20","2","close","true"
"2025-10-13","true","34158.16596622438","33831.26570115403","33504.36543608368","0.7274655431637501","1.9325334615500172","4.3999999999999995","125","strong-bullish","extreme-squeeze","","","","1.0032154340836013","rolling","70.71653017856211","squeeze","75","0.8","","","unknown","yahoo-QA-SYNTHETIC-005930","20","2","close","true"
"2025-10-14","true","34155.64960480672","33854.26057815123","33552.871551495744","0.7178593725336482","1.7805086952629987","0.4","125","strong-bullish","extreme-squeeze","","","","1.003214346134326","rolling","71.20984241438013","squeeze","75","0.8","","","unknown","yahoo-QA-SYNTHETIC-005930","20","2","close","true"
"2025-10-15","true","34143.079446606804","33877.67185484477","33612.26426308273","0.7138530859619263","1.5668585072741972","0.4","125","bullish","extreme-squeeze","","","","1.0032132589210214","rolling","71.72358863126485","squeeze","66.3","0.8","","","unknown","yahoo-QA-SYNTHETIC-005930","20","2","close","true"
"2025-10-16","true","34120.20141725814","33900.57686135402","33680.9523054499","0.7194903307601698","1.2956980455072287","0.4","125","bullish","extreme-squeeze","","","","1.0032121724429417","rolling","72.27469066505762","squeeze","66.3","0.8","","","unknown","yahoo-QA-SYNTHETIC-005930","20","2","close","true"
"2025-10-17","true","34086.48586633073","33922.08440522639","33757.682944122054","0.7465543504491967","0.9692886742479133","0.4","125","bullish","extreme-squeeze","","","","1.003211086699341","rolling","72.87973698744979","squeeze","66.3","0.8","","","unknown","yahoo-QA-SYNTHETIC-005930","20","2","close","true"
"2025-10-20","true","34037.68195676037","33941.39018146752","33845.09840617467","0.8553834236503516","0.5674003025687767","0.4","125","bullish","extreme-squeeze","","","","1.0032100016894745","rolling","73.55316360540826","pre-breakout","78.8","0.8","","","unknown","yahoo-QA-SYNTHETIC-005930","20","2","close","true"
"2025-10-21","true","34041.84525253744","33949.72762432771","33857.60999611798","0.8659168970169072","0.5426707938812432","0.4","125","bullish","extreme-squeeze","","","","1.0032089174125993","rolling","74.3053137058458","pre-breakout","78.8","0.8","","","unknown","yahoo-QA-SYNTHETIC-005930","20","2","close","true"
"2025-10-22","true","34046.245202977676","33957.90435888346","33869.563514789246","0.8806840125327723","0.5202962065066579","0.4","125","bullish","extreme-squeeze","","","upper","1.0032078338679724","rolling","75.1407000648706","upper-band-walk","78.8","0.8","","","unknown","yahoo-QA-SYNTHETIC-005930","20","2","close","true"
"2025-10-23","true","34051.172938727745","33965.94492529699","33880.71691186624","0.898847348729991","0.5018439122962568","0.4","125","bullish","extreme-squeeze","","","upper","1.0032067510548524","rolling","76.05685257281488","upper-band-walk","78.8","0.8","","","unknown","yahoo-QA-SYNTHETIC-005930","20","2","close","true"
"2025-10-24","true","34056.89957474045","33973.882330006105","33890.86508527176","0.9188754581184899","0.4887121461595293","0.4","125","bullish","extreme-squeeze","","","upper","1.0032056689724986","rolling","77.04407679791137","upper-band-walk","78.8","0.8","","","unknown","yahoo-QA-SYNTHETIC-005930","20","2","close","true"
"2025-10-27","true","34063.64585778946","33981.7559935437","33899.866129297945","0.9386886122285948","0.4819636999413189","0.4","125","bullish","extreme-squeeze","","","upper","1.003204587620172","rolling","78.08626602197862","upper-band-walk","78.8","0.8","","","unknown","yahoo-QA-SYNTHETIC-005930","20","2","close","true"
"2025-10-28","true","34065.47528740468","33981.11955595449","33896.76382450429","-0.013069126938032213","0.49648588717798325","2","125","neutral","extreme-squeeze","lower","","","1.0032035069971337","rolling","44.25933945005263","bear-breakdown","58.9","0.9","","","unknown","yahoo-QA-SYNTHETIC-005930","20","2","close","true"
"2025-10-29","true","34068.178258720036","33986.64893477114","33905.11961082224","0.7571457284725849","0.4797726548761639","0.4","125","strong-bullish","extreme-squeeze","","lower","","1.0032024271026463","rolling","59.988498442500614","failed-breakout","75","0.8","","","unknown","yahoo-QA-SYNTHETIC-005930","20","2","close","true"
"2025-10-30","true","34108.57263953179","33998.71979538321","33888.866951234624","1.2774330493957724","0.6462175329525232","6.800000000000001","125","bullish","squeeze","upper","","","1.003201347935973","rolling","69.6790597566494","bull-breakout","76.3","0.8","","","unknown","yahoo-QA-SYNTHETIC-005930","20","2","close","true"
"2025-10-31","true","34189.68595303008","34017.487610995115","33845.28926896015","1.357771836571848","1.0124106988977426","8.4","125","bullish","expansion","","","","1.0032002694963786","rolling","76.03688418834896","mixed","78.8","0.8","","","unknown","yahoo-QA-SYNTHETIC-005930","20","2","close","true"
"2025-11-03","true","34296.20861435323","34042.877996055286","33789.54737775734","1.3115387517987627","1.4883031824001354","10","125","strong-bullish","squeeze","","","","1.0031991917831284","rolling","80.39525731872139","pre-breakout","85","0.8","","","unknown","yahoo-QA-SYNTHETIC-005930","20","2","close","true"
"2025-11-04","true","35073.68080366208","34149.591331189484","33225.50185871689","1.5490746816820975","5.412008966728724","99.6","125","strong-bullish","expansion","","","upper","5.78768417075935","rolling","94.00098509796395","upper-band-walk","100","0.8","","","unknown","yahoo-QA-SYNTHETIC-005930","20","2","close","true"
"2025-11-05","true","35138.17410932407","34187.12139208232","33236.06867484057","0.7759750519218652","5.563806945512598","99.6","125","strong-bullish","normal","","","","0.7505980108271434","rolling","57.69028995875118","mixed","37.5","0.8","","","unknown","yahoo-QA-SYNTHETIC-005930","20","2","close","true"
"2025-11-06","true","35213.699291146826","34229.786824053335","33245.874356959845","0.8006384141917764","5.748867044664699","99.6","125","strong-bullish","normal","","","upper","0.7506607929515419","rolling","59.043671280879416","upper-band-walk","62.5","0.8","","","unknown","yahoo-QA-SYNTHETIC-005930","20","2","close","true"
"2025-11-07","true","35296.48034891931","34276.7735053909","33257.06666186249","0.8124269063200543","5.94984147716257","99.6","125","strong-bullish","normal","","","upper","0.7507235434755254","rolling","60.20410678206075","upper-band-walk","62.5","0.8","","","unknown","yahoo-QA-SYNTHETIC-005930","20","2","close","true"
"2025-11-10","true","35382.29172079653","34327.185165497154","33272.07861019778","0.8132531151338495","6.147352602390952","99.6","125","strong-bullish","normal","","","upper","0.7507862624229463","rolling","61.15532081310901","upper-band-walk","62.5","0.8","","","unknown","yahoo-QA-SYNTHETIC-005930","20","2","close","true"
"2025-11-11","true","35467.038085937245","34380.09911065278","33293.160135368315","0.8053350897222885","6.323070633311083","99.6","125","strong-bullish","normal","","","upper","0.750848949817633","rolling","61.89024143650297","upper-band-walk","62.5","0.8","","","unknown","yahoo-QA-SYNTHETIC-005930","20","2","close","true"
"2025-11-12","true","35547.15984603526","34434.6235926434","33322.08733925154","0.7908014750589971","6.461730301181752","99.6","125","strong-bullish","normal","","","","0.7509116056833899","rolling","62.410753218137614","mixed","50","0.8","","","unknown","yahoo-QA-SYNTHETIC-005930","20","2","close","true"
"2025-11-13","true","35619.85909723141","34489.95325334452","33360.047409457635","0.7715393314357313","6.552086838664072","99.6","125","strong-bullish","normal","","","","0.7509742300439974","rolling","62.728271575521845","mixed","50","0.8","","","unknown","yahoo-QA-SYNTHETIC-005930","20","2","close","true"
"2025-11-14","true","35683.17662788219","34545.41919798896","33407.66176809573","0.74919718216664","6.587023439330355","99.6","125","strong-bullish","normal","","","","0.7510368229232123","rolling","62.8653818518085","mixed","50","0.8","","","unknown","yahoo-QA-SYNTHETIC-005930","20","2","close","true"
"2025-11-17","true","35735.9547846014","34600.53058380376","33465.10638300612","0.7252586809169373","6.563045026420062","98.8","125","strong-bullish","normal","","","","0.751099384344767","rolling","62.85383673335078","mixed","37.5","0.8","","","unknown","yahoo-QA-SYNTHETIC-005930","20","2","close","true"
"2025-11-18","true","35777.715203479274","34655.00513823646","33532.29507299365","0.7011331251393521","6.47935304447019","97.2","125","strong-bullish","normal","","","","0.7511619143323703","rolling","62.690641195917244","mixed","37.5","0.8","","","unknown","yahoo-QA-SYNTHETIC-005930","20","2","close","true"
"2025-11-19","true","35808.474843835604","34708.78670929523","33609.098574754855","0.6782364256062545","6.336655578029013","95.6","125","strong-bullish","normal","","","","0.7512244129097074","rolling","62.50258849088068","mixed","37.5","0.8","","","unknown","yahoo-QA-SYNTHETIC-005930","20","2","close","true"
"2025-11-20","true","35828.519868576834","34762.04875680774","33695.57764503864","0.6580554078811433","6.135835774410396","93.2","125","strong-bullish","normal","","","","0.7512868801004394","rolling","62.44647496501135","mixed","37.5","0.8","","","unknown","yahoo-QA-SYNTHETIC-005930","20","2","close","true"
"2025-11-21","true","35838.15117178438","34815.183567529246","33792.21596327411","0.6422052607220993","5.876560163877568","91.60000000000001","125","strong-bullish","normal","","","","0.7513493159282039","rolling","62.601330620716105","mixed","50","0.8","","","unknown","yahoo-QA-SYNTHETIC-005930","20","2","close","true"
"2025-11-24","true","35837.40099723727","34868.77786465215","33900.15473206702","0.6325140627539896","5.555819227992257","89.2","125","strong-bullish","normal","","","","0.7514117204166144","rolling","63.05811061113786","mixed","50","0.8","","","unknown","yahoo-QA-SYNTHETIC-005930","20","2","close","true"
"2025-11-25","true","35797.738290884176","34932.06607180516","34066.39385272614","0.6318379978034178","4.95631845708508","87.6","125","strong-bullish","normal","","","","0.7514740935892611","rolling","63.911984871193326","mixed","50","0.8","","","unknown","yahoo-QA-SYNTHETIC-005930","20","2","close","true"
"2025-11-26","true","35757.99496021558","34991.27325709482","34224.55155397406","0.6444130362852928","4.382359552836801","86.8","125","strong-bullish","normal","","","","0.7515364354697103","rolling","65.21453710903626","mixed","50","0.8","","","unknown","yahoo-QA-SYNTHETIC-005930","20","2","close","true"
"2025-11-27","true","35723.3667590273","35046.981643813415","34370.596528599526","0.6749834109591076","3.8598765627697693","86","125","strong-bullish","normal","","","","0.7515987460815047","rolling","66.9542975153307","mixed","50","0.8","","","unknown","yahoo-QA-SYNTHETIC-005930","20","2","close","true"
"2025-11-28","true","35699.7836376534","35099.99099360222","34500.19834955104","0.7276598355128384","3.4176227803620005","85.2","125","strong-bullish","normal","","","","0.7516610254481635","rolling","69.05377033642847","mixed","50","0.8","","","unknown","yahoo-QA-SYNTHETIC-005930","20","2","close","true"
"2025-12-01","true","35694.0475416351","35151.26888114625","34608.490220657404","0.8024640771853515","3.0882450492703044","73.2","125","strong-bullish","normal","","","","0.7517232735931821","rolling","71.3865893067428","mixed","62.5","0.8","","","unknown","yahoo-QA-SYNTHETIC-005930","20","2","close","true"