time,open,high,low,close,volume,volume_valid,SMA5,SMA20,SMA60,SMA120,SMA200,RSI(14),MACD(12,26,9).hist,MACD(12,26,9).macd,MACD(12,26,9).signal
2025-03-25,108.27261148888765,108.47261148888765,107.94896848893376,108.14896848893376,112800,1,108.31672387125191,109.06162733278238,108.25484671305193,107.47546738972883,106.30525053601126,36.21228537881431,-0.19074349428673948,-0.024131947660933406,0.16661154662580607
2025-03-26,108.30397471542312,108.50397471542313,107.98112726766797,108.18112726766797,112840,1,108.23605757281273,109.04806777265985,108.25588026541918,107.49591532275979,106.33346622653491,37.24670636124162,-0.18243976503595477,-0.06143815966913735,0.12100160536681741
2025-03-27,108.38338628325623,108.58338628325623,108.07485818502359,108.27485818502359,112880,1,108.20999524658146,109.02530207558796,108.26143340223732,107.51484078819261,106.36137758222874,40.28621167087726,-0.16279281482676686,-0.08248941316664116,0.0803034016601257
2025-03-28,108.50837125241824,108.70837125241825,108.22610993958287,108.42610993958287,112920,1,108.24193375481741,108.99652213539184,108.27293728940026,107.53284352529582,106.38902564322728,44.92222825108717,-0.13302419586479555,-0.08597684317086873,0.04704735269392682
2025-03-31,108.67419356258928,108.87419356258928,108.4272548628684,108.6272548628684,112960,1,108.33166374881527,108.96529378240464,108.29145310396753,107.55058064411625,106.41646782005397,50.43350139251605,-0.09498477669522194,-0.0716836181751006,0.023301158520121337
2025-04-01,108.87401195869408,109.07401195869409,108.667563170825,108.86756317082501,113000,1,108.47538268519354,108.93533507740813,108.31760605531427,107.56872576955912,106.44377432411282,56.08695138636765,-0.05103966416115343,-0.04049842168132045,0.01054124247983298
2025-04-02,109.0991190438869,109.3338700898234,108.8991190438869,109.1338700898234,113040,1,108.66593124962462,108.91028514062145,108.35154651264067,107.58792715865398,106.47102380228347,61.34824863526924,-0.003921152515307443,0.005639801835698677,0.00956095435100612
2025-04-03,109.33926910615412,109.611394378522,109.13926910615412,109.41139437852199,113080,1,108.8932384883243,108.89347788883174,108.39294065574319,107.60876739507243,106.4982984470391,65.92947087355645,0.04344115740289825,0.06386240110462893,0.020421243701730683
2025-04-04,109.58309784554044,109.88465735386166,109.38309784554043,109.68465735386165,113120,1,109.14494797118007,108.88773474859576,108.4409912303381,107.63172716689715,106.5256788861165,69.73346132509653,0.08810250655831375,0.13054937689962287,0.04244687034130912
2025-04-07,109.81863182727157,110.1384452806086,109.61863182727157,109.93844528060859,113160,1,109.4071860547281,108.89518923360208,108.49448711747137,107.65715537976499,106.55323916947391,72.77380286400148,0.1272860685741642,0.20155445605901434,0.07426838748485017
2025-04-08,110.03387768606026,110.3587552877246,109.83387768606026,110.1587552877246,113200,1,109.66542447810802,108.9171542931233,108.55187863502925,107.6852474636045,106.58104216522337,75.11109676138861,0.1585555993467205,0.2724628866682508,0.1139072873215303
2025-04-09,110.21747153813986,110.53366599906651,110.01747153813986,110.33366599906651,113240,1,109.90538365995664,108.95404067918953,108.61137388946644,107.71603322174944,106.6091356507959,76.81301059665128,0.1799669109040174,0.33886592595155207,0.15889901504753468
2025-04-10,110.35935882252693,110.65407874681446,110.15935882252693,110.45407874681446,113280,1,110.11392053361514,109.00533140801659,108.67105018706768,107.74937497791186,106.6375493423723,77.9317782297366,0.19018875159739818,0.39663495454428244,0.20644620294688426
2025-04-11,110.4514652426751,110.71428328256827,110.2514652426751,110.51428328256827,113320,1,110.27984571935647,109.0696139035537,108.72897357773073,107.78497613622685,106.66629304727492,78.49058988838601,0.18858557688118477,0.44217817404836524,0.25359259716718047
2025-04-14,110.48831205092144,110.71231281293576,110.28831205092143,110.51231281293576,113360,1,110.39461922582191,109.14466782462073,108.78331909861662,107.8223996221469,106.69535605419588,78.42059707008303,0.17525706439433036,0.47266392766009346,0.2974068632657631
2025-04-15,110.4675249515486,110.6675249515486,110.25006628521999,110.45006628521999,113400,1,110.452881425321,109.22760311496856,108.83248424150001,107.86109505762035,106.72470779917435,76.11163392606046,0.15103191648764802,0.4861967588753231,0.3351648423876751
2025-04-16,110.39018645812882,110.59018645812883,110.13319032007328,110.33319032007329,113440,1,110.45278628952235,109.31503969297903,108.87518858896905,107.90043298093282,106.75429976591555,71.8348546513039,0.11741633552533826,0.481935261794348,0.3645189262690097
2025-04-17,110.26098725878282,110.46098725878282,109.97072813197404,110.17072813197404,113480,1,110.39611616655425,109.40331760876875,108.91055342457837,107.93974398358799,106.78406850229894,66.26123783785386,0.07650037551719935,0.4601443956655089,0.38364402014830956
2025-04-18,110.0881431055875,110.28814310558751,109.77455726595052,109.97455726595052,113520,1,110.28817096323071,109.4887246021461,108.93815636718163,107.97836033088562,106.81393956552388,60.18852829857111,0.03082799268327141,0.42217901100239885,0.39135101831912744
2025-04-21,109.8830594388862,110.08305943888621,109.55865110935906,109.75865110935906,113560,1,110.13743862251538,109.56772691297013,108.9580576325456,108.01565747843111,106.84383215060228,54.29104933270106,-0.01676112542245367,0.3703996115410604,0.38716073696351405
2025-04-22,109.6597452850323,109.8597452850323,109.33821009433711,109.53821009433712,113600,1,109.9550673843388,109.63718899324029,108.97079628942525,108.05109290328095,106.87366411442146,49.010776989862485,-0.06330811793031199,0.3080255895506241,0.3713337074809361
2025-04-23,109.43399932436625,109.63399932436626,109.1287166085552,109.3287166085552,113640,1,109.75417264203517,109.69456846028466,108.97735674287962,108.0842398353918,106.90335708300499,44.573954469117574,-0.10591891829288336,0.23893505961483186,0.3448539779077152
2025-04-24,109.22241245190897,109.42241245190897,108.94497237533906,109.14497237533907,113680,1,109.54902149070817,109.73807416980041,108.97910752873301,108.11481379211465,106.93284132442705,41.06274808283097,-0.14194419332571678,0.16742373625056928,0.30936792957628606
2025-04-25,109.0412505149492,109.2412505149492,108.8001781542045,109.0001781542045,113720,1,109.35414566835898,109.7667775805315,108.97771622464597,108.14269026594816,106.96206008440568,38.489733256307275,-0.1691440659128744,0.09793784718519305,0.26708191309806745
2025-04-28,108.90529613017192,109.10529613017192,108.70511298156735,108.90511298156736,113760,1,109.18343804280062,109.78067048646645,108.97504576821309,108.16791246581194,106.9909731150093,36.8568058849242,-0.18582737971731828,0.03479768845141962,0.2206250681687379
2025-04-29,108.82673775681414,109.06746398246663,108.62673775681414,108.86746398246663,113800,1,109.04928882042653,109.78066552704851,108.97303862852633,108.19068863052532,107.01955917707808,36.201765026986315,-0.1909568470910426,-0.018070990695065348,0.17288585639597726
2025-04-30,108.81419621410195,109.09134842236153,108.61419621410195,108.89134842236153,113840,1,108.96181518318778,109.76853944367545,108.97359603285506,108.21137908152609,107.04781736077203,36.96712217015075,-0.18421354259692044,-0.05738107185017327,0.12683247074674717
2025-05-01,108.87197291092258,109.17705771550692,108.67197291092258,108.97705771550692,113880,1,108.92823225122136,109.74682261052469,108.97845975754299,108.2304738198287,107.07576714214044,39.759914181435654,-0.16601673224774804,-0.08068844456293789,0.08532828768481016
2025-05-02,108.99959028239772,109.32103930622633,108.79959028239772,109.12103930622632,113920,1,108.95240448162572,109.71864170814294,108.9891038327912,108.24856206013447,107.10344717219549,44.230190379537824,-0.13749780557624858,-0.08654396928550057,0.05095383629074801
2025-05-05,109.1916741568218,109.51611754961743,108.9916741568218,109.31611754961743,113960,1,109.03460539523572,109.6875253215934,109.0066428945996,108.26629559631526,107.13091287377952,49.67880705974514,-0.10042993131367232,-0.0745835778513424,0.025846353462329927
2025-05-06,109.43820158533559,109.75193985839739,109.23820158533559,109.55193985839739,114000,1,109.17150057042186,109.65718455012704,109.03176288209913,108.28434827602742,107.15823299564111,55.35689623061533,-0.05711781034634868,-0.045550909470605916,0.01156690087574276
2025-05-07,109.72510822705063,110.01562037663818,109.52510822705062,109.81562037663818,114040,1,109.3563549612772,109.63128226900562,109.06467838917884,108.3033741041283,107.18548533797087,60.697055483995456,-0.010254380577197707,-0.0012510748457543741,0.009003305731443333
2025-05-08,110.03521926398102,110.2925411598765,109.83521926398102,110.0925411598765,114080,1,109.57945165015113,109.61320538965872,109.10511932207729,108.3239665798218,107.21275191516243,65.38066557421013,0.037246616910076316,0.05556157686903873,0.01831495995896241
2025-05-09,110.3494397502826,110.56726104809978,110.1494397502826,110.36726104809978,114120,1,109.82869599852582,109.60585427793531,109.15234769250442,108.34662179575243,107.24011385655461,69.2904142086662,0.08243180015903834,0.12135471015776034,0.038922909998722
2025-05-12,110.64811689985359,110.8481168998536,110.42447572228747,110.62447572228747,114160,1,110.09036763305983,109.6114624234029,109.2052035021791,108.37170759336749,107.2676463622022,72.42990172560435,0.12249177332614285,0.19203762665640056,0.06954585333025771
2025-05-13,110.91247034058028,111.11247034058029,110.64996925284278,110.84996925284278,114200,1,110.3499735119489,109.63145757178401,109.26217686590381,108.39944069231747,107.29541402730064,74.85668180605956,0.15493580130717818,0.26321560496423047,0.10827980365705228
2025-05-14,111.12597847369447,111.32597847369448,110.83149797724103,111.03149797724103,114240,1,110.59314903206946,109.66637295464241,109.32150188891326,108.42987321587785,107.3234668259697,76.63935940804507,0.17774667158237434,0.33046314313502023,0.1527164715526459
2025-05-15,111.2756106667567,111.47561066675671,110.95955175166432,111.15955175166432,114280,1,110.80655115042703,109.71581413562691,109.38126646165789,108.46288945017626,107.3518370041048,77.83330066211244,0.1895061147206702,0.38959911495348365,0.20009300023281346
2025-05-16,111.35280610522567,111.55280610522567,111.0279452456825,111.2279452456825,114320,1,110.97868798994357,109.77848353461351,109.43953114551456,108.49821303872068,107.38053707448331,78.46632931557414,0.1894829855036606,0.4369467321123892,0.2474637466087286
2025-05-19,111.35411987414504,111.55411987414504,111.03420251614115,111.23420251614115,114360,1,111.10063334871431,109.85226110495262,109.4944497576866,108.53542416490755,107.40955903878074,78.52674851512334,0.17767872199400592,0.46956214910123606,0.29188342710723014
2025-05-20,111.28148357063067,111.48148357063067,110.97971094931485,111.17971094931485,114400,1,111.16658168800873,109.93433614770152,109.54438415790818,108.57398565418484,107.43887488486779,76.51337969796857,0.15482725612374093,0.4854174972619063,0.3305902411381654
2025-05-21,111.14205913285852,111.34205913285852,110.86963499994832,111.06963499994832,114440,1,111.1742090925502,110.02138206727118,109.58800610007202,108.61327637296394,107.46843832846884,72.47117014738375,0.12234938136138207,0.483526967839893,0.36117758647851095
2025-05-22,110.9476978441069,111.1476978441069,110.7125950904741,110.9125950904741,114480,1,111.12481776031214,110.10976320302794,109.62437981613888,108.65262984769772,107.49818769089411,67.03045619804071,0.0822644146556234,0.4640081047980402,0.3817436901424168
2025-05-23,110.71404868374795,110.92013163489797,110.51404868374794,110.72013163489797,114520,1,111.02325503815523,110.1957608770626,109.6530201976621,108.69137570297787,107.52804973392182,60.98743758088568,0.037064645087830694,0.4280744965022052,0.3910098514143745
2025-05-26,110.45938850423175,110.70598751175116,110.25938850423175,110.50598751175116,114560,1,110.87761203727723,110.27580460357179,109.6739229574811,108.72888134223062,107.55794421339603,55.04157121053212,-0.010439624591782937,0.3779603206746458,0.38839994526642874
2025-05-27,110.20326843792218,110.48525359846583,110.00326843792217,110.28525359846583,114600,1,110.69872056710742,110.34669408437173,109.68756489627626,108.764591279508,107.58778886841972,49.66648126402422,-0.05729480897773587,0.31678143404425896,0.3740762430219948
2025-05-28,109.96508460732633,110.27343049370783,109.76508460732633,110.07343049370783,114640,1,110.49947966585933,110.40579818793904,109.69487425741211,108.79806167691343,107.61750453593885,45.113552163691004,-0.10058767964431381,0.2483416434666026,0.3489293231109164
2025-05-29,109.76268552988958,110.08546476522758,109.56268552988958,109.88546476522758,114680,1,110.29405360081,110.45121854042506,109.69717301326065,108.82898794029262,107.64702007271768,41.4798086819211,-0.13762649557907636,0.17689620363707093,0.3145226992161473
2025-05-30,109.6111233484597,109.93481964466991,109.4111233484597,109.73481964466991,114720,1,110.09699120276439,110.48190755734724,109.69609467136213,108.85722365742267,107.6762767786806,38.78358294351519,-0.16610836260181744,0.10688724596387544,0.2729956085656929
2025-06-02,109.5216418357019,109.83263794903839,109.3216418357019,109.63263794903838,114760,1,109.92232129022184,110.49773357731829,109.69348271083807,108.88278970121499,107.7052320465985,37.025562620052284,-0.18426241617071287,0.04266758835230178,0.22693000452301465
2025-06-03,109.5009724738912,109.78704927430348,109.30097247389119,109.58704927430348,114800,1,109.78268042538937,110.49948904811359,109.69127596378812,108.90587293193883,107.7338620111999,36.236359010815136,-0.19095992516260085,-0.011769901930236415,0.17919002323236444
2025-06-04,109.55098290890437,109.80266453650017,109.35098290890437,109.60266453650017,114840,1,109.68852723394782,110.48884125610668,109.69138806810075,108.9268145791547,107.76216303299799,36.73379383429835,-0.18578447090721878,-0.05304056540165902,0.13274390550555976
2025-06-05,109.66869226172679,109.8802892873015,109.46869226172679,109.68028928730149,114880,1,109.6474921383626,110.46822866247794,109.6955884867179,108.94608902571302,107.79015192457622,39.270097686818595,-0.16905783808326463,-0.07857839209852102,0.09047944598474361
2025-06-06,109.846637876566,110.04663787656601,109.61687362871703,109.81687362871703,114920,1,109.66390293517205,110.4407092915088,109.70539249099942,108.96427431292618,107.81786490526333,43.557746544566385,-0.14182000770560071,-0.08679556364725727,0.05502444405834343
2025-06-09,110.07355073206638,110.27355073206638,109.80570184097823,110.00570184097823,114960,1,109.73851571355999,110.40977059744334,109.72196694848913,108.98201620075938,107.84535534919101,48.926381878240036,-0.10576449614282812,-0.07718117612019171,0.02858332002263641
2025-06-10,110.33527424748439,110.5352742474844,110.03680993346636,110.23680993346636,115000,1,109.86846784539257,110.37911263147453,109.7460577727425,108.9999880176037,107.8726904667487,54.616141654278486,-0.06313306047187783,-0.050333005567210876,0.012800054904666952
2025-06-11,110.61584534129224,110.81584534129225,110.29760515738948,110.49760515738949,115040,1,110.04745596957044,110.35241799048194,109.77794354603459,109.01884879597792,107.89994712576727,60.02773580832349,-0.016576316880782115,-0.007920341196310687,0.008655975684471425
2025-06-12,110.89864841411715,111.09864841411715,110.5736489619103,110.7736489619103,115080,1,110.26612790449221,110.33312285099423,109.81741819846343,109.03920229707856,107.92720707224952,64.81070345415432,0.03101106180787781,0.04741980294431869,0.01640874113644088
2025-06-13,111.16755273069928,111.36755273069929,110.84955471330524,111.04955471330524,115120,1,110.51266412140986,110.32420332437536,109.86380382037846,109.06155947183285,107.9545518477997,68.82584464759164,0.07667032287297706,0.11224664472766221,0.03557632185468515
2025-06-16,111.40795100149437,111.60795100149437,111.10994436132547,111.30994436132548,115160,1,110.77351262547931,110.32799041663459,109.91599281151925,109.0863066924449,107.98205771976149,72.06536613277109,0.11756259460852816,0.18252956511534535,0.06496697050681718
2025-06-17,111.60763066531005,111.80763066531006,111.34040457187898,111.54040457187898,115200,1,111.03423155316185,110.3460250977628,109.97251674623499,109.11368172964337,108.00979093928392,74.58286713228823,0.1511453936165019,0.25389871252744456,0.10275331891094266
2025-06-18,111.75742776608823,111.95742776608823,111.52838287833451,111.72838287833451,115240,1,111.28038709735085,110.37896249168209,110.03163767307943,109.14375896924922,108.03780362214586,76.4473679459842,0.17533070411022833,0.3219166990487281,0.14658599493849978
2025-06-19,111.85163437654445,112.06396813309993,111.65163437654445,111.86396813309993,115280,1,111.49845093158876,110.42653114381339,110.09145617221404,109.1764447872256,108.06613050844929,77.71705867084282,0.18861480062287636,0.38235449571709523,0.19373969509421887
2025-06-20,111.88815210915932,112.14050673477554,111.68815210915932,111.94050673477554,115320,1,111.67664133588282,110.48754989880729,110.15002945213391,109.21148337076701,108.09478680264803,78.42415575032908,0.19017174237374418,0.4314543730613991,0.24128263068765493
2025-06-23,111.8684043391229,112.15501631686293,111.6684043391229,111.95501631686292,115360,1,111.80565572699031,110.56000133906286,110.20549214303382,109.2484726235006,108.1237672282084,78.56303230819286,0.1799047262656771,0.46616353851975134,0.28625881225407424
2025-06-24,111.79703662248625,112.10837117686901,111.59703662248624,111.90837117686901,115400,1,111.87924904798831,110.64115721798302,110.2561722764679,109.28688916589103,108.15304635567855,76.8504797506439,0.15845210563280832,0.48432394429508463,0.3258718386622763
2025-06-25,111.68144717340402,112.0052479167217,111.48144717340402,111.8052479167217,115440,1,111.89462205566574,110.72774808913373,110.30069524024954,109.32612087644503,108.18258018376866,73.05878777142017,0.12714770052198537,0.48480646431475805,0.35765876379277267
2025-06-26,111.53119648398146,111.85383467431264,111.33119648398146,111.65383467431263,115480,1,111.85259536390829,110.81616658458799,110.33806924517938,109.36550495046122,108.21230887513795,67.77158441498577,0.08793786722260188,0.4675810978210251,0.3796432305984232
2025-06-27,111.35734714838567,111.66532202474181,111.15734714838567,111.46532202474181,115520,1,111.75755842190154,110.90269170359159,110.36774698969406,109.404369110016,108.2421604767908,61.77721882445394,0.04326048325945814,0.43371883467274586,0.3904583514132877
2025-06-30,111.1717821760092,111.45320720455845,110.9717821760092,111.25320720455845,115560,1,111.61719659944063,110.98372016636759,110.38965968842655,109.44207340294888,108.27205539376538,55.796943286825666,-0.004106628023999748,0.3853250663832881,0.38943169440728787
2025-07-01,110.9865435026584,111.23245491896525,110.7865435026584,111.03245491896524,115600,1,111.4420133478599,111.05599044860068,110.40422134894723,109.47804999198816,108.30191133796303,50.335741867675225,-0.051218409067060544,0.32540868307346216,0.3766270921405227
2025-07-02,110.81322331396981,111.01856690892916,110.61322331396981,110.81856690892916,115640,1,111.24467714630138,111.11678556722215,110.41230303077828,109.51183846012228,108.33164844442354,45.671422883708814,-0.0951456775066496,0.25769499525721073,0.35284067276386033
2025-07-03,110.66243060996618,110.86243060996618,110.42661812800958,110.62661812800958,115680,1,111.03923383704077,111.16410200925756,110.41517868713154,109.54311443709953,108.36119423694163,41.917457179918166,-0.1331572485494683,0.18639411207702494,0.31955136062649325
2025-07-04,110.54334555689906,110.74334555689906,110.2703194547604,110.4703194547604,115720,1,110.8402333230445,111.19677430055974,110.41444595666806,109.57170976719931,108.39048813428637,39.09927490806694,-0.16288974681412077,0.11593917710884227,0.27882892392296305
2025-07-07,110.4633657797089,110.6633657797089,110.16116521670905,110.36116521670905,115760,1,110.66182492547463,111.21454746934629,110.41192683006429,109.59762296434036,108.41948521684864,37.217402384055625,-0.18249454956553934,0.050710736966038894,0.23320528653157824
2025-07-08,110.42784269045197,110.62784269045197,110.1077185287427,110.3077185287427,115800,1,110.51687764743015,111.21809289911009,110.40955436745635,109.62101930447807,108.44815901952494,36.296215550710315,-0.19075272512296196,-0.005235619872124175,0.18551710525083778
2025-07-09,110.43990263915437,110.63990263915437,110.11507888009936,110.31507888009936,115840,1,110.41618004166419,111.20896658524559,110.40925251012345,109.64222054954614,108.47650317718923,36.52920595113246,-0.18715082012804454,-0.04842141990921789,0.13872940021882665
2025-07-10,110.50034706748508,110.70034706748508,110.18456507282608,110.38456507282608,115880,1,110.36776943062748,111.1895123907914,110.41281645913766,109.66168494185787,108.50453182044575,38.80469905099134,-0.17191278358783824,-0.07616157926597111,0.09575120432186711
2025-07-11,110.60762746622251,110.80762746622251,110.31363322505511,110.51363322505512,115920,1,110.37643218468641,111.16271631637889,110.42180105845607,109.67997871281871,108.53227869705648,42.89962287662142,-0.14598604281016722,-0.08673134919084191,0.05925469361932531
2025-07-14,110.75789396480785,110.95789396480785,110.49603493725742,110.69603493725742,115960,1,110.44340612879607,111.1320208451755,110.43742412225438,109.69774087739985,108.55979507366867,48.17729418417226,-0.11098259696244853,-0.07947355258373534,0.031509044378713186
2025-07-15,110.94511978184639,111.14511978184639,110.72220578746168,110.92220578746168,116000,1,110.56630358053985,111.10111090595464,110.46049071713978,109.71564350328238,108.58714654830307,53.87070570985194,-0.06907879077107656,-0.05483944408513253,0.014239346685944043
2025-07-16,111.16130644946088,111.37986000068801,110.96130644946088,111.17986000068801,116040,1,110.73925980465758,111.07368476207235,110.49134310700865,109.73434992494398,108.61440897178673,59.34970777870546,-0.022879999947261514,-0.014360653248132849,0.008519346699128665
2025-07-17,111.39677571032452,111.65475431893101,111.19677571032452,111.45475431893101,116080,1,110.95329765387858,111.05322407136389,110.52983947273518,109.75447350073395,108.64166373171597,64.2310973491268,0.02474135845581246,0.03944604476889424,0.01470468631308178
2025-07-18,111.64055255130286,111.93157357795646,111.44055255130286,111.73157357795645,116120,1,111.19688572445884,111.04277741352294,110.57536272979772,109.7765394772217,108.66899269216974,68.35241083945652,0.07082441902293739,0.10323521009175352,0.03241079106881613
2025-07-21,111.88083963584798,112.1948829300355,111.68083963584797,111.9948829300355,116160,1,111.45665532301446,111.04477074418158,110.62685889560552,109.80095233190917,108.69647310379783,71.69338170585719,0.1125039602477018,0.17304074137844339,0.06053678113074158
2025-07-22,112.10557652862646,112.43008750801911,111.90557652862645,112.23008750801911,116200,1,111.71823166712593,111.06085656073908,110.6829026210314,109.82797062477873,108.72417280074953,74.30300906745936,0.1471885501283351,0.24452246879116046,0.09733391866282537
2025-07-23,112.3030681279367,112.62433986348825,112.1030681279367,112.42433986348824,116240,1,111.96712763968598,111.09181115807739,110.74178581171685,109.85769092228581,108.75214598307478,76.25039532162901,0.17272166885815166,0.31323600473551494,0.14051433587736328
2025-07-24,112.46265660046143,112.76733875887093,112.26265660046143,112.56733875887093,116280,1,112.18964452767398,111.1374863623053,110.80162382910626,109.89004179332447,108.78042984682762,77.59637702609403,0.18751579078217978,0.374909074355088,0.18739328357290824
2025-07-25,112.57540111856426,112.85196964850127,112.37540111856426,112.65196964850126,116320,1,112.37372374178294,111.19681874349325,110.86047266814417,109.92478825046754,108.80904227139563,78.37741351045767,0.19065108905335335,0.42570714488959993,0.23505605583624659
2025-07-28,112.63472125655352,112.8747470266102,112.43472125655352,112.67474702661019,116360,1,112.5096965610979,111.26789573459584,110.91644982609405,109.96154636034667,108.83798070784633,78.59371222282958,0.18193262601073978,0.4624718383496713,0.28053921233893153
2025-07-29,112.63695441023614,112.83695441023615,112.43603113919244,112.63603113919244,116400,1,112.59088528733257,111.34807454560719,110.96785134744064,109.99980711476974,108.86722233740737,77.18044674759057,0.16190247345912628,0.4829173041628394,0.3210148307037131
2025-07-30,112.58177625848427,112.78177625848427,112.34000558565542,112.54000558565542,116440,1,112.614018431766,111.43414647944348,111.01325776759091,110.03896807838473,108.89672549022727,73.64331247290164,0.13180600926970432,0.48577234229084354,0.3539663330211392
2025-07-31,112.47243690671093,112.67243690671093,112.19441720287092,112.39441720287093,116480,1,112.57943412056599,111.52253643318654,111.05162236830749,110.07837084519224,108.926432236205,68.51631787381767,0.09351448581592914,0.47085944029105065,0.3773449544751215
2025-08-01,112.31577425373696,112.51577425373696,112.01009440437974,112.21009440437975,116520,1,112.49105907174172,111.60952518066749,111.08233625757882,110.11734197504147,108.95627198680306,62.57644126616583,0.04940868456419484,0.4391058101803651,0.38969712561617026
2025-08-04,112.12198003371539,112.32198003371539,111.8002739220842,112.0002739220842,116560,1,112.35616445083652,111.69148061593623,111.10526622757543,110.1552348648771,108.98616588390082,56.56492367903912,0.0022308906133130524,0.3924857388828116,0.3902548482694985
2025-08-05,111.90411203220205,112.10411203220205,111.57977781036956,111.77977781036957,116600,1,112.18491378507193,111.76508358001759,111.12076303686754,110.19146995138551,109.01603170281065,51.01820461348222,-0.045085609310756614,0.33389783663105277,0.3789834459418094
2025-08-06,111.67736674409105,111.87736674409105,111.36409188255175,111.56409188255175,116640,1,111.98973104445119,111.82753423014019,111.12963960195606,110.2255707454345,109.04578896461052,46.241519428680895,-0.08959890441649054,0.26698481542119623,0.3565837198376868
2025-08-07,111.4581483906861,111.65814839068611,111.1684028780098,111.3684028780098,116680,1,111.78452817947895,111.87672612039937,111.13312045406181,110.2571934578597,109.07536393993381,42.365850478425386,-0.12854137361083523,0.19590700282414275,0.324448376434978
2025-08-08,111.26299065395577,111.46299065395577,111.00665422428695,111.20665422428695,116720,1,111.58384014346038,111.91137717036096,111.13276560370522,110.28614837460972,109.10469423310407,39.42454456110736,-0.15949176277408011,0.12508367296737788,0.284575435741458
2025-08-11,111.10740459071582,111.30740459071582,110.89067910229988,111.09067910229989,116760,1,111.4019211795035,111.93110937861309,111.13037354680787,110.31241165224706,109.13373266159607,37.418592447908246,-0.1805257266138474,0.058918277474148795,0.23944400408799618
2025-08-12,111.00473801971198,111.22946471646252,110.80473801971198,111.02946471646251,116800,1,111.2518585607221,111.93647232506312,111.12786944292701,110.33612680041743,109.1624501896166,36.36679468488042,-0.19033547513490404,0.0015246601693661432,0.19186013530427018
2025-08-13,110.96513669772065,111.22859351384426,110.76513669772065,111.02859351384426,116840,1,111.1447588869806,111.9289090007209,111.12718541815862,110.35759575911516,109.19083773340957,36.35113391467146,-0.18831108568696425,-0.04352872180443512,0.14478236388252913
2025-08-14,110.9946948730259,111.28989609464941,110.7946948730259,111.0898960946494,116880,1,111.08905753030851,111.91066608950682,111.13014043489487,110.37726012551671,109.21890672603985,38.3625280535496,-0.17457842500093823,-0.07344066736864363,0.10113775763229459
2025-08-15,111.09487209914491,111.41133739436285,110.8948720991449,111.21133739436284,116920,1,111.08999416432371,111.88465428032714,111.13832719755261,110.39567369760721,109.24668840654073,42.25556879341368,-0.14999132340519195,-0.08635139662419533,0.0636399267809966
2025-08-18,111.26223505638677,111.58714321420486,111.06223505638677,111.38714321420485,116960,1,111.1492869867047,111.85426729453562,111.15301312592685,110.4134680417038,109.27423187762219,47.431855282909524,-0.11607848779130128,-0.08145818295813001,0.03462030483317128
2025-08-19,111.48855886529924,111.80815923284445,111.28855886529924,111.60815923284444,117000,1,111.26502588998108,111.82317088077689,111.17506155316649,110.43131322472121,109.30160105270211,53.12117221664274,-0.07494845402356048,-0.05906526269627932,0.01588319132728116
2025-08-20,111.76129393939217,112.06242017776138,111.56129393939217,111.86242017776138,117040,1,111.43179122276449,111.79507489649056,111.20487804790072,110.44987615265626,109.32887068207958,58.66372012298474,-0.029158488391571376,-0.02056491916218306,0.008593569229388316
2025-08-21,112.0643742526806,112.3358937679387,111.86437425268059,112.1358937679387,117080,1,111.64099075742236,111.77350264694397,111.2423851979459,110.4697791056031,109.35612170532332,63.6427442031358,0.01844441082177046,0.03164908275660139,0.01320467193483093
2025-08-22,112.37931368602088,112.6133531731321,112.17931368602088,112.4133531731321,117120,1,111.8813939131762,111.76157182317552,111.28702742342027,110.49156104739103,109.38343621884131,67.87115087087777,0.06490052590425993,0.09433032931515584,0.029429803410895912
2025-08-25,112.6865115600932,112.8865115600932,112.47932374442455,112.67932374442455,117160,1,112.13983001922016,111.76180065906624,111.33780552001004,110.51564411542388,109.41089237152383,71.31510767614846,0.10732144062661429,0.1635816041941638,0.056260163567549495
2025-08-26,112.96666899274678,113.16666899274678,112.71904515294574,112.91904515294574,117200,1,112.40200720324042,111.77595135975392,111.39333878465408,110.54230737422094,109.43855950582387,74.01836237115393,0.14306962797374556,0.23509719853473143,0.09202757056098589
2025-08-27,113.20220625642236,113.40220625642236,112.91938911563066,113.11938911563067,117240,1,112.65340099081428,111.8049205362527,111.45195086097291,110.57166946453668,109.46649384637936,76.0497720414625,0.16992243879995,0.3044306190609234,0.1345081802609734
2025-08-28,113.37856907340397,113.57856907340397,113.06967564827492,113.26967564827493,117280,1,112.8801573668815,111.8486834585229,111.51177396698914,110.60368122685335,109.49473500423747,77.47265597043997,0.18621029538754158,0.36727104949540035,0.18106075410785877
2025-08-29,113.48531915140047,113.68531915140048,113.16233709522479,113.36233709522479,117320,1,113.06995415130004,111.90629559306515,111.57086502476427,110.63812875788169,109.52330351403148,78.3275864457253,0.19092049770283848,0.41971137623640686,0.2287908785335684
2025-09-01,113.51692072093398,113.71692072093398,113.19338864955245,113.39338864955245,117360,1,113.21276713232562,111.97595132943857,111.62732647157385,110.67464671003133,109.55219955723686,78.62039877369457,0.18376018817938677,0.4584911137578018,0.27473092557841505
2025-09-02,113.47315903076424,113.67315903076424,113.16267610905066,113.36267610905067,117400,1,113.30149332354661,112.05509624437263,111.67942424116693,110.71274100695456,109.58140295088788,77.50500324755367,0.16517456018295507,0.4811991258071089,0.3160245656241538
2025-09-03,113.35915660104239,113.55915660104239,113.07388546377916,113.27388546377917,117440,1,113.3323925931763,112.14058592343402,111.72569557960675,110.75181956282053,109.61087440245679,74.22640475600964,0.1363191780443177,0.486423538179551,0.3501043601352333
2025-09-04,113.1849859042961,113.3849859042961,112.93431371905557,113.13431371905557,117480,1,113.30532020733244,112.2288814654863,111.76503999222584,110.79122909534449,109.64055795287281,69.26625080989855,0.09898812966608855,0.473839522217844,0.3748513925517554
2025-09-05,112.96491013259984,113.16491013259984,112.75441520300711,112.95441520300712,117520,1,113.2237358288889,112.31626951442232,111.7967876670542,110.83029574371618,109.67038445578608,63.386632087452924,0.05550247882643383,0.4442294910847977,0.38872701225836387
2025-09-08,112.71631389508144,112.9471515670825,112.51631389508144,112.7471515670825,117560,1,113.09448841239491,112.39909313766145,111.82074112048349,110.86836696600122,109.70027587675291,57.346900380835315,0.00856595267524124,0.39943445310241543,0.3908685004271742
2025-09-09,112.45841041901963,112.7271858933435,112.25841041901963,112.5271858933435,117600,1,112.92739036925347,112.4739791965055,111.83718747584125,110.90485211103797,109.73015014503943,51.71502316786558,-0.03890316292477081,0.3422395467712107,0.3811427096959815
2025-09-10,112.2108289626461,112.50997101504191,112.0108289626461,112.30997101504191,117640,1,112.73460747950602,112.53804807156538,111.84688061145303,110.93925914226608,109.75992625638233,46.824699878089206,-0.08395346827853911,0.2762008743478077,0.3601543426263468
2025-09-11,111.99219426644969,112.31078873429246,111.79219426644968,112.11078873429246,117680,1,112.52990248255341,112.58909270354755,111.85099428813957,110.97122523017667,109.78952930944169,42.825533741764175,-0.12378395359675265,0.205424400630406,0.32920835422715866
2025-09-12,111.8188083936643,112.14379967363355,111.6188083936643,111.94379967363355,117720,1,112.3277793766787,112.62571581751108,111.85104917045388,111.00053931129376,109.81889516280346,39.75962825177219,-0.155918152218177,0.13431066395443736,0.29022881617261437
2025-09-15,111.70353454847503,112.02116283710367,111.50353454847503,111.82116283710367,117760,1,112.14258163068294,112.64741679865601,111.84881827912454,111.02715521107908,109.84797442298186,37.629053045558045,-0.17835811531197093,0.06728117203265072,0.24563928734462165
2025-09-16,111.65496356538527,111.95227962226153,111.45496356538527,111.75227962226153,117800,1,111.98760037646655,112.65462281812685,111.8462167532144,111.05119451484104,109.87673551546726,36.44764169606627,-0.18970863465914795,0.00850349402068673,0.19821212867983468
2025-09-17,111.67691860758293,111.94320928682066,111.47691860758293,111.74320928682066,117840,1,111.87424803082229,112.64866227357982,111.84518277604938,111.07293900814936,109.9051666478761,36.28608958334039,-0.1892639899420431,-0.0383678587477192,0.1508961311943239
2025-09-18,111.76832459458547,111.99629221335242,111.56832459458546,111.79629221335242,117880,1,111.8113487266343,112.6316821958505,111.84755706836671,111.09281315677295,109.93327654314425,38.01761040119941,-0.17705182701559583,-0.07041865257517088,0.10663317444042494
2025-09-19,111.92343868361947,112.12343868361947,111.71000439563316,111.91000439563317,117920,1,111.80458967103422,112.60651475697554,111.8549684412149,111.11135771545437,109.96109389717707,41.67431695278611,-0.1538314390218998,-0.0856561243369498,0.06817531468495
2025-09-22,112.13240946023961,112.33240946023962,111.87905219396977,112.07905219396977,117960,1,111.85616754240746,112.57650117945282,111.86873252437175,111.12919610639905,109.98866559467713,46.70784279588719,-0.12104655722030187,-0.08313288184042733,0.03791367537987454
2025-09-23,112.92205155239,113.12205155239,112.6346452015802,112.8346452015802,118000,1,112.07264065827118,112.57228118188455,111.89876902908199,111.1514951890145,110.01875351274781,62.34857248956068,-0.04627763910501005,-0.01993337350138802,0.026344265603622033
2025-09-24,112.98393174965996,113.18393174965996,112.6720985392303,112.87209853923031,118040,1,112.29841850875312,112.5599166530645,111.93299455625369,111.17264879351586,110.04766567109098,62.92935184267859,0.005162029437227468,0.032796802400156366,0.027634772962928898
2025-09-25,113.03434722528853,113.23434722528853,112.71039843804998,112.91039843804998,118080,1,112.52123975369264,112.54195279255325,111.97105756142102,111.19311812427617,110.07538088477972,63.548559336608506,0.03932508413160839,0.07679112812743938,0.03746604399583099
2025-09-26,113.07135935342535,113.27135935342535,112.7489400288783,112.9489400288783,118120,1,112.72902688034165,112.52128293923595,112.01236790432299,111.21340693049542,110.1019523891084,64.19666556144638,0.06079440258888853,0.11345904723194167,0.052664644643053135
2025-09-29,113.09451661026502,113.29451661026502,112.78710341531577,112.98710341531577,118160,1,112.91063712461084,112.50096867752411,112.05613354096643,111.23403018551525,110.12750452968001,64.86285827367757,0.07301937707980427,0.14393886599280847,0.0709194889130042
2025-09-30,113.10487458071948,113.30487458071948,112.82429221588022,113.02429221588022,118200,1,112.94856652747085,112.48404948286557,112.1014097690854,111.25548206827075,110.15222503119865,65.5358259834861,0.07858070077738977,0.1691453648847414,0.09056466410735164
2025-10-01,113.10485117998007,113.30485117998008,112.85997064411868,113.05997064411868,118240,1,112.98614094844852,112.47335374188253,112.14715796515239,111.2782052376378,110.17635332565682,66.20457617469509,0.07939835373055873,0.18981260627055008,0.11041425253999135
2025-10-02,113.09793480460786,113.29793480460786,112.89369682121402,113.09369682121402,118280,1,113.02280062508135,112.47132289699046,112.19231016095884,111.30256331004813,110.20016566561372,66.85921967508044,0.07689435002646816,0.20653219007307655,0.1296378400466084
2025-10-03,113.08827913770108,113.32515024986971,112.88827913770108,113.1251502498697,118320,1,113.05804266927962,112.47985964933359,112.23583544470576,111.32881825158078,110.22395794814912,67.49167109089657,0.07211936101890942,0.21978704132024518,0.14766768030133576
2025-10-06,113.08023053076113,113.35415174127917,112.88023053076112,113.15415174127916,118360,1,113.0914523344723,112.50020965804342,112.27680405810611,111.35711409018012,110.24802731741615,68.09623661390869,0.06585042371464431,0.22998070994464115,0.16413028622999684
2025-10-07,113.07784094566874,113.38067455621814,112.87784094566874,113.18067455621814,118400,1,113.12272880253988,112.53288409118716,112.31444520425205,111.3874679606958,110.27265368965692,68.67007818762355,0.05866546683547064,0.23746211977433518,0.17879665293886454
2025-10-08,113.08442060887148,113.40484606756,112.88442060887148,113.20484606756,118440,1,113.15170388722814,112.57762784381308,112.34819497203326,111.41976903952083,110.29808234936655,69.21355191394392,0.05099924877695755,0.24254571391006152,0.19154646513310397
2025-10-09,113.10217970399509,113.42693984084741,112.90217970399509,113.22693984084741,118480,1,113.17835249115481,112.63343539914084,112.37773139739852,111.45378543506673,110.32450869869112,69.73041612751419,0.04318442736054939,0.24552699933379074,0.20234257197324135
2025-10-10,113.1319981681169,113.44735862531192,112.93199816811689,113.24735862531192,118520,1,113.20279416624325,112.69861334672473,112.4029944815211,111.4891786056593,110.35206610826864,70.22789100403266,0.035480810171502675,0.2466935846876197,0.21121277451611703
2025-10-13,113.17334811901678,113.46660931287742,112.97334811901678,113.26660931287742,118560,1,113.2252856805629,112.77088567051342,112.42418992123514,111.52552440842022,110.38081762488888,70.71653017856183,0.028095316821858535,0.24633192054344022,0.21823660372158168
2025-10-14,113.22437625334997,113.4852714220754,113.02437625334997,113.2852714220754,118600,1,113.24620505373437,112.8475352605041,112.44177631980274,111.56233947041696,110.41075205154915,71.20984241438049,0.021194780490461446,0.2447300793346585,0.22353529884419707
2025-10-15,113.28213563488191,113.50396106638945,113.08213563488191,113.30396106638945,118640,1,113.26602805350026,112.92557284948255,112.45643667318443,111.59911124245053,110.4417846436299,71.72358863126462,0.014913393374786477,0.2421770405626802,0.2272636471878937
2025-10-16,113.34293962980976,113.54293962980977,113.12329264730307,113.32329264730308,118680,1,113.2852986147914,113.00192287118007,112.46903590465828,111.63532986688216,110.47376237790456,72.27469066505778,0.00935633393865165,0.2389590646112083,0.22960273067255665
2025-10-17,113.40279719048631,113.60279719048631,113.14384065379114,113.34384065379115,118720,1,113.30459502048726,113.07361468408797,112.48056708807978,111.67051987811188,110.50647346678268,72.87973698744915,0.004600883758493768,0.2353538353706739,0.23075295161218012
2025-10-20,113.45787973863287,113.65787973863287,113.16610394337803,113.36610394337804,118760,1,113.32449394658735,113.13796727155838,112.49208970335924,111.70426976472655,110.53966052623652,73.55316360540894,0.0006961343020818189,0.23162311948978243,0.2309269851877006
2025-10-21,113.50496653935683,113.70496653935683,113.19047472559276,113.39047472559277,118800,1,113.34553460729083,113.16575874775901,112.50466376313258,111.73625755528651,110.5730365786932,74.30531370584572,-0.0023378103775884285,0.2280047222157151,0.23034253259330353
2025-10-22,113.54181805045056,113.74181805045056,113.21721417628034,113.41721417628034,118840,1,113.36818522926902,113.19301452961152,112.51928390630967,111.76627083695021,110.60630289591043,75.14070006487111,-0.004510415868974271,0.2247045127570857,0.22921492862605997
2025-10-23,113.56743497805819,113.76743497805819,113.24643619895251,113.44643619895251,118880,1,113.39281393959888,113.21981641765665,112.53681755624436,111.79421996227583,110.6391675724515,76.056852572815,-0.0058605469796899345,0.22188924490144757,0.2277497918811375
2025-10-24,113.58217374227205,113.78217374227205,113.27810034281923,113.47810034281923,118920,1,113.41966587740448,113.24627443335369,112.55795098855168,111.82014362306518,110.67136367495166,77.04407679791126,-0.0064551831373362845,0.21968081295946718,0.22613599609680346
2025-10-27,113.58770530219608,113.78770530219609,113.31201431782272,113.51201431782272,118960,1,113.44884795229343,113.27251997847904,112.58314666181398,111.84420644469465,110.70266583874185,78.08626602197808,-0.006386826249549671,0.21815246328486637,0.22453928953441604
2025-10-28,113.02083908672702,113.22083908672703,112.7818630432658,112.9818630432658,119000,1,113.36712561582803,113.27039851984833,112.60318141569559,111.86197222628151,110.7300743653971,44.25933945005216,-0.04188927114493879,0.17217770060324256,0.21406697174818134
2025-10-29,113.42656628020563,113.62859589856191,113.22656628020563,113.42859589856191,119040,1,113.36940196028434,113.2888297825705,112.63425648262908,111.88194804229252,110.75836269753025,59.98849844250078,-0.03538777154061562,0.1698322573224118,0.20522002886302743
2025-10-30,113.85560901462944,114.09842086201893,113.65560901462943,113.89842086201892,119080,1,113.45979889289762,113.32906598461075,112.67642344902923,111.90477195154547,110.78761061186327,69.67905975664985,-0.0013454923429571941,0.20353816343433095,0.20488365577728815
2025-10-31,114.29745687053585,114.57633795733011,114.09745687053585,114.37633795733011,119120,1,113.63944641579978,113.39162536998376,112.7292515112466,111.93100855747588,110.81790039810116,76.03688418834908,0.048693749021929744,0.26575084205470034,0.2170570930327706
2025-11-03,114.7405774642151,115.04684407862376,114.54057746421509,114.84684407862376,119160,1,113.90641236796,113.47625998685098,112.791854260852,111.9611139038299,110.84931174255668,80.39525731872146,0.10555250269015404,0.34899772139546315,0.2434452187053091
2025-11-04,120.17294323439862,120.49489689849803,119.97294323439861,120.29489689849802,919200,1,115.36901913900644,113.83197110396497,112.9462781305526,112.03707378673975,110.90691677364137,94.00098509796396,0.4811197910742935,0.844844957548176,0.36372516647388253
2025-11-05,115.58263481745269,115.90685012708255,115.38263481745268,115.70685012708255,119240,1,115.8246699847106,113.95707130694109,113.02424907410656,112.07571724613254,110.94077557727033,57.690289958751165,0.3951825576734917,0.8577033635657472,0.46252080589225547
2025-11-06,115.95849939700047,116.27130197224781,115.75849939700046,116.07130197224781,119280,1,116.25924620675637,114.09928941351112,113.10727250539986,112.11870647014732,110.97593246101087,59.0436712808794,0.33964439340991115,0.8870762976546445,0.5474319042447333
2025-11-07,116.29083220336165,116.57980404781611,116.09083220336164,116.37980404781611,119320,1,116.65993942485359,114.25591168463632,113.19341361629075,112.16587040692163,111.01241319925282,60.20410678206074,0.30172647723446633,0.9245900007878163,0.62286352355335
2025-11-10,116.57204010365498,116.82738665329501,116.37204010365498,116.627386653295,119360,1,117.01604793978784,114.42395055165721,113.28075100694224,112.2168820664345,111.0502234306816,61.15532081310902,0.2722648770852847,0.9631946199099559,0.6909297428246712
2025-11-11,116.79723939716418,117.01286776578351,116.59723939716417,116.81286776578351,119400,1,116.31964211324494,114.60033036884263,113.36749614915789,112.27127885116215,111.08934830769216,61.89024143650303,0.24506423882751882,0.9972600413590698,0.7521958025315509
2025-11-12,116.96473681109833,117.16473681109834,116.73892653243111,116.93892653243111,119440,1,116.56605739431464,114.78207864214471,113.45210458840238,112.3284913181515,111.12975341954115,62.410753218137714,0.21635588382371929,1.0226406573112001,0.8062847734874808
2025-11-13,117.07634426688936,117.27634426688937,116.8119366940442,117.01193669404421,119480,1,116.75418433867392,114.96651084448179,113.53337197050413,112.38787858422498,111.1713869318402,62.72827157552181,0.18432890371483035,1.0366959031310188,0.8523669994161884
2025-11-14,117.13748478479691,117.33748478479691,116.84157029675353,117.04157029675353,119520,1,116.8865375884614,115.1513973266299,113.6105089225645,112.44876817299233,111.21418280936732,62.86538185180851,0.1487124673907505,1.0382575836546266,0.8895451162638761
2025-11-17,117.15705888164396,117.35705888164397,116.84019633103149,117.0401963310315,119560,1,116.96909952400867,115.33510194601256,113.68319013234128,112.51049782617562,111.25806492181691,62.853836733350796,0.11039552552322118,1.0275395231679028,0.9171439976446816
2025-11-18,117.14705735766007,117.34705735766008,116.82211168777283,117.02211168777283,119600,1,117.01094830840654,115.51668379412156,113.7515745745884,112.5724566796212,111.30295177721364,62.690641195917365,0.07107654637239114,1.0059896806101705,0.9349131342377793
2025-11-19,117.121926253596,117.321926253596,116.80265224686467,117.00265224686467,119640,1,117.02369345129325,115.69595569765079,113.81629562677563,112.63412324387424,111.34876158868869,62.50258849088068,0.03294094132298442,0.9760893108915099,0.9431483695685254
2025-11-20,117.09771129891713,117.29771129891714,116.79723936645325,116.99723936645326,119680,1,117.02075398577509,115.87349585602583,113.87842168874526,112.69509782786717,111.39541735959111,62.44647496501133,-0.001632476725586418,0.9411077736615425,0.9427402503871289
2025-11-21,117.09103035183804,117.29103035183805,116.82042105758657,117.02042105758657,119720,1,117.01652413794167,116.05061189176419,113.93938975478463,112.75512738977442,111.44285167076669,62.60133062071612,-0.030332229770553942,0.9048249631739367,0.9351571929444906
2025-11-24,117.11794101304024,117.31794101304024,116.88496745934948,117.08496745934949,119760,1,117.02547836360527,116.22925954884053,114.00091606828124,112.81412126992751,111.4910108723544,63.05811061113778,-0.05113706242026683,0.8712358649191572,0.922372927339424
2025-11-25,117.19278473642468,117.40107685346663,116.99278473642468,117.20107685346663,119800,1,117.06127139674402,116.44022023935057,114.06488941402151,112.87215682759418,111.53985841947492,63.91198487119316,-0.0624957067896843,0.8442532938523186,0.9067490006420029
2025-11-26,117.32709664365174,117.5757415845394,117.12709664365174,117.3757415845394,119840,1,117.13588926427897,116.63757752364943,114.13325368270084,112.92947463115375,111.58937714441424,65.21453710903624,-0.06345891927505365,0.827425351548186,0.8908842708232396
2025-11-27,117.5286706773776,117.81231330992537,117.3286706773776,117.61231330992537,119880,1,117.25890405297339,116.82327214604474,114.20788700921534,112.98646350072053,111.63957032402894,66.95429751533086,-0.05376058779390047,0.8236835360808641,0.8774441238747646
2025-11-28,117.80086217753697,118.11029460991743,117.60086217753697,117.91029460991743,119920,1,117.43687876343957,116.9999699786741,114.29048499933052,113.04363633319231,111.69046147600713,69.05377033642853,-0.033846662823280305,0.8351357953456642,0.8689824581689445
2025-12-01,118.14219467317959,118.46536991489191,117.94219467317959,118.2653699148919,119960,1,117.67295925454805,117.17089627048752,114.38245530512735,113.10159821280537,111.74209289665248,71.38658930674286,-0.004852973208540612,0.8629162416582687,0.8677692148668094

market,instrument,code,name,price_low,price_high,quantity_or_turnover,percent,basis,value_unit,total_quantity,total_value,quantity_unit,currency,method,estimated,range_mode,requested_from,requested_to,actual_from,actual_to,source_resolution,source,as_of,fetched_at,price_volume_adjustment,adjustment_warning,valid_bars,excluded_bars,poc,val,vah
US,stock,NVDA,,107.94896848893376,109.20356132989019,1543940.826445616,7.099100745092127,volume,주,21748400,21748400,주,USD,ohlcv-overlap,true,visible,,,2025-03-25,2025-12-01,day,yahoo-QA-SYNTHETIC-NVDA,2025-12-01,2026-10-06T12:22:14.682Z,Yahoo 제공 OHLC · 거래량은 공급자 원수량 · 분할·분배금 조정 및 수량 기준 일치 미확인 · SMA/볼린저는 해당 주기의 실제 봉으로 계산; BBW 백분위는 실제 밴드폭 125개 필요; 부족 구간은 결측,OHLCV 가격대 겹침 배분 추정치 · 실제 체결가격별 거래량 아님,180,0,111.08545059132481,109.20356132989019,114.2219326937159
US,stock,NVDA,,109.20356132989019,110.45815417084661,3707672.6482028766,17.048024903914204,volume,주,21748400,21748400,주,USD,ohlcv-overlap,true,visible,,,2025-03-25,2025-12-01,day,yahoo-QA-SYNTHETIC-NVDA,2025-12-01,2026-10-06T12:22:14.682Z,Yahoo 제공 OHLC · 거래량은 공급자 원수량 · 분할·분배금 조정 및 수량 기준 일치 미확인 · SMA/볼린저는 해당 주기의 실제 봉으로 계산; BBW 백분위는 실제 밴드폭 125개 필요; 부족 구간은 결측,OHLCV 가격대 겹침 배분 추정치 · 실제 체결가격별 거래량 아님,180,0,111.08545059132481,109.20356132989019,114.2219326937159
US,stock,NVDA,,110.45815417084661,111.71274701180303,5136485.690239406,23.617763560718977,volume,주,21748400,21748400,주,USD,ohlcv-overlap,true,visible,,,2025-03-25,2025-12-01,day,yahoo-QA-SYNTHETIC-NVDA,2025-12-01,2026-10-06T12:22:14.682Z,Yahoo 제공 OHLC · 거래량은 공급자 원수량 · 분할·분배금 조정 및 수량 기준 일치 미확인 · SMA/볼린저는 해당 주기의 실제 봉으로 계산; BBW 백분위는 실제 밴드폭 125개 필요; 부족 구간은 결측,OHLCV 가격대 겹침 배분 추정치 · 실제 체결가격별 거래량 아님,180,0,111.08545059132481,109.20356132989019,114.2219326937159
US,stock,NVDA,,111.71274701180303,112.96733985275947,4240672.472233578,19.49877909286926,volume,주,21748400,21748400,주,USD,ohlcv-overlap,true,visible,,,2025-03-25,2025-12-01,day,yahoo-QA-SYNTHETIC-NVDA,2025-12-01,2026-10-06T12:22:14.682Z,Yahoo 제공 OHLC · 거래량은 공급자 원수량 · 분할·분배금 조정 및 수량 기준 일치 미확인 · SMA/볼린저는 해당 주기의 실제 봉으로 계산; BBW 백분위는 실제 밴드폭 125개 필요; 부족 구간은 결측,OHLCV 가격대 겹침 배분 추정치 · 실제 체결가격별 거래량 아님,180,0,111.08545059132481,109.20356132989019,114.2219326937159
US,stock,NVDA,,112.96733985275947,114.2219326937159,3720711.28972215,17.107977091290163,volume,주,21748400,21748400,주,USD,ohlcv-overlap,true,visible,,,2025-03-25,2025-12-01,day,yahoo-QA-SYNTHETIC-NVDA,2025-12-01,2026-10-06T12:22:14.682Z,Yahoo 제공 OHLC · 거래량은 공급자 원수량 · 분할·분배금 조정 및 수량 기준 일치 미확인 · SMA/볼린저는 해당 주기의 실제 봉으로 계산; BBW 백분위는 실제 밴드폭 125개 필요; 부족 구간은 결측,OHLCV 가격대 겹침 배분 추정치 · 실제 체결가격별 거래량 아님,180,0,111.08545059132481,109.20356132989019,114.2219326937159
US,stock,NVDA,,114.2219326937159,115.47652553467232,228673.81134315763,1.0514511933896638,volume,주,21748400,21748400,주,USD,ohlcv-overlap,true,visible,,,2025-03-25,2025-12-01,day,yahoo-QA-SYNTHETIC-NVDA,2025-12-01,2026-10-06T12:22:14.682Z,Yahoo 제공 OHLC · 거래량은 공급자 원수량 · 분할·분배금 조정 및 수량 기준 일치 미확인 · SMA/볼린저는 해당 주기의 실제 봉으로 계산; BBW 백분위는 실제 밴드폭 125개 필요; 부족 구간은 결측,OHLCV 가격대 겹침 배분 추정치 · 실제 체결가격별 거래량 아님,180,0,111.08545059132481,109.20356132989019,114.2219326937159
US,stock,NVDA,,115.47652553467232,116.73111837562874,469068.65592710365,2.156796159382316,volume,주,21748400,21748400,주,USD,ohlcv-overlap,true,visible,,,2025-03-25,2025-12-01,day,yahoo-QA-SYNTHETIC-NVDA,2025-12-01,2026-10-06T12:22:14.682Z,Yahoo 제공 OHLC · 거래량은 공급자 원수량 · 분할·분배금 조정 및 수량 기준 일치 미확인 · SMA/볼린저는 해당 주기의 실제 봉으로 계산; BBW 백분위는 실제 밴드폭 125개 필요; 부족 구간은 결측,OHLCV 가격대 겹침 배분 추정치 · 실제 체결가격별 거래량 아님,180,0,111.08545059132481,109.20356132989019,114.2219326937159
US,stock,NVDA,,116.73111837562874,117.98571121658517,1642665.7753865106,7.5530419496906,volume,주,21748400,21748400,주,USD,ohlcv-overlap,true,visible,,,2025-03-25,2025-12-01,day,yahoo-QA-SYNTHETIC-NVDA,2025-12-01,2026-10-06T12:22:14.682Z,Yahoo 제공 OHLC · 거래량은 공급자 원수량 · 분할·분배금 조정 및 수량 기준 일치 미확인 · SMA/볼린저는 해당 주기의 실제 봉으로 계산; BBW 백분위는 실제 밴드폭 125개 필요; 부족 구간은 결측,OHLCV 가격대 겹침 배분 추정치 · 실제 체결가격별 거래량 아님,180,0,111.08545059132481,109.20356132989019,114.2219326937159
US,stock,NVDA,,117.98571121658517,119.24030405754161,139308.83049960088,0.6405474908480664,volume,주,21748400,21748400,주,USD,ohlcv-overlap,true,visible,,,2025-03-25,2025-12-01,day,yahoo-QA-SYNTHETIC-NVDA,2025-12-01,2026-10-06T12:22:14.682Z,Yahoo 제공 OHLC · 거래량은 공급자 원수량 · 분할·분배금 조정 및 수량 기준 일치 미확인 · SMA/볼린저는 해당 주기의 실제 봉으로 계산; BBW 백분위는 실제 밴드폭 125개 필요; 부족 구간은 결측,OHLCV 가격대 겹침 배분 추정치 · 실제 체결가격별 거래량 아님,180,0,111.08545059132481,109.20356132989019,114.2219326937159
US,stock,NVDA,,119.24030405754161,120.49489689849803,919200,4.2265178128046195,volume,주,21748400,21748400,주,USD,ohlcv-overlap,true,visible,,,2025-03-25,2025-12-01,day,yahoo-QA-SYNTHETIC-NVDA,2025-12-01,2026-10-06T12:22:14.682Z,Yahoo 제공 OHLC · 거래량은 공급자 원수량 · 분할·분배금 조정 및 수량 기준 일치 미확인 · SMA/볼린저는 해당 주기의 실제 봉으로 계산; BBW 백분위는 실제 밴드폭 125개 필요; 부족 구간은 결측,OHLCV 가격대 겹침 배분 추정치 · 실제 체결가격별 거래량 아님,180,0,111.08545059132481,109.20356132989019,114.2219326937159

trustMode,available-cumulative
cumulativeStart,2024-01-02
kind,market,instrument,code,interval,currency,metric,date,value,unit,source,sourceField,asOf,dateBasis,fetchedAt,availableAt,final,derived,formula,denominator,buy,sell,capability,reason,partial,stale,requestedFrom,requestedTo,providedFrom,providedTo,trustMode,cumulativeStart,provider,environment,marketScope,sourceApiId,parsingStatus,status,lastSuccessAt
"status","US","stock","NVDA","day","USD","credit","","","%","미확인","","","","","","","","","","","","unknown","데이터 확인 중","","false","2024-01-02","2025-12-01","","","available-cumulative","2024-01-02","","","","","","",""
"aligned","US","stock","NVDA","day","USD","credit","2024-01-02","","%","미확인","","","","","","","true","봉 기간의 마지막 유효 관측값","","","","unknown","일부 거래일 누락","true","false","2024-01-02","2025-12-01","","","available-cumulative","2024-01-02","","","","","","",""
"aligned","US","stock","NVDA","day","USD","credit","2024-01-03","","%","미확인","","","","","","","true","봉 기간의 마지막 유효 관측값","","","","unknown","일부 거래일 누락","true","false","2024-01-02","2025-12-01","","","available-cumulative","2024-01-02","","","","","","",""
"aligned","US","stock","NVDA","day","USD","credit","2024-01-04","","%","미확인","","","","","","","true","봉 기간의 마지막 유효 관측값","","","","unknown","일부 거래일 누락","true","false","2024-01-02","2025-12-01","","","available-cumulative","2024-01-02","","","","","","",""
"aligned","US","stock","NVDA","day","USD","credit","2024-01-05","","%","미확인","","","","","","","true","봉 기간의 마지막 유효 관측값","","","","unknown","일부 거래일 누락","true","false","2024-01-02","2025-12-01","","","available-cumulative","2024-01-02","","","","","","",""
"aligned","US","stock","NVDA","day","USD","credit","2024-01-08","","%","미확인","","","","","","","true","봉 기간의 마지막 유효 관측값","","","","unknown","일부 거래일 누락","true","false","2024-01-02","2025-12-01","","","available-cumulative","2024-01-02","","","","","","",""
"aligned","US","stock","NVDA","day","USD","credit","2024-01-09","","%","미확인","","","","","","","true","봉 기간의 마지막 유효 관측값","","","","unknown","일부 거래일 누락","true","false","2024-01-02","2025-12-01","","","available-cumulative","2024-01-02","","","","","","",""
"aligned","US","stock","NVDA","day","USD","credit","2024-01-10","","%","미확인","","","","","","","true","봉 기간의 마지막 유효 관측값","","","","unknown","일부 거래일 누락","true","false","2024-01-02","2025-12-01","","","available-cumulative","2024-01-02","","","","","","",""
"aligned","US","stock","NVDA","day","USD","credit","2024-01-11","","%","미확인","","","","","","","true","봉 기간의 마지막 유효 관측값","","","","unknown","일부 거래일 누락","true","false","2024-01-02","2025-12-01","","","available-cumulative","2024-01-02","","","","","","",""
"aligned","US","stock","NVDA","day","USD","credit","2024-01-12","","%","미확인","","","","","","","true","봉 기간의 마지막 유효 관측값","","","","unknown","일부 거래일 누락","true","false","2024-01-02","2025-12-01","","","available-cumulative","2024-01-02","","","","","","",""
"aligned","US","stock","NVDA","day","USD","credit","2024-01-15","","%","미확인","","","","","","","true","봉 기간의 마지막 유효 관측값","","","","unknown","일부 거래일 누락","true","false","2024-01-02","2025-12-01","","","available-cumulative","2024-01-02","","","","","","",""
"aligned","US","stock","NVDA","day","USD","credit","2024-01-16","","%","미확인","","","","","","","true","봉 기간의 마지막 유효 관측값","","","","unknown","일부 거래일 누락","true","false","2024-01-02","2025-12-01","","","available-cumulative","2024-01-02","","","","","","",""
"aligned","US","stock","NVDA","day","USD","credit","2024-01-17","","%","미확인","","","","","","","true","봉 기간의 마지막 유효 관측값","","","","unknown","일부 거래일 누락","true","false","2024-01-02","2025-12-01","","","available-cumulative","2024-01-02","","","","","","",""
"aligned","US","stock","NVDA","day","USD","credit","2024-01-18","","%","미확인","","","","","","","true","봉 기간의 마지막 유효 관측값","","","","unknown","일부 거래일 누락","true","false","2024-01-02","2025-12-01","","","available-cumulative","2024-01-02","","","","","","",""
"aligned","US","stock","NVDA","day","USD","credit","2024-01-19","","%","미확인","","","","","","","true","봉 기간의 마지막 유효 관측값","","","","unknown","일부 거래일 누락","true","false","2024-01-02","2025-12-01","","","available-cumulative","2024-01-02","","","","","","",""
"aligned","US","stock","NVDA","day","USD","credit","2024-01-22","","%","미확인","","","","","","","true","봉 기간의 마지막 유효 관측값","","","","unknown","일부 거래일 누락","true","false","2024-01-02","2025-12-01","","","available-cumulative","2024-01-02","","","","","","",""
"aligned","US","stock","NVDA","day","USD","credit","2024-01-23","","%","미확인","","","","","","","true","봉 기간의 마지막 유효 관측값","","","","unknown","일부 거래일 누락","true","false","2024-01-02","2025-12-01","","","available-cumulative","2024-01-02","","","","","","",""
"aligned","US","stock","NVDA","day","USD","credit","2024-01-24","","%","미확인","","","","","","","true","봉 기간의 마지막 유효 관측값","","","","unknown","일부 거래일 누락","true","false","2024-01-02","2025-12-01","","","available-cumulative","2024-01-02","","","","","","",""
"aligned","US","stock","NVDA","day","USD","credit","2024-01-25","","%","미확인","","","","","","","true","봉 기간의 마지막 유효 관측값","","","","unknown","일부 거래일 누락","true","false","2024-01-02","2025-12-01","","","available-cumulative","2024-01-02","","","","","","",""
"aligned","US","stock","NVDA","day","USD","credit","2024-01-26","","%","미확인","","","","","","","true","봉 기간의 마지막 유효 관측값","","","","unknown","일부 거래일 누락","true","false","2024-01-02","2025-12-01","","","available-cumulative","2024-01-02","","","","","","",""
"aligned","US","stock","NVDA","day","USD","credit","2024-01-29","","%","미확인","","","","","","","true","봉 기간의 마지막 유효 관측값","","","","unknown","일부 거래일 누락","true","false","2024-01-02","2025-12-01","","","available-cumulative","2024-01-02","","","","","","",""
"aligned","US","stock","NVDA","day","USD","credit","2024-01-30","","%","미확인","","","","","","","true","봉 기간의 마지막 유효 관측값","","","","unknown","일부 거래일 누락","true","false","2024-01-02","2025-12-01","","","available-cumulative","2024-01-02","","","","","","",""
"aligned","US","stock","NVDA","day","USD","credit","2024-01-31","","%","미확인","","","","","","","true","봉 기간의 마지막 유효 관측값","","","","unknown","일부 거래일 누락","true","false","2024-01-02","2025-12-01","","","available-cumulative","2024-01-02","","","","","","",""
"aligned","US","stock","NVDA","day","USD","credit","2024-02-01","","%","미확인","","","","","","","true","봉 기간의 마지막 유효 관측값","","","","unknown","일부 거래일 누락","true","false","2024-01-02","2025-12-01","","","available-cumulative","2024-01-02","","","","","","",""
"aligned","US","stock","NVDA","day","USD","credit","2024-02-02","","%","미확인","","","","","","","true","봉 기간의 마지막 유효 관측값","","","","unknown","일부 거래일 누락","true","false","2024-01-02","2025-12-01","","","available-cumulative","2024-01-02","","","","","","",""
"aligned","US","stock","NVDA","day","USD","credit","2024-02-05","","%","미확인","","","","","","","true","봉 기간의 마지막 유효 관측값","","","","unknown","일부 거래일 누락","true","false","2024-01-02","2025-12-01","","","available-cumulative","2024-01-02","","","","","","",""
"aligned","US","stock","NVDA","day","USD","credit","2024-02-06","","%","미확인","","","","","","","true","봉 기간의 마지막 유효 관측값","","","","unknown","일부 거래일 누락","true","false","2024-01-02","2025-12-01","","","available-cumulative","2024-01-02","","","","","","",""
"aligned","US","stock","NVDA","day","USD","credit","2024-02-07","","%","미확인","","","","","","","true","봉 기간의 마지막 유효 관측값","","","","unknown","일부 거래일 누락","true","false","2024-01-02","2025-12-01","","","available-cumulative","2024-01-02","","","","","","",""
"aligned","US","stock","NVDA","day","USD","credit","2024-02-08","","%","미확인","","","","","","","true","봉 기간의 마지막 유효 관측값","","","","unknown","일부 거래일 누락","true","false","2024-01-02","2025-12-01","","","available-cumulative","2024-01-02","","","","","","",""
"aligned","US","stock","NVDA","day","USD","credit","2024-02-09","","%","미확인","","","","","","","true","봉 기간의 마지막 유효 관측값","","","","unknown","일부 거래일 누락","true","false","2024-01-02","2025-12-01","","","available-cumulative","2024-01-02","","","","","","",""
"aligned","US","stock","NVDA","day","USD","credit","2024-02-12","","%","미확인","","","","","","","true","봉 기간의 마지막 유효 관측값","","","","unknown","일부 거래일 누락","true","false","2024-01-02","2025-12-01","","","available-cumulative","2024-01-02","","","","","","",""
"aligned","US","stock","NVDA","day","USD","credit","2024-02-13","","%","미확인","","","","","","","true","봉 기간의 마지막 유효 관측값","","","","unknown","일부 거래일 누락","true","false","2024-01-02","2025-12-01","","","available-cumulative","2024-01-02","","","","","","",""
"aligned","US","stock","NVDA","day","USD","credit","2024-02-14","","%","미확인","","","","","","","true","봉 기간의 마지막 유효 관측값","","","","unknown","일부 거래일 누락","true","false","2024-01-02","2025-12-01","","","available-cumulative","2024-01-02","","","","","","",""
"aligned","US","stock","NVDA","day","USD","credit","2024-02-15","","%","미확인","","","","","","","true","봉 기간의 마지막 유효 관측값","","","","unknown","일부 거래일 누락","true","false","2024-01-02","2025-12-01","","","available-cumulative","2024-01-02","","","","","","",""
"aligned","US","stock","NVDA","day","USD","credit","2024-02-16","","%","미확인","","","","","","","true","봉 기간의 마지막 유효 관측값","","","","unknown","일부 거래일 누락","true","false","2024-01-02","2025-12-01","","","available-cumulative","2024-01-02","","","","","","",""
"aligned","US","stock","NVDA","day","USD","credit","2024-02-19","","%","미확인","","","","","","","true","봉 기간의 마지막 유효 관측값","","","","unknown","일부 거래일 누락","true","false","2024-01-02","2025-12-01","","","available-cumulative","2024-01-02","","","","","","",""
"aligned","US","stock","NVDA","day","USD","credit","2024-02-20","","%","미확인","","","","","","","true","봉 기간의 마지막 유효 관측값","","","","unknown","일부 거래일 누락","true","false","2024-01-02","2025-12-01","","","available-cumulative","2024-01-02","","","","","","",""
"aligned","US","stock","NVDA","day","USD","credit","2024-02-21","","%","미확인","","","","","","","true","봉 기간의 마지막 유효 관측값","","","","unknown","일부 거래일 누락","true","false","2024-01-02","2025-12-01","","","available-cumulative","2024-01-02","","","","","","",""
"aligned","US","stock","NVDA","day","USD","credit","2024-02-22","","%","미확인","","","","","","","true","봉 기간의 마지막 유효 관측값","","","","unknown","일부 거래일 누락","true","false","2024-01-02","2025-12-01","","","available-cumulative","2024-01-02","","","","","","",""
"aligned","US","stock","NVDA","day","USD","credit","2024-02-23","","%","미확인","","","","","","","true","봉 기간의 마지막 유효 관측값","","","","unknown","일부 거래일 누락","true","false","2024-01-02","2025-12-01","","","available-cumulative","2024-01-02","","","","","","",""
"aligned","US","stock","NVDA","day","USD","credit","2024-02-26","","%","미확인","","","","","","","true","봉 기간의 마지막 유효 관측값","","","","unknown","일부 거래일 누락","true","false","2024-01-02","2025-12-01","","","available-cumulative","2024-01-02","","","","","","",""
"aligned","US","stock","NVDA","day","USD","credit","2024-02-27","","%","미확인","","","","","","","true","봉 기간의 마지막 유효 관측값","","","","unknown","일부 거래일 누락","true","false","2024-01-02","2025-12-01","","","available-cumulative","2024-01-02","","","","","","",""
"aligned","US","stock","NVDA","day","USD","credit","2024-02-28","","%","미확인","","","","","","","true","봉 기간의 마지막 유효 관측값","","","","unknown","일부 거래일 누락","true","false","2024-01-02","2025-12-01","","","available-cumulative","2024-01-02","","","","","","",""
"aligned","US","stock","NVDA","day","USD","credit","2024-02-29","","%","미확인","","","","","","","true","봉 기간의 마지막 유효 관측값","","","","unknown","일부 거래일 누락","true","false","2024-01-02","2025-12-01","","","available-cumulative","2024-01-02","","","","","","",""
"aligned","US","stock","NVDA","day","USD","credit","2024-03-01","","%","미확인","","","","","","","true","봉 기간의 마지막 유효 관측값","","","","unknown","일부 거래일 누락","true","false","2024-01-02","2025-12-01","","","available-cumulative","2024-01-02","","","","","","",""
"aligned","US","stock","NVDA","day","USD","credit","2024-03-04","","%","미확인","","","","","","","true","봉 기간의 마지막 유효 관측값","","","","unknown","일부 거래일 누락","true","false","2024-01-02","2025-12-01","","","available-cumulative","2024-01-02","","","","","","",""
"aligned","US","stock","NVDA","day","USD","credit","2024-03-05","","%","미확인","","","","","","","true","봉 기간의 마지막 유효 관측값","","","","unknown","일부 거래일 누락","true","false","2024-01-02","2025-12-01","","","available-cumulative","2024-01-02","","","","","","",""
"aligned","US","stock","NVDA","day","USD","credit","2024-03-06","","%","미확인","","","","","","","true","봉 기간의 마지막 유효 관측값","","","","unknown","일부 거래일 누락","true","false","2024-01-02","2025-12-01","","","available-cumulative","2024-01-02","","","","","","",""
"aligned","US","stock","NVDA","day","USD","credit","2024-03-07","","%","미확인","","","","","","","true","봉 기간의 마지막 유효 관측값","","","","unknown","일부 거래일 누락","true","false","2024-01-02","2025-12-01","","","available-cumulative","2024-01-02","","","","","","",""
"aligned","US","stock","NVDA","day","USD","credit","2024-03-08","","%","미확인","","","","","","","true","봉 기간의 마지막 유효 관측값","","","","unknown","일부 거래일 누락","true","false","2024-01-02","2025-12-01","","","available-cumulative","2024-01-02","","","","","","",""
"aligned","US","stock","NVDA","day","USD","credit","2024-03-11","","%","미확인","","","","","","","true","봉 기간의 마지막 유효 관측값","","","","unknown","일부 거래일 누락","true","false","2024-01-02","2025-12-01","","","available-cumulative","2024-01-02","","","","","","",""
"aligned","US","stock","NVDA","day","USD","credit","2024-03-12","","%","미확인","","","","","","","true","봉 기간의 마지막 유효 관측값","","","","unknown","일부 거래일 누락","true","false","2024-01-02","2025-12-01","","","available-cumulative","2024-01-02","","","","","","",""
"aligned","US","stock","NVDA","day","USD","credit","2024-03-13","","%","미확인","","","","","","","true","봉 기간의 마지막 유효 관측값","","","","unknown","일부 거래일 누락","true","false","2024-01-02","2025-12-01","","","available-cumulative","2024-01-02","","","","","","",""
"aligned","US","stock","NVDA","day","USD","credit","2024-03-14","","%","미확인","","","","","","","true","봉 기간의 마지막 유효 관측값","","","","unknown","일부 거래일 누락","true","false","2024-01-02","2025-12-01","","","available-cumulative","2024-01-02","","","","","","",""
"aligned","US","stock","NVDA","day","USD","credit","2024-03-15","","%","미확인","","","","","","","true","봉 기간의 마지막 유효 관측값","","","","unknown","일부 거래일 누락","true","false","2024-01-02","2025-12-01","","","available-cumulative","2024-01-02","","","","","","",""
"aligned","US","stock","NVDA","day","USD","credit","2024-03-18","","%","미확인","","","","","","","true","봉 기간의 마지막 유효 관측값","","","","unknown","일부 거래일 누락","true","false","2024-01-02","2025-12-01","","","available-cumulative","2024-01-02","","","","","","",""
"aligned","US","stock","NVDA","day","USD","credit","2024-03-19","","%","미확인","","","","","","","true","봉 기간의 마지막 유효 관측값","","","","unknown","일부 거래일 누락","true","false","2024-01-02","2025-12-01","","","available-cumulative","2024-01-02","","","","","","",""
"aligned","US","stock","NVDA","day","USD","credit","2024-03-20","","%","미확인","","","","","","","true","봉 기간의 마지막 유효 관측값","","","","unknown","일부 거래일 누락","true","false","2024-01-02","2025-12-01","","","available-cumulative","2024-01-02","","","","","","",""
"aligned","US","stock","NVDA","day","USD","credit","2024-03-21","","%","미확인","","","","","","","true","봉 기간의 마지막 유효 관측값","","","","unknown","일부 거래일 누락","true","false","2024-01-02","2025-12-01","","","available-cumulative","2024-01-02","","","","","","",""
"aligned","US","stock","NVDA","day","USD","credit","2024-03-22","","%","미확인","","","","","","","true","봉 기간의 마지막 유효 관측값","","","","unknown","일부 거래일 누락","true","false","2024-01-02","2025-12-01","","","available-cumulative","2024-01-02","","","","","","",""
"aligned","US","stock","NVDA","day","USD","credit","2024-03-25","","%","미확인","","","","","","","true","봉 기간의 마지막 유효 관측값","","","","unknown","일부 거래일 누락","true","false","2024-01-02","2025-12-01","","","available-cumulative","2024-01-02","","","","","","",""
"aligned","US","stock","NVDA","day","USD","credit","2024-03-26","","%","미확인","","","","","","","true","봉 기간의 마지막 유효 관측값","","","","unknown","일부 거래일 누락","true","false","2024-01-02","2025-12-01","","","available-cumulative","2024-01-02","","","","","","",""
"aligned","US","stock","NVDA","day","USD","credit","2024-03-27","","%","미확인","","","","","","","true","봉 기간의 마지막 유효 관측값","","","","unknown","일부 거래일 누락","true","false","2024-01-02","2025-12-01","","","available-cumulative","2024-01-02","","","","","","",""
"aligned","US","stock","NVDA","day","USD","credit","2024-03-28","","%","미확인","","","","","","","true","봉 기간의 마지막 유효 관측값","","","","unknown","일부 거래일 누락","true","false","2024-01-02","2025-12-01","","","available-cumulative","2024-01-02","","","","","","",""
"aligned","US","stock","NVDA","day","USD","credit","2024-03-29","","%","미확인","","","","","","","true","봉 기간의 마지막 유효 관측값","","","","unknown","일부 거래일 누락","true","false","2024-01-02","2025-12-01","","","available-cumulative","2024-01-02","","","","","","",""
"aligned","US","stock","NVDA","day","USD","credit","2024-04-01","","%","미확인","","","","","","","true","봉 기간의 마지막 유효 관측값","","","","unknown","일부 거래일 누락","true","false","2024-01-02","2025-12-01","","","available-cumulative","2024-01-02","","","","","","",""
"aligned","US","stock","NVDA","day","USD","credit","2024-04-02","","%","미확인","","","","","","","true","봉 기간의 마지막 유효 관측값","","","","unknown","일부 거래일 누락","true","false","2024-01-02","2025-12-01","","","available-cumulative","2024-01-02","","","","","","",""
"aligned","US","stock","NVDA","day","USD","credit","2024-04-03","","%","미확인","","","","","","","true","봉 기간의 마지막 유효 관측값","","","","unknown","일부 거래일 누락","true","false","2024-01-02","2025-12-01","","","available-cumulative","2024-01-02","","","","","","",""
"aligned","US","stock","NVDA","day","USD","credit","2024-04-04","","%","미확인","","","","","","","true","봉 기간의 마지막 유효 관측값","","","","unknown","일부 거래일 누락","true","false","2024-01-02","2025-12-01","","","available-cumulative","2024-01-02","","","","","","",""
"aligned","US","stock","NVDA","day","USD","credit","2024-04-05","","%","미확인","","","","","","","true","봉 기간의 마지막 유효 관측값","","","","unknown","일부 거래일 누락","true","false","2024-01-02","2025-12-01","","","available-cumulative","2024-01-02","","","","","","",""
"aligned","US","stock","NVDA","day","USD","credit","2024-04-08","","%","미확인","","","","","","","true","봉 기간의 마지막 유효 관측값","","","","unknown","일부 거래일 누락","true","false","2024-01-02","2025-12-01","","","available-cumulative","2024-01-02","","","","","","",""
"aligned","US","stock","NVDA","day","USD","credit","2024-04-09","","%","미확인","","","","","","","true","봉 기간의 마지막 유효 관측값","","","","unknown","일부 거래일 누락","true","false","2024-01-02","2025-12-01","","","available-cumulative","2024-01-02","","","","","","",""
"aligned","US","stock","NVDA","day","USD","credit","2024-04-10","","%","미확인","","","","","","","true","봉 기간의 마지막 유효 관측값","","","","unknown","일부 거래일 누락","true","false","2024-01-02","2025-12-01","","","available-cumulative","2024-01-02","","","","","","",""
"aligned","US","stock","NVDA","day","USD","credit","2024-04-11","","%","미확인","","","","","","","true","봉 기간의 마지막 유효 관측값","","","","unknown","일부 거래일 누락","true","false","2024-01-02","2025-12-01","","","available-cumulative","2024-01-02","","","","","","",""
"aligned","US","stock","NVDA","day","USD","credit","2024-04-12","","%","미확인","","","","","","","true","봉 기간의 마지막 유효 관측값","","","","unknown","일부 거래일 누락","true","false","2024-01-02","2025-12-01","","","available-cumulative","2024-01-02","","","","","","",""
"aligned","US","stock","NVDA","day","USD","credit","2024-04-15","","%","미확인","","","","","","","true","봉 기간의 마지막 유효 관측값","","","","unknown","일부 거래일 누락","true","false","2024-01-02","2025-12-01","","","available-cumulative","2024-01-02","","","","","","",""
"aligned","US","stock","NVDA","day","USD","credit","2024-04-16","","%","미확인","","","","","","","true","봉 기간의 마지막 유효 관측값","","","","unknown","일부 거래일 누락","true","false","2024-01-02","2025-12-01","","","available-cumulative","2024-01-02","","","","","","",""
"aligned","US","stock","NVDA","day","USD","credit","2024-04-17","","%","미확인","","","","","","","true","봉 기간의 마지막 유효 관측값","","","","unknown","일부 거래일 누락","true","false","2024-01-02","2025-12-01","","","available-cumulative","2024-01-02","","","","","","",""
"aligned","US","stock","NVDA","day","USD","credit","2024-04-18","","%","미확인","","","","","","","true","봉 기간의 마지막 유효 관측값","","","","unknown","일부 거래일 누락","true","false","2024-01-02","2025-12-01","","","available-cumulative","2024-01-02","","","","","","",""
"aligned","US","stock","NVDA","day","USD","credit","2024-04-19","","%","미확인","","","","","","","true","봉 기간의 마지막 유효 관측값","","","","unknown","일부 거래일 누락","true","false","2024-01-02","2025-12-01","","","available-cumulative","2024-01-02","","","","","","",""
"aligned","US","stock","NVDA","day","USD","credit","2024-04-22","","%","미확인","","","","","","","true","봉 기간의 마지막 유효 관측값","","","","unknown","일부 거래일 누락","true","false","2024-01-02","2025-12-01","","","available-cumulative","2024-01-02","","","","","","",""
"aligned","US","stock","NVDA","day","USD","credit","2024-04-23","","%","미확인","","","","","","","true","봉 기간의 마지막 유효 관측값","","","","unknown","일부 거래일 누락","true","false","2024-01-02","2025-12-01","","","available-cumulative","2024-01-02","","","","","","",""
"aligned","US","stock","NVDA","day","USD","credit","2024-04-24","","%","미확인","","","","","","","true","봉 기간의 마지막 유효 관측값","","","","unknown","일부 거래일 누락","true","false","2024-01-02","2025-12-01","","","available-cumulative","2024-01-02","","","","","","",""
"aligned","US","stock","NVDA","day","USD","credit","2024-04-25","","%","미확인","","","","","","","true","봉 기간의 마지막 유효 관측값","","","","unknown","일부 거래일 누락","true","false","2024-01-02","2025-12-01","","","available-cumulative","2024-01-02","","","","","","",""
"aligned","US","stock","NVDA","day","USD","credit","2024-04-26","","%","미확인","","","","","","","true","봉 기간의 마지막 유효 관측값","","","","unknown","일부 거래일 누락","true","false","2024-01-02","2025-12-01","","","available-cumulative","2024-01-02","","","","","","",""
"aligned","US","stock","NVDA","day","USD","credit","2024-04-29","","%","미확인","","","","","","","true","봉 기간의 마지막 유효 관측값","","","","unknown","일부 거래일 누락","true","false","2024-01-02","2025-12-01","","","available-cumulative","2024-01-02","","","","","","",""
"aligned","US","stock","NVDA","day","USD","credit","2024-04-30","","%","미확인","","","","","","","true","봉 기간의 마지막 유효 관측값","","","","unknown","일부 거래일 누락","true","false","2024-01-02","2025-12-01","","","available-cumulative","2024-01-02","","","","","","",""
"aligned","US","stock","NVDA","day","USD","credit","2024-05-01","","%","미확인","","","","","","","true","봉 기간의 마지막 유효 관측값","","","","unknown","일부 거래일 누락","true","false","2024-01-02","2025-12-01","","","available-cumulative","2024-01-02","","","","","","",""
"aligned","US","stock","NVDA","day","USD","credit","2024-05-02","","%","미확인","","","","","","","true","봉 기간의 마지막 유효 관측값","","","","unknown","일부 거래일 누락","true","false","2024-01-02","2025-12-01","","","available-cumulative","2024-01-02","","","","","","",""
"aligned","US","stock","NVDA","day","USD","credit","2024-05-03","","%","미확인","","","","","","","true","봉 기간의 마지막 유효 관측값","","","","unknown","일부 거래일 누락","true","false","2024-01-02","2025-12-01","","","available-cumulative","2024-01-02","","","","","","",""
"aligned","US","stock","NVDA","day","USD","credit","2024-05-06","","%","미확인","","","","","","","true","봉 기간의 마지막 유효 관측값","","","","unknown","일부 거래일 누락","true","false","2024-01-02","2025-12-01","","","available-cumulative","2024-01-02","","","","","","",""
"aligned","US","stock","NVDA","day","USD","credit","2024-05-07","","%","미확인","","","","","","","true","봉 기간의 마지막 유효 관측값","","","","unknown","일부 거래일 누락","true","false","2024-01-02","2025-12-01","","","available-cumulative","2024-01-02","","","","","","",""
"aligned","US","stock","NVDA","day","USD","credit","2024-05-08","","%","미확인","","","","","","","true","봉 기간의 마지막 유효 관측값","","","","unknown","일부 거래일 누락","true","false","2024-01-02","2025-12-01","","","available-cumulative","2024-01-02","","","","","","",""
"aligned","US","stock","NVDA","day","USD","credit","2024-05-09","","%","미확인","","","","","","","true","봉 기간의 마지막 유효 관측값","","","","unknown","일부 거래일 누락","true","false","2024-01-02","2025-12-01","","","available-cumulative","2024-01-02","","","","","","",""
"aligned","US","stock","NVDA","day","USD","credit","2024-05-10","","%","미확인","","","","","","","true","봉 기간의 마지막 유효 관측값","","","","unknown","일부 거래일 누락","true","false","2024-01-02","2025-12-01","","","available-cumulative","2024-01-02","","","","","","",""
"aligned","US","stock","NVDA","day","USD","credit","2024-05-13","","%","미확인","","","","","","","true","봉 기간의 마지막 유효 관측값","","","","unknown","일부 거래일 누락","true","false","2024-01-02","2025-12-01","","","available-cumulative","2024-01-02","","","","","","",""
"aligned","US","stock","NVDA","day","USD","credit","2024-05-14","","%","미확인","","","","","","","true","봉 기간의 마지막 유효 관측값","","","","unknown","일부 거래일 누락","true","false","2024-01-02","2025-12-01","","","available-cumulative","2024-01-02","","","","","","",""
"aligned","US","stock","NVDA","day","USD","credit","2024-05-15","","%","미확인","","","","","","","true","봉 기간의 마지막 유효 관측값","","","","unknown","일부 거래일 누락","true","false","2024-01-02","2025-12-01","","","available-cumulative","2024-01-02","","","","","","",""
"aligned","US","stock","NVDA","day","USD","credit","2024-05-16","","%","미확인","","","","","","","true","봉 기간의 마지막 유효 관측값","","","","unknown","일부 거래일 누락","true","false","2024-01-02","2025-12-01","","","available-cumulative","2024-01-02","","","","","","",""
"aligned","US","stock","NVDA","day","USD","credit","2024-05-17","","%","미확인","","","","","","","true","봉 기간의 마지막 유효 관측값","","","","unknown","일부 거래일 누락","true","false","2024-01-02","2025-12-01","","","available-cumulative","2024-01-02","","","","","","",""
"aligned","US","stock","NVDA","day","USD","credit","2024-05-20","","%","미확인","","","","","","","true","봉 기간의 마지막 유효 관측값","","","","unknown","일부 거래일 누락","true","false","2024-01-02","2025-12-01","","","available-cumulative","2024-01-02","","","","","","",""
"aligned","US","stock","NVDA","day","USD","credit","2024-05-21","","%","미확인","","","","","","","true","봉 기간의 마지막 유효 관측값","","","","unknown","일부 거래일 누락","true","false","2024-01-02","2025-12-01","","","available-cumulative","2024-01-02","","","","","","",""
"aligned","US","stock","NVDA","day","USD","credit","2024-05-22","","%","미확인","","","","","","","true","봉 기간의 마지막 유효 관측값","","","","unknown","일부 거래일 누락","true","false","2024-01-02","2025-12-01","","","available-cumulative","2024-01-02","","","","","","",""
"aligned","US","stock","NVDA","day","USD","credit","2024-05-23","","%","미확인","","","","","","","true","봉 기간의 마지막 유효 관측값","","","","unknown","일부 거래일 누락","true","false","2024-01-02","2025-12-01","","","available-cumulative","2024-01-02","","","","","","",""
"aligned","US","stock","NVDA","day","USD","credit","2024-05-24","","%","미확인","","","","","","","true","봉 기간의 마지막 유효 관측값","","","","unknown","일부 거래일 누락","true","false","2024-01-02","2025-12-01","","","available-cumulative","2024-01-02","","","","","","",""
"aligned","US","stock","NVDA","day","USD","credit","2024-05-27","","%","미확인","","","","","","","true","봉 기간의 마지막 유효 관측값","","","","unknown","일부 거래일 누락","true","false","2024-01-02","2025-12-01","","","available-cumulative","2024-01-02","","","","","","",""
"aligned","US","stock","NVDA","day","USD","credit","2024-05-28","","%","미확인","","","","","","","true","봉 기간의 마지막 유효 관측값","","","","unknown","일부 거래일 누락","true","false","2024-01-02","2025-12-01","","","available-cumulative","2024-01-02","","","","","","",""
"aligned","US","stock","NVDA","day","USD","credit","2024-05-29","","%","미확인","","","","","","","true","봉 기간의 마지막 유효 관측값","","","","unknown","일부 거래일 누락","true","false","2024-01-02","2025-12-01","","","available-cumulative","2024-01-02","","","","","","",""
"aligned","US","stock","NVDA","day","USD","credit","2024-05-30","","%","미확인","","","","","","","true","봉 기간의 마지막 유효 관측값","","","","unknown","일부 거래일 누락","true","false","2024-01-02","2025-12-01","","","available-cumulative","2024-01-02","","","","","","",""
"aligned","US","stock","NVDA","day","USD","credit","2024-05-31","","%","미확인","","","","","","","true","봉 기간의 마지막 유효 관측값","","","","unknown","일부 거래일 누락","true","false","2024-01-02","2025-12-01","","","available-cumulative","2024-01-02","","","","","","",""
"aligned","US","stock","NVDA","day","USD","credit","2024-06-03","","%","미확인","","","","","","","true","봉 기간의 마지막 유효 관측값","","","","unknown","일부 거래일 누락","true","false","2024-01-02","2025-12-01","","","available-cumulative","2024-01-02","","","","","","",""
"aligned","US","stock","NVDA","day","USD","credit","2024-06-04","","%","미확인","","","","","","","true","봉 기간의 마지막 유효 관측값","","","","unknown","일부 거래일 누락","true","false","2024-01-02","2025-12-01","","","available-cumulative","2024-01-02","","","","","","",""
"aligned","US","stock","NVDA","day","USD","credit","2024-06-05","","%","미확인","","","","","","","true","봉 기간의 마지막 유효 관측값","","","","unknown","일부 거래일 누락","true","false","2024-01-02","2025-12-01","","","available-cumulative","2024-01-02","","","","","","",""
"aligned","US","stock","NVDA","day","USD","credit","2024-06-06","","%","미확인","","","","","","","true","봉 기간의 마지막 유효 관측값","","","","unknown","일부 거래일 누락","true","false","2024-01-02","2025-12-01","","","available-cumulative","2024-01-02","","","","","","",""
"aligned","US","stock","NVDA","day","USD","credit","2024-06-07","","%","미확인","","","","","","","true","봉 기간의 마지막 유효 관측값","","","","unknown","일부 거래일 누락","true","false","2024-01-02","2025-12-01","","","available-cumulative","2024-01-02","","","","","","",""
"aligned","US","stock","NVDA","day","USD","credit","2024-06-10","","%","미확인","","","","","","","true","봉 기간의 마지막 유효 관측값","","","","unknown","일부 거래일 누락","true","false","2024-01-02","2025-12-01","","","available-cumulative","2024-01-02","","","","","","",""
"aligned","US","stock","NVDA","day","USD","credit","2024-06-11","","%","미확인","","","","","","","true","봉 기간의 마지막 유효 관측값","","","","unknown","일부 거래일 누락","true","false","2024-01-02","2025-12-01","","","available-cumulative","2024-01-02","","","","","","",""
"aligned","US","stock","NVDA","day","USD","credit","2024-06-12","","%","미확인","","","","","","","true","봉 기간의 마지막 유효 관측값","","","","unknown","일부 거래일 누락","true","false","2024-01-02","2025-12-01","","","available-cumulative","2024-01-02","","","","","","",""
"aligned","US","stock","NVDA","day","USD","credit","2024-06-13","","%","미확인","","","","","","","true","봉 기간의 마지막 유효 관측값","","","","unknown","일부 거래일 누락","true","false","2024-01-02","2025-12-01","","","available-cumulative","2024-01-02","","","","","","",""
"aligned","US","stock","NVDA","day","USD","credit","2024-06-14","","%","미확인","","","","","","","true","봉 기간의 마지막 유효 관측값","","","","unknown","일부 거래일 누락","true","false","2024-01-02","2025-12-01","","","available-cumulative","2024-01-02","","","","","","",""
"aligned","US","stock","NVDA","day","USD","credit","2024-06-17","","%","미확인","","","","","","","true","봉 기간의 마지막 유효 관측값","","","","unknown","일부 거래일 누락","true","false","2024-01-02","2025-12-01","","","available-cumulative","2024-01-02","","","","","","",""
"aligned","US","stock","NVDA","day","USD","credit","2024-06-18","","%","미확인","","","","","","","true","봉 기간의 마지막 유효 관측값","","","","unknown","일부 거래일 누락","true","false","2024-01-02","2025-12-01","","","available-cumulative","2024-01-02","","","","","","",""
"aligned","US","stock","NVDA","day","USD","credit","2024-06-19","","%","미확인","","","","","","","true","봉 기간의 마지막 유효 관측값","","","","unknown","일부 거래일 누락","true","false","2024-01-02","2025-12-01","","","available-cumulative","2024-01-02","","","","","","",""
"aligned","US","stock","NVDA","day","USD","credit","2024-06-20","","%","미확인","","","","","","","true","봉 기간의 마지막 유효 관측값","","","","unknown","일부 거래일 누락","true","false","2024-01-02","2025-12-01","","","available-cumulative","2024-01-02","","","","","","",""
"aligned","US","stock","NVDA","day","USD","credit","2024-06-21","","%","미확인","","","","","","","true","봉 기간의 마지막 유효 관측값","","","","unknown","일부 거래일 누락","true","false","2024-01-02","2025-12-01","","","available-cumulative","2024-01-02","","","","","","",""
"aligned","US","stock","NVDA","day","USD","credit","2024-06-24","","%","미확인","","","","","","","true","봉 기간의 마지막 유효 관측값","","","","unknown","일부 거래일 누락","true","false","2024-01-02","2025-12-01","","","available-cumulative","2024-01-02","","","","","","",""
"aligned","US","stock","NVDA","day","USD","credit","2024-06-25","","%","미확인","","","","","","","true","봉 기간의 마지막 유효 관측값","","","","unknown","일부 거래일 누락","true","false","2024-01-02","2025-12-01","","","available-cumulative","2024-01-02","","","","","","",""
"aligned","US","stock","NVDA","day","USD","credit","2024-06-26","","%","미확인","","","","","","","true","봉 기간의 마지막 유효 관측값","","","","unknown","일부 거래일 누락","true","false","2024-01-02","2025-12-01","","","available-cumulative","2024-01-02","","","","","","",""
"aligned","US","stock","NVDA","day","USD","credit","2024-06-27","","%","미확인","","","","","","","true","봉 기간의 마지막 유효 관측값","","","","unknown","일부 거래일 누락","true","false","2024-01-02","2025-12-01","","","available-cumulative","2024-01-02","","","","","","",""
"aligned","US","stock","NVDA","day","USD","credit","2024-06-28","","%","미확인","","","","","","","true","봉 기간의 마지막 유효 관측값","","","","unknown","일부 거래일 누락","true","false","2024-01-02","2025-12-01","","","available-cumulative","2024-01-02","","","","","","",""
"aligned","US","stock","NVDA","day","USD","credit","2024-07-01","","%","미확인","","","","","","","true","봉 기간의 마지막 유효 관측값","","","","unknown","일부 거래일 누락","true","false","2024-01-02","2025-12-01","","","available-cumulative","2024-01-02","","","","","","",""
"aligned","US","stock","NVDA","day","USD","credit","2024-07-02","","%","미확인","","","","","","","true","봉 기간의 마지막 유효 관측값","","","","unknown","일부 거래일 누락","true","false","2024-01-02","2025-12-01","","","available-cumulative","2024-01-02","","","","","","",""
"aligned","US","stock","NVDA","day","USD","credit","2024-07-03","","%","미확인","","","","","","","true","봉 기간의 마지막 유효 관측값","","","","unknown","일부 거래일 누락","true","false","2024-01-02","2025-12-01","","","available-cumulative","2024-01-02","","","","","","",""
"aligned","US","stock","NVDA","day","USD","credit","2024-07-04","","%","미확인","","","","","","","true","봉 기간의 마지막 유효 관측값","","","","unknown","일부 거래일 누락","true","false","2024-01-02","2025-12-01","","","available-cumulative","2024-01-02","","","","","","",""
"aligned","US","stock","NVDA","day","USD","credit","2024-07-05","","%","미확인","","","","","","","true","봉 기간의 마지막 유효 관측값","","","","unknown","일부 거래일 누락","true","false","2024-01-02","2025-12-01","","","available-cumulative","2024-01-02","","","","","","",""
"aligned","US","stock","NVDA","day","USD","credit","2024-07-08","","%","미확인","","","","","","","true","봉 기간의 마지막 유효 관측값","","","","unknown","일부 거래일 누락","true","false","2024-01-02","2025-12-01","","","available-cumulative","2024-01-02","","","","","","",""
"aligned","US","stock","NVDA","day","USD","credit","2024-07-09","","%","미확인","","","","","","","true","봉 기간의 마지막 유효 관측값","","","","unknown","일부 거래일 누락","true","false","2024-01-02","2025-12-01","","","available-cumulative","2024-01-02","","","","","","",""
"aligned","US","stock","NVDA","day","USD","credit","2024-07-10","","%","미확인","","","","","","","true","봉 기간의 마지막 유효 관측값","","","","unknown","일부 거래일 누락","true","false","2024-01-02","2025-12-01","","","available-cumulative","2024-01-02","","","","","","",""
"aligned","US","stock","NVDA","day","USD","credit","2024-07-11","","%","미확인","","","","","","","true","봉 기간의 마지막 유효 관측값","","","","unknown","일부 거래일 누락","true","false","2024-01-02","2025-12-01","","","available-cumulative","2024-01-02","","","","","","",""
"aligned","US","stock","NVDA","day","USD","credit","2024-07-12","","%","미확인","","","","","","","true","봉 기간의 마지막 유효 관측값","","","","unknown","일부 거래일 누락","true","false","2024-01-02","2025-12-01","","","available-cumulative","2024-01-02","","","","","","",""
"aligned","US","stock","NVDA","day","USD","credit","2024-07-15","","%","미확인","","","","","","","true","봉 기간의 마지막 유효 관측값","","","","unknown","일부 거래일 누락","true","false","2024-01-02","2025-12-01","","","available-cumulative","2024-01-02","","","","","","",""
"aligned","US","stock","NVDA","day","USD","credit","2024-07-16","","%","미확인","","","","","","","true","봉 기간의 마지막 유효 관측값","","","","unknown","일부 거래일 누락","true","false","2024-01-02","2025-12-01","","","available-cumulative","2024-01-02","","","","","","",""
"aligned","US","stock","NVDA","day","USD","credit","2024-07-17","","%","미확인","","","","","","","true","봉 기간의 마지막 유효 관측값","","","","unknown","일부 거래일 누락","true","false","2024-01-02","2025-12-01","","","available-cumulative","2024-01-02","","","","","","",""
"aligned","US","stock","NVDA","day","USD","credit","2024-07-18","","%","미확인","","","","","","","true","봉 기간의 마지막 유효 관측값","","","","unknown","일부 거래일 누락","true","false","2024-01-02","2025-12-01","","","available-cumulative","2024-01-02","","","","","","",""
"aligned","US","stock","NVDA","day","USD","credit","2024-07-19","","%","미확인","","","","","","","true","봉 기간의 마지막 유효 관측값","","","","unknown","일부 거래일 누락","true","false","2024-01-02","2025-12-01","","","available-cumulative","2024-01-02","","","","","","",""
"aligned","US","stock","NVDA","day","USD","credit","2024-07-22","","%","미확인","","","","","","","true","봉 기간의 마지막 유효 관측값","","","","unknown","일부 거래일 누락","true","false","2024-01-02","2025-12-01","","","available-cumulative","2024-01-02","","","","","","",""
"aligned","US","stock","NVDA","day","USD","credit","2024-07-23","","%","미확인","","","","","","","true","봉 기간의 마지막 유효 관측값","","","","unknown","일부 거래일 누락","true","false","2024-01-02","2025-12-01","","","available-cumulative","2024-01-02","","","","","","",""
"aligned","US","stock","NVDA","day","USD","credit","2024-07-24","","%","미확인","","","","","","","true","봉 기간의 마지막 유효 관측값","","","","unknown","일부 거래일 누락","true","false","2024-01-02","2025-12-01","","","available-cumulative","2024-01-02","","","","","","",""
"aligned","US","stock","NVDA","day","USD","credit","2024-07-25","","%","미확인","","","","","","","true","봉 기간의 마지막 유효 관측값","","","","unknown","일부 거래일 누락","true","false","2024-01-02","2025-12-01","","","available-cumulative","2024-01-02","","","","","","",""
"aligned","US","stock","NVDA","day","USD","credit","2024-07-26","","%","미확인","","","","","","","true","봉 기간의 마지막 유효 관측값","","","","unknown","일부 거래일 누락","true","false","2024-01-02","2025-12-01","","","available-cumulative","2024-01-02","","","","","","",""
"aligned","US","stock","NVDA","day","USD","credit","2024-07-29","","%","미확인","","","","","","","true","봉 기간의 마지막 유효 관측값","","","","unknown","일부 거래일 누락","true","false","2024-01-02","2025-12-01","","","available-cumulative","2024-01-02","","","","","","",""
"aligned","US","stock","NVDA","day","USD","credit","2024-07-30","","%","미확인","","","","","","","true","봉 기간의 마지막 유효 관측값","","","","unknown","일부 거래일 누락","true","false","2024-01-02","2025-12-01","","","available-cumulative","2024-01-02","","","","","","",""
"aligned","US","stock","NVDA","day","USD","credit","2024-07-31","","%","미확인","","","","","","","true","봉 기간의 마지막 유효 관측값","","","","unknown","일부 거래일 누락","true","false","2024-01-02","2025-12-01","","","available-cumulative","2024-01-02","","","","","","",""
"aligned","US","stock","NVDA","day","USD","credit","2024-08-01","","%","미확인","","","","","","","true","봉 기간의 마지막 유효 관측값","","","","unknown","일부 거래일 누락","true","false","2024-01-02","2025-12-01","","","available-cumulative","2024-01-02","","","","","","",""
"aligned","US","stock","NVDA","day","USD","credit","2024-08-02","","%","미확인","","","","","","","true","봉 기간의 마지막 유효 관측값","","","","unknown","일부 거래일 누락","true","false","2024-01-02","2025-12-01","","","available-cumulative","2024-01-02","","","","","","",""
"aligned","US","stock","NVDA","day","USD","credit","2024-08-05","","%","미확인","","","","","","","true","봉 기간의 마지막 유효 관측값","","","","unknown","일부 거래일 누락","true","false","2024-01-02","2025-12-01","","","available-cumulative","2024-01-02","","","","","","",""
"aligned","US","stock","NVDA","day","USD","credit","2024-08-06","","%","미확인","","","","","","","true","봉 기간의 마지막 유효 관측값","","","","unknown","일부 거래일 누락","true","false","2024-01-02","2025-12-01","","","available-cumulative","2024-01-02","","","","","","",""
"aligned","US","stock","NVDA","day","USD","credit","2024-08-07","","%","미확인","","","","","","","true","봉 기간의 마지막 유효 관측값","","","","unknown","일부 거래일 누락","true","false","2024-01-02","2025-12-01","","","available-cumulative","2024-01-02","","","","","","",""
"aligned","US","stock","NVDA","day","USD","credit","2024-08-08","","%","미확인","","","","","","","true","봉 기간의 마지막 유효 관측값","","","","unknown","일부 거래일 누락","true","false","2024-01-02","2025-12-01","","","available-cumulative","2024-01-02","","","","","","",""
"aligned","US","stock","NVDA","day","USD","credit","2024-08-09","","%","미확인","","","","","","","true","봉 기간의 마지막 유효 관측값","","","","unknown","일부 거래일 누락","true","false","2024-01-02","2025-12-01","","","available-cumulative","2024-01-02","","","","","","",""
"aligned","US","stock","NVDA","day","USD","credit","2024-08-12","","%","미확인","","","","","","","true","봉 기간의 마지막 유효 관측값","","","","unknown","일부 거래일 누락","true","false","2024-01-02","2025-12-01","","","available-cumulative","2024-01-02","","","","","","",""
"aligned","US","stock","NVDA","day","USD","credit","2024-08-13","","%","미확인","","","","","","","true","봉 기간의 마지막 유효 관측값","","","","unknown","일부 거래일 누락","true","false","2024-01-02","2025-12-01","","","available-cumulative","2024-01-02","","","","","","",""
"aligned","US","stock","NVDA","day","USD","credit","2024-08-14","","%","미확인","","","","","","","true","봉 기간의 마지막 유효 관측값","","","","unknown","일부 거래일 누락","true","false","2024-01-02","2025-12-01","","","available-cumulative","2024-01-02","","","","","","",""
"aligned","US","stock","NVDA","day","USD","credit","2024-08-15","","%","미확인","","","","","","","true","봉 기간의 마지막 유효 관측값","","","","unknown","일부 거래일 누락","true","false","2024-01-02","2025-12-01","","","available-cumulative","2024-01-02","","","","","","",""
"aligned","US","stock","NVDA","day","USD","credit","2024-08-16","","%","미확인","","","","","","","true","봉 기간의 마지막 유효 관측값","","","","unknown","일부 거래일 누락","true","false","2024-01-02","2025-12-01","","","available-cumulative","2024-01-02","","","","","","",""
"aligned","US","stock","NVDA","day","USD","credit","2024-08-19","","%","미확인","","","","","","","true","봉 기간의 마지막 유효 관측값","","","","unknown","일부 거래일 누락","true","false","2024-01-02","2025-12-01","","","available-cumulative","2024-01-02","","","","","","",""
"aligned","US","stock","NVDA","day","USD","credit","2024-08-20","","%","미확인","","","","","","","true","봉 기간의 마지막 유효 관측값","","","","unknown","일부 거래일 누락","true","false","2024-01-02","2025-12-01","","","available-cumulative","2024-01-02","","","","","","",""
"aligned","US","stock","NVDA","day","USD","credit","2024-08-21","","%","미확인","","","","","","","true","봉 기간의 마지막 유효 관측값","","","","unknown","일부 거래일 누락","true","false","2024-01-02","2025-12-01","","","available-cumulative","2024-01-02","","","","","","",""
"aligned","US","stock","NVDA","day","USD","credit","2024-08-22","","%","미확인","","","","","","","true","봉 기간의 마지막 유효 관측값","","","","unknown","일부 거래일 누락","true","false","2024-01-02","2025-12-01","","","available-cumulative","2024-01-02","","","","","","",""
"aligned","US","stock","NVDA","day","USD","credit","2024-08-23","","%","미확인","","","","","","","true","봉 기간의 마지막 유효 관측값","","","","unknown","일부 거래일 누락","true","false","2024-01-02","2025-12-01","","","available-cumulative","2024-01-02","","","","","","",""
"aligned","US","stock","NVDA","day","USD","credit","2024-08-26","","%","미확인","","","","","","","true","봉 기간의 마지막 유효 관측값","","","","unknown","일부 거래일 누락","true","false","2024-01-02","2025-12-01","","","available-cumulative","2024-01-02","","","","","","",""
"aligned","US","stock","NVDA","day","USD","credit","2024-08-27","","%","미확인","","","","","","","true","봉 기간의 마지막 유효 관측값","","","","unknown","일부 거래일 누락","true","false","2024-01-02","2025-12-01","","","available-cumulative","2024-01-02","","","","","","",""
"aligned","US","stock","NVDA","day","USD","credit","2024-08-28","","%","미확인","","","","","","","true","봉 기간의 마지막 유효 관측값","","","","unknown","일부 거래일 누락","true","false","2024-01-02","2025-12-01","","","available-cumulative","2024-01-02","","","","","","",""
"aligned","US","stock","NVDA","day","USD","credit","2024-08-29","","%","미확인","","","","","","","true","봉 기간의 마지막 유효 관측값","","","","unknown","일부 거래일 누락","true","false","2024-01-02","2025-12-01","","","available-cumulative","2024-01-02","","","","","","",""
"aligned","US","stock","NVDA","day","USD","credit","2024-08-30","","%","미확인","","","","","","","true","봉 기간의 마지막 유효 관측값","","","","unknown","일부 거래일 누락","true","false","2024-01-02","2025-12-01","","","available-cumulative","2024-01-02","","","","","","",""
"aligned","US","stock","NVDA","day","USD","credit","2024-09-02","","%","미확인","","","","","","","true","봉 기간의 마지막 유효 관측값","","","","unknown","일부 거래일 누락","true","false","2024-01-02","2025-12-01","","","available-cumulative","2024-01-02","","","","","","",""
"aligned","US","stock","NVDA","day","USD","credit","2024-09-03","","%","미확인","","","","","","","true","봉 기간의 마지막 유효 관측값","","","","unknown","일부 거래일 누락","true","false","2024-01-02","2025-12-01","","","available-cumulative","2024-01-02","","","","","","",""
"aligned","US","stock","NVDA","day","USD","credit","2024-09-04","","%","미확인","","","","","","","true","봉 기간의 마지막 유효 관측값","","","","unknown","일부 거래일 누락","true","false","2024-01-02","2025-12-01","","","available-cumulative","2024-01-02","","","","","","",""
"aligned","US","stock","NVDA","day","USD","credit","2024-09-05","","%","미확인","","","","","","","true","봉 기간의 마지막 유효 관측값","","","","unknown","일부 거래일 누락","true","false","2024-01-02","2025-12-01","","","available-cumulative","2024-01-02","","","","","","",""
"aligned","US","stock","NVDA","day","USD","credit","2024-09-06","","%","미확인","","","","","","","true","봉 기간의 마지막 유효 관측값","","","","unknown","일부 거래일 누락","true","false","2024-01-02","2025-12-01","","","available-cumulative","2024-01-02","","","","","","",""
"aligned","US","stock","NVDA","day","USD","credit","2024-09-09","","%","미확인","","","","","","","true","봉 기간의 마지막 유효 관측값","","","","unknown","일부 거래일 누락","true","false","2024-01-02","2025-12-01","","","available-cumulative","2024-01-02","","","","","","",""
"aligned","US","stock","NVDA","day","USD","credit","2024-09-10","","%","미확인","","","","","","","true","봉 기간의 마지막 유효 관측값","","","","unknown","일부 거래일 누락","true","false","2024-01-02","2025-12-01","","","available-cumulative","2024-01-02","","","","","","",""
"aligned","US","stock","NVDA","day","USD","credit","2024-09-11","","%","미확인","","","","","","","true","봉 기간의 마지막 유효 관측값","","","","unknown","일부 거래일 누락","true","false","2024-01-02","2025-12-01","","","available-cumulative","2024-01-02","","","","","","",""
"aligned","US","stock","NVDA","day","USD","credit","2024-09-12","","%","미확인","","","","","","","true","봉 기간의 마지막 유효 관측값","","","","unknown","일부 거래일 누락","true","false","2024-01-02","2025-12-01","","","available-cumulative","2024-01-02","","","","","","",""
"aligned","US","stock","NVDA","day","USD","credit","2024-09-13","","%","미확인","","","","","","","true","봉 기간의 마지막 유효 관측값","","","","unknown","일부 거래일 누락","true","false","2024-01-02","2025-12-01","","","available-cumulative","2024-01-02","","","","","","",""
"aligned","US","stock","NVDA","day","USD","credit","2024-09-16","","%","미확인","","","","","","","true","봉 기간의 마지막 유효 관측값","","","","unknown","일부 거래일 누락","true","false","2024-01-02","2025-12-01","","","available-cumulative","2024-01-02","","","","","","",""
"aligned","US","stock","NVDA","day","USD","credit","2024-09-17","","%","미확인","","","","","","","true","봉 기간의 마지막 유효 관측값","","","","unknown","일부 거래일 누락","true","false","2024-01-02","2025-12-01","","","available-cumulative","2024-01-02","","","","","","",""
"aligned","US","stock","NVDA","day","USD","credit","2024-09-18","","%","미확인","","","","","","","true","봉 기간의 마지막 유효 관측값","","","","unknown","일부 거래일 누락","true","false","2024-01-02","2025-12-01","","","available-cumulative","2024-01-02","","","","","","",""
"aligned","US","stock","NVDA","day","USD","credit","2024-09-19","","%","미확인","","","","","","","true","봉 기간의 마지막 유효 관측값","","","","unknown","일부 거래일 누락","true","false","2024-01-02","2025-12-01","","","available-cumulative","2024-01-02","","","","","","",""
"aligned","US","stock","NVDA","day","USD","credit","2024-09-20","","%","미확인","","","","","","","true","봉 기간의 마지막 유효 관측값","","","","unknown","일부 거래일 누락","true","false","2024-01-02","2025-12-01","","","available-cumulative","2024-01-02","","","","","","",""
"aligned","US","stock","NVDA","day","USD","credit","2024-09-23","","%","미확인","","","","","","","true","봉 기간의 마지막 유효 관측값","","","","unknown","일부 거래일 누락","true","false","2024-01-02","2025-12-01","","","available-cumulative","2024-01-02","","","","","","",""
"aligned","US","stock","NVDA","day","USD","credit","2024-09-24","","%","미확인","","","","","","","true","봉 기간의 마지막 유효 관측값","","","","unknown","일부 거래일 누락","true","false","2024-01-02","2025-12-01","","","available-cumulative","2024-01-02","","","","","","",""
"aligned","US","stock","NVDA","day","USD","credit","2024-09-25","","%","미확인","","","","","","","true","봉 기간의 마지막 유효 관측값","","","","unknown","일부 거래일 누락","true","false","2024-01-02","2025-12-01","","","available-cumulative","2024-01-02","","","","","","",""
"aligned","US","stock","NVDA","day","USD","credit","2024-09-26","","%","미확인","","","","","","","true","봉 기간의 마지막 유효 관측값","","","","unknown","일부 거래일 누락","true","false","2024-01-02","2025-12-01","","","available-cumulative","2024-01-02","","","","","","",""
"aligned","US","stock","NVDA","day","USD","credit","2024-09-27","","%","미확인","","","","","","","true","봉 기간의 마지막 유효 관측값","","","","unknown","일부 거래일 누락","true","false","2024-01-02","2025-12-01","","","available-cumulative","2024-01-02","","","","","","",""
"aligned","US","stock","NVDA","day","USD","credit","2024-09-30","","%","미확인","","","","","","","true","봉 기간의 마지막 유효 관측값","","","","unknown","일부 거래일 누락","true","false","2024-01-02","2025-12-01","","","available-cumulative","2024-01-02","","","","","","",""
"aligned","US","stock","NVDA","day","USD","credit","2024-10-01","","%","미확인","","","","","","","true","봉 기간의 마지막 유효 관측값","","","","unknown","일부 거래일 누락","true","false","2024-01-02","2025-12-01","","","available-cumulative","2024-01-02","","","","","","",""
"aligned","US","stock","NVDA","day","USD","credit","2024-10-02","","%","미확인","","","","","","","true","봉 기간의 마지막 유효 관측값","","","","unknown","일부 거래일 누락","true","false","2024-01-02","2025-12-01","","","available-cumulative","2024-01-02","","","","","","",""
"aligned","US","stock","NVDA","day","USD","credit","2024-10-03","","%","미확인","","","","","","","true","봉 기간의 마지막 유효 관측값","","","","unknown","일부 거래일 누락","true","false","2024-01-02","2025-12-01","","","available-cumulative","2024-01-02","","","","","","",""
"aligned","US","stock","NVDA","day","USD","credit","2024-10-04","","%","미확인","","","","","","","true","봉 기간의 마지막 유효 관측값","","","","unknown","일부 거래일 누락","true","false","2024-01-02","2025-12-01","","","available-cumulative","2024-01-02","","","","","","",""
"aligned","US","stock","NVDA","day","USD","credit","2024-10-07","","%","미확인","","","","","","","true","봉 기간의 마지막 유효 관측값","","","","unknown","일부 거래일 누락","true","false","2024-01-02","2025-12-01","","","available-cumulative","2024-01-02","","","","","","",""
"aligned","US","stock","NVDA","day","USD","credit","2024-10-08","","%","미확인","","","","","","","true","봉 기간의 마지막 유효 관측값","","","","unknown","일부 거래일 누락","true","false","2024-01-02","2025-12-01","","","available-cumulative","2024-01-02","","","","","","",""
"aligned","US","stock","NVDA","day","USD","credit","2024-10-09","","%","미확인","","","","","","","true","봉 기간의 마지막 유효 관측값","","","","unknown","일부 거래일 누락","true","false","2024-01-02","2025-12-01","","","available-cumulative","2024-01-02","","","","","","",""
"aligned","US","stock","NVDA","day","USD","credit","2024-10-10","","%","미확인","","","","","","","true","봉 기간의 마지막 유효 관측값","","","","unknown","일부 거래일 누락","true","false","2024-01-02","2025-12-01","","","available-cumulative","2024-01-02","","","","","","",""
"aligned","US","stock","NVDA","day","USD","credit","2024-10-11","","%","미확인","","","","","","","true","봉 기간의 마지막 유효 관측값","","","","unknown","일부 거래일 누락","true","false","2024-01-02","2025-12-01","","","available-cumulative","2024-01-02","","","","","","",""
"aligned","US","stock","NVDA","day","USD","credit","2024-10-14","","%","미확인","","","","","","","true","봉 기간의 마지막 유효 관측값","","","","unknown","일부 거래일 누락","true","false","2024-01-02","2025-12-01","","","available-cumulative","2024-01-02","","","","","","",""
"aligned","US","stock","NVDA","day","USD","credit","2024-10-15","","%","미확인","","","","","","","true","봉 기간의 마지막 유효 관측값","","","","unknown","일부 거래일 누락","true","false","2024-01-02","2025-12-01","","","available-cumulative","2024-01-02","","","","","","",""
"aligned","US","stock","NVDA","day","USD","credit","2024-10-16","","%","미확인","","","","","","","true","봉 기간의 마지막 유효 관측값","","","","unknown","일부 거래일 누락","true","false","2024-01-02","2025-12-01","","","available-cumulative","2024-01-02","","","","","","",""
"aligned","US","stock","NVDA","day","USD","credit","2024-10-17","","%","미확인","","","","","","","true","봉 기간의 마지막 유효 관측값","","","","unknown","일부 거래일 누락","true","false","2024-01-02","2025-12-01","","","available-cumulative","2024-01-02","","","","","","",""
"aligned","US","stock","NVDA","day","USD","credit","2024-10-18","","%","미확인","","","","","","","true","봉 기간의 마지막 유효 관측값","","","","unknown","일부 거래일 누락","true","false","2024-01-02","2025-12-01","","","available-cumulative","2024-01-02","","","","","","",""
"aligned","US","stock","NVDA","day","USD","credit","2024-10-21","","%","미확인","","","","","","","true","봉 기간의 마지막 유효 관측값","","","","unknown","일부 거래일 누락","true","false","2024-01-02","2025-12-01","","","available-cumulative","2024-01-02","","","","","","",""
"aligned","US","stock","NVDA","day","USD","credit","2024-10-22","","%","미확인","","","","","","","true","봉 기간의 마지막 유효 관측값","","","","unknown","일부 거래일 누락","true","false","2024-01-02","2025-12-01","","","available-cumulative","2024-01-02","","","","","","",""
"aligned","US","stock","NVDA","day","USD","credit","2024-10-23","","%","미확인","","","","","","","true","봉 기간의 마지막 유효 관측값","","","","unknown","일부 거래일 누락","true","false","2024-01-02","2025-12-01","","","available-cumulative","2024-01-02","","","","","","",""
"aligned","US","stock","NVDA","day","USD","credit","2024-10-24","","%","미확인","","","","","","","true","봉 기간의 마지막 유효 관측값","","","","unknown","일부 거래일 누락","true","false","2024-01-02","2025-12-01","","","available-cumulative","2024-01-02","","","","","","",""
"aligned","US","stock","NVDA","day","USD","credit","2024-10-25","","%","미확인","","","","","","","true","봉 기간의 마지막 유효 관측값","","","","unknown","일부 거래일 누락","true","false","2024-01-02","2025-12-01","","","available-cumulative","2024-01-02","","","","","","",""
"aligned","US","stock","NVDA","day","USD","credit","2024-10-28","","%","미확인","","","","","","","true","봉 기간의 마지막 유효 관측값","","","","unknown","일부 거래일 누락","true","false","2024-01-02","2025-12-01","","","available-cumulative","2024-01-02","","","","","","",""
"aligned","US","stock","NVDA","day","USD","credit","2024-10-29","","%","미확인","","","","","","","true","봉 기간의 마지막 유효 관측값","","","","unknown","일부 거래일 누락","true","false","2024-01-02","2025-12-01","","","available-cumulative","2024-01-02","","","","","","",""
"aligned","US","stock","NVDA","day","USD","credit","2024-10-30","","%","미확인","","","","","","","true","봉 기간의 마지막 유효 관측값","","","","unknown","일부 거래일 누락","true","false","2024-01-02","2025-12-01","","","available-cumulative","2024-01-02","","","","","","",""
"aligned","US","stock","NVDA","day","USD","credit","2024-10-31","","%","미확인","","","","","","","true","봉 기간의 마지막 유효 관측값","","","","unknown","일부 거래일 누락","true","false","2024-01-02","2025-12-01","","","available-cumulative","2024-01-02","","","","","","",""
"aligned","US","stock","NVDA","day","USD","credit","2024-11-01","","%","미확인","","","","","","","true","봉 기간의 마지막 유효 관측값","","","","unknown","일부 거래일 누락","true","false","2024-01-02","2025-12-01","","","available-cumulative","2024-01-02","","","","","","",""
"aligned","US","stock","NVDA","day","USD","credit","2024-11-04","","%","미확인","","","","","","","true","봉 기간의 마지막 유효 관측값","","","","unknown","일부 거래일 누락","true","false","2024-01-02","2025-12-01","","","available-cumulative","2024-01-02","","","","","","",""
"aligned","US","stock","NVDA","day","USD","credit","2024-11-05","","%","미확인","","","","","","","true","봉 기간의 마지막 유효 관측값","","","","unknown","일부 거래일 누락","true","false","2024-01-02","2025-12-01","","","available-cumulative","2024-01-02","","","","","","",""
"aligned","US","stock","NVDA","day","USD","credit","2024-11-06","","%","미확인","","","","","","","true","봉 기간의 마지막 유효 관측값","","","","unknown","일부 거래일 누락","true","false","2024-01-02","2025-12-01","","","available-cumulative","2024-01-02","","","","","","",""
"aligned","US","stock","NVDA","day","USD","credit","2024-11-07","","%","미확인","","","","","","","true","봉 기간의 마지막 유효 관측값","","","","unknown","일부 거래일 누락","true","false","2024-01-02","2025-12-01","","","available-cumulative","2024-01-02","","","","","","",""
"aligned","US","stock","NVDA","day","USD","credit","2024-11-08","","%","미확인","","","","","","","true","봉 기간의 마지막 유효 관측값","","","","unknown","일부 거래일 누락","true","false","2024-01-02","2025-12-01","","","available-cumulative","2024-01-02","","","","","","",""
"aligned","US","stock","NVDA","day","USD","credit","2024-11-11","","%","미확인","","","","","","","true","봉 기간의 마지막 유효 관측값","","","","unknown","일부 거래일 누락","true","false","2024-01-02","2025-12-01","","","available-cumulative","2024-01-02","","","","","","",""
"aligned","US","stock","NVDA","day","USD","credit","2024-11-12","","%","미확인","","","","","","","true","봉 기간의 마지막 유효 관측값","","","","unknown","일부 거래일 누락","true","false","2024-01-02","2025-12-01","","","available-cumulative","2024-01-02","","","","","","",""
"aligned","US","stock","NVDA","day","USD","credit","2024-11-13","","%","미확인","","","","","","","true","봉 기간의 마지막 유효 관측값","","","","unknown","일부 거래일 누락","true","false","2024-01-02","2025-12-01","","","available-cumulative","2024-01-02","","","","","","",""
"aligned","US","stock","NVDA","day","USD","credit","2024-11-14","","%","미확인","","","","","","","true","봉 기간의 마지막 유효 관측값","","","","unknown","일부 거래일 누락","true","false","2024-01-02","2025-12-01","","","available-cumulative","2024-01-02","","","","","","",""
"aligned","US","stock","NVDA","day","USD","credit","2024-11-15","","%","미확인","","","","","","","true","봉 기간의 마지막 유효 관측값","","","","unknown","일부 거래일 누락","true","false","2024-01-02","2025-12-01","","","available-cumulative","2024-01-02","","","","","","",""
"aligned","US","stock","NVDA","day","USD","credit","2024-11-18","","%","미확인","","","","","","","true","봉 기간의 마지막 유효 관측값","","","","unknown","일부 거래일 누락","true","false","2024-01-02","2025-12-01","","","available-cumulative","2024-01-02","","","","","","",""
"aligned","US","stock","NVDA","day","USD","credit","2024-11-19","","%","미확인","","","","","","","true","봉 기간의 마지막 유효 관측값","","","","unknown","일부 거래일 누락","true","false","2024-01-02","2025-12-01","","","available-cumulative","2024-01-02","","","","","","",""
"aligned","US","stock","NVDA","day","USD","credit","2024-11-20","","%","미확인","","","","","","","true","봉 기간의 마지막 유효 관측값","","","","unknown","일부 거래일 누락","true","false","2024-01-02","2025-12-01","","","available-cumulative","2024-01-02","","","","","","",""
"aligned","US","stock","NVDA","day","USD","credit","2024-11-21","","%","미확인","","","","","","","true","봉 기간의 마지막 유효 관측값","","","","unknown","일부 거래일 누락","true","false","2024-01-02","2025-12-01","","","available-cumulative","2024-01-02","","","","","","",""
"aligned","US","stock","NVDA","day","USD","credit","2024-11-22","","%","미확인","","","","","","","true","봉 기간의 마지막 유효 관측값","","","","unknown","일부 거래일 누락","true","false","2024-01-02","2025-12-01","","","available-cumulative","2024-01-02","","","","","","",""
"aligned","US","stock","NVDA","day","USD","credit","2024-11-25","","%","미확인","","","","","","","true","봉 기간의 마지막 유효 관측값","","","","unknown","일부 거래일 누락","true","false","2024-01-02","2025-12-01","","","available-cumulative","2024-01-02","","","","","","",""
"aligned","US","stock","NVDA","day","USD","credit","2024-11-26","","%","미확인","","","","","","","true","봉 기간의 마지막 유효 관측값","","","","unknown","일부 거래일 누락","true","false","2024-01-02","2025-12-01","","","available-cumulative","2024-01-02","","","","","","",""
"aligned","US","stock","NVDA","day","USD","credit","2024-11-27","","%","미확인","","","","","","","true","봉 기간의 마지막 유효 관측값","","","","unknown","일부 거래일 누락","true","false","2024-01-02","2025-12-01","","","available-cumulative","2024-01-02","","","","","","",""
"aligned","US","stock","NVDA","day","USD","credit","2024-11-28","","%","미확인","","","","","","","true","봉 기간의 마지막 유효 관측값","","","","unknown","일부 거래일 누락","true","false","2024-01-02","2025-12-01","","","available-cumulative","2024-01-02","","","","","","",""
"aligned","US","stock","NVDA","day","USD","credit","2024-11-29","","%","미확인","","","","","","","true","봉 기간의 마지막 유효 관측값","","","","unknown","일부 거래일 누락","true","false","2024-01-02","2025-12-01","","","available-cumulative","2024-01-02","","","","","","",""
"aligned","US","stock","NVDA","day","USD","credit","2024-12-02","","%","미확인","","","","","","","true","봉 기간의 마지막 유효 관측값","","","","unknown","일부 거래일 누락","true","false","2024-01-02","2025-12-01","","","available-cumulative","2024-01-02","","","","","","",""
"aligned","US","stock","NVDA","day","USD","credit","2024-12-03","","%","미확인","","","","","","","true","봉 기간의 마지막 유효 관측값","","","","unknown","일부 거래일 누락","true","false","2024-01-02","2025-12-01","","","available-cumulative","2024-01-02","","","","","","",""
"aligned","US","stock","NVDA","day","USD","credit","2024-12-04","","%","미확인","","","","","","","true","봉 기간의 마지막 유효 관측값","","","","unknown","일부 거래일 누락","true","false","2024-01-02","2025-12-01","","","available-cumulative","2024-01-02","","","","","","",""
"aligned","US","stock","NVDA","day","USD","credit","2024-12-05","","%","미확인","","","","","","","true","봉 기간의 마지막 유효 관측값","","","","unknown","일부 거래일 누락","true","false","2024-01-02","2025-12-01","","","available-cumulative","2024-01-02","","","","","","",""
"aligned","US","stock","NVDA","day","USD","credit","2024-12-06","","%","미확인","","","","","","","true","봉 기간의 마지막 유효 관측값","","","","unknown","일부 거래일 누락","true","false","2024-01-02","2025-12-01","","","available-cumulative","2024-01-02","","","","","","",""
"aligned","US","stock","NVDA","day","USD","credit","2024-12-09","","%","미확인","","","","","","","true","봉 기간의 마지막 유효 관측값","","","","unknown","일부 거래일 누락","true","false","2024-01-02","2025-12-01","","","available-cumulative","2024-01-02","","","","","","",""
"aligned","US","stock","NVDA","day","USD","credit","2024-12-10","","%","미확인","","","","","","","true","봉 기간의 마지막 유효 관측값","","","","unknown","일부 거래일 누락","true","false","2024-01-02","2025-12-01","","","available-cumulative","2024-01-02","","","","","","",""
"aligned","US","stock","NVDA","day","USD","credit","2024-12-11","","%","미확인","","","","","","","true","봉 기간의 마지막 유효 관측값","","","","unknown","일부 거래일 누락","true","false","2024-01-02","2025-12-01","","","available-cumulative","2024-01-02","","","","","","",""
"aligned","US","stock","NVDA","day","USD","credit","2024-12-12","","%","미확인","","","","","","","true","봉 기간의 마지막 유효 관측값","","","","unknown","일부 거래일 누락","true","false","2024-01-02","2025-12-01","","","available-cumulative","2024-01-02","","","","","","",""
"aligned","US","stock","NVDA","day","USD","credit","2024-12-13","","%","미확인","","","","","","","true","봉 기간의 마지막 유효 관측값","","","","unknown","일부 거래일 누락","true","false","2024-01-02","2025-12-01","","","available-cumulative","2024-01-02","","","","","","",""
"aligned","US","stock","NVDA","day","USD","credit","2024-12-16","","%","미확인","","","","","","","true","봉 기간의 마지막 유효 관측값","","","","unknown","일부 거래일 누락","true","false","2024-01-02","2025-12-01","","","available-cumulative","2024-01-02","","","","","","",""
"aligned","US","stock","NVDA","day","USD","credit","2024-12-17","","%","미확인","","","","","","","true","봉 기간의 마지막 유효 관측값","","","","unknown","일부 거래일 누락","true","false","2024-01-02","2025-12-01","","","available-cumulative","2024-01-02","","","","","","",""
"aligned","US","stock","NVDA","day","USD","credit","2024-12-18","","%","미확인","","","","","","","true","봉 기간의 마지막 유효 관측값","","","","unknown","일부 거래일 누락","true","false","2024-01-02","2025-12-01","","","available-cumulative","2024-01-02","","","","","","",""
"aligned","US","stock","NVDA","day","USD","credit","2024-12-19","","%","미확인","","","","","","","true","봉 기간의 마지막 유효 관측값","","","","unknown","일부 거래일 누락","true","false","2024-01-02","2025-12-01","","","available-cumulative","2024-01-02","","","","","","",""
"aligned","US","stock","NVDA","day","USD","credit","2024-12-20","","%","미확인","","","","","","","true","봉 기간의 마지막 유효 관측값","","","","unknown","일부 거래일 누락","true","false","2024-01-02","2025-12-01","","","available-cumulative","2024-01-02","","","","","","",""
"aligned","US","stock","NVDA","day","USD","credit","2024-12-23","","%","미확인","","","","","","","true","봉 기간의 마지막 유효 관측값","","","","unknown","일부 거래일 누락","true","false","2024-01-02","2025-12-01","","","available-cumulative","2024-01-02","","","","","","",""
"aligned","US","stock","NVDA","day","USD","credit","2024-12-24","","%","미확인","","","","","","","true","봉 기간의 마지막 유효 관측값","","","","unknown","일부 거래일 누락","true","false","2024-01-02","2025-12-01","","","available-cumulative","2024-01-02","","","","","","",""
"aligned","US","stock","NVDA","day","USD","credit","2024-12-25","","%","미확인","","","","","","","true","봉 기간의 마지막 유효 관측값","","","","unknown","일부 거래일 누락","true","false","2024-01-02","2025-12-01","","","available-cumulative","2024-01-02","","","","","","",""
"aligned","US","stock","NVDA","day","USD","credit","2024-12-26","","%","미확인","","","","","","","true","봉 기간의 마지막 유효 관측값","","","","unknown","일부 거래일 누락","true","false","2024-01-02","2025-12-01","","","available-cumulative","2024-01-02","","","","","","",""
"aligned","US","stock","NVDA","day","USD","credit","2024-12-27","","%","미확인","","","","","","","true","봉 기간의 마지막 유효 관측값","","","","unknown","일부 거래일 누락","true","false","2024-01-02","2025-12-01","","","available-cumulative","2024-01-02","","","","","","",""
"aligned","US","stock","NVDA","day","USD","credit","2024-12-30","","%","미확인","","","","","","","true","봉 기간의 마지막 유효 관측값","","","","unknown","일부 거래일 누락","true","false","2024-01-02","2025-12-01","","","available-cumulative","2024-01-02","","","","","","",""
"aligned","US","stock","NVDA","day","USD","credit","2024-12-31","","%","미확인","","","","","","","true","봉 기간의 마지막 유효 관측값","","","","unknown","일부 거래일 누락","true","false","2024-01-02","2025-12-01","","","available-cumulative","2024-01-02","","","","","","",""
"aligned","US","stock","NVDA","day","USD","credit","2025-01-01","","%","미확인","","","","","","","true","봉 기간의 마지막 유효 관측값","","","","unknown","일부 거래일 누락","true","false","2024-01-02","2025-12-01","","","available-cumulative","2024-01-02","","","","","","",""
"aligned","US","stock","NVDA","day","USD","credit","2025-01-02","","%","미확인","","","","","","","true","봉 기간의 마지막 유효 관측값","","","","unknown","일부 거래일 누락","true","false","2024-01-02","2025-12-01","","","available-cumulative","2024-01-02","","","","","","",""
"aligned","US","stock","NVDA","day","USD","credit","2025-01-03","","%","미확인","","","","","","","true","봉 기간의 마지막 유효 관측값","","","","unknown","일부 거래일 누락","true","false","2024-01-02","2025-12-01","","","available-cumulative","2024-01-02","","","","","","",""
"aligned","US","stock","NVDA","day","USD","credit","2025-01-06","","%","미확인","","","","","","","true","봉 기간의 마지막 유효 관측값","","","","unknown","일부 거래일 누락","true","false","2024-01-02","2025-12-01","","","available-cumulative","2024-01-02","","","","","","",""
"aligned","US","stock","NVDA","day","USD","credit","2025-01-07","","%","미확인","","","","","","","true","봉 기간의 마지막 유효 관측값","","","","unknown","일부 거래일 누락","true","false","2024-01-02","2025-12-01","","","available-cumulative","2024-01-02","","","","","","",""
"aligned","US","stock","NVDA","day","USD","credit","2025-01-08","","%","미확인","","","","","","","true","봉 기간의 마지막 유효 관측값","","","","unknown","일부 거래일 누락","true","false","2024-01-02","2025-12-01","","","available-cumulative","2024-01-02","","","","","","",""
"aligned","US","stock","NVDA","day","USD","credit","2025-01-09","","%","미확인","","","","","","","true","봉 기간의 마지막 유효 관측값","","","","unknown","일부 거래일 누락","true","false","2024-01-02","2025-12-01","","","available-cumulative","2024-01-02","","","","","","",""
"aligned","US","stock","NVDA","day","USD","credit","2025-01-10","","%","미확인","","","","","","","true","봉 기간의 마지막 유효 관측값","","","","unknown","일부 거래일 누락","true","false","2024-01-02","2025-12-01","","","available-cumulative","2024-01-02","","","","","","",""
"aligned","US","stock","NVDA","day","USD","credit","2025-01-13","","%","미확인","","","","","","","true","봉 기간의 마지막 유효 관측값","","","","unknown","일부 거래일 누락","true","false","2024-01-02","2025-12-01","","","available-cumulative","2024-01-02","","","","","","",""
"aligned","US","stock","NVDA","day","USD","credit","2025-01-14","","%","미확인","","","","","","","true","봉 기간의 마지막 유효 관측값","","","","unknown","일부 거래일 누락","true","false","2024-01-02","2025-12-01","","","available-cumulative","2024-01-02","","","","","","",""
"aligned","US","stock","NVDA","day","USD","credit","2025-01-15","","%","미확인","","","","","","","true","봉 기간의 마지막 유효 관측값","","","","unknown","일부 거래일 누락","true","false","2024-01-02","2025-12-01","","","available-cumulative","2024-01-02","","","","","","",""
"aligned","US","stock","NVDA","day","USD","credit","2025-01-16","","%","미확인","","","","","","","true","봉 기간의 마지막 유효 관측값","","","","unknown","일부 거래일 누락","true","false","2024-01-02","2025-12-01","","","available-cumulative","2024-01-02","","","","","","",""
"aligned","US","stock","NVDA","day","USD","credit","2025-01-17","","%","미확인","","","","","","","true","봉 기간의 마지막 유효 관측값","","","","unknown","일부 거래일 누락","true","false","2024-01-02","2025-12-01","","","available-cumulative","2024-01-02","","","","","","",""
"aligned","US","stock","NVDA","day","USD","credit","2025-01-20","","%","미확인","","","","","","","true","봉 기간의 마지막 유효 관측값","","","","unknown","일부 거래일 누락","true","false","2024-01-02","2025-12-01","","","available-cumulative","2024-01-02","","","","","","",""
"aligned","US","stock","NVDA","day","USD","credit","2025-01-21","","%","미확인","","","","","","","true","봉 기간의 마지막 유효 관측값","","","","unknown","일부 거래일 누락","true","false","2024-01-02","2025-12-01","","","available-cumulative","2024-01-02","","","","","","",""
"aligned","US","stock","NVDA","day","USD","credit","2025-01-22","","%","미확인","","","","","","","true","봉 기간의 마지막 유효 관측값","","","","unknown","일부 거래일 누락","true","false","2024-01-02","2025-12-01","","","available-cumulative","2024-01-02","","","","","","",""
"aligned","US","stock","NVDA","day","USD","credit","2025-01-23","","%","미확인","","","","","","","true","봉 기간의 마지막 유효 관측값","","","","unknown","일부 거래일 누락","true","false","2024-01-02","2025-12-01","","","available-cumulative","2024-01-02","","","","","","",""
"aligned","US","stock","NVDA","day","USD","credit","2025-01-24","","%","미확인","","","","","","","true","봉 기간의 마지막 유효 관측값","","","","unknown","일부 거래일 누락","true","false","2024-01-02","2025-12-01","","","available-cumulative","2024-01-02","","","","","","",""
"aligned","US","stock","NVDA","day","USD","credit","2025-01-27","","%","미확인","","","","","","","true","봉 기간의 마지막 유효 관측값","","","","unknown","일부 거래일 누락","true","false","2024-01-02","2025-12-01","","","available-cumulative","2024-01-02","","","","","","",""
"aligned","US","stock","NVDA","day","USD","credit","2025-01-28","","%","미확인","","","","","","","true","봉 기간의 마지막 유효 관측값","","","","unknown","일부 거래일 누락","true","false","2024-01-02","2025-12-01","","","available-cumulative","2024-01-02","","","","","","",""
"aligned","US","stock","NVDA","day","USD","credit","2025-01-29","","%","미확인","","","","","","","true","봉 기간의 마지막 유효 관측값","","","","unknown","일부 거래일 누락","true","false","2024-01-02","2025-12-01","","","available-cumulative","2024-01-02","","","","","","",""
"aligned","US","stock","NVDA","day","USD","credit","2025-01-30","","%","미확인","","","","","","","true","봉 기간의 마지막 유효 관측값","","","","unknown","일부 거래일 누락","true","false","2024-01-02","2025-12-01","","","available-cumulative","2024-01-02","","","","","","",""
"aligned","US","stock","NVDA","day","USD","credit","2025-01-31","","%","미확인","","","","","","","true","봉 기간의 마지막 유효 관측값","","","","unknown","일부 거래일 누락","true","false","2024-01-02","2025-12-01","","","available-cumulative","2024-01-02","","","","","","",""
"aligned","US","stock","NVDA","day","USD","credit","2025-02-03","","%","미확인","","","","","","","true","봉 기간의 마지막 유효 관측값","","","","unknown","일부 거래일 누락","true","false","2024-01-02","2025-12-01","","","available-cumulative","2024-01-02","","","","","","",""
"aligned","US","stock","NVDA","day","USD","credit","2025-02-04","","%","미확인","","","","","","","true","봉 기간의 마지막 유효 관측값","","","","unknown","일부 거래일 누락","true","false","2024-01-02","2025-12-01","","","available-cumulative","2024-01-02","","","","","","",""
"aligned","US","stock","NVDA","day","USD","credit","2025-02-05","","%","미확인","","","","","","","true","봉 기간의 마지막 유효 관측값","","","","unknown","일부 거래일 누락","true","false","2024-01-02","2025-12-01","","","available-cumulative","2024-01-02","","","","","","",""
"aligned","US","stock","NVDA","day","USD","credit","2025-02-06","","%","미확인","","","","","","","true","봉 기간의 마지막 유효 관측값","","","","unknown","일부 거래일 누락","true","false","2024-01-02","2025-12-01","","","available-cumulative","2024-01-02","","","","","","",""
"aligned","US","stock","NVDA","day","USD","credit","2025-02-07","","%","미확인","","","","","","","true","봉 기간의 마지막 유효 관측값","","","","unknown","일부 거래일 누락","true","false","2024-01-02","2025-12-01","","","available-cumulative","2024-01-02","","","","","","",""
"aligned","US","stock","NVDA","day","USD","credit","2025-02-10","","%","미확인","","","","","","","true","봉 기간의 마지막 유효 관측값","","","","unknown","일부 거래일 누락","true","false","2024-01-02","2025-12-01","","","available-cumulative","2024-01-02","","","","","","",""
"aligned","US","stock","NVDA","day","USD","credit","2025-02-11","","%","미확인","","","","","","","true","봉 기간의 마지막 유효 관측값","","","","unknown","일부 거래일 누락","true","false","2024-01-02","2025-12-01","","","available-cumulative","2024-01-02","","","","","","",""
"aligned","US","stock","NVDA","day","USD","credit","2025-02-12","","%","미확인","","","","","","","true","봉 기간의 마지막 유효 관측값","","","","unknown","일부 거래일 누락","true","false","2024-01-02","2025-12-01","","","available-cumulative","2024-01-02","","","","","","",""
"aligned","US","stock","NVDA","day","USD","credit","2025-02-13","","%","미확인","","","","","","","true","봉 기간의 마지막 유효 관측값","","","","unknown","일부 거래일 누락","true","false","2024-01-02","2025-12-01","","","available-cumulative","2024-01-02","","","","","","",""
"aligned","US","stock","NVDA","day","USD","credit","2025-02-14","","%","미확인","","","","","","","true","봉 기간의 마지막 유효 관측값","","","","unknown","일부 거래일 누락","true","false","2024-01-02","2025-12-01","","","available-cumulative","2024-01-02","","","","","","",""
"aligned","US","stock","NVDA","day","USD","credit","2025-02-17","","%","미확인","","","","","","","true","봉 기간의 마지막 유효 관측값","","","","unknown","일부 거래일 누락","true","false","2024-01-02","2025-12-01","","","available-cumulative","2024-01-02","","","","","","",""
"aligned","US","stock","NVDA","day","USD","credit","2025-02-18","","%","미확인","","","","","","","true","봉 기간의 마지막 유효 관측값","","","","unknown","일부 거래일 누락","true","false","2024-01-02","2025-12-01","","","available-cumulative","2024-01-02","","","","","","",""
"aligned","US","stock","NVDA","day","USD","credit","2025-02-19","","%","미확인","","","","","","","true","봉 기간의 마지막 유효 관측값","","","","unknown","일부 거래일 누락","true","false","2024-01-02","2025-12-01","","","available-cumulative","2024-01-02","","","","","","",""
"aligned","US","stock","NVDA","day","USD","credit","2025-02-20","","%","미확인","","","","","","","true","봉 기간의 마지막 유효 관측값","","","","unknown","일부 거래일 누락","true","false","2024-01-02","2025-12-01","","","available-cumulative","2024-01-02","","","","","","",""
"aligned","US","stock","NVDA","day","USD","credit","2025-02-21","","%","미확인","","","","","","","true","봉 기간의 마지막 유효 관측값","","","","unknown","일부 거래일 누락","true","false","2024-01-02","2025-12-01","","","available-cumulative","2024-01-02","","","","","","",""
"aligned","US","stock","NVDA","day","USD","credit","2025-02-24","","%","미확인","","","","","","","true","봉 기간의 마지막 유효 관측값","","","","unknown","일부 거래일 누락","true","false","2024-01-02","2025-12-01","","","available-cumulative","2024-01-02","","","","","","",""
"aligned","US","stock","NVDA","day","USD","credit","2025-02-25","","%","미확인","","","","","","","true","봉 기간의 마지막 유효 관측값","","","","unknown","일부 거래일 누락","true","false","2024-01-02","2025-12-01","","","available-cumulative","2024-01-02","","","","","","",""
"aligned","US","stock","NVDA","day","USD","credit","2025-02-26","","%","미확인","","","","","","","true","봉 기간의 마지막 유효 관측값","","","","unknown","일부 거래일 누락","true","false","2024-01-02","2025-12-01","","","available-cumulative","2024-01-02","","","","","","",""
"aligned","US","stock","NVDA","day","USD","credit","2025-02-27","","%","미확인","","","","","","","true","봉 기간의 마지막 유효 관측값","","","","unknown","일부 거래일 누락","true","false","2024-01-02","2025-12-01","","","available-cumulative","2024-01-02","","","","","","",""
"aligned","US","stock","NVDA","day","USD","credit","2025-02-28","","%","미확인","","","","","","","true","봉 기간의 마지막 유효 관측값","","","","unknown","일부 거래일 누락","true","false","2024-01-02","2025-12-01","","","available-cumulative","2024-01-02","","","","","","",""
"aligned","US","stock","NVDA","day","USD","credit","2025-03-03","","%","미확인","","","","","","","true","봉 기간의 마지막 유효 관측값","","","","unknown","일부 거래일 누락","true","false","2024-01-02","2025-12-01","","","available-cumulative","2024-01-02","","","","","","",""
"aligned","US","stock","NVDA","day","USD","credit","2025-03-04","","%","미확인","","","","","","","true","봉 기간의 마지막 유효 관측값","","","","unknown","일부 거래일 누락","true","false","2024-01-02","2025-12-01","","","available-cumulative","2024-01-02","","","","","","",""
"aligned","US","stock","NVDA","day","USD","credit","2025-03-05","","%","미확인","","","","","","","true","봉 기간의 마지막 유효 관측값","","","","unknown","일부 거래일 누락","true","false","2024-01-02","2025-12-01","","","available-cumulative","2024-01-02","","","","","","",""
"aligned","US","stock","NVDA","day","USD","credit","2025-03-06","","%","미확인","","","","","","","true","봉 기간의 마지막 유효 관측값","","","","unknown","일부 거래일 누락","true","false","2024-01-02","2025-12-01","","","available-cumulative","2024-01-02","","","","","","",""
"aligned","US","stock","NVDA","day","USD","credit","2025-03-07","","%","미확인","","","","","","","true","봉 기간의 마지막 유효 관측값","","","","unknown","일부 거래일 누락","true","false","2024-01-02","2025-12-01","","","available-cumulative","2024-01-02","","","","","","",""
"aligned","US","stock","NVDA","day","USD","credit","2025-03-10","","%","미확인","","","","","","","true","봉 기간의 마지막 유효 관측값","","","","unknown","일부 거래일 누락","true","false","2024-01-02","2025-12-01","","","available-cumulative","2024-01-02","","","","","","",""
"aligned","US","stock","NVDA","day","USD","credit","2025-03-11","","%","미확인","","","","","","","true","봉 기간의 마지막 유효 관측값","","","","unknown","일부 거래일 누락","true","false","2024-01-02","2025-12-01","","","available-cumulative","2024-01-02","","","","","","",""
"aligned","US","stock","NVDA","day","USD","credit","2025-03-12","","%","미확인","","","","","","","true","봉 기간의 마지막 유효 관측값","","","","unknown","일부 거래일 누락","true","false","2024-01-02","2025-12-01","","","available-cumulative","2024-01-02","","","","","","",""
"aligned","US","stock","NVDA","day","USD","credit","2025-03-13","","%","미확인","","","","","","","true","봉 기간의 마지막 유효 관측값","","","","unknown","일부 거래일 누락","true","false","2024-01-02","2025-12-01","","","available-cumulative","2024-01-02","","","","","","",""
"aligned","US","stock","NVDA","day","USD","credit","2025-03-14","","%","미확인","","","","","","","true","봉 기간의 마지막 유효 관측값","","","","unknown","일부 거래일 누락","true","false","2024-01-02","2025-12-01","","","available-cumulative","2024-01-02","","","","","","",""
"aligned","US","stock","NVDA","day","USD","credit","2025-03-17","","%","미확인","","","","","","","true","봉 기간의 마지막 유효 관측값","","","","unknown","일부 거래일 누락","true","false","2024-01-02","2025-12-01","","","available-cumulative","2024-01-02","","","","","","",""
"aligned","US","stock","NVDA","day","USD","credit","2025-03-18","","%","미확인","","","","","","","true","봉 기간의 마지막 유효 관측값","","","","unknown","일부 거래일 누락","true","false","2024-01-02","2025-12-01","","","available-cumulative","2024-01-02","","","","","","",""
"aligned","US","stock","NVDA","day","USD","credit","2025-03-19","","%","미확인","","","","","","","true","봉 기간의 마지막 유효 관측값","","","","unknown","일부 거래일 누락","true","false","2024-01-02","2025-12-01","","","available-cumulative","2024-01-02","","","","","","",""
"aligned","US","stock","NVDA","day","USD","credit","2025-03-20","","%","미확인","","","","","","","true","봉 기간의 마지막 유효 관측값","","","","unknown","일부 거래일 누락","true","false","2024-01-02","2025-12-01","","","available-cumulative","2024-01-02","","","","","","",""
"aligned","US","stock","NVDA","day","USD","credit","2025-03-21","","%","미확인","","","","","","","true","봉 기간의 마지막 유효 관측값","","","","unknown","일부 거래일 누락","true","false","2024-01-02","2025-12-01","","","available-cumulative","2024-01-02","","","","","","",""
"aligned","US","stock","NVDA","day","USD","credit","2025-03-24","","%","미확인","","","","","","","true","봉 기간의 마지막 유효 관측값","","","","unknown","일부 거래일 누락","true","false","2024-01-02","2025-12-01","","","available-cumulative","2024-01-02","","","","","","",""
"aligned","US","stock","NVDA","day","USD","credit","2025-03-25","","%","미확인","","","","","","","true","봉 기간의 마지막 유효 관측값","","","","unknown","일부 거래일 누락","true","false","2024-01-02","2025-12-01","","","available-cumulative","2024-01-02","","","","","","",""
"aligned","US","stock","NVDA","day","USD","credit","2025-03-26","","%","미확인","","","","","","","true","봉 기간의 마지막 유효 관측값","","","","unknown","일부 거래일 누락","true","false","2024-01-02","2025-12-01","","","available-cumulative","2024-01-02","","","","","","",""
"aligned","US","stock","NVDA","day","USD","credit","2025-03-27","","%","미확인","","","","","","","true","봉 기간의 마지막 유효 관측값","","","","unknown","일부 거래일 누락","true","false","2024-01-02","2025-12-01","","","available-cumulative","2024-01-02","","","","","","",""
"aligned","US","stock","NVDA","day","USD","credit","2025-03-28","","%","미확인","","","","","","","true","봉 기간의 마지막 유효 관측값","","","","unknown","일부 거래일 누락","true","false","2024-01-02","2025-12-01","","","available-cumulative","2024-01-02","","","","","","",""
"aligned","US","stock","NVDA","day","USD","credit","2025-03-31","","%","미확인","","","","","","","true","봉 기간의 마지막 유효 관측값","","","","unknown","일부 거래일 누락","true","false","2024-01-02","2025-12-01","","","available-cumulative","2024-01-02","","","","","","",""
"aligned","US","stock","NVDA","day","USD","credit","2025-04-01","","%","미확인","","","","","","","true","봉 기간의 마지막 유효 관측값","","","","unknown","일부 거래일 누락","true","false","2024-01-02","2025-12-01","","","available-cumulative","2024-01-02","","","","","","",""
"aligned","US","stock","NVDA","day","USD","credit","2025-04-02","","%","미확인","","","","","","","true","봉 기간의 마지막 유효 관측값","","","","unknown","일부 거래일 누락","true","false","2024-01-02","2025-12-01","","","available-cumulative","2024-01-02","","","","","","",""
"aligned","US","stock","NVDA","day","USD","credit","2025-04-03","","%","미확인","","","","","","","true","봉 기간의 마지막 유효 관측값","","","","unknown","일부 거래일 누락","true","false","2024-01-02","2025-12-01","","","available-cumulative","2024-01-02","","","","","","",""
"aligned","US","stock","NVDA","day","USD","credit","2025-04-04","","%","미확인","","","","","","","true","봉 기간의 마지막 유효 관측값","","","","unknown","일부 거래일 누락","true","false","2024-01-02","2025-12-01","","","available-cumulative","2024-01-02","","","","","","",""
"aligned","US","stock","NVDA","day","USD","credit","2025-04-07","","%","미확인","","","","","","","true","봉 기간의 마지막 유효 관측값","","","","unknown","일부 거래일 누락","true","false","2024-01-02","2025-12-01","","","available-cumulative","2024-01-02","","","","","","",""
"aligned","US","stock","NVDA","day","USD","credit","2025-04-08","","%","미확인","","","","","","","true","봉 기간의 마지막 유효 관측값","","","","unknown","일부 거래일 누락","true","false","2024-01-02","2025-12-01","","","available-cumulative","2024-01-02","","","","","","",""
"aligned","US","stock","NVDA","day","USD","credit","2025-04-09","","%","미확인","","","","","","","true","봉 기간의 마지막 유효 관측값","","","","unknown","일부 거래일 누락","true","false","2024-01-02","2025-12-01","","","available-cumulative","2024-01-02","","","","","","",""
"aligned","US","stock","NVDA","day","USD","credit","2025-04-10","","%","미확인","","","","","","","true","봉 기간의 마지막 유효 관측값","","","","unknown","일부 거래일 누락","true","false","2024-01-02","2025-12-01","","","available-cumulative","2024-01-02","","","","","","",""
"aligned","US","stock","NVDA","day","USD","credit","2025-04-11","","%","미확인","","","","","","","true","봉 기간의 마지막 유효 관측값","","","","unknown","일부 거래일 누락","true","false","2024-01-02","2025-12-01","","","available-cumulative","2024-01-02","","","","","","",""
"aligned","US","stock","NVDA","day","USD","credit","2025-04-14","","%","미확인","","","","","","","true","봉 기간의 마지막 유효 관측값","","","","unknown","일부 거래일 누락","true","false","2024-01-02","2025-12-01","","","available-cumulative","2024-01-02","","","","","","",""
"aligned","US","stock","NVDA","day","USD","credit","2025-04-15","","%","미확인","","","","","","","true","봉 기간의 마지막 유효 관측값","","","","unknown","일부 거래일 누락","true","false","2024-01-02","2025-12-01","","","available-cumulative","2024-01-02","","","","","","",""
"aligned","US","stock","NVDA","day","USD","credit","2025-04-16","","%","미확인","","","","","","","true","봉 기간의 마지막 유효 관측값","","","","unknown","일부 거래일 누락","true","false","2024-01-02","2025-12-01","","","available-cumulative","2024-01-02","","","","","","",""
"aligned","US","stock","NVDA","day","USD","credit","2025-04-17","","%","미확인","","","","","","","true","봉 기간의 마지막 유효 관측값","","","","unknown","일부 거래일 누락","true","false","2024-01-02","2025-12-01","","","available-cumulative","2024-01-02","","","","","","",""
"aligned","US","stock","NVDA","day","USD","credit","2025-04-18","","%","미확인","","","","","","","true","봉 기간의 마지막 유효 관측값","","","","unknown","일부 거래일 누락","true","false","2024-01-02","2025-12-01","","","available-cumulative","2024-01-02","","","","","","",""
"aligned","US","stock","NVDA","day","USD","credit","2025-04-21","","%","미확인","","","","","","","true","봉 기간의 마지막 유효 관측값","","","","unknown","일부 거래일 누락","true","false","2024-01-02","2025-12-01","","","available-cumulative","2024-01-02","","","","","","",""
"aligned","US","stock","NVDA","day","USD","credit","2025-04-22","","%","미확인","","","","","","","true","봉 기간의 마지막 유효 관측값","","","","unknown","일부 거래일 누락","true","false","2024-01-02","2025-12-01","","","available-cumulative","2024-01-02","","","","","","",""
"aligned","US","stock","NVDA","day","USD","credit","2025-04-23","","%","미확인","","","","","","","true","봉 기간의 마지막 유효 관측값","","","","unknown","일부 거래일 누락","true","false","2024-01-02","2025-12-01","","","available-cumulative","2024-01-02","","","","","","",""
"aligned","US","stock","NVDA","day","USD","credit","2025-04-24","","%","미확인","","","","","","","true","봉 기간의 마지막 유효 관측값","","","","unknown","일부 거래일 누락","true","false","2024-01-02","2025-12-01","","","available-cumulative","2024-01-02","","","","","","",""
"aligned","US","stock","NVDA","day","USD","credit","2025-04-25","","%","미확인","","","","","","","true","봉 기간의 마지막 유효 관측값","","","","unknown","일부 거래일 누락","true","false","2024-01-02","2025-12-01","","","available-cumulative","2024-01-02","","","","","","",""
"aligned","US","stock","NVDA","day","USD","credit","2025-04-28","","%","미확인","","","","","","","true","봉 기간의 마지막 유효 관측값","","","","unknown","일부 거래일 누락","true","false","2024-01-02","2025-12-01","","","available-cumulative","2024-01-02","","","","","","",""
"aligned","US","stock","NVDA","day","USD","credit","2025-04-29","","%","미확인","","","","","","","true","봉 기간의 마지막 유효 관측값","","","","unknown","일부 거래일 누락","true","false","2024-01-02","2025-12-01","","","available-cumulative","2024-01-02","","","","","","",""
"aligned","US","stock","NVDA","day","USD","credit","2025-04-30","","%","미확인","","","","","","","true","봉 기간의 마지막 유효 관측값","","","","unknown","일부 거래일 누락","true","false","2024-01-02","2025-12-01","","","available-cumulative","2024-01-02","","","","","","",""
"aligned","US","stock","NVDA","day","USD","credit","2025-05-01","","%","미확인","","","","","","","true","봉 기간의 마지막 유효 관측값","","","","unknown","일부 거래일 누락","true","false","2024-01-02","2025-12-01","","","available-cumulative","2024-01-02","","","","","","",""
"aligned","US","stock","NVDA","day","USD","credit","2025-05-02","","%","미확인","","","","","","","true","봉 기간의 마지막 유효 관측값","","","","unknown","일부 거래일 누락","true","false","2024-01-02","2025-12-01","","","available-cumulative","2024-01-02","","","","","","",""
"aligned","US","stock","NVDA","day","USD","credit","2025-05-05","","%","미확인","","","","","","","true","봉 기간의 마지막 유효 관측값","","","","unknown","일부 거래일 누락","true","false","2024-01-02","2025-12-01","","","available-cumulative","2024-01-02","","","","","","",""
"aligned","US","stock","NVDA","day","USD","credit","2025-05-06","","%","미확인","","","","","","","true","봉 기간의 마지막 유효 관측값","","","","unknown","일부 거래일 누락","true","false","2024-01-02","2025-12-01","","","available-cumulative","2024-01-02","","","","","","",""
"aligned","US","stock","NVDA","day","USD","credit","2025-05-07","","%","미확인","","","","","","","true","봉 기간의 마지막 유효 관측값","","","","unknown","일부 거래일 누락","true","false","2024-01-02","2025-12-01","","","available-cumulative","2024-01-02","","","","","","",""
"aligned","US","stock","NVDA","day","USD","credit","2025-05-08","","%","미확인","","","","","","","true","봉 기간의 마지막 유효 관측값","","","","unknown","일부 거래일 누락","true","false","2024-01-02","2025-12-01","","","available-cumulative","2024-01-02","","","","","","",""
"aligned","US","stock","NVDA","day","USD","credit","2025-05-09","","%","미확인","","","","","","","true","봉 기간의 마지막 유효 관측값","","","","unknown","일부 거래일 누락","true","false","2024-01-02","2025-12-01","","","available-cumulative","2024-01-02","","","","","","",""
"aligned","US","stock","NVDA","day","USD","credit","2025-05-12","","%","미확인","","","","","","","true","봉 기간의 마지막 유효 관측값","","","","unknown","일부 거래일 누락","true","false","2024-01-02","2025-12-01","","","available-cumulative","2024-01-02","","","","","","",""
"aligned","US","stock","NVDA","day","USD","credit","2025-05-13","","%","미확인","","","","","","","true","봉 기간의 마지막 유효 관측값","","","","unknown","일부 거래일 누락","true","false","2024-01-02","2025-12-01","","","available-cumulative","2024-01-02","","","","","","",""
"aligned","US","stock","NVDA","day","USD","credit","2025-05-14","","%","미확인","","","","","","","true","봉 기간의 마지막 유효 관측값","","","","unknown","일부 거래일 누락","true","false","2024-01-02","2025-12-01","","","available-cumulative","2024-01-02","","","","","","",""
"aligned","US","stock","NVDA","day","USD","credit","2025-05-15","","%","미확인","","","","","","","true","봉 기간의 마지막 유효 관측값","","","","unknown","일부 거래일 누락","true","false","2024-01-02","2025-12-01","","","available-cumulative","2024-01-02","","","","","","",""
"aligned","US","stock","NVDA","day","USD","credit","2025-05-16","","%","미확인","","","","","","","true","봉 기간의 마지막 유효 관측값","","","","unknown","일부 거래일 누락","true","false","2024-01-02","2025-12-01","","","available-cumulative","2024-01-02","","","","","","",""
"aligned","US","stock","NVDA","day","USD","credit","2025-05-19","","%","미확인","","","","","","","true","봉 기간의 마지막 유효 관측값","","","","unknown","일부 거래일 누락","true","false","2024-01-02","2025-12-01","","","available-cumulative","2024-01-02","","","","","","",""
"aligned","US","stock","NVDA","day","USD","credit","2025-05-20","","%","미확인","","","","","","","true","봉 기간의 마지막 유효 관측값","","","","unknown","일부 거래일 누락","true","false","2024-01-02","2025-12-01","","","available-cumulative","2024-01-02","","","","","","",""
"aligned","US","stock","NVDA","day","USD","credit","2025-05-21","","%","미확인","","","","","","","true","봉 기간의 마지막 유효 관측값","","","","unknown","일부 거래일 누락","true","false","2024-01-02","2025-12-01","","","available-cumulative","2024-01-02","","","","","","",""
"aligned","US","stock","NVDA","day","USD","credit","2025-05-22","","%","미확인","","","","","","","true","봉 기간의 마지막 유효 관측값","","","","unknown","일부 거래일 누락","true","false","2024-01-02","2025-12-01","","","available-cumulative","2024-01-02","","","","","","",""
"aligned","US","stock","NVDA","day","USD","credit","2025-05-23","","%","미확인","","","","","","","true","봉 기간의 마지막 유효 관측값","","","","unknown","일부 거래일 누락","true","false","2024-01-02","2025-12-01","","","available-cumulative","2024-01-02","","","","","","",""
"aligned","US","stock","NVDA","day","USD","credit","2025-05-26","","%","미확인","","","","","","","true","봉 기간의 마지막 유효 관측값","","","","unknown","일부 거래일 누락","true","false","2024-01-02","2025-12-01","","","available-cumulative","2024-01-02","","","","","","",""
"aligned","US","stock","NVDA","day","USD","credit","2025-05-27","","%","미확인","","","","","","","true","봉 기간의 마지막 유효 관측값","","","","unknown","일부 거래일 누락","true","false","2024-01-02","2025-12-01","","","available-cumulative","2024-01-02","","","","","","",""
"aligned","US","stock","NVDA","day","USD","credit","2025-05-28","","%","미확인","","","","","","","true","봉 기간의 마지막 유효 관측값","","","","unknown","일부 거래일 누락","true","false","2024-01-02","2025-12-01","","","available-cumulative","2024-01-02","","","","","","",""
"aligned","US","stock","NVDA","day","USD","credit","2025-05-29","","%","미확인","","","","","","","true","봉 기간의 마지막 유효 관측값","","","","unknown","일부 거래일 누락","true","false","2024-01-02","2025-12-01","","","available-cumulative","2024-01-02","","","","","","",""
"aligned","US","stock","NVDA","day","USD","credit","2025-05-30","","%","미확인","","","","","","","true","봉 기간의 마지막 유효 관측값","","","","unknown","일부 거래일 누락","true","false","2024-01-02","2025-12-01","","","available-cumulative","2024-01-02","","","","","","",""
"aligned","US","stock","NVDA","day","USD","credit","2025-06-02","","%","미확인","","","","","","","true","봉 기간의 마지막 유효 관측값","","","","unknown","일부 거래일 누락","true","false","2024-01-02","2025-12-01","","","available-cumulative","2024-01-02","","","","","","",""
"aligned","US","stock","NVDA","day","USD","credit","2025-06-03","","%","미확인","","","","","","","true","봉 기간의 마지막 유효 관측값","","","","unknown","일부 거래일 누락","true","false","2024-01-02","2025-12-01","","","available-cumulative","2024-01-02","","","","","","",""
"aligned","US","stock","NVDA","day","USD","credit","2025-06-04","","%","미확인","","","","","","","true","봉 기간의 마지막 유효 관측값","","","","unknown","일부 거래일 누락","true","false","2024-01-02","2025-12-01","","","available-cumulative","2024-01-02","","","","","","",""
"aligned","US","stock","NVDA","day","USD","credit","2025-06-05","","%","미확인","","","","","","","true","봉 기간의 마지막 유효 관측값","","","","unknown","일부 거래일 누락","true","false","2024-01-02","2025-12-01","","","available-cumulative","2024-01-02","","","","","","",""
"aligned","US","stock","NVDA","day","USD","credit","2025-06-06","","%","미확인","","","","","","","true","봉 기간의 마지막 유효 관측값","","","","unknown","일부 거래일 누락","true","false","2024-01-02","2025-12-01","","","available-cumulative","2024-01-02","","","","","","",""
"aligned","US","stock","NVDA","day","USD","credit","2025-06-09","","%","미확인","","","","","","","true","봉 기간의 마지막 유효 관측값","","","","unknown","일부 거래일 누락","true","false","2024-01-02","2025-12-01","","","available-cumulative","2024-01-02","","","","","","",""
"aligned","US","stock","NVDA","day","USD","credit","2025-06-10","","%","미확인","","","","","","","true","봉 기간의 마지막 유효 관측값","","","","unknown","일부 거래일 누락","true","false","2024-01-02","2025-12-01","","","available-cumulative","2024-01-02","","","","","","",""
"aligned","US","stock","NVDA","day","USD","credit","2025-06-11","","%","미확인","","","","","","","true","봉 기간의 마지막 유효 관측값","","","","unknown","일부 거래일 누락","true","false","2024-01-02","2025-12-01","","","available-cumulative","2024-01-02","","","","","","",""
"aligned","US","stock","NVDA","day","USD","credit","2025-06-12","","%","미확인","","","","","","","true","봉 기간의 마지막 유효 관측값","","","","unknown","일부 거래일 누락","true","false","2024-01-02","2025-12-01","","","available-cumulative","2024-01-02","","","","","","",""
"aligned","US","stock","NVDA","day","USD","credit","2025-06-13","","%","미확인","","","","","","","true","봉 기간의 마지막 유효 관측값","","","","unknown","일부 거래일 누락","true","false","2024-01-02","2025-12-01","","","available-cumulative","2024-01-02","","","","","","",""
"aligned","US","stock","NVDA","day","USD","credit","2025-06-16","","%","미확인","","","","","","","true","봉 기간의 마지막 유효 관측값","","","","unknown","일부 거래일 누락","true","false","2024-01-02","2025-12-01","","","available-cumulative","2024-01-02","","","","","","",""
"aligned","US","stock","NVDA","day","USD","credit","2025-06-17","","%","미확인","","","","","","","true","봉 기간의 마지막 유효 관측값","","","","unknown","일부 거래일 누락","true","false","2024-01-02","2025-12-01","","","available-cumulative","2024-01-02","","","","","","",""
"aligned","US","stock","NVDA","day","USD","credit","2025-06-18","","%","미확인","","","","","","","true","봉 기간의 마지막 유효 관측값","","","","unknown","일부 거래일 누락","true","false","2024-01-02","2025-12-01","","","available-cumulative","2024-01-02","","","","","","",""
"aligned","US","stock","NVDA","day","USD","credit","2025-06-19","","%","미확인","","","","","","","true","봉 기간의 마지막 유효 관측값","","","","unknown","일부 거래일 누락","true","false","2024-01-02","2025-12-01","","","available-cumulative","2024-01-02","","","","","","",""
"aligned","US","stock","NVDA","day","USD","credit","2025-06-20","","%","미확인","","","","","","","true","봉 기간의 마지막 유효 관측값","","","","unknown","일부 거래일 누락","true","false","2024-01-02","2025-12-01","","","available-cumulative","2024-01-02","","","","","","",""
"aligned","US","stock","NVDA","day","USD","credit","2025-06-23","","%","미확인","","","","","","","true","봉 기간의 마지막 유효 관측값","","","","unknown","일부 거래일 누락","true","false","2024-01-02","2025-12-01","","","available-cumulative","2024-01-02","","","","","","",""
"aligned","US","stock","NVDA","day","USD","credit","2025-06-24","","%","미확인","","","","","","","true","봉 기간의 마지막 유효 관측값","","","","unknown","일부 거래일 누락","true","false","2024-01-02","2025-12-01","","","available-cumulative","2024-01-02","","","","","","",""
"aligned","US","stock","NVDA","day","USD","credit","2025-06-25","","%","미확인","","","","","","","true","봉 기간의 마지막 유효 관측값","","","","unknown","일부 거래일 누락","true","false","2024-01-02","2025-12-01","","","available-cumulative","2024-01-02","","","","","","",""
"aligned","US","stock","NVDA","day","USD","credit","2025-06-26","","%","미확인","","","","","","","true","봉 기간의 마지막 유효 관측값","","","","unknown","일부 거래일 누락","true","false","2024-01-02","2025-12-01","","","available-cumulative","2024-01-02","","","","","","",""
"aligned","US","stock","NVDA","day","USD","credit","2025-06-27","","%","미확인","","","","","","","true","봉 기간의 마지막 유효 관측값","","","","unknown","일부 거래일 누락","true","false","2024-01-02","2025-12-01","","","available-cumulative","2024-01-02","","","","","","",""
"aligned","US","stock","NVDA","day","USD","credit","2025-06-30","","%","미확인","","","","","","","true","봉 기간의 마지막 유효 관측값","","","","unknown","일부 거래일 누락","true","false","2024-01-02","2025-12-01","","","available-cumulative","2024-01-02","","","","","","",""
"aligned","US","stock","NVDA","day","USD","credit","2025-07-01","","%","미확인","","","","","","","true","봉 기간의 마지막 유효 관측값","","","","unknown","일부 거래일 누락","true","false","2024-01-02","2025-12-01","","","available-cumulative","2024-01-02","","","","","","",""
"aligned","US","stock","NVDA","day","USD","credit","2025-07-02","","%","미확인","","","","","","","true","봉 기간의 마지막 유효 관측값","","","","unknown","일부 거래일 누락","true","false","2024-01-02","2025-12-01","","","available-cumulative","2024-01-02","","","","","","",""
"aligned","US","stock","NVDA","day","USD","credit","2025-07-03","","%","미확인","","","","","","","true","봉 기간의 마지막 유효 관측값","","","","unknown","일부 거래일 누락","true","false","2024-01-02","2025-12-01","","","available-cumulative","2024-01-02","","","","","","",""
"aligned","US","stock","NVDA","day","USD","credit","2025-07-04","","%","미확인","","","","","","","true","봉 기간의 마지막 유효 관측값","","","","unknown","일부 거래일 누락","true","false","2024-01-02","2025-12-01","","","available-cumulative","2024-01-02","","","","","","",""
"aligned","US","stock","NVDA","day","USD","credit","2025-07-07","","%","미확인","","","","","","","true","봉 기간의 마지막 유효 관측값","","","","unknown","일부 거래일 누락","true","false","2024-01-02","2025-12-01","","","available-cumulative","2024-01-02","","","","","","",""
"aligned","US","stock","NVDA","day","USD","credit","2025-07-08","","%","미확인","","","","","","","true","봉 기간의 마지막 유효 관측값","","","","unknown","일부 거래일 누락","true","false","2024-01-02","2025-12-01","","","available-cumulative","2024-01-02","","","","","","",""
"aligned","US","stock","NVDA","day","USD","credit","2025-07-09","","%","미확인","","","","","","","true","봉 기간의 마지막 유효 관측값","","","","unknown","일부 거래일 누락","true","false","2024-01-02","2025-12-01","","","available-cumulative","2024-01-02","","","","","","",""
"aligned","US","stock","NVDA","day","USD","credit","2025-07-10","","%","미확인","","","","","","","true","봉 기간의 마지막 유효 관측값","","","","unknown","일부 거래일 누락","true","false","2024-01-02","2025-12-01","","","available-cumulative","2024-01-02","","","","","","",""
"aligned","US","stock","NVDA","day","USD","credit","2025-07-11","","%","미확인","","","","","","","true","봉 기간의 마지막 유효 관측값","","","","unknown","일부 거래일 누락","true","false","2024-01-02","2025-12-01","","","available-cumulative","2024-01-02","","","","","","",""
"aligned","US","stock","NVDA","day","USD","credit","2025-07-14","","%","미확인","","","","","","","true","봉 기간의 마지막 유효 관측값","","","","unknown","일부 거래일 누락","true","false","2024-01-02","2025-12-01","","","available-cumulative","2024-01-02","","","","","","",""
"aligned","US","stock","NVDA","day","USD","credit","2025-07-15","","%","미확인","","","","","","","true","봉 기간의 마지막 유효 관측값","","","","unknown","일부 거래일 누락","true","false","2024-01-02","2025-12-01","","","available-cumulative","2024-01-02","","","","","","",""
"aligned","US","stock","NVDA","day","USD","credit","2025-07-16","","%","미확인","","","","","","","true","봉 기간의 마지막 유효 관측값","","","","unknown","일부 거래일 누락","true","false","2024-01-02","2025-12-01","","","available-cumulative","2024-01-02","","","","","","",""
"aligned","US","stock","NVDA","day","USD","credit","2025-07-17","","%","미확인","","","","","","","true","봉 기간의 마지막 유효 관측값","","","","unknown","일부 거래일 누락","true","false","2024-01-02","2025-12-01","","","available-cumulative","2024-01-02","","","","","","",""
"aligned","US","stock","NVDA","day","USD","credit","2025-07-18","","%","미확인","","","","","","","true","봉 기간의 마지막 유효 관측값","","","","unknown","일부 거래일 누락","true","false","2024-01-02","2025-12-01","","","available-cumulative","2024-01-02","","","","","","",""
"aligned","US","stock","NVDA","day","USD","credit","2025-07-21","","%","미확인","","","","","","","true","봉 기간의 마지막 유효 관측값","","","","unknown","일부 거래일 누락","true","false","2024-01-02","2025-12-01","","","available-cumulative","2024-01-02","","","","","","",""
"aligned","US","stock","NVDA","day","USD","credit","2025-07-22","","%","미확인","","","","","","","true","봉 기간의 마지막 유효 관측값","","","","unknown","일부 거래일 누락","true","false","2024-01-02","2025-12-01","","","available-cumulative","2024-01-02","","","","","","",""
"aligned","US","stock","NVDA","day","USD","credit","2025-07-23","","%","미확인","","","","","","","true","봉 기간의 마지막 유효 관측값","","","","unknown","일부 거래일 누락","true","false","2024-01-02","2025-12-01","","","available-cumulative","2024-01-02","","","","","","",""
"aligned","US","stock","NVDA","day","USD","credit","2025-07-24","","%","미확인","","","","","","","true","봉 기간의 마지막 유효 관측값","","","","unknown","일부 거래일 누락","true","false","2024-01-02","2025-12-01","","","available-cumulative","2024-01-02","","","","","","",""
"aligned","US","stock","NVDA","day","USD","credit","2025-07-25","","%","미확인","","","","","","","true","봉 기간의 마지막 유효 관측값","","","","unknown","일부 거래일 누락","true","false","2024-01-02","2025-12-01","","","available-cumulative","2024-01-02","","","","","","",""
"aligned","US","stock","NVDA","day","USD","credit","2025-07-28","","%","미확인","","","","","","","true","봉 기간의 마지막 유효 관측값","","","","unknown","일부 거래일 누락","true","false","2024-01-02","2025-12-01","","","available-cumulative","2024-01-02","","","","","","",""
"aligned","US","stock","NVDA","day","USD","credit","2025-07-29","","%","미확인","","","","","","","true","봉 기간의 마지막 유효 관측값","","","","unknown","일부 거래일 누락","true","false","2024-01-02","2025-12-01","","","available-cumulative","2024-01-02","","","","","","",""
"aligned","US","stock","NVDA","day","USD","credit","2025-07-30","","%","미확인","","","","","","","true","봉 기간의 마지막 유효 관측값","","","","unknown","일부 거래일 누락","true","false","2024-01-02","2025-12-01","","","available-cumulative","2024-01-02","","","","","","",""
"aligned","US","stock","NVDA","day","USD","credit","2025-07-31","","%","미확인","","","","","","","true","봉 기간의 마지막 유효 관측값","","","","unknown","일부 거래일 누락","true","false","2024-01-02","2025-12-01","","","available-cumulative","2024-01-02","","","","","","",""
"aligned","US","stock","NVDA","day","USD","credit","2025-08-01","","%","미확인","","","","","","","true","봉 기간의 마지막 유효 관측값","","","","unknown","일부 거래일 누락","true","false","2024-01-02","2025-12-01","","","available-cumulative","2024-01-02","","","","","","",""
"aligned","US","stock","NVDA","day","USD","credit","2025-08-04","","%","미확인","","","","","","","true","봉 기간의 마지막 유효 관측값","","","","unknown","일부 거래일 누락","true","false","2024-01-02","2025-12-01","","","available-cumulative","2024-01-02","","","","","","",""
"aligned","US","stock","NVDA","day","USD","credit","2025-08-05","","%","미확인","","","","","","","true","봉 기간의 마지막 유효 관측값","","","","unknown","일부 거래일 누락","true","false","2024-01-02","2025-12-01","","","available-cumulative","2024-01-02","","","","","","",""
"aligned","US","stock","NVDA","day","USD","credit","2025-08-06","","%","미확인","","","","","","","true","봉 기간의 마지막 유효 관측값","","","","unknown","일부 거래일 누락","true","false","2024-01-02","2025-12-01","","","available-cumulative","2024-01-02","","","","","","",""
"aligned","US","stock","NVDA","day","USD","credit","2025-08-07","","%","미확인","","","","","","","true","봉 기간의 마지막 유효 관측값","","","","unknown","일부 거래일 누락","true","false","2024-01-02","2025-12-01","","","available-cumulative","2024-01-02","","","","","","",""
"aligned","US","stock","NVDA","day","USD","credit","2025-08-08","","%","미확인","","","","","","","true","봉 기간의 마지막 유효 관측값","","","","unknown","일부 거래일 누락","true","false","2024-01-02","2025-12-01","","","available-cumulative","2024-01-02","","","","","","",""
"aligned","US","stock","NVDA","day","USD","credit","2025-08-11","","%","미확인","","","","","","","true","봉 기간의 마지막 유효 관측값","","","","unknown","일부 거래일 누락","true","false","2024-01-02","2025-12-01","","","available-cumulative","2024-01-02","","","","","","",""
"aligned","US","stock","NVDA","day","USD","credit","2025-08-12","","%","미확인","","","","","","","true","봉 기간의 마지막 유효 관측값","","","","unknown","일부 거래일 누락","true","false","2024-01-02","2025-12-01","","","available-cumulative","2024-01-02","","","","","","",""
"aligned","US","stock","NVDA","day","USD","credit","2025-08-13","","%","미확인","","","","","","","true","봉 기간의 마지막 유효 관측값","","","","unknown","일부 거래일 누락","true","false","2024-01-02","2025-12-01","","","available-cumulative","2024-01-02","","","","","","",""
"aligned","US","stock","NVDA","day","USD","credit","2025-08-14","","%","미확인","","","","","","","true","봉 기간의 마지막 유효 관측값","","","","unknown","일부 거래일 누락","true","false","2024-01-02","2025-12-01","","","available-cumulative","2024-01-02","","","","","","",""
"aligned","US","stock","NVDA","day","USD","credit","2025-08-15","","%","미확인","","","","","","","true","봉 기간의 마지막 유효 관측값","","","","unknown","일부 거래일 누락","true","false","2024-01-02","2025-12-01","","","available-cumulative","2024-01-02","","","","","","",""
"aligned","US","stock","NVDA","day","USD","credit","2025-08-18","","%","미확인","","","","","","","true","봉 기간의 마지막 유효 관측값","","","","unknown","일부 거래일 누락","true","false","2024-01-02","2025-12-01","","","available-cumulative","2024-01-02","","","","","","",""
"aligned","US","stock","NVDA","day","USD","credit","2025-08-19","","%","미확인","","","","","","","true","봉 기간의 마지막 유효 관측값","","","","unknown","일부 거래일 누락","true","false","2024-01-02","2025-12-01","","","available-cumulative","2024-01-02","","","","","","",""
"aligned","US","stock","NVDA","day","USD","credit","2025-08-20","","%","미확인","","","","","","","true","봉 기간의 마지막 유효 관측값","","","","unknown","일부 거래일 누락","true","false","2024-01-02","2025-12-01","","","available-cumulative","2024-01-02","","","","","","",""
"aligned","US","stock","NVDA","day","USD","credit","2025-08-21","","%","미확인","","","","","","","true","봉 기간의 마지막 유효 관측값","","","","unknown","일부 거래일 누락","true","false","2024-01-02","2025-12-01","","","available-cumulative","2024-01-02","","","","","","",""
"aligned","US","stock","NVDA","day","USD","credit","2025-08-22","","%","미확인","","","","","","","true","봉 기간의 마지막 유효 관측값","","","","unknown","일부 거래일 누락","true","false","2024-01-02","2025-12-01","","","available-cumulative","2024-01-02","","","","","","",""
"aligned","US","stock","NVDA","day","USD","credit","2025-08-25","","%","미확인","","","","","","","true","봉 기간의 마지막 유효 관측값","","","","unknown","일부 거래일 누락","true","false","2024-01-02","2025-12-01","","","available-cumulative","2024-01-02","","","","","","",""
"aligned","US","stock","NVDA","day","USD","credit","2025-08-26","","%","미확인","","","","","","","true","봉 기간의 마지막 유효 관측값","","","","unknown","일부 거래일 누락","true","false","2024-01-02","2025-12-01","","","available-cumulative","2024-01-02","","","","","","",""
"aligned","US","stock","NVDA","day","USD","credit","2025-08-27","","%","미확인","","","","","","","true","봉 기간의 마지막 유효 관측값","","","","unknown","일부 거래일 누락","true","false","2024-01-02","2025-12-01","","","available-cumulative","2024-01-02","","","","","","",""
"aligned","US","stock","NVDA","day","USD","credit","2025-08-28","","%","미확인","","","","","","","true","봉 기간의 마지막 유효 관측값","","","","unknown","일부 거래일 누락","true","false","2024-01-02","2025-12-01","","","available-cumulative","2024-01-02","","","","","","",""
"aligned","US","stock","NVDA","day","USD","credit","2025-08-29","","%","미확인","","","","","","","true","봉 기간의 마지막 유효 관측값","","","","unknown","일부 거래일 누락","true","false","2024-01-02","2025-12-01","","","available-cumulative","2024-01-02","","","","","","",""
"aligned","US","stock","NVDA","day","USD","credit","2025-09-01","","%","미확인","","","","","","","true","봉 기간의 마지막 유효 관측값","","","","unknown","일부 거래일 누락","true","false","2024-01-02","2025-12-01","","","available-cumulative","2024-01-02","","","","","","",""
"aligned","US","stock","NVDA","day","USD","credit","2025-09-02","","%","미확인","","","","","","","true","봉 기간의 마지막 유효 관측값","","","","unknown","일부 거래일 누락","true","false","2024-01-02","2025-12-01","","","available-cumulative","2024-01-02","","","","","","",""
"aligned","US","stock","NVDA","day","USD","credit","2025-09-03","","%","미확인","","","","","","","true","봉 기간의 마지막 유효 관측값","","","","unknown","일부 거래일 누락","true","false","2024-01-02","2025-12-01","","","available-cumulative","2024-01-02","","","","","","",""
"aligned","US","stock","NVDA","day","USD","credit","2025-09-04","","%","미확인","","","","","","","true","봉 기간의 마지막 유효 관측값","","","","unknown","일부 거래일 누락","true","false","2024-01-02","2025-12-01","","","available-cumulative","2024-01-02","","","","","","",""
"aligned","US","stock","NVDA","day","USD","credit","2025-09-05","","%","미확인","","","","","","","true","봉 기간의 마지막 유효 관측값","","","","unknown","일부 거래일 누락","true","false","2024-01-02","2025-12-01","","","available-cumulative","2024-01-02","","","","","","",""
"aligned","US","stock","NVDA","day","USD","credit","2025-09-08","","%","미확인","","","","","","","true","봉 기간의 마지막 유효 관측값","","","","unknown","일부 거래일 누락","true","false","2024-01-02","2025-12-01","","","available-cumulative","2024-01-02","","","","","","",""
"aligned","US","stock","NVDA","day","USD","credit","2025-09-09","","%","미확인","","","","","","","true","봉 기간의 마지막 유효 관측값","","","","unknown","일부 거래일 누락","true","false","2024-01-02","2025-12-01","","","available-cumulative","2024-01-02","","","","","","",""
"aligned","US","stock","NVDA","day","USD","credit","2025-09-10","","%","미확인","","","","","","","true","봉 기간의 마지막 유효 관측값","","","","unknown","일부 거래일 누락","true","false","2024-01-02","2025-12-01","","","available-cumulative","2024-01-02","","","","","","",""
"aligned","US","stock","NVDA","day","USD","credit","2025-09-11","","%","미확인","","","","","","","true","봉 기간의 마지막 유효 관측값","","","","unknown","일부 거래일 누락","true","false","2024-01-02","2025-12-01","","","available-cumulative","2024-01-02","","","","","","",""
"aligned","US","stock","NVDA","day","USD","credit","2025-09-12","","%","미확인","","","","","","","true","봉 기간의 마지막 유효 관측값","","","","unknown","일부 거래일 누락","true","false","2024-01-02","2025-12-01","","","available-cumulative","2024-01-02","","","","","","",""
"aligned","US","stock","NVDA","day","USD","credit","2025-09-15","","%","미확인","","","","","","","true","봉 기간의 마지막 유효 관측값","","","","unknown","일부 거래일 누락","true","false","2024-01-02","2025-12-01","","","available-cumulative","2024-01-02","","","","","","",""
"aligned","US","stock","NVDA","day","USD","credit","2025-09-16","","%","미확인","","","","","","","true","봉 기간의 마지막 유효 관측값","","","","unknown","일부 거래일 누락","true","false","2024-01-02","2025-12-01","","","available-cumulative","2024-01-02","","","","","","",""
"aligned","US","stock","NVDA","day","USD","credit","2025-09-17","","%","미확인","","","","","","","true","봉 기간의 마지막 유효 관측값","","","","unknown","일부 거래일 누락","true","false","2024-01-02","2025-12-01","","","available-cumulative","2024-01-02","","","","","","",""
"aligned","US","stock","NVDA","day","USD","credit","2025-09-18","","%","미확인","","","","","","","true","봉 기간의 마지막 유효 관측값","","","","unknown","일부 거래일 누락","true","false","2024-01-02","2025-12-01","","","available-cumulative","2024-01-02","","","","","","",""
"aligned","US","stock","NVDA","day","USD","credit","2025-09-19","","%","미확인","","","","","","","true","봉 기간의 마지막 유효 관측값","","","","unknown","일부 거래일 누락","true","false","2024-01-02","2025-12-01","","","available-cumulative","2024-01-02","","","","","","",""
"aligned","US","stock","NVDA","day","USD","credit","2025-09-22","","%","미확인","","","","","","","true","봉 기간의 마지막 유효 관측값","","","","unknown","일부 거래일 누락","true","false","2024-01-02","2025-12-01","","","available-cumulative","2024-01-02","","","","","","",""
"aligned","US","stock","NVDA","day","USD","credit","2025-09-23","","%","미확인","","","","","","","true","봉 기간의 마지막 유효 관측값","","","","unknown","일부 거래일 누락","true","false","2024-01-02","2025-12-01","","","available-cumulative","2024-01-02","","","","","","",""
"aligned","US","stock","NVDA","day","USD","credit","2025-09-24","","%","미확인","","","","","","","true","봉 기간의 마지막 유효 관측값","","","","unknown","일부 거래일 누락","true","false","2024-01-02","2025-12-01","","","available-cumulative","2024-01-02","","","","","","",""
"aligned","US","stock","NVDA","day","USD","credit","2025-09-25","","%","미확인","","","","","","","true","봉 기간의 마지막 유효 관측값","","","","unknown","일부 거래일 누락","true","false","2024-01-02","2025-12-01","","","available-cumulative","2024-01-02","","","","","","",""
"aligned","US","stock","NVDA","day","USD","credit","2025-09-26","","%","미확인","","","","","","","true","봉 기간의 마지막 유효 관측값","","","","unknown","일부 거래일 누락","true","false","2024-01-02","2025-12-01","","","available-cumulative","2024-01-02","","","","","","",""
"aligned","US","stock","NVDA","day","USD","credit","2025-09-29","","%","미확인","","","","","","","true","봉 기간의 마지막 유효 관측값","","","","unknown","일부 거래일 누락","true","false","2024-01-02","2025-12-01","","","available-cumulative","2024-01-02","","","","","","",""
"aligned","US","stock","NVDA","day","USD","credit","2025-09-30","","%","미확인","","","","","","","true","봉 기간의 마지막 유효 관측값","","","","unknown","일부 거래일 누락","true","false","2024-01-02","2025-12-01","","","available-cumulative","2024-01-02","","","","","","",""
"aligned","US","stock","NVDA","day","USD","credit","2025-10-01","","%","미확인","","","","","","","true","봉 기간의 마지막 유효 관측값","","","","unknown","일부 거래일 누락","true","false","2024-01-02","2025-12-01","","","available-cumulative","2024-01-02","","","","","","",""
"aligned","US","stock","NVDA","day","USD","credit","2025-10-02","","%","미확인","","","","","","","true","봉 기간의 마지막 유효 관측값","","","","unknown","일부 거래일 누락","true","false","2024-01-02","2025-12-01","","","available-cumulative","2024-01-02","","","","","","",""
"aligned","US","stock","NVDA","day","USD","credit","2025-10-03","","%","미확인","","","","","","","true","봉 기간의 마지막 유효 관측값","","","","unknown","일부 거래일 누락","true","false","2024-01-02","2025-12-01","","","available-cumulative","2024-01-02","","","","","","",""
"aligned","US","stock","NVDA","day","USD","credit","2025-10-06","","%","미확인","","","","","","","true","봉 기간의 마지막 유효 관측값","","","","unknown","일부 거래일 누락","true","false","2024-01-02","2025-12-01","","","available-cumulative","2024-01-02","","","","","","",""
"aligned","US","stock","NVDA","day","USD","credit","2025-10-07","","%","미확인","","","","","","","true","봉 기간의 마지막 유효 관측값","","","","unknown","일부 거래일 누락","true","false","2024-01-02","2025-12-01","","","available-cumulative","2024-01-02","","","","","","",""
"aligned","US","stock","NVDA","day","USD","credit","2025-10-08","","%","미확인","","","","","","","true","봉 기간의 마지막 유효 관측값","","","","unknown","일부 거래일 누락","true","false","2024-01-02","2025-12-01","","","available-cumulative","2024-01-02","","","","","","",""
"aligned","US","stock","NVDA","day","USD","credit","2025-10-09","","%","미확인","","","","","","","true","봉 기간의 마지막 유효 관측값","","","","unknown","일부 거래일 누락","true","false","2024-01-02","2025-12-01","","","available-cumulative","2024-01-02","","","","","","",""
"aligned","US","stock","NVDA","day","USD","credit","2025-10-10","","%","미확인","","","","","","","true","봉 기간의 마지막 유효 관측값","","","","unknown","일부 거래일 누락","true","false","2024-01-02","2025-12-01","","","available-cumulative","2024-01-02","","","","","","",""
"aligned","US","stock","NVDA","day","USD","credit","2025-10-13","","%","미확인","","","","","","","true","봉 기간의 마지막 유효 관측값","","","","unknown","일부 거래일 누락","true","false","2024-01-02","2025-12-01","","","available-cumulative","2024-01-02","","","","","","",""
"aligned","US","stock","NVDA","day","USD","credit","2025-10-14","","%","미확인","","","","","","","true","봉 기간의 마지막 유효 관측값","","","","unknown","일부 거래일 누락","true","false","2024-01-02","2025-12-01","","","available-cumulative","2024-01-02","","","","","","",""
"aligned","US","stock","NVDA","day","USD","credit","2025-10-15","","%","미확인","","","","","","","true","봉 기간의 마지막 유효 관측값","","","","unknown","일부 거래일 누락","true","false","2024-01-02","2025-12-01","","","available-cumulative","2024-01-02","","","","","","",""
"aligned","US","stock","NVDA","day","USD","credit","2025-10-16","","%","미확인","","","","","","","true","봉 기간의 마지막 유효 관측값","","","","unknown","일부 거래일 누락","true","false","2024-01-02","2025-12-01","","","available-cumulative","2024-01-02","","","","","","",""
"aligned","US","stock","NVDA","day","USD","credit","2025-10-17","","%","미확인","","","","","","","true","봉 기간의 마지막 유효 관측값","","","","unknown","일부 거래일 누락","true","false","2024-01-02","2025-12-01","","","available-cumulative","2024-01-02","","","","","","",""
"aligned","US","stock","NVDA","day","USD","credit","2025-10-20","","%","미확인","","","","","","","true","봉 기간의 마지막 유효 관측값","","","","unknown","일부 거래일 누락","true","false","2024-01-02","2025-12-01","","","available-cumulative","2024-01-02","","","","","","",""
"aligned","US","stock","NVDA","day","USD","credit","2025-10-21","","%","미확인","","","","","","","true","봉 기간의 마지막 유효 관측값","","","","unknown","일부 거래일 누락","true","false","2024-01-02","2025-12-01","","","available-cumulative","2024-01-02","","","","","","",""
"aligned","US","stock","NVDA","day","USD","credit","2025-10-22","","%","미확인","","","","","","","true","봉 기간의 마지막 유효 관측값","","","","unknown","일부 거래일 누락","true","false","2024-01-02","2025-12-01","","","available-cumulative","2024-01-02","","","","","","",""
"aligned","US","stock","NVDA","day","USD","credit","2025-10-23","","%","미확인","","","","","","","true","봉 기간의 마지막 유효 관측값","","","","unknown","일부 거래일 누락","true","false","2024-01-02","2025-12-01","","","available-cumulative","2024-01-02","","","","","","",""
"aligned","US","stock","NVDA","day","USD","credit","2025-10-24","","%","미확인","","","","","","","true","봉 기간의 마지막 유효 관측값","","","","unknown","일부 거래일 누락","true","false","2024-01-02","2025-12-01","","","available-cumulative","2024-01-02","","","","","","",""
"aligned","US","stock","NVDA","day","USD","credit","2025-10-27","","%","미확인","","","","","","","true","봉 기간의 마지막 유효 관측값","","","","unknown","일부 거래일 누락","true","false","2024-01-02","2025-12-01","","","available-cumulative","2024-01-02","","","","","","",""
"aligned","US","stock","NVDA","day","USD","credit","2025-10-28","","%","미확인","","","","","","","true","봉 기간의 마지막 유효 관측값","","","","unknown","일부 거래일 누락","true","false","2024-01-02","2025-12-01","","","available-cumulative","2024-01-02","","","","","","",""
"aligned","US","stock","NVDA","day","USD","credit","2025-10-29","","%","미확인","","","","","","","true","봉 기간의 마지막 유효 관측값","","","","unknown","일부 거래일 누락","true","false","2024-01-02","2025-12-01","","","available-cumulative","2024-01-02","","","","","","",""
"aligned","US","stock","NVDA","day","USD","credit","2025-10-30","","%","미확인","","","","","","","true","봉 기간의 마지막 유효 관측값","","","","unknown","일부 거래일 누락","true","false","2024-01-02","2025-12-01","","","available-cumulative","2024-01-02","","","","","","",""
"aligned","US","stock","NVDA","day","USD","credit","2025-10-31","","%","미확인","","","","","","","true","봉 기간의 마지막 유효 관측값","","","","unknown","일부 거래일 누락","true","false","2024-01-02","2025-12-01","","","available-cumulative","2024-01-02","","","","","","",""
"aligned","US","stock","NVDA","day","USD","credit","2025-11-03","","%","미확인","","","","","","","true","봉 기간의 마지막 유효 관측값","","","","unknown","일부 거래일 누락","true","false","2024-01-02","2025-12-01","","","available-cumulative","2024-01-02","","","","","","",""
"aligned","US","stock","NVDA","day","USD","credit","2025-11-04","","%","미확인","","","","","","","true","봉 기간의 마지막 유효 관측값","","","","unknown","일부 거래일 누락","true","false","2024-01-02","2025-12-01","","","available-cumulative","2024-01-02","","","","","","",""
"aligned","US","stock","NVDA","day","USD","credit","2025-11-05","","%","미확인","","","","","","","true","봉 기간의 마지막 유효 관측값","","","","unknown","일부 거래일 누락","true","false","2024-01-02","2025-12-01","","","available-cumulative","2024-01-02","","","","","","",""
"aligned","US","stock","NVDA","day","USD","credit","2025-11-06","","%","미확인","","","","","","","true","봉 기간의 마지막 유효 관측값","","","","unknown","일부 거래일 누락","true","false","2024-01-02","2025-12-01","","","available-cumulative","2024-01-02","","","","","","",""
"aligned","US","stock","NVDA","day","USD","credit","2025-11-07","","%","미확인","","","","","","","true","봉 기간의 마지막 유효 관측값","","","","unknown","일부 거래일 누락","true","false","2024-01-02","2025-12-01","","","available-cumulative","2024-01-02","","","","","","",""
"aligned","US","stock","NVDA","day","USD","credit","2025-11-10","","%","미확인","","","","","","","true","봉 기간의 마지막 유효 관측값","","","","unknown","일부 거래일 누락","true","false","2024-01-02","2025-12-01","","","available-cumulative","2024-01-02","","","","","","",""
"aligned","US","stock","NVDA","day","USD","credit","2025-11-11","","%","미확인","","","","","","","true","봉 기간의 마지막 유효 관측값","","","","unknown","일부 거래일 누락","true","false","2024-01-02","2025-12-01","","","available-cumulative","2024-01-02","","","","","","",""
"aligned","US","stock","NVDA","day","USD","credit","2025-11-12","","%","미확인","","","","","","","true","봉 기간의 마지막 유효 관측값","","","","unknown","일부 거래일 누락","true","false","2024-01-02","2025-12-01","","","available-cumulative","2024-01-02","","","","","","",""
"aligned","US","stock","NVDA","day","USD","credit","2025-11-13","","%","미확인","","","","","","","true","봉 기간의 마지막 유효 관측값","","","","unknown","일부 거래일 누락","true","false","2024-01-02","2025-12-01","","","available-cumulative","2024-01-02","","","","","","",""
"aligned","US","stock","NVDA","day","USD","credit","2025-11-14","","%","미확인","","","","","","","true","봉 기간의 마지막 유효 관측값","","","","unknown","일부 거래일 누락","true","false","2024-01-02","2025-12-01","","","available-cumulative","2024-01-02","","","","","","",""
"aligned","US","stock","NVDA","day","USD","credit","2025-11-17","","%","미확인","","","","","","","true","봉 기간의 마지막 유효 관측값","","","","unknown","일부 거래일 누락","true","false","2024-01-02","2025-12-01","","","available-cumulative","2024-01-02","","","","","","",""
"aligned","US","stock","NVDA","day","USD","credit","2025-11-18","","%","미확인","","","","","","","true","봉 기간의 마지막 유효 관측값","","","","unknown","일부 거래일 누락","true","false","2024-01-02","2025-12-01","","","available-cumulative","2024-01-02","","","","","","",""
"aligned","US","stock","NVDA","day","USD","credit","2025-11-19","","%","미확인","","","","","","","true","봉 기간의 마지막 유효 관측값","","","","unknown","일부 거래일 누락","true","false","2024-01-02","2025-12-01","","","available-cumulative","2024-01-02","","","","","","",""
"aligned","US","stock","NVDA","day","USD","credit","2025-11-20","","%","미확인","","","","","","","true","봉 기간의 마지막 유효 관측값","","","","unknown","일부 거래일 누락","true","false","2024-01-02","2025-12-01","","","available-cumulative","2024-01-02","","","","","","",""
"aligned","US","stock","NVDA","day","USD","credit","2025-11-21","","%","미확인","","","","","","","true","봉 기간의 마지막 유효 관측값","","","","unknown","일부 거래일 누락","true","false","2024-01-02","2025-12-01","","","available-cumulative","2024-01-02","","","","","","",""
"aligned","US","stock","NVDA","day","USD","credit","2025-11-24","","%","미확인","","","","","","","true","봉 기간의 마지막 유효 관측값","","","","unknown","일부 거래일 누락","true","false","2024-01-02","2025-12-01","","","available-cumulative","2024-01-02","","","","","","",""
"aligned","US","stock","NVDA","day","USD","credit","2025-11-25","","%","미확인","","","","","","","true","봉 기간의 마지막 유효 관측값","","","","unknown","일부 거래일 누락","true","false","2024-01-02","2025-12-01","","","available-cumulative","2024-01-02","","","","","","",""
"aligned","US","stock","NVDA","day","USD","credit","2025-11-26","","%","미확인","","","","","","","true","봉 기간의 마지막 유효 관측값","","","","unknown","일부 거래일 누락","true","false","2024-01-02","2025-12-01","","","available-cumulative","2024-01-02","","","","","","",""
"aligned","US","stock","NVDA","day","USD","credit","2025-11-27","","%","미확인","","","","","","","true","봉 기간의 마지막 유효 관측값","","","","unknown","일부 거래일 누락","true","false","2024-01-02","2025-12-01","","","available-cumulative","2024-01-02","","","","","","",""
"aligned","US","stock","NVDA","day","USD","credit","2025-11-28","","%","미확인","","","","","","","true","봉 기간의 마지막 유효 관측값","","","","unknown","일부 거래일 누락","true","false","2024-01-02","2025-12-01","","","available-cumulative","2024-01-02","","","","","","",""
"aligned","US","stock","NVDA","day","USD","credit","2025-12-01","","%","미확인","","","","","","","true","봉 기간의 마지막 유효 관측값","","","","unknown","일부 거래일 누락","true","false","2024-01-02","2025-12-01","","","available-cumulative","2024-01-02","","","","","","",""
"status","US","stock","NVDA","day","USD","foreign","","","%","미확인","","","","","","","","","","","","unknown","데이터 확인 중","","false","2024-01-02","2025-12-01","","","available-cumulative","2024-01-02","","","","","","",""
"aligned","US","stock","NVDA","day","USD","foreign","2024-01-02","","%","미확인","","","","","","","true","봉 기간의 마지막 유효 관측값","","","","unknown","일부 거래일 누락","true","false","2024-01-02","2025-12-01","","","available-cumulative","2024-01-02","","","","","","",""
"aligned","US","stock","NVDA","day","USD","foreign","2024-01-03","","%","미확인","","","","","","","true","봉 기간의 마지막 유효 관측값","","","","unknown","일부 거래일 누락","true","false","2024-01-02","2025-12-01","","","available-cumulative","2024-01-02","","","","","","",""
"aligned","US","stock","NVDA","day","USD","foreign","2024-01-04","","%","미확인","","","","","","","true","봉 기간의 마지막 유효 관측값","","","","unknown","일부 거래일 누락","true","false","2024-01-02","2025-12-01","","","available-cumulative","2024-01-02","","","","","","",""
"aligned","US","stock","NVDA","day","USD","foreign","2024-01-05","","%","미확인","","","","","","","true","봉 기간의 마지막 유효 관측값","","","","unknown","일부 거래일 누락","true","false","2024-01-02","2025-12-01","","","available-cumulative","2024-01-02","","","","","","",""
"aligned","US","stock","NVDA","day","USD","foreign","2024-01-08","","%","미확인","","","","","","","true","봉 기간의 마지막 유효 관측값","","","","unknown","일부 거래일 누락","true","false","2024-01-02","2025-12-01","","","available-cumulative","2024-01-02","","","","","","",""
"aligned","US","stock","NVDA","day","USD","foreign","2024-01-09","","%","미확인","","","","","","","true","봉 기간의 마지막 유효 관측값","","","","unknown","일부 거래일 누락","true","false","2024-01-02","2025-12-01","","","available-cumulative","2024-01-02","","","","","","",""
"aligned","US","stock","NVDA","day","USD","foreign","2024-01-10","","%","미확인","","","","","","","true","봉 기간의 마지막 유효 관측값","","","","unknown","일부 거래일 누락","true","false","2024-01-02","2025-12-01","","","available-cumulative","2024-01-02","","","","","","",""
"aligned","US","stock","NVDA","day","USD","foreign","2024-01-11","","%","미확인","","","","","","","true","봉 기간의 마지막 유효 관측값","","","","unknown","일부 거래일 누락","true","false","2024-01-02","2025-12-01","","","available-cumulative","2024-01-02","","","","","","",""
"aligned","US","stock","NVDA","day","USD","foreign","2024-01-12","","%","미확인","","","","","","","true","봉 기간의 마지막 유효 관측값","","","","unknown","일부 거래일 누락","true","false","2024-01-02","2025-12-01","","","available-cumulative","2024-01-02","","","","","","",""
"aligned","US","stock","NVDA","day","USD","foreign","2024-01-15","","%","미확인","","","","","","","true","봉 기간의 마지막 유효 관측값","","","","unknown","일부 거래일 누락","true","false","2024-01-02","2025-12-01","","","available-cumulative","2024-01-02","","","","","","",""
"aligned","US","stock","NVDA","day","USD","foreign","2024-01-16","","%","미확인","","","","","","","true","봉 기간의 마지막 유효 관측값","","","","unknown","일부 거래일 누락","true","false","2024-01-02","2025-12-01","","","available-cumulative","2024-01-02","","","","","","",""
"aligned","US","stock","NVDA","day","USD","foreign","2024-01-17","","%","미확인","","","","","","","true","봉 기간의 마지막 유효 관측값","","","","unknown","일부 거래일 누락","true","false","2024-01-02","2025-12-01","","","available-cumulative","2024-01-02","","","","","","",""
"aligned","US","stock","NVDA","day","USD","foreign","2024-01-18","","%","미확인","","","","","","","true","봉 기간의 마지막 유효 관측값","","","","unknown","일부 거래일 누락","true","false","2024-01-02","2025-12-01","","","available-cumulative","2024-01-02","","","","","","",""
"aligned","US","stock","NVDA","day","USD","foreign","2024-01-19","","%","미확인","","","","","","","true","봉 기간의 마지막 유효 관측값","","","","unknown","일부 거래일 누락","true","false","2024-01-02","2025-12-01","","","available-cumulative","2024-01-02","","","","","","",""
"aligned","US","stock","NVDA","day","USD","foreign","2024-01-22","","%","미확인","","","","","","","true","봉 기간의 마지막 유효 관측값","","","","unknown","일부 거래일 누락","true","false","2024-01-02","2025-12-01","","","available-cumulative","2024-01-02","","","","","","",""
"aligned","US","stock","NVDA","day","USD","foreign","2024-01-23","","%","미확인","","","","","","","true","봉 기간의 마지막 유효 관측값","","","","unknown","일부 거래일 누락","true","false","2024-01-02","2025-12-01","","","available-cumulative","2024-01-02","","","","","","",""
"aligned","US","stock","NVDA","day","USD","foreign","2024-01-24","","%","미확인","","","","","","","true","봉 기간의 마지막 유효 관측값","","","","unknown","일부 거래일 누락","true","false","2024-01-02","2025-12-01","","","available-cumulative","2024-01-02","","","","","","",""
"aligned","US","stock","NVDA","day","USD","foreign","2024-01-25","","%","미확인","","","","","","","true","봉 기간의 마지막 유효 관측값","","","","unknown","일부 거래일 누락","true","false","2024-01-02","2025-12-01","","","available-cumulative","2024-01-02","","","","","","",""
"aligned","US","stock","NVDA","day","USD","foreign","2024-01-26","","%","미확인","","","","","","","true","봉 기간의 마지막 유효 관측값","","","","unknown","일부 거래일 누락","true","false","2024-01-02","2025-12-01","","","available-cumulative","2024-01-02","","","","","","",""
"aligned","US","stock","NVDA","day","USD","foreign","2024-01-29","","%","미확인","","","","","","","true","봉 기간의 마지막 유효 관측값","","","","unknown","일부 거래일 누락","true","false","2024-01-02","2025-12-01","","","available-cumulative","2024-01-02","","","","","","",""
"aligned","US","stock","NVDA","day","USD","foreign","2024-01-30","","%","미확인","","","","","","","true","봉 기간의 마지막 유효 관측값","","","","unknown","일부 거래일 누락","true","false","2024-01-02","2025-12-01","","","available-cumulative","2024-01-02","","","","","","",""
"aligned","US","stock","NVDA","day","USD","foreign","2024-01-31","","%","미확인","","","","","","","true","봉 기간의 마지막 유효 관측값","","","","unknown","일부 거래일 누락","true","false","2024-01-02","2025-12-01","","","available-cumulative","2024-01-02","","","","","","",""
"aligned","US","stock","NVDA","day","USD","foreign","2024-02-01","","%","미확인","","","","","","","true","봉 기간의 마지막 유효 관측값","","","","unknown","일부 거래일 누락","true","false","2024-01-02","2025-12-01","","","available-cumulative","2024-01-02","","","","","","",""
"aligned","US","stock","NVDA","day","USD","foreign","2024-02-02","","%","미확인","","","","","","","true","봉 기간의 마지막 유효 관측값","","","","unknown","일부 거래일 누락","true","false","2024-01-02","2025-12-01","","","available-cumulative","2024-01-02","","","","","","",""
"aligned","US","stock","NVDA","day","USD","foreign","2024-02-05","","%","미확인","","","","","","","true","봉 기간의 마지막 유효 관측값","","","","unknown","일부 거래일 누락","true","false","2024-01-02","2025-12-01","","","available-cumulative","2024-01-02","","","","","","",""
"aligned","US","stock","NVDA","day","USD","foreign","2024-02-06","","%","미확인","","","","","","","true","봉 기간의 마지막 유효 관측값","","","","unknown","일부 거래일 누락","true","false","2024-01-02","2025-12-01","","","available-cumulative","2024-01-02","","","","","","",""
"aligned","US","stock","NVDA","day","USD","foreign","2024-02-07","","%","미확인","","","","","","","true","봉 기간의 마지막 유효 관측값","","","","unknown","일부 거래일 누락","true","false","2024-01-02","2025-12-01","","","available-cumulative","2024-01-02","","","","","","",""
"aligned","US","stock","NVDA","day","USD","foreign","2024-02-08","","%","미확인","","","","","","","true","봉 기간의 마지막 유효 관측값","","","","unknown","일부 거래일 누락","true","false","2024-01-02","2025-12-01","","","available-cumulative","2024-01-02","","","","","","",""
"aligned","US","stock","NVDA","day","USD","foreign","2024-02-09","","%","미확인","","","","","","","true","봉 기간의 마지막 유효 관측값","","","","unknown","일부 거래일 누락","true","false","2024-01-02","2025-12-01","","","available-cumulative","2024-01-02","","","","","","",""
"aligned","US","stock","NVDA","day","USD","foreign","2024-02-12","","%","미확인","","","","","","","true","봉 기간의 마지막 유효 관측값","","","","unknown","일부 거래일 누락","true","false","2024-01-02","2025-12-01","","","available-cumulative","2024-01-02","","","","","","",""
"aligned","US","stock","NVDA","day","USD","foreign","2024-02-13","","%","미확인","","","","","","","true","봉 기간의 마지막 유효 관측값","","","","unknown","일부 거래일 누락","true","false","2024-01-02","2025-12-01","","","available-cumulative","2024-01-02","","","","","","",""
"aligned","US","stock","NVDA","day","USD","foreign","2024-02-14","","%","미확인","","","","","","","true","봉 기간의 마지막 유효 관측값","","","","unknown","일부 거래일 누락","true","false","2024-01-02","2025-12-01","","","available-cumulative","2024-01-02","","","","","","",""
"aligned","US","stock","NVDA","day","USD","foreign","2024-02-15","","%","미확인","","","","","","","true","봉 기간의 마지막 유효 관측값","","","","unknown","일부 거래일 누락","true","false","2024-01-02","2025-12-01","","","available-cumulative","2024-01-02","","","","","","",""
"aligned","US","stock","NVDA","day","USD","foreign","2024-02-16","","%","미확인","","","","","","","true","봉 기간의 마지막 유효 관측값","","","","unknown","일부 거래일 누락","true","false","2024-01-02","2025-12-01","","","available-cumulative","2024-01-02","","","","","","",""
"aligned","US","stock","NVDA","day","USD","foreign","2024-02-19","","%","미확인","","","","","","","true","봉 기간의 마지막 유효 관측값","","","","unknown","일부 거래일 누락","true","false","2024-01-02","2025-12-01","","","available-cumulative","2024-01-02","","","","","","",""
"aligned","US","stock","NVDA","day","USD","foreign","2024-02-20","","%","미확인","","","","","","","true","봉 기간의 마지막 유효 관측값","","","","unknown","일부 거래일 누락","true","false","2024-01-02","2025-12-01","","","available-cumulative","2024-01-02","","","","","","",""
"aligned","US","stock","NVDA","day","USD","foreign","2024-02-21","","%","미확인","","","","","","","true","봉 기간의 마지막 유효 관측값","","","","unknown","일부 거래일 누락","true","false","2024-01-02","2025-12-01","","","available-cumulative","2024-01-02","","","","","","",""
"aligned","US","stock","NVDA","day","USD","foreign","2024-02-22","","%","미확인","","","","","","","true","봉 기간의 마지막 유효 관측값","","","","unknown","일부 거래일 누락","true","false","2024-01-02","2025-12-01","","","available-cumulative","2024-01-02","","","","","","",""
"aligned","US","stock","NVDA","day","USD","foreign","2024-02-23","","%","미확인","","","","","","","true","봉 기간의 마지막 유효 관측값","","","","unknown","일부 거래일 누락","true","false","2024-01-02","2025-12-01","","","available-cumulative","2024-01-02","","","","","","",""
"aligned","US","stock","NVDA","day","USD","foreign","2024-02-26","","%","미확인","","","","","","","true","봉 기간의 마지막 유효 관측값","","","","unknown","일부 거래일 누락","true","false","2024-01-02","2025-12-01","","","available-cumulative","2024-01-02","","","","","","",""
"aligned","US","stock","NVDA","day","USD","foreign","2024-02-27","","%","미확인","","","","","","","true","봉 기간의 마지막 유효 관측값","","","","unknown","일부 거래일 누락","true","false","2024-01-02","2025-12-01","","","available-cumulative","2024-01-02","","","","","","",""
"aligned","US","stock","NVDA","day","USD","foreign","2024-02-28","","%","미확인","","","","","","","true","봉 기간의 마지막 유효 관측값","","","","unknown","일부 거래일 누락","true","false","2024-01-02","2025-12-01","","","available-cumulative","2024-01-02","","","","","","",""
"aligned","US","stock","NVDA","day","USD","foreign","2024-02-29","","%","미확인","","","","","","","true","봉 기간의 마지막 유효 관측값","","","","unknown","일부 거래일 누락","true","false","2024-01-02","2025-12-01","","","available-cumulative","2024-01-02","","","","","","",""
"aligned","US","stock","NVDA","day","USD","foreign","2024-03-01","","%","미확인","","","","","","","true","봉 기간의 마지막 유효 관측값","","","","unknown","일부 거래일 누락","true","false","2024-01-02","2025-12-01","","","available-cumulative","2024-01-02","","","","","","",""
"aligned","US","stock","NVDA","day","USD","foreign","2024-03-04","","%","미확인","","","","","","","true","봉 기간의 마지막 유효 관측값","","","","unknown","일부 거래일 누락","true","false","2024-01-02","2025-12-01","","","available-cumulative","2024-01-02","","","","","","",""
"aligned","US","stock","NVDA","day","USD","foreign","2024-03-05","","%","미확인","","","","","","","true","봉 기간의 마지막 유효 관측값","","","","unknown","일부 거래일 누락","true","false","2024-01-02","2025-12-01","","","available-cumulative","2024-01-02","","","","","","",""
"aligned","US","stock","NVDA","day","USD","foreign","2024-03-06","","%","미확인","","","","","","","true","봉 기간의 마지막 유효 관측값","","","","unknown","일부 거래일 누락","true","false","2024-01-02","2025-12-01","","","available-cumulative","2024-01-02","","","","","","",""
"aligned","US","stock","NVDA","day","USD","foreign","2024-03-07","","%","미확인","","","","","","","true","봉 기간의 마지막 유효 관측값","","","","unknown","일부 거래일 누락","true","false","2024-01-02","2025-12-01","","","available-cumulative","2024-01-02","","","","","","",""
"aligned","US","stock","NVDA","day","USD","foreign","2024-03-08","","%","미확인","","","","","","","true","봉 기간의 마지막 유효 관측값","","","","unknown","일부 거래일 누락","true","false","2024-01-02","2025-12-01","","","available-cumulative","2024-01-02","","","","","","",""
"aligned","US","stock","NVDA","day","USD","foreign","2024-03-11","","%","미확인","","","","","","","true","봉 기간의 마지막 유효 관측값","","","","unknown","일부 거래일 누락","true","false","2024-01-02","2025-12-01","","","available-cumulative","2024-01-02","","","","","","",""
"aligned","US","stock","NVDA","day","USD","foreign","2024-03-12","","%","미확인","","","","","","","true","봉 기간의 마지막 유효 관측값","","","","unknown","일부 거래일 누락","true","false","2024-01-02","2025-12-01","","","available-cumulative","2024-01-02","","","","","","",""
"aligned","US","stock","NVDA","day","USD","foreign","2024-03-13","","%","미확인","","","","","","","true","봉 기간의 마지막 유효 관측값","","","","unknown","일부 거래일 누락","true","false","2024-01-02","2025-12-01","","","available-cumulative","2024-01-02","","","","","","",""
"aligned","US","stock","NVDA","day","USD","foreign","2024-03-14","","%","미확인","","","","","","","true","봉 기간의 마지막 유효 관측값","","","","unknown","일부 거래일 누락","true","false","2024-01-02","2025-12-01","","","available-cumulative","2024-01-02","","","","","","",""
"aligned","US","stock","NVDA","day","USD","foreign","2024-03-15","","%","미확인","","","","","","","true","봉 기간의 마지막 유효 관측값","","","","unknown","일부 거래일 누락","true","false","2024-01-02","2025-12-01","","","available-cumulative","2024-01-02","","","","","","",""
"aligned","US","stock","NVDA","day","USD","foreign","2024-03-18","","%","미확인","","","","","","","true","봉 기간의 마지막 유효 관측값","","","","unknown","일부 거래일 누락","true","false","2024-01-02","2025-12-01","","","available-cumulative","2024-01-02","","","","","","",""
"aligned","US","stock","NVDA","day","USD","foreign","2024-03-19","","%","미확인","","","","","","","true","봉 기간의 마지막 유효 관측값","","","","unknown","일부 거래일 누락","true","false","2024-01-02","2025-12-01","","","available-cumulative","2024-01-02","","","","","","",""
"aligned","US","stock","NVDA","day","USD","foreign","2024-03-20","","%","미확인","","","","","","","true","봉 기간의 마지막 유효 관측값","","","","unknown","일부 거래일 누락","true","false","2024-01-02","2025-12-01","","","available-cumulative","2024-01-02","","","","","","",""
"aligned","US","stock","NVDA","day","USD","foreign","2024-03-21","","%","미확인","","","","","","","true","봉 기간의 마지막 유효 관측값","","","","unknown","일부 거래일 누락","true","false","2024-01-02","2025-12-01","","","available-cumulative","2024-01-02","","","","","","",""
"aligned","US","stock","NVDA","day","USD","foreign","2024-03-22","","%","미확인","","","","","","","true","봉 기간의 마지막 유효 관측값","","","","unknown","일부 거래일 누락","true","false","2024-01-02","2025-12-01","","","available-cumulative","2024-01-02","","","","","","",""
"aligned","US","stock","NVDA","day","USD","foreign","2024-03-25","","%","미확인","","","","","","","true","봉 기간의 마지막 유효 관측값","","","","unknown","일부 거래일 누락","true","false","2024-01-02","2025-12-01","","","available-cumulative","2024-01-02","","","","","","",""
"aligned","US","stock","NVDA","day","USD","foreign","2024-03-26","","%","미확인","","","","","","","true","봉 기간의 마지막 유효 관측값","","","","unknown","일부 거래일 누락","true","false","2024-01-02","2025-12-01","","","available-cumulative","2024-01-02","","","","","","",""
"aligned","US","stock","NVDA","day","USD","foreign","2024-03-27","","%","미확인","","","","","","","true","봉 기간의 마지막 유효 관측값","","","","unknown","일부 거래일 누락","true","false","2024-01-02","2025-12-01","","","available-cumulative","2024-01-02","","","","","","",""
"aligned","US","stock","NVDA","day","USD","foreign","2024-03-28","","%","미확인","","","","","","","true","봉 기간의 마지막 유효 관측값","","","","unknown","일부 거래일 누락","true","false","2024-01-02","2025-12-01","","","available-cumulative","2024-01-02","","","","","","",""
"aligned","US","stock","NVDA","day","USD","foreign","2024-03-29","","%","미확인","","","","","","","true","봉 기간의 마지막 유효 관측값","","","","unknown","일부 거래일 누락","true","false","2024-01-02","2025-12-01","","","available-cumulative","2024-01-02","","","","","","",""
"aligned","US","stock","NVDA","day","USD","foreign","2024-04-01","","%","미확인","","","","","","","true","봉 기간의 마지막 유효 관측값","","","","unknown","일부 거래일 누락","true","false","2024-01-02","2025-12-01","","","available-cumulative","2024-01-02","","","","","","",""
"aligned","US","stock","NVDA","day","USD","foreign","2024-04-02","","%","미확인","","","","","","","true","봉 기간의 마지막 유효 관측값","","","","unknown","일부 거래일 누락","true","false","2024-01-02","2025-12-01","","","available-cumulative","2024-01-02","","","","","","",""
"aligned","US","stock","NVDA","day","USD","foreign","2024-04-03","","%","미확인","","","","","","","true","봉 기간의 마지막 유효 관측값","","","","unknown","일부 거래일 누락","true","false","2024-01-02","2025-12-01","","","available-cumulative","2024-01-02","","","","","","",""
"aligned","US","stock","NVDA","day","USD","foreign","2024-04-04","","%","미확인","","","","","","","true","봉 기간의 마지막 유효 관측값","","","","unknown","일부 거래일 누락","true","false","2024-01-02","2025-12-01","","","available-cumulative","2024-01-02","","","","","","",""
"aligned","US","stock","NVDA","day","USD","foreign","2024-04-05","","%","미확인","","","","","","","true","봉 기간의 마지막 유효 관측값","","","","unknown","일부 거래일 누락","true","false","2024-01-02","2025-12-01","","","available-cumulative","2024-01-02","","","","","","",""
"aligned","US","stock","NVDA","day","USD","foreign","2024-04-08","","%","미확인","","","","","","","true","봉 기간의 마지막 유효 관측값","","","","unknown","일부 거래일 누락","true","false","2024-01-02","2025-12-01","","","available-cumulative","2024-01-02","","","","","","",""
"aligned","US","stock","NVDA","day","USD","foreign","2024-04-09","","%","미확인","","","","","","","true","봉 기간의 마지막 유효 관측값","","","","unknown","일부 거래일 누락","true","false","2024-01-02","2025-12-01","","","available-cumulative","2024-01-02","","","","","","",""
"aligned","US","stock","NVDA","day","USD","foreign","2024-04-10","","%","미확인","","","","","","","true","봉 기간의 마지막 유효 관측값","","","","unknown","일부 거래일 누락","true","false","2024-01-02","2025-12-01","","","available-cumulative","2024-01-02","","","","","","",""
"aligned","US","stock","NVDA","day","USD","foreign","2024-04-11","","%","미확인","","","","","","","true","봉 기간의 마지막 유효 관측값","","","","unknown","일부 거래일 누락","true","false","2024-01-02","2025-12-01","","","available-cumulative","2024-01-02","","","","","","",""
"aligned","US","stock","NVDA","day","USD","foreign","2024-04-12","","%","미확인","","","","","","","true","봉 기간의 마지막 유효 관측값","","","","unknown","일부 거래일 누락","true","false","2024-01-02","2025-12-01","","","available-cumulative","2024-01-02","","","","","","",""
"aligned","US","stock","NVDA","day","USD","foreign","2024-04-15","","%","미확인","","","","","","","true","봉 기간의 마지막 유효 관측값","","","","unknown","일부 거래일 누락","true","false","2024-01-02","2025-12-01","","","available-cumulative","2024-01-02","","","","","","",""
"aligned","US","stock","NVDA","day","USD","foreign","2024-04-16","","%","미확인","","","","","","","true","봉 기간의 마지막 유효 관측값","","","","unknown","일부 거래일 누락","true","false","2024-01-02","2025-12-01","","","available-cumulative","2024-01-02","","","","","","",""
"aligned","US","stock","NVDA","day","USD","foreign","2024-04-17","","%","미확인","","","","","","","true","봉 기간의 마지막 유효 관측값","","","","unknown","일부 거래일 누락","true","false","2024-01-02","2025-12-01","","","available-cumulative","2024-01-02","","","","","","",""
"aligned","US","stock","NVDA","day","USD","foreign","2024-04-18","","%","미확인","","","","","","","true","봉 기간의 마지막 유효 관측값","","","","unknown","일부 거래일 누락","true","false","2024-01-02","2025-12-01","","","available-cumulative","2024-01-02","","","","","","",""
"aligned","US","stock","NVDA","day","USD","foreign","2024-04-19","","%","미확인","","","","","","","true","봉 기간의 마지막 유효 관측값","","","","unknown","일부 거래일 누락","true","false","2024-01-02","2025-12-01","","","available-cumulative","2024-01-02","","","","","","",""
"aligned","US","stock","NVDA","day","USD","foreign","2024-04-22","","%","미확인","","","","","","","true","봉 기간의 마지막 유효 관측값","","","","unknown","일부 거래일 누락","true","false","2024-01-02","2025-12-01","","","available-cumulative","2024-01-02","","","","","","",""
"aligned","US","stock","NVDA","day","USD","foreign","2024-04-23","","%","미확인","","","","","","","true","봉 기간의 마지막 유효 관측값","","","","unknown","일부 거래일 누락","true","false","2024-01-02","2025-12-01","","","available-cumulative","2024-01-02","","","","","","",""
"aligned","US","stock","NVDA","day","USD","foreign","2024-04-24","","%","미확인","","","","","","","true","봉 기간의 마지막 유효 관측값","","","","unknown","일부 거래일 누락","true","false","2024-01-02","2025-12-01","","","available-cumulative","2024-01-02","","","","","","",""
"aligned","US","stock","NVDA","day","USD","foreign","2024-04-25","","%","미확인","","","","","","","true","봉 기간의 마지막 유효 관측값","","","","unknown","일부 거래일 누락","true","false","2024-01-02","2025-12-01","","","available-cumulative","2024-01-02","","","","","","",""
"aligned","US","stock","NVDA","day","USD","foreign","2024-04-26","","%","미확인","","","","","","","true","봉 기간의 마지막 유효 관측값","","","","unknown","일부 거래일 누락","true","false","2024-01-02","2025-12-01","","","available-cumulative","2024-01-02","","","","","","",""
"aligned","US","stock","NVDA","day","USD","foreign","2024-04-29","","%","미확인","","","","","","","true","봉 기간의 마지막 유효 관측값","","","","unknown","일부 거래일 누락","true","false","2024-01-02","2025-12-01","","","available-cumulative","2024-01-02","","","","","","",""
"aligned","US","stock","NVDA","day","USD","foreign","2024-04-30","","%","미확인","","","","","","","true","봉 기간의 마지막 유효 관측값","","","","unknown","일부 거래일 누락","true","false","2024-01-02","2025-12-01","","","available-cumulative","2024-01-02","","","","","","",""
"aligned","US","stock","NVDA","day","USD","foreign","2024-05-01","","%","미확인","","","","","","","true","봉 기간의 마지막 유효 관측값","","","","unknown","일부 거래일 누락","true","false","2024-01-02","2025-12-01","","","available-cumulative","2024-01-02","","","","","","",""
"aligned","US","stock","NVDA","day","USD","foreign","2024-05-02","","%","미확인","","","","","","","true","봉 기간의 마지막 유효 관측값","","","","unknown","일부 거래일 누락","true","false","2024-01-02","2025-12-01","","","available-cumulative","2024-01-02","","","","","","",""
"aligned","US","stock","NVDA","day","USD","foreign","2024-05-03","","%","미확인","","","","","","","true","봉 기간의 마지막 유효 관측값","","","","unknown","일부 거래일 누락","true","false","2024-01-02","2025-12-01","","","available-cumulative","2024-01-02","","","","","","",""
"aligned","US","stock","NVDA","day","USD","foreign","2024-05-06","","%","미확인","","","","","","","true","봉 기간의 마지막 유효 관측값","","","","unknown","일부 거래일 누락","true","false","2024-01-02","2025-12-01","","","available-cumulative","2024-01-02","","","","","","",""
"aligned","US","stock","NVDA","day","USD","foreign","2024-05-07","","%","미확인","","","","","","","true","봉 기간의 마지막 유효 관측값","","","","unknown","일부 거래일 누락","true","false","2024-01-02","2025-12-01","","","available-cumulative","2024-01-02","","","","","","",""
"aligned","US","stock","NVDA","day","USD","foreign","2024-05-08","","%","미확인","","","","","","","true","봉 기간의 마지막 유효 관측값","","","","unknown","일부 거래일 누락","true","false","2024-01-02","2025-12-01","","","available-cumulative","2024-01-02","","","","","","",""
"aligned","US","stock","NVDA","day","USD","foreign","2024-05-09","","%","미확인","","","","","","","true","봉 기간의 마지막 유효 관측값","","","","unknown","일부 거래일 누락","true","false","2024-01-02","2025-12-01","","","available-cumulative","2024-01-02","","","","","","",""
"aligned","US","stock","NVDA","day","USD","foreign","2024-05-10","","%","미확인","","","","","","","true","봉 기간의 마지막 유효 관측값","","","","unknown","일부 거래일 누락","true","false","2024-01-02","2025-12-01","","","available-cumulative","2024-01-02","","","","","","",""
"aligned","US","stock","NVDA","day","USD","foreign","2024-05-13","","%","미확인","","","","","","","true","봉 기간의 마지막 유효 관측값","","","","unknown","일부 거래일 누락","true","false","2024-01-02","2025-12-01","","","available-cumulative","2024-01-02","","","","","","",""
"aligned","US","stock","NVDA","day","USD","foreign","2024-05-14","","%","미확인","","","","","","","true","봉 기간의 마지막 유효 관측값","","","","unknown","일부 거래일 누락","true","false","2024-01-02","2025-12-01","","","available-cumulative","2024-01-02","","","","","","",""
"aligned","US","stock","NVDA","day","USD","foreign","2024-05-15","","%","미확인","","","","","","","true","봉 기간의 마지막 유효 관측값","","","","unknown","일부 거래일 누락","true","false","2024-01-02","2025-12-01","","","available-cumulative","2024-01-02","","","","","","",""
"aligned","US","stock","NVDA","day","USD","foreign","2024-05-16","","%","미확인","","","","","","","true","봉 기간의 마지막 유효 관측값","","","","unknown","일부 거래일 누락","true","false","2024-01-02","2025-12-01","","","available-cumulative","2024-01-02","","","","","","",""
"aligned","US","stock","NVDA","day","USD","foreign","2024-05-17","","%","미확인","","","","","","","true","봉 기간의 마지막 유효 관측값","","","","unknown","일부 거래일 누락","true","false","2024-01-02","2025-12-01","","","available-cumulative","2024-01-02","","","","","","",""
"aligned","US","stock","NVDA","day","USD","foreign","2024-05-20","","%","미확인","","","","","","","true","봉 기간의 마지막 유효 관측값","","","","unknown","일부 거래일 누락","true","false","2024-01-02","2025-12-01","","","available-cumulative","2024-01-02","","","","","","",""
"aligned","US","stock","NVDA","day","USD","foreign","2024-05-21","","%","미확인","","","","","","","true","봉 기간의 마지막 유효 관측값","","","","unknown","일부 거래일 누락","true","false","2024-01-02","2025-12-01","","","available-cumulative","2024-01-02","","","","","","",""
"aligned","US","stock","NVDA","day","USD","foreign","2024-05-22","","%","미확인","","","","","","","true","봉 기간의 마지막 유효 관측값","","","","unknown","일부 거래일 누락","true","false","2024-01-02","2025-12-01","","","available-cumulative","2024-01-02","","","","","","",""
"aligned","US","stock","NVDA","day","USD","foreign","2024-05-23","","%","미확인","","","","","","","true","봉 기간의 마지막 유효 관측값","","","","unknown","일부 거래일 누락","true","false","2024-01-02","2025-12-01","","","available-cumulative","2024-01-02","","","","","","",""
"aligned","US","stock","NVDA","day","USD","foreign","2024-05-24","","%","미확인","","","","","","","true","봉 기간의 마지막 유효 관측값","","","","unknown","일부 거래일 누락","true","false","2024-01-02","2025-12-01","","","available-cumulative","2024-01-02","","","","","","",""
"aligned","US","stock","NVDA","day","USD","foreign","2024-05-27","","%","미확인","","","","","","","true","봉 기간의 마지막 유효 관측값","","","","unknown","일부 거래일 누락","true","false","2024-01-02","2025-12-01","","","available-cumulative","2024-01-02","","","","","","",""
"aligned","US","stock","NVDA","day","USD","foreign","2024-05-28","","%","미확인","","","","","","","true","봉 기간의 마지막 유효 관측값","","","","unknown","일부 거래일 누락","true","false","2024-01-02","2025-12-01","","","available-cumulative","2024-01-02","","","","","","",""
"aligned","US","stock","NVDA","day","USD","foreign","2024-05-29","","%","미확인","","","","","","","true","봉 기간의 마지막 유효 관측값","","","","unknown","일부 거래일 누락","true","false","2024-01-02","2025-12-01","","","available-cumulative","2024-01-02","","","","","","",""
"aligned","US","stock","NVDA","day","USD","foreign","2024-05-30","","%","미확인","","","","","","","true","봉 기간의 마지막 유효 관측값","","","","unknown","일부 거래일 누락","true","false","2024-01-02","2025-12-01","","","available-cumulative","2024-01-02","","","","","","",""
"aligned","US","stock","NVDA","day","USD","foreign","2024-05-31","","%","미확인","","","","","","","true","봉 기간의 마지막 유효 관측값","","","","unknown","일부 거래일 누락","true","false","2024-01-02","2025-12-01","","","available-cumulative","2024-01-02","","","","","","",""
"aligned","US","stock","NVDA","day","USD","foreign","2024-06-03","","%","미확인","","","","","","","true","봉 기간의 마지막 유효 관측값","","","","unknown","일부 거래일 누락","true","false","2024-01-02","2025-12-01","","","available-cumulative","2024-01-02","","","","","","",""
"aligned","US","stock","NVDA","day","USD","foreign","2024-06-04","","%","미확인","","","","","","","true","봉 기간의 마지막 유효 관측값","","","","unknown","일부 거래일 누락","true","false","2024-01-02","2025-12-01","","","available-cumulative","2024-01-02","","","","","","",""
"aligned","US","stock","NVDA","day","USD","foreign","2024-06-05","","%","미확인","","","","","","","true","봉 기간의 마지막 유효 관측값","","","","unknown","일부 거래일 누락","true","false","2024-01-02","2025-12-01","","","available-cumulative","2024-01-02","","","","","","",""
"aligned","US","stock","NVDA","day","USD","foreign","2024-06-06","","%","미확인","","","","","","","true","봉 기간의 마지막 유효 관측값","","","","unknown","일부 거래일 누락","true","false","2024-01-02","2025-12-01","","","available-cumulative","2024-01-02","","","","","","",""
"aligned","US","stock","NVDA","day","USD","foreign","2024-06-07","","%","미확인","","","","","","","true","봉 기간의 마지막 유효 관측값","","","","unknown","일부 거래일 누락","true","false","2024-01-02","2025-12-01","","","available-cumulative","2024-01-02","","","","","","",""
"aligned","US","stock","NVDA","day","USD","foreign","2024-06-10","","%","미확인","","","","","","","true","봉 기간의 마지막 유효 관측값","","","","unknown","일부 거래일 누락","true","false","2024-01-02","2025-12-01","","","available-cumulative","2024-01-02","","","","","","",""
"aligned","US","stock","NVDA","day","USD","foreign","2024-06-11","","%","미확인","","","","","","","true","봉 기간의 마지막 유효 관측값","","","","unknown","일부 거래일 누락","true","false","2024-01-02","2025-12-01","","","available-cumulative","2024-01-02","","","","","","",""
"aligned","US","stock","NVDA","day","USD","foreign","2024-06-12","","%","미확인","","","","","","","true","봉 기간의 마지막 유효 관측값","","","","unknown","일부 거래일 누락","true","false","2024-01-02","2025-12-01","","","available-cumulative","2024-01-02","","","","","","",""
"aligned","US","stock","NVDA","day","USD","foreign","2024-06-13","","%","미확인","","","","","","","true","봉 기간의 마지막 유효 관측값","","","","unknown","일부 거래일 누락","true","false","2024-01-02","2025-12-01","","","available-cumulative","2024-01-02","","","","","","",""
"aligned","US","stock","NVDA","day","USD","foreign","2024-06-14","","%","미확인","","","","","","","true","봉 기간의 마지막 유효 관측값","","","","unknown","일부 거래일 누락","true","false","2024-01-02","2025-12-01","","","available-cumulative","2024-01-02","","","","","","",""
"aligned","US","stock","NVDA","day","USD","foreign","2024-06-17","","%","미확인","","","","","","","true","봉 기간의 마지막 유효 관측값","","","","unknown","일부 거래일 누락","true","false","2024-01-02","2025-12-01","","","available-cumulative","2024-01-02","","","","","","",""
"aligned","US","stock","NVDA","day","USD","foreign","2024-06-18","","%","미확인","","","","","","","true","봉 기간의 마지막 유효 관측값","","","","unknown","일부 거래일 누락","true","false","2024-01-02","2025-12-01","","","available-cumulative","2024-01-02","","","","","","",""
"aligned","US","stock","NVDA","day","USD","foreign","2024-06-19","","%","미확인","","","","","","","true","봉 기간의 마지막 유효 관측값","","","","unknown","일부 거래일 누락","true","false","2024-01-02","2025-12-01","","","available-cumulative","2024-01-02","","","","","","",""
"aligned","US","stock","NVDA","day","USD","foreign","2024-06-20","","%","미확인","","","","","","","true","봉 기간의 마지막 유효 관측값","","","","unknown","일부 거래일 누락","true","false","2024-01-02","2025-12-01","","","available-cumulative","2024-01-02","","","","","","",""
"aligned","US","stock","NVDA","day","USD","foreign","2024-06-21","","%","미확인","","","","","","","true","봉 기간의 마지막 유효 관측값","","","","unknown","일부 거래일 누락","true","false","2024-01-02","2025-12-01","","","available-cumulative","2024-01-02","","","","","","",""
"aligned","US","stock","NVDA","day","USD","foreign","2024-06-24","","%","미확인","","","","","","","true","봉 기간의 마지막 유효 관측값","","","","unknown","일부 거래일 누락","true","false","2024-01-02","2025-12-01","","","available-cumulative","2024-01-02","","","","","","",""
"aligned","US","stock","NVDA","day","USD","foreign","2024-06-25","","%","미확인","","","","","","","true","봉 기간의 마지막 유효 관측값","","","","unknown","일부 거래일 누락","true","false","2024-01-02","2025-12-01","","","available-cumulative","2024-01-02","","","","","","",""
"aligned","US","stock","NVDA","day","USD","foreign","2024-06-26","","%","미확인","","","","","","","true","봉 기간의 마지막 유효 관측값","","","","unknown","일부 거래일 누락","true","false","2024-01-02","2025-12-01","","","available-cumulative","2024-01-02","","","","","","",""
"aligned","US","stock","NVDA","day","USD","foreign","2024-06-27","","%","미확인","","","","","","","true","봉 기간의 마지막 유효 관측값","","","","unknown","일부 거래일 누락","true","false","2024-01-02","2025-12-01","","","available-cumulative","2024-01-02","","","","","","",""
"aligned","US","stock","NVDA","day","USD","foreign","2024-06-28","","%","미확인","","","","","","","true","봉 기간의 마지막 유효 관측값","","","","unknown","일부 거래일 누락","true","false","2024-01-02","2025-12-01","","","available-cumulative","2024-01-02","","","","","","",""
"aligned","US","stock","NVDA","day","USD","foreign","2024-07-01","","%","미확인","","","","","","","true","봉 기간의 마지막 유효 관측값","","","","unknown","일부 거래일 누락","true","false","2024-01-02","2025-12-01","","","available-cumulative","2024-01-02","","","","","","",""
"aligned","US","stock","NVDA","day","USD","foreign","2024-07-02","","%","미확인","","","","","","","true","봉 기간의 마지막 유효 관측값","","","","unknown","일부 거래일 누락","true","false","2024-01-02","2025-12-01","","","available-cumulative","2024-01-02","","","","","","",""
"aligned","US","stock","NVDA","day","USD","foreign","2024-07-03","","%","미확인","","","","","","","true","봉 기간의 마지막 유효 관측값","","","","unknown","일부 거래일 누락","true","false","2024-01-02","2025-12-01","","","available-cumulative","2024-01-02","","","","","","",""
"aligned","US","stock","NVDA","day","USD","foreign","2024-07-04","","%","미확인","","","","","","","true","봉 기간의 마지막 유효 관측값","","","","unknown","일부 거래일 누락","true","false","2024-01-02","2025-12-01","","","available-cumulative","2024-01-02","","","","","","",""
"aligned","US","stock","NVDA","day","USD","foreign","2024-07-05","","%","미확인","","","","","","","true","봉 기간의 마지막 유효 관측값","","","","unknown","일부 거래일 누락","true","false","2024-01-02","2025-12-01","","","available-cumulative","2024-01-02","","","","","","",""
"aligned","US","stock","NVDA","day","USD","foreign","2024-07-08","","%","미확인","","","","","","","true","봉 기간의 마지막 유효 관측값","","","","unknown","일부 거래일 누락","true","false","2024-01-02","2025-12-01","","","available-cumulative","2024-01-02","","","","","","",""
"aligned","US","stock","NVDA","day","USD","foreign","2024-07-09","","%","미확인","","","","","","","true","봉 기간의 마지막 유효 관측값","","","","unknown","일부 거래일 누락","true","false","2024-01-02","2025-12-01","","","available-cumulative","2024-01-02","","","","","","",""
"aligned","US","stock","NVDA","day","USD","foreign","2024-07-10","","%","미확인","","","","","","","true","봉 기간의 마지막 유효 관측값","","","","unknown","일부 거래일 누락","true","false","2024-01-02","2025-12-01","","","available-cumulative","2024-01-02","","","","","","",""
"aligned","US","stock","NVDA","day","USD","foreign","2024-07-11","","%","미확인","","","","","","","true","봉 기간의 마지막 유효 관측값","","","","unknown","일부 거래일 누락","true","false","2024-01-02","2025-12-01","","","available-cumulative","2024-01-02","","","","","","",""
"aligned","US","stock","NVDA","day","USD","foreign","2024-07-12","","%","미확인","","","","","","","true","봉 기간의 마지막 유효 관측값","","","","unknown","일부 거래일 누락","true","false","2024-01-02","2025-12-01","","","available-cumulative","2024-01-02","","","","","","",""
"aligned","US","stock","NVDA","day","USD","foreign","2024-07-15","","%","미확인","","","","","","","true","봉 기간의 마지막 유효 관측값","","","","unknown","일부 거래일 누락","true","false","2024-01-02","2025-12-01","","","available-cumulative","2024-01-02","","","","","","",""
"aligned","US","stock","NVDA","day","USD","foreign","2024-07-16","","%","미확인","","","","","","","true","봉 기간의 마지막 유효 관측값","","","","unknown","일부 거래일 누락","true","false","2024-01-02","2025-12-01","","","available-cumulative","2024-01-02","","","","","","",""
"aligned","US","stock","NVDA","day","USD","foreign","2024-07-17","","%","미확인","","","","","","","true","봉 기간의 마지막 유효 관측값","","","","unknown","일부 거래일 누락","true","false","2024-01-02","2025-12-01","","","available-cumulative","2024-01-02","","","","","","",""
"aligned","US","stock","NVDA","day","USD","foreign","2024-07-18","","%","미확인","","","","","","","true","봉 기간의 마지막 유효 관측값","","","","unknown","일부 거래일 누락","true","false","2024-01-02","2025-12-01","","","available-cumulative","2024-01-02","","","","","","",""
"aligned","US","stock","NVDA","day","USD","foreign","2024-07-19","","%","미확인","","","","","","","true","봉 기간의 마지막 유효 관측값","","","","unknown","일부 거래일 누락","true","false","2024-01-02","2025-12-01","","","available-cumulative","2024-01-02","","","","","","",""
"aligned","US","stock","NVDA","day","USD","foreign","2024-07-22","","%","미확인","","","","","","","true","봉 기간의 마지막 유효 관측값","","","","unknown","일부 거래일 누락","true","false","2024-01-02","2025-12-01","","","available-cumulative","2024-01-02","","","","","","",""
"aligned","US","stock","NVDA","day","USD","foreign","2024-07-23","","%","미확인","","","","","","","true","봉 기간의 마지막 유효 관측값","","","","unknown","일부 거래일 누락","true","false","2024-01-02","2025-12-01","","","available-cumulative","2024-01-02","","","","","","",""
"aligned","US","stock","NVDA","day","USD","foreign","2024-07-24","","%","미확인","","","","","","","true","봉 기간의 마지막 유효 관측값","","","","unknown","일부 거래일 누락","true","false","2024-01-02","2025-12-01","","","available-cumulative","2024-01-02","","","","","","",""
"aligned","US","stock","NVDA","day","USD","foreign","2024-07-25","","%","미확인","","","","","","","true","봉 기간의 마지막 유효 관측값","","","","unknown","일부 거래일 누락","true","false","2024-01-02","2025-12-01","","","available-cumulative","2024-01-02","","","","","","",""
"aligned","US","stock","NVDA","day","USD","foreign","2024-07-26","","%","미확인","","","","","","","true","봉 기간의 마지막 유효 관측값","","","","unknown","일부 거래일 누락","true","false","2024-01-02","2025-12-01","","","available-cumulative","2024-01-02","","","","","","",""
"aligned","US","stock","NVDA","day","USD","foreign","2024-07-29","","%","미확인","","","","","","","true","봉 기간의 마지막 유효 관측값","","","","unknown","일부 거래일 누락","true","false","2024-01-02","2025-12-01","","","available-cumulative","2024-01-02","","","","","","",""
"aligned","US","stock","NVDA","day","USD","foreign","2024-07-30","","%","미확인","","","","","","","true","봉 기간의 마지막 유효 관측값","","","","unknown","일부 거래일 누락","true","false","2024-01-02","2025-12-01","","","available-cumulative","2024-01-02","","","","","","",""
"aligned","US","stock","NVDA","day","USD","foreign","2024-07-31","","%","미확인","","","","","","","true","봉 기간의 마지막 유효 관측값","","","","unknown","일부 거래일 누락","true","false","2024-01-02","2025-12-01","","","available-cumulative","2024-01-02","","","","","","",""
"aligned","US","stock","NVDA","day","USD","foreign","2024-08-01","","%","미확인","","","","","","","true","봉 기간의 마지막 유효 관측값","","","","unknown","일부 거래일 누락","true","false","2024-01-02","2025-12-01","","","available-cumulative","2024-01-02","","","","","","",""
"aligned","US","stock","NVDA","day","USD","foreign","2024-08-02","","%","미확인","","","","","","","true","봉 기간의 마지막 유효 관측값","","","","unknown","일부 거래일 누락","true","false","2024-01-02","2025-12-01","","","available-cumulative","2024-01-02","","","","","","",""
"aligned","US","stock","NVDA","day","USD","foreign","2024-08-05","","%","미확인","","","","","","","true","봉 기간의 마지막 유효 관측값","","","","unknown","일부 거래일 누락","true","false","2024-01-02","2025-12-01","","","available-cumulative","2024-01-02","","","","","","",""
"aligned","US","stock","NVDA","day","USD","foreign","2024-08-06","","%","미확인","","","","","","","true","봉 기간의 마지막 유효 관측값","","","","unknown","일부 거래일 누락","true","false","2024-01-02","2025-12-01","","","available-cumulative","2024-01-02","","","","","","",""
"aligned","US","stock","NVDA","day","USD","foreign","2024-08-07","","%","미확인","","","","","","","true","봉 기간의 마지막 유효 관측값","","","","unknown","일부 거래일 누락","true","false","2024-01-02","2025-12-01","","","available-cumulative","2024-01-02","","","","","","",""
"aligned","US","stock","NVDA","day","USD","foreign","2024-08-08","","%","미확인","","","","","","","true","봉 기간의 마지막 유효 관측값","","","","unknown","일부 거래일 누락","true","false","2024-01-02","2025-12-01","","","available-cumulative","2024-01-02","","","","","","",""
"aligned","US","stock","NVDA","day","USD","foreign","2024-08-09","","%","미확인","","","","","","","true","봉 기간의 마지막 유효 관측값","","","","unknown","일부 거래일 누락","true","false","2024-01-02","2025-12-01","","","available-cumulative","2024-01-02","","","","","","",""
"aligned","US","stock","NVDA","day","USD","foreign","2024-08-12","","%","미확인","","","","","","","true","봉 기간의 마지막 유효 관측값","","","","unknown","일부 거래일 누락","true","false","2024-01-02","2025-12-01","","","available-cumulative","2024-01-02","","","","","","",""
"aligned","US","stock","NVDA","day","USD","foreign","2024-08-13","","%","미확인","","","","","","","true","봉 기간의 마지막 유효 관측값","","","","unknown","일부 거래일 누락","true","false","2024-01-02","2025-12-01","","","available-cumulative","2024-01-02","","","","","","",""
"aligned","US","stock","NVDA","day","USD","foreign","2024-08-14","","%","미확인","","","","","","","true","봉 기간의 마지막 유효 관측값","","","","unknown","일부 거래일 누락","true","false","2024-01-02","2025-12-01","","","available-cumulative","2024-01-02","","","","","","",""
"aligned","US","stock","NVDA","day","USD","foreign","2024-08-15","","%","미확인","","","","","","","true","봉 기간의 마지막 유효 관측값","","","","unknown","일부 거래일 누락","true","false","2024-01-02","2025-12-01","","","available-cumulative","2024-01-02","","","","","","",""
"aligned","US","stock","NVDA","day","USD","foreign","2024-08-16","","%","미확인","","","","","","","true","봉 기간의 마지막 유효 관측값","","","","unknown","일부 거래일 누락","true","false","2024-01-02","2025-12-01","","","available-cumulative","2024-01-02","","","","","","",""
"aligned","US","stock","NVDA","day","USD","foreign","2024-08-19","","%","미확인","","","","","","","true","봉 기간의 마지막 유효 관측값","","","","unknown","일부 거래일 누락","true","false","2024-01-02","2025-12-01","","","available-cumulative","2024-01-02","","","","","","",""
"aligned","US","stock","NVDA","day","USD","foreign","2024-08-20","","%","미확인","","","","","","","true","봉 기간의 마지막 유효 관측값","","","","unknown","일부 거래일 누락","true","false","2024-01-02","2025-12-01","","","available-cumulative","2024-01-02","","","","","","",""
"aligned","US","stock","NVDA","day","USD","foreign","2024-08-21","","%","미확인","","","","","","","true","봉 기간의 마지막 유효 관측값","","","","unknown","일부 거래일 누락","true","false","2024-01-02","2025-12-01","","","available-cumulative","2024-01-02","","","","","","",""
"aligned","US","stock","NVDA","day","USD","foreign","2024-08-22","","%","미확인","","","","","","","true","봉 기간의 마지막 유효 관측값","","","","unknown","일부 거래일 누락","true","false","2024-01-02","2025-12-01","","","available-cumulative","2024-01-02","","","","","","",""
"aligned","US","stock","NVDA","day","USD","foreign","2024-08-23","","%","미확인","","","","","","","true","봉 기간의 마지막 유효 관측값","","","","unknown","일부 거래일 누락","true","false","2024-01-02","2025-12-01","","","available-cumulative","2024-01-02","","","","","","",""
"aligned","US","stock","NVDA","day","USD","foreign","2024-08-26","","%","미확인","","","","","","","true","봉 기간의 마지막 유효 관측값","","","","unknown","일부 거래일 누락","true","false","2024-01-02","2025-12-01","","","available-cumulative","2024-01-02","","","","","","",""
"aligned","US","stock","NVDA","day","USD","foreign","2024-08-27","","%","미확인","","","","","","","true","봉 기간의 마지막 유효 관측값","","","","unknown","일부 거래일 누락","true","false","2024-01-02","2025-12-01","","","available-cumulative","2024-01-02","","","","","","",""
"aligned","US","stock","NVDA","day","USD","foreign","2024-08-28","","%","미확인","","","","","","","true","봉 기간의 마지막 유효 관측값","","","","unknown","일부 거래일 누락","true","false","2024-01-02","2025-12-01","","","available-cumulative","2024-01-02","","","","","","",""
"aligned","US","stock","NVDA","day","USD","foreign","2024-08-29","","%","미확인","","","","","","","true","봉 기간의 마지막 유효 관측값","","","","unknown","일부 거래일 누락","true","false","2024-01-02","2025-12-01","","","available-cumulative","2024-01-02","","","","","","",""
"aligned","US","stock","NVDA","day","USD","foreign","2024-08-30","","%","미확인","","","","","","","true","봉 기간의 마지막 유효 관측값","","","","unknown","일부 거래일 누락","true","false","2024-01-02","2025-12-01","","","available-cumulative","2024-01-02","","","","","","",""
"aligned","US","stock","NVDA","day","USD","foreign","2024-09-02","","%","미확인","","","","","","","true","봉 기간의 마지막 유효 관측값","","","","unknown","일부 거래일 누락","true","false","2024-01-02","2025-12-01","","","available-cumulative","2024-01-02","","","","","","",""
"aligned","US","stock","NVDA","day","USD","foreign","2024-09-03","","%","미확인","","","","","","","true","봉 기간의 마지막 유효 관측값","","","","unknown","일부 거래일 누락","true","false","2024-01-02","2025-12-01","","","available-cumulative","2024-01-02","","","","","","",""
"aligned","US","stock","NVDA","day","USD","foreign","2024-09-04","","%","미확인","","","","","","","true","봉 기간의 마지막 유효 관측값","","","","unknown","일부 거래일 누락","true","false","2024-01-02","2025-12-01","","","available-cumulative","2024-01-02","","","","","","",""
"aligned","US","stock","NVDA","day","USD","foreign","2024-09-05","","%","미확인","","","","","","","true","봉 기간의 마지막 유효 관측값","","","","unknown","일부 거래일 누락","true","false","2024-01-02","2025-12-01","","","available-cumulative","2024-01-02","","","","","","",""
"aligned","US","stock","NVDA","day","USD","foreign","2024-09-06","","%","미확인","","","","","","","true","봉 기간의 마지막 유효 관측값","","","","unknown","일부 거래일 누락","true","false","2024-01-02","2025-12-01","","","available-cumulative","2024-01-02","","","","","","",""
"aligned","US","stock","NVDA","day","USD","foreign","2024-09-09","","%","미확인","","","","","","","true","봉 기간의 마지막 유효 관측값","","","","unknown","일부 거래일 누락","true","false","2024-01-02","2025-12-01","","","available-cumulative","2024-01-02","","","","","","",""
"aligned","US","stock","NVDA","day","USD","foreign","2024-09-10","","%","미확인","","","","","","","true","봉 기간의 마지막 유효 관측값","","","","unknown","일부 거래일 누락","true","false","2024-01-02","2025-12-01","","","available-cumulative","2024-01-02","","","","","","",""
"aligned","US","stock","NVDA","day","USD","foreign","2024-09-11","","%","미확인","","","","","","","true","봉 기간의 마지막 유효 관측값","","","","unknown","일부 거래일 누락","true","false","2024-01-02","2025-12-01","","","available-cumulative","2024-01-02","","","","","","",""
"aligned","US","stock","NVDA","day","USD","foreign","2024-09-12","","%","미확인","","","","","","","true","봉 기간의 마지막 유효 관측값","","","","unknown","일부 거래일 누락","true","false","2024-01-02","2025-12-01","","","available-cumulative","2024-01-02","","","","","","",""
"aligned","US","stock","NVDA","day","USD","foreign","2024-09-13","","%","미확인","","","","","","","true","봉 기간의 마지막 유효 관측값","","","","unknown","일부 거래일 누락","true","false","2024-01-02","2025-12-01","","","available-cumulative","2024-01-02","","","","","","",""
"aligned","US","stock","NVDA","day","USD","foreign","2024-09-16","","%","미확인","","","","","","","true","봉 기간의 마지막 유효 관측값","","","","unknown","일부 거래일 누락","true","false","2024-01-02","2025-12-01","","","available-cumulative","2024-01-02","","","","","","",""
"aligned","US","stock","NVDA","day","USD","foreign","2024-09-17","","%","미확인","","","","","","","true","봉 기간의 마지막 유효 관측값","","","","unknown","일부 거래일 누락","true","false","2024-01-02","2025-12-01","","","available-cumulative","2024-01-02","","","","","","",""
"aligned","US","stock","NVDA","day","USD","foreign","2024-09-18","","%","미확인","","","","","","","true","봉 기간의 마지막 유효 관측값","","","","unknown","일부 거래일 누락","true","false","2024-01-02","2025-12-01","","","available-cumulative","2024-01-02","","","","","","",""
"aligned","US","stock","NVDA","day","USD","foreign","2024-09-19","","%","미확인","","","","","","","true","봉 기간의 마지막 유효 관측값","","","","unknown","일부 거래일 누락","true","false","2024-01-02","2025-12-01","","","available-cumulative","2024-01-02","","","","","","",""
"aligned","US","stock","NVDA","day","USD","foreign","2024-09-20","","%","미확인","","","","","","","true","봉 기간의 마지막 유효 관측값","","","","unknown","일부 거래일 누락","true","false","2024-01-02","2025-12-01","","","available-cumulative","2024-01-02","","","","","","",""
"aligned","US","stock","NVDA","day","USD","foreign","2024-09-23","","%","미확인","","","","","","","true","봉 기간의 마지막 유효 관측값","","","","unknown","일부 거래일 누락","true","false","2024-01-02","2025-12-01","","","available-cumulative","2024-01-02","","","","","","",""
"aligned","US","stock","NVDA","day","USD","foreign","2024-09-24","","%","미확인","","","","","","","true","봉 기간의 마지막 유효 관측값","","","","unknown","일부 거래일 누락","true","false","2024-01-02","2025-12-01","","","available-cumulative","2024-01-02","","","","","","",""
"aligned","US","stock","NVDA","day","USD","foreign","2024-09-25","","%","미확인","","","","","","","true","봉 기간의 마지막 유효 관측값","","","","unknown","일부 거래일 누락","true","false","2024-01-02","2025-12-01","","","available-cumulative","2024-01-02","","","","","","",""
"aligned","US","stock","NVDA","day","USD","foreign","2024-09-26","","%","미확인","","","","","","","true","봉 기간의 마지막 유효 관측값","","","","unknown","일부 거래일 누락","true","false","2024-01-02","2025-12-01","","","available-cumulative","2024-01-02","","","","","","",""
"aligned","US","stock","NVDA","day","USD","foreign","2024-09-27","","%","미확인","","","","","","","true","봉 기간의 마지막 유효 관측값","","","","unknown","일부 거래일 누락","true","false","2024-01-02","2025-12-01","","","available-cumulative","2024-01-02","","","","","","",""
"aligned","US","stock","NVDA","day","USD","foreign","2024-09-30","","%","미확인","","","","","","","true","봉 기간의 마지막 유효 관측값","","","","unknown","일부 거래일 누락","true","false","2024-01-02","2025-12-01","","","available-cumulative","2024-01-02","","","","","","",""
"aligned","US","stock","NVDA","day","USD","foreign","2024-10-01","","%","미확인","","","","","","","true","봉 기간의 마지막 유효 관측값","","","","unknown","일부 거래일 누락","true","false","2024-01-02","2025-12-01","","","available-cumulative","2024-01-02","","","","","","",""
"aligned","US","stock","NVDA","day","USD","foreign","2024-10-02","","%","미확인","","","","","","","true","봉 기간의 마지막 유효 관측값","","","","unknown","일부 거래일 누락","true","false","2024-01-02","2025-12-01","","","available-cumulative","2024-01-02","","","","","","",""
"aligned","US","stock","NVDA","day","USD","foreign","2024-10-03","","%","미확인","","","","","","","true","봉 기간의 마지막 유효 관측값","","","","unknown","일부 거래일 누락","true","false","2024-01-02","2025-12-01","","","available-cumulative","2024-01-02","","","","","","",""
"aligned","US","stock","NVDA","day","USD","foreign","2024-10-04","","%","미확인","","","","","","","true","봉 기간의 마지막 유효 관측값","","","","unknown","일부 거래일 누락","true","false","2024-01-02","2025-12-01","","","available-cumulative","2024-01-02","","","","","","",""
"aligned","US","stock","NVDA","day","USD","foreign","2024-10-07","","%","미확인","","","","","","","true","봉 기간의 마지막 유효 관측값","","","","unknown","일부 거래일 누락","true","false","2024-01-02","2025-12-01","","","available-cumulative","2024-01-02","","","","","","",""
"aligned","US","stock","NVDA","day","USD","foreign","2024-10-08","","%","미확인","","","","","","","true","봉 기간의 마지막 유효 관측값","","","","unknown","일부 거래일 누락","true","false","2024-01-02","2025-12-01","","","available-cumulative","2024-01-02","","","","","","",""
"aligned","US","stock","NVDA","day","USD","foreign","2024-10-09","","%","미확인","","","","","","","true","봉 기간의 마지막 유효 관측값","","","","unknown","일부 거래일 누락","true","false","2024-01-02","2025-12-01","","","available-cumulative","2024-01-02","","","","","","",""
"aligned","US","stock","NVDA","day","USD","foreign","2024-10-10","","%","미확인","","","","","","","true","봉 기간의 마지막 유효 관측값","","","","unknown","일부 거래일 누락","true","false","2024-01-02","2025-12-01","","","available-cumulative","2024-01-02","","","","","","",""
"aligned","US","stock","NVDA","day","USD","foreign","2024-10-11","","%","미확인","","","","","","","true","봉 기간의 마지막 유효 관측값","","","","unknown","일부 거래일 누락","true","false","2024-01-02","2025-12-01","","","available-cumulative","2024-01-02","","","","","","",""
"aligned","US","stock","NVDA","day","USD","foreign","2024-10-14","","%","미확인","","","","","","","true","봉 기간의 마지막 유효 관측값","","","","unknown","일부 거래일 누락","true","false","2024-01-02","2025-12-01","","","available-cumulative","2024-01-02","","","","","","",""
"aligned","US","stock","NVDA","day","USD","foreign","2024-10-15","","%","미확인","","","","","","","true","봉 기간의 마지막 유효 관측값","","","","unknown","일부 거래일 누락","true","false","2024-01-02","2025-12-01","","","available-cumulative","2024-01-02","","","","","","",""
"aligned","US","stock","NVDA","day","USD","foreign","2024-10-16","","%","미확인","","","","","","","true","봉 기간의 마지막 유효 관측값","","","","unknown","일부 거래일 누락","true","false","2024-01-02","2025-12-01","","","available-cumulative","2024-01-02","","","","","","",""
"aligned","US","stock","NVDA","day","USD","foreign","2024-10-17","","%","미확인","","","","","","","true","봉 기간의 마지막 유효 관측값","","","","unknown","일부 거래일 누락","true","false","2024-01-02","2025-12-01","","","available-cumulative","2024-01-02","","","","","","",""
"aligned","US","stock","NVDA","day","USD","foreign","2024-10-18","","%","미확인","","","","","","","true","봉 기간의 마지막 유효 관측값","","","","unknown","일부 거래일 누락","true","false","2024-01-02","2025-12-01","","","available-cumulative","2024-01-02","","","","","","",""
"aligned","US","stock","NVDA","day","USD","foreign","2024-10-21","","%","미확인","","","","","","","true","봉 기간의 마지막 유효 관측값","","","","unknown","일부 거래일 누락","true","false","2024-01-02","2025-12-01","","","available-cumulative","2024-01-02","","","","","","",""
"aligned","US","stock","NVDA","day","USD","foreign","2024-10-22","","%","미확인","","","","","","","true","봉 기간의 마지막 유효 관측값","","","","unknown","일부 거래일 누락","true","false","2024-01-02","2025-12-01","","","available-cumulative","2024-01-02","","","","","","",""
"aligned","US","stock","NVDA","day","USD","foreign","2024-10-23","","%","미확인","","","","","","","true","봉 기간의 마지막 유효 관측값","","","","unknown","일부 거래일 누락","true","false","2024-01-02","2025-12-01","","","available-cumulative","2024-01-02","","","","","","",""
"aligned","US","stock","NVDA","day","USD","foreign","2024-10-24","","%","미확인","","","","","","","true","봉 기간의 마지막 유효 관측값","","","","unknown","일부 거래일 누락","true","false","2024-01-02","2025-12-01","","","available-cumulative","2024-01-02","","","","","","",""
"aligned","US","stock","NVDA","day","USD","foreign","2024-10-25","","%","미확인","","","","","","","true","봉 기간의 마지막 유효 관측값","","","","unknown","일부 거래일 누락","true","false","2024-01-02","2025-12-01","","","available-cumulative","2024-01-02","","","","","","",""
"aligned","US","stock","NVDA","day","USD","foreign","2024-10-28","","%","미확인","","","","","","","true","봉 기간의 마지막 유효 관측값","","","","unknown","일부 거래일 누락","true","false","2024-01-02","2025-12-01","","","available-cumulative","2024-01-02","","","","","","",""
"aligned","US","stock","NVDA","day","USD","foreign","2024-10-29","","%","미확인","","","","","","","true","봉 기간의 마지막 유효 관측값","","","","unknown","일부 거래일 누락","true","false","2024-01-02","2025-12-01","","","available-cumulative","2024-01-02","","","","","","",""
"aligned","US","stock","NVDA","day","USD","foreign","2024-10-30","","%","미확인","","","","","","","true","봉 기간의 마지막 유효 관측값","","","","unknown","일부 거래일 누락","true","false","2024-01-02","2025-12-01","","","available-cumulative","2024-01-02","","","","","","",""
"aligned","US","stock","NVDA","day","USD","foreign","2024-10-31","","%","미확인","","","","","","","true","봉 기간의 마지막 유효 관측값","","","","unknown","일부 거래일 누락","true","false","2024-01-02","2025-12-01","","","available-cumulative","2024-01-02","","","","","","",""
"aligned","US","stock","NVDA","day","USD","foreign","2024-11-01","","%","미확인","","","","","","","true","봉 기간의 마지막 유효 관측값","","","","unknown","일부 거래일 누락","true","false","2024-01-02","2025-12-01","","","available-cumulative","2024-01-02","","","","","","",""
"aligned","US","stock","NVDA","day","USD","foreign","2024-11-04","","%","미확인","","","","","","","true","봉 기간의 마지막 유효 관측값","","","","unknown","일부 거래일 누락","true","false","2024-01-02","2025-12-01","","","available-cumulative","2024-01-02","","","","","","",""
"aligned","US","stock","NVDA","day","USD","foreign","2024-11-05","","%","미확인","","","","","","","true","봉 기간의 마지막 유효 관측값","","","","unknown","일부 거래일 누락","true","false","2024-01-02","2025-12-01","","","available-cumulative","2024-01-02","","","","","","",""
"aligned","US","stock","NVDA","day","USD","foreign","2024-11-06","","%","미확인","","","","","","","true","봉 기간의 마지막 유효 관측값","","","","unknown","일부 거래일 누락","true","false","2024-01-02","2025-12-01","","","available-cumulative","2024-01-02","","","","","","",""
"aligned","US","stock","NVDA","day","USD","foreign","2024-11-07","","%","미확인","","","","","","","true","봉 기간의 마지막 유효 관측값","","","","unknown","일부 거래일 누락","true","false","2024-01-02","2025-12-01","","","available-cumulative","2024-01-02","","","","","","",""
"aligned","US","stock","NVDA","day","USD","foreign","2024-11-08","","%","미확인","","","","","","","true","봉 기간의 마지막 유효 관측값","","","","unknown","일부 거래일 누락","true","false","2024-01-02","2025-12-01","","","available-cumulative","2024-01-02","","","","","","",""
"aligned","US","stock","NVDA","day","USD","foreign","2024-11-11","","%","미확인","","","","","","","true","봉 기간의 마지막 유효 관측값","","","","unknown","일부 거래일 누락","true","false","2024-01-02","2025-12-01","","","available-cumulative","2024-01-02","","","","","","",""
"aligned","US","stock","NVDA","day","USD","foreign","2024-11-12","","%","미확인","","","","","","","true","봉 기간의 마지막 유효 관측값","","","","unknown","일부 거래일 누락","true","false","2024-01-02","2025-12-01","","","available-cumulative","2024-01-02","","","","","","",""
"aligned","US","stock","NVDA","day","USD","foreign","2024-11-13","","%","미확인","","","","","","","true","봉 기간의 마지막 유효 관측값","","","","unknown","일부 거래일 누락","true","false","2024-01-02","2025-12-01","","","available-cumulative","2024-01-02","","","","","","",""
"aligned","US","stock","NVDA","day","USD","foreign","2024-11-14","","%","미확인","","","","","","","true","봉 기간의 마지막 유효 관측값","","","","unknown","일부 거래일 누락","true","false","2024-01-02","2025-12-01","","","available-cumulative","2024-01-02","","","","","","",""
"aligned","US","stock","NVDA","day","USD","foreign","2024-11-15","","%","미확인","","","","","","","true","봉 기간의 마지막 유효 관측값","","","","unknown","일부 거래일 누락","true","false","2024-01-02","2025-12-01","","","available-cumulative","2024-01-02","","","","","","",""
"aligned","US","stock","NVDA","day","USD","foreign","2024-11-18","","%","미확인","","","","","","","true","봉 기간의 마지막 유효 관측값","","","","unknown","일부 거래일 누락","true","false","2024-01-02","2025-12-01","","","available-cumulative","2024-01-02","","","","","","",""
"aligned","US","stock","NVDA","day","USD","foreign","2024-11-19","","%","미확인","","","","","","","true","봉 기간의 마지막 유효 관측값","","","","unknown","일부 거래일 누락","true","false","2024-01-02","2025-12-01","","","available-cumulative","2024-01-02","","","","","","",""
"aligned","US","stock","NVDA","day","USD","foreign","2024-11-20","","%","미확인","","","","","","","true","봉 기간의 마지막 유효 관측값","","","","unknown","일부 거래일 누락","true","false","2024-01-02","2025-12-01","","","available-cumulative","2024-01-02","","","","","","",""
"aligned","US","stock","NVDA","day","USD","foreign","2024-11-21","","%","미확인","","","","","","","true","봉 기간의 마지막 유효 관측값","","","","unknown","일부 거래일 누락","true","false","2024-01-02","2025-12-01","","","available-cumulative","2024-01-02","","","","","","",""
"aligned","US","stock","NVDA","day","USD","foreign","2024-11-22","","%","미확인","","","","","","","true","봉 기간의 마지막 유효 관측값","","","","unknown","일부 거래일 누락","true","false","2024-01-02","2025-12-01","","","available-cumulative","2024-01-02","","","","","","",""
"aligned","US","stock","NVDA","day","USD","foreign","2024-11-25","","%","미확인","","","","","","","true","봉 기간의 마지막 유효 관측값","","","","unknown","일부 거래일 누락","true","false","2024-01-02","2025-12-01","","","available-cumulative","2024-01-02","","","","","","",""
"aligned","US","stock","NVDA","day","USD","foreign","2024-11-26","","%","미확인","","","","","","","true","봉 기간의 마지막 유효 관측값","","","","unknown","일부 거래일 누락","true","false","2024-01-02","2025-12-01","","","available-cumulative","2024-01-02","","","","","","",""
"aligned","US","stock","NVDA","day","USD","foreign","2024-11-27","","%","미확인","","","","","","","true","봉 기간의 마지막 유효 관측값","","","","unknown","일부 거래일 누락","true","false","2024-01-02","2025-12-01","","","available-cumulative","2024-01-02","","","","","","",""
"aligned","US","stock","NVDA","day","USD","foreign","2024-11-28","","%","미확인","","","","","","","true","봉 기간의 마지막 유효 관측값","","","","unknown","일부 거래일 누락","true","false","2024-01-02","2025-12-01","","","available-cumulative","2024-01-02","","","","","","",""
"aligned","US","stock","NVDA","day","USD","foreign","2024-11-29","","%","미확인","","","","","","","true","봉 기간의 마지막 유효 관측값","","","","unknown","일부 거래일 누락","true","false","2024-01-02","2025-12-01","","","available-cumulative","2024-01-02","","","","","","",""
"aligned","US","stock","NVDA","day","USD","foreign","2024-12-02","","%","미확인","","","","","","","true","봉 기간의 마지막 유효 관측값","","","","unknown","일부 거래일 누락","true","false","2024-01-02","2025-12-01","","","available-cumulative","2024-01-02","","","","","","",""
"aligned","US","stock","NVDA","day","USD","foreign","2024-12-03","","%","미확인","","","","","","","true","봉 기간의 마지막 유효 관측값","","","","unknown","일부 거래일 누락","true","false","2024-01-02","2025-12-01","","","available-cumulative","2024-01-02","","","","","","",""
"aligned","US","stock","NVDA","day","USD","foreign","2024-12-04","","%","미확인","","","","","","","true","봉 기간의 마지막 유효 관측값","","","","unknown","일부 거래일 누락","true","false","2024-01-02","2025-12-01","","","available-cumulative","2024-01-02","","","","","","",""
"aligned","US","stock","NVDA","day","USD","foreign","2024-12-05","","%","미확인","","","","","","","true","봉 기간의 마지막 유효 관측값","","","","unknown","일부 거래일 누락","true","false","2024-01-02","2025-12-01","","","available-cumulative","2024-01-02","","","","","","",""
"aligned","US","stock","NVDA","day","USD","foreign","2024-12-06","","%","미확인","","","","","","","true","봉 기간의 마지막 유효 관측값","","","","unknown","일부 거래일 누락","true","false","2024-01-02","2025-12-01","","","available-cumulative","2024-01-02","","","","","","",""
"aligned","US","stock","NVDA","day","USD","foreign","2024-12-09","","%","미확인","","","","","","","true","봉 기간의 마지막 유효 관측값","","","","unknown","일부 거래일 누락","true","false","2024-01-02","2025-12-01","","","available-cumulative","2024-01-02","","","","","","",""
"aligned","US","stock","NVDA","day","USD","foreign","2024-12-10","","%","미확인","","","","","","","true","봉 기간의 마지막 유효 관측값","","","","unknown","일부 거래일 누락","true","false","2024-01-02","2025-12-01","","","available-cumulative","2024-01-02","","","","","","",""
"aligned","US","stock","NVDA","day","USD","foreign","2024-12-11","","%","미확인","","","","","","","true","봉 기간의 마지막 유효 관측값","","","","unknown","일부 거래일 누락","true","false","2024-01-02","2025-12-01","","","available-cumulative","2024-01-02","","","","","","",""
"aligned","US","stock","NVDA","day","USD","foreign","2024-12-12","","%","미확인","","","","","","","true","봉 기간의 마지막 유효 관측값","","","","unknown","일부 거래일 누락","true","false","2024-01-02","2025-12-01","","","available-cumulative","2024-01-02","","","","","","",""
"aligned","US","stock","NVDA","day","USD","foreign","2024-12-13","","%","미확인","","","","","","","true","봉 기간의 마지막 유효 관측값","","","","unknown","일부 거래일 누락","true","false","2024-01-02","2025-12-01","","","available-cumulative","2024-01-02","","","","","","",""
"aligned","US","stock","NVDA","day","USD","foreign","2024-12-16","","%","미확인","","","","","","","true","봉 기간의 마지막 유효 관측값","","","","unknown","일부 거래일 누락","true","false","2024-01-02","2025-12-01","","","available-cumulative","2024-01-02","","","","","","",""
"aligned","US","stock","NVDA","day","USD","foreign","2024-12-17","","%","미확인","","","","","","","true","봉 기간의 마지막 유효 관측값","","","","unknown","일부 거래일 누락","true","false","2024-01-02","2025-12-01","","","available-cumulative","2024-01-02","","","","","","",""
"aligned","US","stock","NVDA","day","USD","foreign","2024-12-18","","%","미확인","","","","","","","true","봉 기간의 마지막 유효 관측값","","","","unknown","일부 거래일 누락","true","false","2024-01-02","2025-12-01","","","available-cumulative","2024-01-02","","","","","","",""
"aligned","US","stock","NVDA","day","USD","foreign","2024-12-19","","%","미확인","","","","","","","true","봉 기간의 마지막 유효 관측값","","","","unknown","일부 거래일 누락","true","false","2024-01-02","2025-12-01","","","available-cumulative","2024-01-02","","","","","","",""
"aligned","US","stock","NVDA","day","USD","foreign","2024-12-20","","%","미확인","","","","","","","true","봉 기간의 마지막 유효 관측값","","","","unknown","일부 거래일 누락","true","false","2024-01-02","2025-12-01","","","available-cumulative","2024-01-02","","","","","","",""
"aligned","US","stock","NVDA","day","USD","foreign","2024-12-23","","%","미확인","","","","","","","true","봉 기간의 마지막 유효 관측값","","","","unknown","일부 거래일 누락","true","false","2024-01-02","2025-12-01","","","available-cumulative","2024-01-02","","","","","","",""
"aligned","US","stock","NVDA","day","USD","foreign","2024-12-24","","%","미확인","","","","","","","true","봉 기간의 마지막 유효 관측값","","","","unknown","일부 거래일 누락","true","false","2024-01-02","2025-12-01","","","available-cumulative","2024-01-02","","","","","","",""
"aligned","US","stock","NVDA","day","USD","foreign","2024-12-25","","%","미확인","","","","","","","true","봉 기간의 마지막 유효 관측값","","","","unknown","일부 거래일 누락","true","false","2024-01-02","2025-12-01","","","available-cumulative","2024-01-02","","","","","","",""
"aligned","US","stock","NVDA","day","USD","foreign","2024-12-26","","%","미확인","","","","","","","true","봉 기간의 마지막 유효 관측값","","","","unknown","일부 거래일 누락","true","false","2024-01-02","2025-12-01","","","available-cumulative","2024-01-02","","","","","","",""
"aligned","US","stock","NVDA","day","USD","foreign","2024-12-27","","%","미확인","","","","","","","true","봉 기간의 마지막 유효 관측값","","","","unknown","일부 거래일 누락","true","false","2024-01-02","2025-12-01","","","available-cumulative","2024-01-02","","","","","","",""
"aligned","US","stock","NVDA","day","USD","foreign","2024-12-30","","%","미확인","","","","","","","true","봉 기간의 마지막 유효 관측값","","","","unknown","일부 거래일 누락","true","false","2024-01-02","2025-12-01","","","available-cumulative","2024-01-02","","","","","","",""
"aligned","US","stock","NVDA","day","USD","foreign","2024-12-31","","%","미확인","","","","","","","true","봉 기간의 마지막 유효 관측값","","","","unknown","일부 거래일 누락","true","false","2024-01-02","2025-12-01","","","available-cumulative","2024-01-02","","","","","","",""
"aligned","US","stock","NVDA","day","USD","foreign","2025-01-01","","%","미확인","","","","","","","true","봉 기간의 마지막 유효 관측값","","","","unknown","일부 거래일 누락","true","false","2024-01-02","2025-12-01","","","available-cumulative","2024-01-02","","","","","","",""
"aligned","US","stock","NVDA","day","USD","foreign","2025-01-02","","%","미확인","","","","","","","true","봉 기간의 마지막 유효 관측값","","","","unknown","일부 거래일 누락","true","false","2024-01-02","2025-12-01","","","available-cumulative","2024-01-02","","","","","","",""
"aligned","US","stock","NVDA","day","USD","foreign","2025-01-03","","%","미확인","","","","","","","true","봉 기간의 마지막 유효 관측값","","","","unknown","일부 거래일 누락","true","false","2024-01-02","2025-12-01","","","available-cumulative","2024-01-02","","","","","","",""
"aligned","US","stock","NVDA","day","USD","foreign","2025-01-06","","%","미확인","","","","","","","true","봉 기간의 마지막 유효 관측값","","","","unknown","일부 거래일 누락","true","false","2024-01-02","2025-12-01","","","available-cumulative","2024-01-02","","","","","","",""
"aligned","US","stock","NVDA","day","USD","foreign","2025-01-07","","%","미확인","","","","","","","true","봉 기간의 마지막 유효 관측값","","","","unknown","일부 거래일 누락","true","false","2024-01-02","2025-12-01","","","available-cumulative","2024-01-02","","","","","","",""
"aligned","US","stock","NVDA","day","USD","foreign","2025-01-08","","%","미확인","","","","","","","true","봉 기간의 마지막 유효 관측값","","","","unknown","일부 거래일 누락","true","false","2024-01-02","2025-12-01","","","available-cumulative","2024-01-02","","","","","","",""
"aligned","US","stock","NVDA","day","USD","foreign","2025-01-09","","%","미확인","","","","","","","true","봉 기간의 마지막 유효 관측값","","","","unknown","일부 거래일 누락","true","false","2024-01-02","2025-12-01","","","available-cumulative","2024-01-02","","","","","","",""
"aligned","US","stock","NVDA","day","USD","foreign","2025-01-10","","%","미확인","","","","","","","true","봉 기간의 마지막 유효 관측값","","","","unknown","일부 거래일 누락","true","false","2024-01-02","2025-12-01","","","available-cumulative","2024-01-02","","","","","","",""
"aligned","US","stock","NVDA","day","USD","foreign","2025-01-13","","%","미확인","","","","","","","true","봉 기간의 마지막 유효 관측값","","","","unknown","일부 거래일 누락","true","false","2024-01-02","2025-12-01","","","available-cumulative","2024-01-02","","","","","","",""
"aligned","US","stock","NVDA","day","USD","foreign","2025-01-14","","%","미확인","","","","","","","true","봉 기간의 마지막 유효 관측값","","","","unknown","일부 거래일 누락","true","false","2024-01-02","2025-12-01","","","available-cumulative","2024-01-02","","","","","","",""
"aligned","US","stock","NVDA","day","USD","foreign","2025-01-15","","%","미확인","","","","","","","true","봉 기간의 마지막 유효 관측값","","","","unknown","일부 거래일 누락","true","false","2024-01-02","2025-12-01","","","available-cumulative","2024-01-02","","","","","","",""
"aligned","US","stock","NVDA","day","USD","foreign","2025-01-16","","%","미확인","","","","","","","true","봉 기간의 마지막 유효 관측값","","","","unknown","일부 거래일 누락","true","false","2024-01-02","2025-12-01","","","available-cumulative","2024-01-02","","","","","","",""
"aligned","US","stock","NVDA","day","USD","foreign","2025-01-17","","%","미확인","","","","","","","true","봉 기간의 마지막 유효 관측값","","","","unknown","일부 거래일 누락","true","false","2024-01-02","2025-12-01","","","available-cumulative","2024-01-02","","","","","","",""
"aligned","US","stock","NVDA","day","USD","foreign","2025-01-20","","%","미확인","","","","","","","true","봉 기간의 마지막 유효 관측값","","","","unknown","일부 거래일 누락","true","false","2024-01-02","2025-12-01","","","available-cumulative","2024-01-02","","","","","","",""
"aligned","US","stock","NVDA","day","USD","foreign","2025-01-21","","%","미확인","","","","","","","true","봉 기간의 마지막 유효 관측값","","","","unknown","일부 거래일 누락","true","false","2024-01-02","2025-12-01","","","available-cumulative","2024-01-02","","","","","","",""
"aligned","US","stock","NVDA","day","USD","foreign","2025-01-22","","%","미확인","","","","","","","true","봉 기간의 마지막 유효 관측값","","","","unknown","일부 거래일 누락","true","false","2024-01-02","2025-12-01","","","available-cumulative","2024-01-02","","","","","","",""
"aligned","US","stock","NVDA","day","USD","foreign","2025-01-23","","%","미확인","","","","","","","true","봉 기간의 마지막 유효 관측값","","","","unknown","일부 거래일 누락","true","false","2024-01-02","2025-12-01","","","available-cumulative","2024-01-02","","","","","","",""
"aligned","US","stock","NVDA","day","USD","foreign","2025-01-24","","%","미확인","","","","","","","true","봉 기간의 마지막 유효 관측값","","","","unknown","일부 거래일 누락","true","false","2024-01-02","2025-12-01","","","available-cumulative","2024-01-02","","","","","","",""
"aligned","US","stock","NVDA","day","USD","foreign","2025-01-27","","%","미확인","","","","","","","true","봉 기간의 마지막 유효 관측값","","","","unknown","일부 거래일 누락","true","false","2024-01-02","2025-12-01","","","available-cumulative","2024-01-02","","","","","","",""
"aligned","US","stock","NVDA","day","USD","foreign","2025-01-28","","%","미확인","","","","","","","true","봉 기간의 마지막 유효 관측값","","","","unknown","일부 거래일 누락","true","false","2024-01-02","2025-12-01","","","available-cumulative","2024-01-02","","","","","","",""
"aligned","US","stock","NVDA","day","USD","foreign","2025-01-29","","%","미확인","","","","","","","true","봉 기간의 마지막 유효 관측값","","","","unknown","일부 거래일 누락","true","false","2024-01-02","2025-12-01","","","available-cumulative","2024-01-02","","","","","","",""
"aligned","US","stock","NVDA","day","USD","foreign","2025-01-30","","%","미확인","","","","","","","true","봉 기간의 마지막 유효 관측값","","","","unknown","일부 거래일 누락","true","false","2024-01-02","2025-12-01","","","available-cumulative","2024-01-02","","","","","","",""
"aligned","US","stock","NVDA","day","USD","foreign","2025-01-31","","%","미확인","","","","","","","true","봉 기간의 마지막 유효 관측값","","","","unknown","일부 거래일 누락","true","false","2024-01-02","2025-12-01","","","available-cumulative","2024-01-02","","","","","","",""
"aligned","US","stock","NVDA","day","USD","foreign","2025-02-03","","%","미확인","","","","","","","true","봉 기간의 마지막 유효 관측값","","","","unknown","일부 거래일 누락","true","false","2024-01-02","2025-12-01","","","available-cumulative","2024-01-02","","","","","","",""
"aligned","US","stock","NVDA","day","USD","foreign","2025-02-04","","%","미확인","","","","","","","true","봉 기간의 마지막 유효 관측값","","","","unknown","일부 거래일 누락","true","false","2024-01-02","2025-12-01","","","available-cumulative","2024-01-02","","","","","","",""
"aligned","US","stock","NVDA","day","USD","foreign","2025-02-05","","%","미확인","","","","","","","true","봉 기간의 마지막 유효 관측값","","","","unknown","일부 거래일 누락","true","false","2024-01-02","2025-12-01","","","available-cumulative","2024-01-02","","","","","","",""
"aligned","US","stock","NVDA","day","USD","foreign","2025-02-06","","%","미확인","","","","","","","true","봉 기간의 마지막 유효 관측값","","","","unknown","일부 거래일 누락","true","false","2024-01-02","2025-12-01","","","available-cumulative","2024-01-02","","","","","","",""
"aligned","US","stock","NVDA","day","USD","foreign","2025-02-07","","%","미확인","","","","","","","true","봉 기간의 마지막 유효 관측값","","","","unknown","일부 거래일 누락","true","false","2024-01-02","2025-12-01","","","available-cumulative","2024-01-02","","","","","","",""
"aligned","US","stock","NVDA","day","USD","foreign","2025-02-10","","%","미확인","","","","","","","true","봉 기간의 마지막 유효 관측값","","","","unknown","일부 거래일 누락","true","false","2024-01-02","2025-12-01","","","available-cumulative","2024-01-02","","","","","","",""
"aligned","US","stock","NVDA","day","USD","foreign","2025-02-11","","%","미확인","","","","","","","true","봉 기간의 마지막 유효 관측값","","","","unknown","일부 거래일 누락","true","false","2024-01-02","2025-12-01","","","available-cumulative","2024-01-02","","","","","","",""
"aligned","US","stock","NVDA","day","USD","foreign","2025-02-12","","%","미확인","","","","","","","true","봉 기간의 마지막 유효 관측값","","","","unknown","일부 거래일 누락","true","false","2024-01-02","2025-12-01","","","available-cumulative","2024-01-02","","","","","","",""
"aligned","US","stock","NVDA","day","USD","foreign","2025-02-13","","%","미확인","","","","","","","true","봉 기간의 마지막 유효 관측값","","","","unknown","일부 거래일 누락","true","false","2024-01-02","2025-12-01","","","available-cumulative","2024-01-02","","","","","","",""
"aligned","US","stock","NVDA","day","USD","foreign","2025-02-14","","%","미확인","","","","","","","true","봉 기간의 마지막 유효 관측값","","","","unknown","일부 거래일 누락","true","false","2024-01-02","2025-12-01","","","available-cumulative","2024-01-02","","","","","","",""
"aligned","US","stock","NVDA","day","USD","foreign","2025-02-17","","%","미확인","","","","","","","true","봉 기간의 마지막 유효 관측값","","","","unknown","일부 거래일 누락","true","false","2024-01-02","2025-12-01","","","available-cumulative","2024-01-02","","","","","","",""
"aligned","US","stock","NVDA","day","USD","foreign","2025-02-18","","%","미확인","","","","","","","true","봉 기간의 마지막 유효 관측값","","","","unknown","일부 거래일 누락","true","false","2024-01-02","2025-12-01","","","available-cumulative","2024-01-02","","","","","","",""
"aligned","US","stock","NVDA","day","USD","foreign","2025-02-19","","%","미확인","","","","","","","true","봉 기간의 마지막 유효 관측값","","","","unknown","일부 거래일 누락","true","false","2024-01-02","2025-12-01","","","available-cumulative","2024-01-02","","","","","","",""
"aligned","US","stock","NVDA","day","USD","foreign","2025-02-20","","%","미확인","","","","","","","true","봉 기간의 마지막 유효 관측값","","","","unknown","일부 거래일 누락","true","false","2024-01-02","2025-12-01","","","available-cumulative","2024-01-02","","","","","","",""
"aligned","US","stock","NVDA","day","USD","foreign","2025-02-21","","%","미확인","","","","","","","true","봉 기간의 마지막 유효 관측값","","","","unknown","일부 거래일 누락","true","false","2024-01-02","2025-12-01","","","available-cumulative","2024-01-02","","","","","","",""
"aligned","US","stock","NVDA","day","USD","foreign","2025-02-24","","%","미확인","","","","","","","true","봉 기간의 마지막 유효 관측값","","","","unknown","일부 거래일 누락","true","false","2024-01-02","2025-12-01","","","available-cumulative","2024-01-02","","","","","","",""
"aligned","US","stock","NVDA","day","USD","foreign","2025-02-25","","%","미확인","","","","","","","true","봉 기간의 마지막 유효 관측값","","","","unknown","일부 거래일 누락","true","false","2024-01-02","2025-12-01","","","available-cumulative","2024-01-02","","","","","","",""
"aligned","US","stock","NVDA","day","USD","foreign","2025-02-26","","%","미확인","","","","","","","true","봉 기간의 마지막 유효 관측값","","","","unknown","일부 거래일 누락","true","false","2024-01-02","2025-12-01","","","available-cumulative","2024-01-02","","","","","","",""
"aligned","US","stock","NVDA","day","USD","foreign","2025-02-27","","%","미확인","","","","","","","true","봉 기간의 마지막 유효 관측값","","","","unknown","일부 거래일 누락","true","false","2024-01-02","2025-12-01","","","available-cumulative","2024-01-02","","","","","","",""
"aligned","US","stock","NVDA","day","USD","foreign","2025-02-28","","%","미확인","","","","","","","true","봉 기간의 마지막 유효 관측값","","","","unknown","일부 거래일 누락","true","false","2024-01-02","2025-12-01","","","available-cumulative","2024-01-02","","","","","","",""
"aligned","US","stock","NVDA","day","USD","foreign","2025-03-03","","%","미확인","","","","","","","true","봉 기간의 마지막 유효 관측값","","","","unknown","일부 거래일 누락","true","false","2024-01-02","2025-12-01","","","available-cumulative","2024-01-02","","","","","","",""
"aligned","US","stock","NVDA","day","USD","foreign","2025-03-04","","%","미확인","","","","","","","true","봉 기간의 마지막 유효 관측값","","","","unknown","일부 거래일 누락","true","false","2024-01-02","2025-12-01","","","available-cumulative","2024-01-02","","","","","","",""
"aligned","US","stock","NVDA","day","USD","foreign","2025-03-05","","%","미확인","","","","","","","true","봉 기간의 마지막 유효 관측값","","","","unknown","일부 거래일 누락","true","false","2024-01-02","2025-12-01","","","available-cumulative","2024-01-02","","","","","","",""
"aligned","US","stock","NVDA","day","USD","foreign","2025-03-06","","%","미확인","","","","","","","true","봉 기간의 마지막 유효 관측값","","","","unknown","일부 거래일 누락","true","false","2024-01-02","2025-12-01","","","available-cumulative","2024-01-02","","","","","","",""
"aligned","US","stock","NVDA","day","USD","foreign","2025-03-07","","%","미확인","","","","","","","true","봉 기간의 마지막 유효 관측값","","","","unknown","일부 거래일 누락","true","false","2024-01-02","2025-12-01","","","available-cumulative","2024-01-02","","","","","","",""
"aligned","US","stock","NVDA","day","USD","foreign","2025-03-10","","%","미확인","","","","","","","true","봉 기간의 마지막 유효 관측값","","","","unknown","일부 거래일 누락","true","false","2024-01-02","2025-12-01","","","available-cumulative","2024-01-02","","","","","","",""
"aligned","US","stock","NVDA","day","USD","foreign","2025-03-11","","%","미확인","","","","","","","true","봉 기간의 마지막 유효 관측값","","","","unknown","일부 거래일 누락","true","false","2024-01-02","2025-12-01","","","available-cumulative","2024-01-02","","","","","","",""
"aligned","US","stock","NVDA","day","USD","foreign","2025-03-12","","%","미확인","","","","","","","true","봉 기간의 마지막 유효 관측값","","","","unknown","일부 거래일 누락","true","false","2024-01-02","2025-12-01","","","available-cumulative","2024-01-02","","","","","","",""
"aligned","US","stock","NVDA","day","USD","foreign","2025-03-13","","%","미확인","","","","","","","true","봉 기간의 마지막 유효 관측값","","","","unknown","일부 거래일 누락","true","false","2024-01-02","2025-12-01","","","available-cumulative","2024-01-02","","","","","","",""
"aligned","US","stock","NVDA","day","USD","foreign","2025-03-14","","%","미확인","","","","","","","true","봉 기간의 마지막 유효 관측값","","","","unknown","일부 거래일 누락","true","false","2024-01-02","2025-12-01","","","available-cumulative","2024-01-02","","","","","","",""
"aligned","US","stock","NVDA","day","USD","foreign","2025-03-17","","%","미확인","","","","","","","true","봉 기간의 마지막 유효 관측값","","","","unknown","일부 거래일 누락","true","false","2024-01-02","2025-12-01","","","available-cumulative","2024-01-02","","","","","","",""
"aligned","US","stock","NVDA","day","USD","foreign","2025-03-18","","%","미확인","","","","","","","true","봉 기간의 마지막 유효 관측값","","","","unknown","일부 거래일 누락","true","false","2024-01-02","2025-12-01","","","available-cumulative","2024-01-02","","","","","","",""
"aligned","US","stock","NVDA","day","USD","foreign","2025-03-19","","%","미확인","","","","","","","true","봉 기간의 마지막 유효 관측값","","","","unknown","일부 거래일 누락","true","false","2024-01-02","2025-12-01","","","available-cumulative","2024-01-02","","","","","","",""
"aligned","US","stock","NVDA","day","USD","foreign","2025-03-20","","%","미확인","","","","","","","true","봉 기간의 마지막 유효 관측값","","","","unknown","일부 거래일 누락","true","false","2024-01-02","2025-12-01","","","available-cumulative","2024-01-02","","","","","","",""
"aligned","US","stock","NVDA","day","USD","foreign","2025-03-21","","%","미확인","","","","","","","true","봉 기간의 마지막 유효 관측값","","","","unknown","일부 거래일 누락","true","false","2024-01-02","2025-12-01","","","available-cumulative","2024-01-02","","","","","","",""
"aligned","US","stock","NVDA","day","USD","foreign","2025-03-24","","%","미확인","","","","","","","true","봉 기간의 마지막 유효 관측값","","","","unknown","일부 거래일 누락","true","false","2024-01-02","2025-12-01","","","available-cumulative","2024-01-02","","","","","","",""
"aligned","US","stock","NVDA","day","USD","foreign","2025-03-25","","%","미확인","","","","","","","true","봉 기간의 마지막 유효 관측값","","","","unknown","일부 거래일 누락","true","false","2024-01-02","2025-12-01","","","available-cumulative","2024-01-02","","","","","","",""
"aligned","US","stock","NVDA","day","USD","foreign","2025-03-26","","%","미확인","","","","","","","true","봉 기간의 마지막 유효 관측값","","","","unknown","일부 거래일 누락","true","false","2024-01-02","2025-12-01","","","available-cumulative","2024-01-02","","","","","","",""
"aligned","US","stock","NVDA","day","USD","foreign","2025-03-27","","%","미확인","","","","","","","true","봉 기간의 마지막 유효 관측값","","","","unknown","일부 거래일 누락","true","false","2024-01-02","2025-12-01","","","available-cumulative","2024-01-02","","","","","","",""
"aligned","US","stock","NVDA","day","USD","foreign","2025-03-28","","%","미확인","","","","","","","true","봉 기간의 마지막 유효 관측값","","","","unknown","일부 거래일 누락","true","false","2024-01-02","2025-12-01","","","available-cumulative","2024-01-02","","","","","","",""
"aligned","US","stock","NVDA","day","USD","foreign","2025-03-31","","%","미확인","","","","","","","true","봉 기간의 마지막 유효 관측값","","","","unknown","일부 거래일 누락","true","false","2024-01-02","2025-12-01","","","available-cumulative","2024-01-02","","","","","","",""
"aligned","US","stock","NVDA","day","USD","foreign","2025-04-01","","%","미확인","","","","","","","true","봉 기간의 마지막 유효 관측값","","","","unknown","일부 거래일 누락","true","false","2024-01-02","2025-12-01","","","available-cumulative","2024-01-02","","","","","","",""
"aligned","US","stock","NVDA","day","USD","foreign","2025-04-02","","%","미확인","","","","","","","true","봉 기간의 마지막 유효 관측값","","","","unknown","일부 거래일 누락","true","false","2024-01-02","2025-12-01","","","available-cumulative","2024-01-02","","","","","","",""
"aligned","US","stock","NVDA","day","USD","foreign","2025-04-03","","%","미확인","","","","","","","true","봉 기간의 마지막 유효 관측값","","","","unknown","일부 거래일 누락","true","false","2024-01-02","2025-12-01","","","available-cumulative","2024-01-02","","","","","","",""
"aligned","US","stock","NVDA","day","USD","foreign","2025-04-04","","%","미확인","","","","","","","true","봉 기간의 마지막 유효 관측값","","","","unknown","일부 거래일 누락","true","false","2024-01-02","2025-12-01","","","available-cumulative","2024-01-02","","","","","","",""
"aligned","US","stock","NVDA","day","USD","foreign","2025-04-07","","%","미확인","","","","","","","true","봉 기간의 마지막 유효 관측값","","","","unknown","일부 거래일 누락","true","false","2024-01-02","2025-12-01","","","available-cumulative","2024-01-02","","","","","","",""
"aligned","US","stock","NVDA","day","USD","foreign","2025-04-08","","%","미확인","","","","","","","true","봉 기간의 마지막 유효 관측값","","","","unknown","일부 거래일 누락","true","false","2024-01-02","2025-12-01","","","available-cumulative","2024-01-02","","","","","","",""
"aligned","US","stock","NVDA","day","USD","foreign","2025-04-09","","%","미확인","","","","","","","true","봉 기간의 마지막 유효 관측값","","","","unknown","일부 거래일 누락","true","false","2024-01-02","2025-12-01","","","available-cumulative","2024-01-02","","","","","","",""
"aligned","US","stock","NVDA","day","USD","foreign","2025-04-10","","%","미확인","","","","","","","true","봉 기간의 마지막 유효 관측값","","","","unknown","일부 거래일 누락","true","false","2024-01-02","2025-12-01","","","available-cumulative","2024-01-02","","","","","","",""
"aligned","US","stock","NVDA","day","USD","foreign","2025-04-11","","%","미확인","","","","","","","true","봉 기간의 마지막 유효 관측값","","","","unknown","일부 거래일 누락","true","false","2024-01-02","2025-12-01","","","available-cumulative","2024-01-02","","","","","","",""
"aligned","US","stock","NVDA","day","USD","foreign","2025-04-14","","%","미확인","","","","","","","true","봉 기간의 마지막 유효 관측값","","","","unknown","일부 거래일 누락","true","false","2024-01-02","2025-12-01","","","available-cumulative","2024-01-02","","","","","","",""
"aligned","US","stock","NVDA","day","USD","foreign","2025-04-15","","%","미확인","","","","","","","true","봉 기간의 마지막 유효 관측값","","","","unknown","일부 거래일 누락","true","false","2024-01-02","2025-12-01","","","available-cumulative","2024-01-02","","","","","","",""
"aligned","US","stock","NVDA","day","USD","foreign","2025-04-16","","%","미확인","","","","","","","true","봉 기간의 마지막 유효 관측값","","","","unknown","일부 거래일 누락","true","false","2024-01-02","2025-12-01","","","available-cumulative","2024-01-02","","","","","","",""
"aligned","US","stock","NVDA","day","USD","foreign","2025-04-17","","%","미확인","","","","","","","true","봉 기간의 마지막 유효 관측값","","","","unknown","일부 거래일 누락","true","false","2024-01-02","2025-12-01","","","available-cumulative","2024-01-02","","","","","","",""
"aligned","US","stock","NVDA","day","USD","foreign","2025-04-18","","%","미확인","","","","","","","true","봉 기간의 마지막 유효 관측값","","","","unknown","일부 거래일 누락","true","false","2024-01-02","2025-12-01","","","available-cumulative","2024-01-02","","","","","","",""
"aligned","US","stock","NVDA","day","USD","foreign","2025-04-21","","%","미확인","","","","","","","true","봉 기간의 마지막 유효 관측값","","","","unknown","일부 거래일 누락","true","false","2024-01-02","2025-12-01","","","available-cumulative","2024-01-02","","","","","","",""
"aligned","US","stock","NVDA","day","USD","foreign","2025-04-22","","%","미확인","","","","","","","true","봉 기간의 마지막 유효 관측값","","","","unknown","일부 거래일 누락","true","false","2024-01-02","2025-12-01","","","available-cumulative","2024-01-02","","","","","","",""
"aligned","US","stock","NVDA","day","USD","foreign","2025-04-23","","%","미확인","","","","","","","true","봉 기간의 마지막 유효 관측값","","","","unknown","일부 거래일 누락","true","false","2024-01-02","2025-12-01","","","available-cumulative","2024-01-02","","","","","","",""
"aligned","US","stock","NVDA","day","USD","foreign","2025-04-24","","%","미확인","","","","","","","true","봉 기간의 마지막 유효 관측값","","","","unknown","일부 거래일 누락","true","false","2024-01-02","2025-12-01","","","available-cumulative","2024-01-02","","","","","","",""
"aligned","US","stock","NVDA","day","USD","foreign","2025-04-25","","%","미확인","","","","","","","true","봉 기간의 마지막 유효 관측값","","","","unknown","일부 거래일 누락","true","false","2024-01-02","2025-12-01","","","available-cumulative","2024-01-02","","","","","","",""
"aligned","US","stock","NVDA","day","USD","foreign","2025-04-28","","%","미확인","","","","","","","true","봉 기간의 마지막 유효 관측값","","","","unknown","일부 거래일 누락","true","false","2024-01-02","2025-12-01","","","available-cumulative","2024-01-02","","","","","","",""
"aligned","US","stock","NVDA","day","USD","foreign","2025-04-29","","%","미확인","","","","","","","true","봉 기간의 마지막 유효 관측값","","","","unknown","일부 거래일 누락","true","false","2024-01-02","2025-12-01","","","available-cumulative","2024-01-02","","","","","","",""
"aligned","US","stock","NVDA","day","USD","foreign","2025-04-30","","%","미확인","","","","","","","true","봉 기간의 마지막 유효 관측값","","","","unknown","일부 거래일 누락","true","false","2024-01-02","2025-12-01","","","available-cumulative","2024-01-02","","","","","","",""
"aligned","US","stock","NVDA","day","USD","foreign","2025-05-01","","%","미확인","","","","","","","true","봉 기간의 마지막 유효 관측값","","","","unknown","일부 거래일 누락","true","false","2024-01-02","2025-12-01","","","available-cumulative","2024-01-02","","","","","","",""
"aligned","US","stock","NVDA","day","USD","foreign","2025-05-02","","%","미확인","","","","","","","true","봉 기간의 마지막 유효 관측값","","","","unknown","일부 거래일 누락","true","false","2024-01-02","2025-12-01","","","available-cumulative","2024-01-02","","","","","","",""
"aligned","US","stock","NVDA","day","USD","foreign","2025-05-05","","%","미확인","","","","","","","true","봉 기간의 마지막 유효 관측값","","","","unknown","일부 거래일 누락","true","false","2024-01-02","2025-12-01","","","available-cumulative","2024-01-02","","","","","","",""
"aligned","US","stock","NVDA","day","USD","foreign","2025-05-06","","%","미확인","","","","","","","true","봉 기간의 마지막 유효 관측값","","","","unknown","일부 거래일 누락","true","false","2024-01-02","2025-12-01","","","available-cumulative","2024-01-02","","","","","","",""
"aligned","US","stock","NVDA","day","USD","foreign","2025-05-07","","%","미확인","","","","","","","true","봉 기간의 마지막 유효 관측값","","","","unknown","일부 거래일 누락","true","false","2024-01-02","2025-12-01","","","available-cumulative","2024-01-02","","","","","","",""
"aligned","US","stock","NVDA","day","USD","foreign","2025-05-08","","%","미확인","","","","","","","true","봉 기간의 마지막 유효 관측값","","","","unknown","일부 거래일 누락","true","false","2024-01-02","2025-12-01","","","available-cumulative","2024-01-02","","","","","","",""
"aligned","US","stock","NVDA","day","USD","foreign","2025-05-09","","%","미확인","","","","","","","true","봉 기간의 마지막 유효 관측값","","","","unknown","일부 거래일 누락","true","false","2024-01-02","2025-12-01","","","available-cumulative","2024-01-02","","","","","","",""
"aligned","US","stock","NVDA","day","USD","foreign","2025-05-12","","%","미확인","","","","","","","true","봉 기간의 마지막 유효 관측값","","","","unknown","일부 거래일 누락","true","false","2024-01-02","2025-12-01","","","available-cumulative","2024-01-02","","","","","","",""
"aligned","US","stock","NVDA","day","USD","foreign","2025-05-13","","%","미확인","","","","","","","true","봉 기간의 마지막 유효 관측값","","","","unknown","일부 거래일 누락","true","false","2024-01-02","2025-12-01","","","available-cumulative","2024-01-02","","","","","","",""
"aligned","US","stock","NVDA","day","USD","foreign","2025-05-14","","%","미확인","","","","","","","true","봉 기간의 마지막 유효 관측값","","","","unknown","일부 거래일 누락","true","false","2024-01-02","2025-12-01","","","available-cumulative","2024-01-02","","","","","","",""
"aligned","US","stock","NVDA","day","USD","foreign","2025-05-15","","%","미확인","","","","","","","true","봉 기간의 마지막 유효 관측값","","","","unknown","일부 거래일 누락","true","false","2024-01-02","2025-12-01","","","available-cumulative","2024-01-02","","","","","","",""
"aligned","US","stock","NVDA","day","USD","foreign","2025-05-16","","%","미확인","","","","","","","true","봉 기간의 마지막 유효 관측값","","","","unknown","일부 거래일 누락","true","false","2024-01-02","2025-12-01","","","available-cumulative","2024-01-02","","","","","","",""
"aligned","US","stock","NVDA","day","USD","foreign","2025-05-19","","%","미확인","","","","","","","true","봉 기간의 마지막 유효 관측값","","","","unknown","일부 거래일 누락","true","false","2024-01-02","2025-12-01","","","available-cumulative","2024-01-02","","","","","","",""
"aligned","US","stock","NVDA","day","USD","foreign","2025-05-20","","%","미확인","","","","","","","true","봉 기간의 마지막 유효 관측값","","","","unknown","일부 거래일 누락","true","false","2024-01-02","2025-12-01","","","available-cumulative","2024-01-02","","","","","","",""
"aligned","US","stock","NVDA","day","USD","foreign","2025-05-21","","%","미확인","","","","","","","true","봉 기간의 마지막 유효 관측값","","","","unknown","일부 거래일 누락","true","false","2024-01-02","2025-12-01","","","available-cumulative","2024-01-02","","","","","","",""
"aligned","US","stock","NVDA","day","USD","foreign","2025-05-22","","%","미확인","","","","","","","true","봉 기간의 마지막 유효 관측값","","","","unknown","일부 거래일 누락","true","false","2024-01-02","2025-12-01","","","available-cumulative","2024-01-02","","","","","","",""
"aligned","US","stock","NVDA","day","USD","foreign","2025-05-23","","%","미확인","","","","","","","true","봉 기간의 마지막 유효 관측값","","","","unknown","일부 거래일 누락","true","false","2024-01-02","2025-12-01","","","available-cumulative","2024-01-02","","","","","","",""
"aligned","US","stock","NVDA","day","USD","foreign","2025-05-26","","%","미확인","","","","","","","true","봉 기간의 마지막 유효 관측값","","","","unknown","일부 거래일 누락","true","false","2024-01-02","2025-12-01","","","available-cumulative","2024-01-02","","","","","","",""
"aligned","US","stock","NVDA","day","USD","foreign","2025-05-27","","%","미확인","","","","","","","true","봉 기간의 마지막 유효 관측값","","","","unknown","일부 거래일 누락","true","false","2024-01-02","2025-12-01","","","available-cumulative","2024-01-02","","","","","","",""
"aligned","US","stock","NVDA","day","USD","foreign","2025-05-28","","%","미확인","","","","","","","true","봉 기간의 마지막 유효 관측값","","","","unknown","일부 거래일 누락","true","false","2024-01-02","2025-12-01","","","available-cumulative","2024-01-02","","","","","","",""
"aligned","US","stock","NVDA","day","USD","foreign","2025-05-29","","%","미확인","","","","","","","true","봉 기간의 마지막 유효 관측값","","","","unknown","일부 거래일 누락","true","false","2024-01-02","2025-12-01","","","available-cumulative","2024-01-02","","","","","","",""
"aligned","US","stock","NVDA","day","USD","foreign","2025-05-30","","%","미확인","","","","","","","true","봉 기간의 마지막 유효 관측값","","","","unknown","일부 거래일 누락","true","false","2024-01-02","2025-12-01","","","available-cumulative","2024-01-02","","","","","","",""
"aligned","US","stock","NVDA","day","USD","foreign","2025-06-02","","%","미확인","","","","","","","true","봉 기간의 마지막 유효 관측값","","","","unknown","일부 거래일 누락","true","false","2024-01-02","2025-12-01","","","available-cumulative","2024-01-02","","","","","","",""
"aligned","US","stock","NVDA","day","USD","foreign","2025-06-03","","%","미확인","","","","","","","true","봉 기간의 마지막 유효 관측값","","","","unknown","일부 거래일 누락","true","false","2024-01-02","2025-12-01","","","available-cumulative","2024-01-02","","","","","","",""
"aligned","US","stock","NVDA","day","USD","foreign","2025-06-04","","%","미확인","","","","","","","true","봉 기간의 마지막 유효 관측값","","","","unknown","일부 거래일 누락","true","false","2024-01-02","2025-12-01","","","available-cumulative","2024-01-02","","","","","","",""
"aligned","US","stock","NVDA","day","USD","foreign","2025-06-05","","%","미확인","","","","","","","true","봉 기간의 마지막 유효 관측값","","","","unknown","일부 거래일 누락","true","false","2024-01-02","2025-12-01","","","available-cumulative","2024-01-02","","","","","","",""
"aligned","US","stock","NVDA","day","USD","foreign","2025-06-06","","%","미확인","","","","","","","true","봉 기간의 마지막 유효 관측값","","","","unknown","일부 거래일 누락","true","false","2024-01-02","2025-12-01","","","available-cumulative","2024-01-02","","","","","","",""
"aligned","US","stock","NVDA","day","USD","foreign","2025-06-09","","%","미확인","","","","","","","true","봉 기간의 마지막 유효 관측값","","","","unknown","일부 거래일 누락","true","false","2024-01-02","2025-12-01","","","available-cumulative","2024-01-02","","","","","","",""
"aligned","US","stock","NVDA","day","USD","foreign","2025-06-10","","%","미확인","","","","","","","true","봉 기간의 마지막 유효 관측값","","","","unknown","일부 거래일 누락","true","false","2024-01-02","2025-12-01","","","available-cumulative","2024-01-02","","","","","","",""
"aligned","US","stock","NVDA","day","USD","foreign","2025-06-11","","%","미확인","","","","","","","true","봉 기간의 마지막 유효 관측값","","","","unknown","일부 거래일 누락","true","false","2024-01-02","2025-12-01","","","available-cumulative","2024-01-02","","","","","","",""
"aligned","US","stock","NVDA","day","USD","foreign","2025-06-12","","%","미확인","","","","","","","true","봉 기간의 마지막 유효 관측값","","","","unknown","일부 거래일 누락","true","false","2024-01-02","2025-12-01","","","available-cumulative","2024-01-02","","","","","","",""
"aligned","US","stock","NVDA","day","USD","foreign","2025-06-13","","%","미확인","","","","","","","true","봉 기간의 마지막 유효 관측값","","","","unknown","일부 거래일 누락","true","false","2024-01-02","2025-12-01","","","available-cumulative","2024-01-02","","","","","","",""
"aligned","US","stock","NVDA","day","USD","foreign","2025-06-16","","%","미확인","","","","","","","true","봉 기간의 마지막 유효 관측값","","","","unknown","일부 거래일 누락","true","false","2024-01-02","2025-12-01","","","available-cumulative","2024-01-02","","","","","","",""
"aligned","US","stock","NVDA","day","USD","foreign","2025-06-17","","%","미확인","","","","","","","true","봉 기간의 마지막 유효 관측값","","","","unknown","일부 거래일 누락","true","false","2024-01-02","2025-12-01","","","available-cumulative","2024-01-02","","","","","","",""
"aligned","US","stock","NVDA","day","USD","foreign","2025-06-18","","%","미확인","","","","","","","true","봉 기간의 마지막 유효 관측값","","","","unknown","일부 거래일 누락","true","false","2024-01-02","2025-12-01","","","available-cumulative","2024-01-02","","","","","","",""
"aligned","US","stock","NVDA","day","USD","foreign","2025-06-19","","%","미확인","","","","","","","true","봉 기간의 마지막 유효 관측값","","","","unknown","일부 거래일 누락","true","false","2024-01-02","2025-12-01","","","available-cumulative","2024-01-02","","","","","","",""
"aligned","US","stock","NVDA","day","USD","foreign","2025-06-20","","%","미확인","","","","","","","true","봉 기간의 마지막 유효 관측값","","","","unknown","일부 거래일 누락","true","false","2024-01-02","2025-12-01","","","available-cumulative","2024-01-02","","","","","","",""
"aligned","US","stock","NVDA","day","USD","foreign","2025-06-23","","%","미확인","","","","","","","true","봉 기간의 마지막 유효 관측값","","","","unknown","일부 거래일 누락","true","false","2024-01-02","2025-12-01","","","available-cumulative","2024-01-02","","","","","","",""
"aligned","US","stock","NVDA","day","USD","foreign","2025-06-24","","%","미확인","","","","","","","true","봉 기간의 마지막 유효 관측값","","","","unknown","일부 거래일 누락","true","false","2024-01-02","2025-12-01","","","available-cumulative","2024-01-02","","","","","","",""
"aligned","US","stock","NVDA","day","USD","foreign","2025-06-25","","%","미확인","","","","","","","true","봉 기간의 마지막 유효 관측값","","","","unknown","일부 거래일 누락","true","false","2024-01-02","2025-12-01","","","available-cumulative","2024-01-02","","","","","","",""
"aligned","US","stock","NVDA","day","USD","foreign","2025-06-26","","%","미확인","","","","","","","true","봉 기간의 마지막 유효 관측값","","","","unknown","일부 거래일 누락","true","false","2024-01-02","2025-12-01","","","available-cumulative","2024-01-02","","","","","","",""
"aligned","US","stock","NVDA","day","USD","foreign","2025-06-27","","%","미확인","","","","","","","true","봉 기간의 마지막 유효 관측값","","","","unknown","일부 거래일 누락","true","false","2024-01-02","2025-12-01","","","available-cumulative","2024-01-02","","","","","","",""
"aligned","US","stock","NVDA","day","USD","foreign","2025-06-30","","%","미확인","","","","","","","true","봉 기간의 마지막 유효 관측값","","","","unknown","일부 거래일 누락","true","false","2024-01-02","2025-12-01","","","available-cumulative","2024-01-02","","","","","","",""
"aligned","US","stock","NVDA","day","USD","foreign","2025-07-01","","%","미확인","","","","","","","true","봉 기간의 마지막 유효 관측값","","","","unknown","일부 거래일 누락","true","false","2024-01-02","2025-12-01","","","available-cumulative","2024-01-02","","","","","","",""
"aligned","US","stock","NVDA","day","USD","foreign","2025-07-02","","%","미확인","","","","","","","true","봉 기간의 마지막 유효 관측값","","","","unknown","일부 거래일 누락","true","false","2024-01-02","2025-12-01","","","available-cumulative","2024-01-02","","","","","","",""
"aligned","US","stock","NVDA","day","USD","foreign","2025-07-03","","%","미확인","","","","","","","true","봉 기간의 마지막 유효 관측값","","","","unknown","일부 거래일 누락","true","false","2024-01-02","2025-12-01","","","available-cumulative","2024-01-02","","","","","","",""
"aligned","US","stock","NVDA","day","USD","foreign","2025-07-04","","%","미확인","","","","","","","true","봉 기간의 마지막 유효 관측값","","","","unknown","일부 거래일 누락","true","false","2024-01-02","2025-12-01","","","available-cumulative","2024-01-02","","","","","","",""
"aligned","US","stock","NVDA","day","USD","foreign","2025-07-07","","%","미확인","","","","","","","true","봉 기간의 마지막 유효 관측값","","","","unknown","일부 거래일 누락","true","false","2024-01-02","2025-12-01","","","available-cumulative","2024-01-02","","","","","","",""
"aligned","US","stock","NVDA","day","USD","foreign","2025-07-08","","%","미확인","","","","","","","true","봉 기간의 마지막 유효 관측값","","","","unknown","일부 거래일 누락","true","false","2024-01-02","2025-12-01","","","available-cumulative","2024-01-02","","","","","","",""
"aligned","US","stock","NVDA","day","USD","foreign","2025-07-09","","%","미확인","","","","","","","true","봉 기간의 마지막 유효 관측값","","","","unknown","일부 거래일 누락","true","false","2024-01-02","2025-12-01","","","available-cumulative","2024-01-02","","","","","","",""
"aligned","US","stock","NVDA","day","USD","foreign","2025-07-10","","%","미확인","","","","","","","true","봉 기간의 마지막 유효 관측값","","","","unknown","일부 거래일 누락","true","false","2024-01-02","2025-12-01","","","available-cumulative","2024-01-02","","","","","","",""
"aligned","US","stock","NVDA","day","USD","foreign","2025-07-11","","%","미확인","","","","","","","true","봉 기간의 마지막 유효 관측값","","","","unknown","일부 거래일 누락","true","false","2024-01-02","2025-12-01","","","available-cumulative","2024-01-02","","","","","","",""
"aligned","US","stock","NVDA","day","USD","foreign","2025-07-14","","%","미확인","","","","","","","true","봉 기간의 마지막 유효 관측값","","","","unknown","일부 거래일 누락","true","false","2024-01-02","2025-12-01","","","available-cumulative","2024-01-02","","","","","","",""
"aligned","US","stock","NVDA","day","USD","foreign","2025-07-15","","%","미확인","","","","","","","true","봉 기간의 마지막 유효 관측값","","","","unknown","일부 거래일 누락","true","false","2024-01-02","2025-12-01","","","available-cumulative","2024-01-02","","","","","","",""
"aligned","US","stock","NVDA","day","USD","foreign","2025-07-16","","%","미확인","","","","","","","true","봉 기간의 마지막 유효 관측값","","","","unknown","일부 거래일 누락","true","false","2024-01-02","2025-12-01","","","available-cumulative","2024-01-02","","","","","","",""
"aligned","US","stock","NVDA","day","USD","foreign","2025-07-17","","%","미확인","","","","","","","true","봉 기간의 마지막 유효 관측값","","","","unknown","일부 거래일 누락","true","false","2024-01-02","2025-12-01","","","available-cumulative","2024-01-02","","","","","","",""
"aligned","US","stock","NVDA","day","USD","foreign","2025-07-18","","%","미확인","","","","","","","true","봉 기간의 마지막 유효 관측값","","","","unknown","일부 거래일 누락","true","false","2024-01-02","2025-12-01","","","available-cumulative","2024-01-02","","","","","","",""
"aligned","US","stock","NVDA","day","USD","foreign","2025-07-21","","%","미확인","","","","","","","true","봉 기간의 마지막 유효 관측값","","","","unknown","일부 거래일 누락","true","false","2024-01-02","2025-12-01","","","available-cumulative","2024-01-02","","","","","","",""
"aligned","US","stock","NVDA","day","USD","foreign","2025-07-22","","%","미확인","","","","","","","true","봉 기간의 마지막 유효 관측값","","","","unknown","일부 거래일 누락","true","false","2024-01-02","2025-12-01","","","available-cumulative","2024-01-02","","","","","","",""
"aligned","US","stock","NVDA","day","USD","foreign","2025-07-23","","%","미확인","","","","","","","true","봉 기간의 마지막 유효 관측값","","","","unknown","일부 거래일 누락","true","false","2024-01-02","2025-12-01","","","available-cumulative","2024-01-02","","","","","","",""
"aligned","US","stock","NVDA","day","USD","foreign","2025-07-24","","%","미확인","","","","","","","true","봉 기간의 마지막 유효 관측값","","","","unknown","일부 거래일 누락","true","false","2024-01-02","2025-12-01","","","available-cumulative","2024-01-02","","","","","","",""
"aligned","US","stock","NVDA","day","USD","foreign","2025-07-25","","%","미확인","","","","","","","true","봉 기간의 마지막 유효 관측값","","","","unknown","일부 거래일 누락","true","false","2024-01-02","2025-12-01","","","available-cumulative","2024-01-02","","","","","","",""
"aligned","US","stock","NVDA","day","USD","foreign","2025-07-28","","%","미확인","","","","","","","true","봉 기간의 마지막 유효 관측값","","","","unknown","일부 거래일 누락","true","false","2024-01-02","2025-12-01","","","available-cumulative","2024-01-02","","","","","","",""
"aligned","US","stock","NVDA","day","USD","foreign","2025-07-29","","%","미확인","","","","","","","true","봉 기간의 마지막 유효 관측값","","","","unknown","일부 거래일 누락","true","false","2024-01-02","2025-12-01","","","available-cumulative","2024-01-02","","","","","","",""
"aligned","US","stock","NVDA","day","USD","foreign","2025-07-30","","%","미확인","","","","","","","true","봉 기간의 마지막 유효 관측값","","","","unknown","일부 거래일 누락","true","false","2024-01-02","2025-12-01","","","available-cumulative","2024-01-02","","","","","","",""
"aligned","US","stock","NVDA","day","USD","foreign","2025-07-31","","%","미확인","","","","","","","true","봉 기간의 마지막 유효 관측값","","","","unknown","일부 거래일 누락","true","false","2024-01-02","2025-12-01","","","available-cumulative","2024-01-02","","","","","","",""
"aligned","US","stock","NVDA","day","USD","foreign","2025-08-01","","%","미확인","","","","","","","true","봉 기간의 마지막 유효 관측값","","","","unknown","일부 거래일 누락","true","false","2024-01-02","2025-12-01","","","available-cumulative","2024-01-02","","","","","","",""
"aligned","US","stock","NVDA","day","USD","foreign","2025-08-04","","%","미확인","","","","","","","true","봉 기간의 마지막 유효 관측값","","","","unknown","일부 거래일 누락","true","false","2024-01-02","2025-12-01","","","available-cumulative","2024-01-02","","","","","","",""
"aligned","US","stock","NVDA","day","USD","foreign","2025-08-05","","%","미확인","","","","","","","true","봉 기간의 마지막 유효 관측값","","","","unknown","일부 거래일 누락","true","false","2024-01-02","2025-12-01","","","available-cumulative","2024-01-02","","","","","","",""
"aligned","US","stock","NVDA","day","USD","foreign","2025-08-06","","%","미확인","","","","","","","true","봉 기간의 마지막 유효 관측값","","","","unknown","일부 거래일 누락","true","false","2024-01-02","2025-12-01","","","available-cumulative","2024-01-02","","","","","","",""
"aligned","US","stock","NVDA","day","USD","foreign","2025-08-07","","%","미확인","","","","","","","true","봉 기간의 마지막 유효 관측값","","","","unknown","일부 거래일 누락","true","false","2024-01-02","2025-12-01","","","available-cumulative","2024-01-02","","","","","","",""
"aligned","US","stock","NVDA","day","USD","foreign","2025-08-08","","%","미확인","","","","","","","true","봉 기간의 마지막 유효 관측값","","","","unknown","일부 거래일 누락","true","false","2024-01-02","2025-12-01","","","available-cumulative","2024-01-02","","","","","","",""
"aligned","US","stock","NVDA","day","USD","foreign","2025-08-11","","%","미확인","","","","","","","true","봉 기간의 마지막 유효 관측값","","","","unknown","일부 거래일 누락","true","false","2024-01-02","2025-12-01","","","available-cumulative","2024-01-02","","","","","","",""
"aligned","US","stock","NVDA","day","USD","foreign","2025-08-12","","%","미확인","","","","","","","true","봉 기간의 마지막 유효 관측값","","","","unknown","일부 거래일 누락","true","false","2024-01-02","2025-12-01","","","available-cumulative","2024-01-02","","","","","","",""
"aligned","US","stock","NVDA","day","USD","foreign","2025-08-13","","%","미확인","","","","","","","true","봉 기간의 마지막 유효 관측값","","","","unknown","일부 거래일 누락","true","false","2024-01-02","2025-12-01","","","available-cumulative","2024-01-02","","","","","","",""
"aligned","US","stock","NVDA","day","USD","foreign","2025-08-14","","%","미확인","","","","","","","true","봉 기간의 마지막 유효 관측값","","","","unknown","일부 거래일 누락","true","false","2024-01-02","2025-12-01","","","available-cumulative","2024-01-02","","","","","","",""
"aligned","US","stock","NVDA","day","USD","foreign","2025-08-15","","%","미확인","","","","","","","true","봉 기간의 마지막 유효 관측값","","","","unknown","일부 거래일 누락","true","false","2024-01-02","2025-12-01","","","available-cumulative","2024-01-02","","","","","","",""
"aligned","US","stock","NVDA","day","USD","foreign","2025-08-18","","%","미확인","","","","","","","true","봉 기간의 마지막 유효 관측값","","","","unknown","일부 거래일 누락","true","false","2024-01-02","2025-12-01","","","available-cumulative","2024-01-02","","","","","","",""
"aligned","US","stock","NVDA","day","USD","foreign","2025-08-19","","%","미확인","","","","","","","true","봉 기간의 마지막 유효 관측값","","","","unknown","일부 거래일 누락","true","false","2024-01-02","2025-12-01","","","available-cumulative","2024-01-02","","","","","","",""
"aligned","US","stock","NVDA","day","USD","foreign","2025-08-20","","%","미확인","","","","","","","true","봉 기간의 마지막 유효 관측값","","","","unknown","일부 거래일 누락","true","false","2024-01-02","2025-12-01","","","available-cumulative","2024-01-02","","","","","","",""
"aligned","US","stock","NVDA","day","USD","foreign","2025-08-21","","%","미확인","","","","","","","true","봉 기간의 마지막 유효 관측값","","","","unknown","일부 거래일 누락","true","false","2024-01-02","2025-12-01","","","available-cumulative","2024-01-02","","","","","","",""
"aligned","US","stock","NVDA","day","USD","foreign","2025-08-22","","%","미확인","","","","","","","true","봉 기간의 마지막 유효 관측값","","","","unknown","일부 거래일 누락","true","false","2024-01-02","2025-12-01","","","available-cumulative","2024-01-02","","","","","","",""
"aligned","US","stock","NVDA","day","USD","foreign","2025-08-25","","%","미확인","","","","","","","true","봉 기간의 마지막 유효 관측값","","","","unknown","일부 거래일 누락","true","false","2024-01-02","2025-12-01","","","available-cumulative","2024-01-02","","","","","","",""
"aligned","US","stock","NVDA","day","USD","foreign","2025-08-26","","%","미확인","","","","","","","true","봉 기간의 마지막 유효 관측값","","","","unknown","일부 거래일 누락","true","false","2024-01-02","2025-12-01","","","available-cumulative","2024-01-02","","","","","","",""
"aligned","US","stock","NVDA","day","USD","foreign","2025-08-27","","%","미확인","","","","","","","true","봉 기간의 마지막 유효 관측값","","","","unknown","일부 거래일 누락","true","false","2024-01-02","2025-12-01","","","available-cumulative","2024-01-02","","","","","","",""
"aligned","US","stock","NVDA","day","USD","foreign","2025-08-28","","%","미확인","","","","","","","true","봉 기간의 마지막 유효 관측값","","","","unknown","일부 거래일 누락","true","false","2024-01-02","2025-12-01","","","available-cumulative","2024-01-02","","","","","","",""
"aligned","US","stock","NVDA","day","USD","foreign","2025-08-29","","%","미확인","","","","","","","true","봉 기간의 마지막 유효 관측값","","","","unknown","일부 거래일 누락","true","false","2024-01-02","2025-12-01","","","available-cumulative","2024-01-02","","","","","","",""
"aligned","US","stock","NVDA","day","USD","foreign","2025-09-01","","%","미확인","","","","","","","true","봉 기간의 마지막 유효 관측값","","","","unknown","일부 거래일 누락","true","false","2024-01-02","2025-12-01","","","available-cumulative","2024-01-02","","","","","","",""
"aligned","US","stock","NVDA","day","USD","foreign","2025-09-02","","%","미확인","","","","","","","true","봉 기간의 마지막 유효 관측값","","","","unknown","일부 거래일 누락","true","false","2024-01-02","2025-12-01","","","available-cumulative","2024-01-02","","","","","","",""
"aligned","US","stock","NVDA","day","USD","foreign","2025-09-03","","%","미확인","","","","","","","true","봉 기간의 마지막 유효 관측값","","","","unknown","일부 거래일 누락","true","false","2024-01-02","2025-12-01","","","available-cumulative","2024-01-02","","","","","","",""
"aligned","US","stock","NVDA","day","USD","foreign","2025-09-04","","%","미확인","","","","","","","true","봉 기간의 마지막 유효 관측값","","","","unknown","일부 거래일 누락","true","false","2024-01-02","2025-12-01","","","available-cumulative","2024-01-02","","","","","","",""
"aligned","US","stock","NVDA","day","USD","foreign","2025-09-05","","%","미확인","","","","","","","true","봉 기간의 마지막 유효 관측값","","","","unknown","일부 거래일 누락","true","false","2024-01-02","2025-12-01","","","available-cumulative","2024-01-02","","","","","","",""
"aligned","US","stock","NVDA","day","USD","foreign","2025-09-08","","%","미확인","","","","","","","true","봉 기간의 마지막 유효 관측값","","","","unknown","일부 거래일 누락","true","false","2024-01-02","2025-12-01","","","available-cumulative","2024-01-02","","","","","","",""
"aligned","US","stock","NVDA","day","USD","foreign","2025-09-09","","%","미확인","","","","","","","true","봉 기간의 마지막 유효 관측값","","","","unknown","일부 거래일 누락","true","false","2024-01-02","2025-12-01","","","available-cumulative","2024-01-02","","","","","","",""
"aligned","US","stock","NVDA","day","USD","foreign","2025-09-10","","%","미확인","","","","","","","true","봉 기간의 마지막 유효 관측값","","","","unknown","일부 거래일 누락","true","false","2024-01-02","2025-12-01","","","available-cumulative","2024-01-02","","","","","","",""
"aligned","US","stock","NVDA","day","USD","foreign","2025-09-11","","%","미확인","","","","","","","true","봉 기간의 마지막 유효 관측값","","","","unknown","일부 거래일 누락","true","false","2024-01-02","2025-12-01","","","available-cumulative","2024-01-02","","","","","","",""
"aligned","US","stock","NVDA","day","USD","foreign","2025-09-12","","%","미확인","","","","","","","true","봉 기간의 마지막 유효 관측값","","","","unknown","일부 거래일 누락","true","false","2024-01-02","2025-12-01","","","available-cumulative","2024-01-02","","","","","","",""
"aligned","US","stock","NVDA","day","USD","foreign","2025-09-15","","%","미확인","","","","","","","true","봉 기간의 마지막 유효 관측값","","","","unknown","일부 거래일 누락","true","false","2024-01-02","2025-12-01","","","available-cumulative","2024-01-02","","","","","","",""
"aligned","US","stock","NVDA","day","USD","foreign","2025-09-16","","%","미확인","","","","","","","true","봉 기간의 마지막 유효 관측값","","","","unknown","일부 거래일 누락","true","false","2024-01-02","2025-12-01","","","available-cumulative","2024-01-02","","","","","","",""
"aligned","US","stock","NVDA","day","USD","foreign","2025-09-17","","%","미확인","","","","","","","true","봉 기간의 마지막 유효 관측값","","","","unknown","일부 거래일 누락","true","false","2024-01-02","2025-12-01","","","available-cumulative","2024-01-02","","","","","","",""
"aligned","US","stock","NVDA","day","USD","foreign","2025-09-18","","%","미확인","","","","","","","true","봉 기간의 마지막 유효 관측값","","","","unknown","일부 거래일 누락","true","false","2024-01-02","2025-12-01","","","available-cumulative","2024-01-02","","","","","","",""
"aligned","US","stock","NVDA","day","USD","foreign","2025-09-19","","%","미확인","","","","","","","true","봉 기간의 마지막 유효 관측값","","","","unknown","일부 거래일 누락","true","false","2024-01-02","2025-12-01","","","available-cumulative","2024-01-02","","","","","","",""
"aligned","US","stock","NVDA","day","USD","foreign","2025-09-22","","%","미확인","","","","","","","true","봉 기간의 마지막 유효 관측값","","","","unknown","일부 거래일 누락","true","false","2024-01-02","2025-12-01","","","available-cumulative","2024-01-02","","","","","","",""
"aligned","US","stock","NVDA","day","USD","foreign","2025-09-23","","%","미확인","","","","","","","true","봉 기간의 마지막 유효 관측값","","","","unknown","일부 거래일 누락","true","false","2024-01-02","2025-12-01","","","available-cumulative","2024-01-02","","","","","","",""
"aligned","US","stock","NVDA","day","USD","foreign","2025-09-24","","%","미확인","","","","","","","true","봉 기간의 마지막 유효 관측값","","","","unknown","일부 거래일 누락","true","false","2024-01-02","2025-12-01","","","available-cumulative","2024-01-02","","","","","","",""
"aligned","US","stock","NVDA","day","USD","foreign","2025-09-25","","%","미확인","","","","","","","true","봉 기간의 마지막 유효 관측값","","","","unknown","일부 거래일 누락","true","false","2024-01-02","2025-12-01","","","available-cumulative","2024-01-02","","","","","","",""
"aligned","US","stock","NVDA","day","USD","foreign","2025-09-26","","%","미확인","","","","","","","true","봉 기간의 마지막 유효 관측값","","","","unknown","일부 거래일 누락","true","false","2024-01-02","2025-12-01","","","available-cumulative","2024-01-02","","","","","","",""
"aligned","US","stock","NVDA","day","USD","foreign","2025-09-29","","%","미확인","","","","","","","true","봉 기간의 마지막 유효 관측값","","","","unknown","일부 거래일 누락","true","false","2024-01-02","2025-12-01","","","available-cumulative","2024-01-02","","","","","","",""
"aligned","US","stock","NVDA","day","USD","foreign","2025-09-30","","%","미확인","","","","","","","true","봉 기간의 마지막 유효 관측값","","","","unknown","일부 거래일 누락","true","false","2024-01-02","2025-12-01","","","available-cumulative","2024-01-02","","","","","","",""
"aligned","US","stock","NVDA","day","USD","foreign","2025-10-01","","%","미확인","","","","","","","true","봉 기간의 마지막 유효 관측값","","","","unknown","일부 거래일 누락","true","false","2024-01-02","2025-12-01","","","available-cumulative","2024-01-02","","","","","","",""
"aligned","US","stock","NVDA","day","USD","foreign","2025-10-02","","%","미확인","","","","","","","true","봉 기간의 마지막 유효 관측값","","","","unknown","일부 거래일 누락","true","false","2024-01-02","2025-12-01","","","available-cumulative","2024-01-02","","","","","","",""
"aligned","US","stock","NVDA","day","USD","foreign","2025-10-03","","%","미확인","","","","","","","true","봉 기간의 마지막 유효 관측값","","","","unknown","일부 거래일 누락","true","false","2024-01-02","2025-12-01","","","available-cumulative","2024-01-02","","","","","","",""
"aligned","US","stock","NVDA","day","USD","foreign","2025-10-06","","%","미확인","","","","","","","true","봉 기간의 마지막 유효 관측값","","","","unknown","일부 거래일 누락","true","false","2024-01-02","2025-12-01","","","available-cumulative","2024-01-02","","","","","","",""
"aligned","US","stock","NVDA","day","USD","foreign","2025-10-07","","%","미확인","","","","","","","true","봉 기간의 마지막 유효 관측값","","","","unknown","일부 거래일 누락","true","false","2024-01-02","2025-12-01","","","available-cumulative","2024-01-02","","","","","","",""
"aligned","US","stock","NVDA","day","USD","foreign","2025-10-08","","%","미확인","","","","","","","true","봉 기간의 마지막 유효 관측값","","","","unknown","일부 거래일 누락","true","false","2024-01-02","2025-12-01","","","available-cumulative","2024-01-02","","","","","","",""
"aligned","US","stock","NVDA","day","USD","foreign","2025-10-09","","%","미확인","","","","","","","true","봉 기간의 마지막 유효 관측값","","","","unknown","일부 거래일 누락","true","false","2024-01-02","2025-12-01","","","available-cumulative","2024-01-02","","","","","","",""
"aligned","US","stock","NVDA","day","USD","foreign","2025-10-10","","%","미확인","","","","","","","true","봉 기간의 마지막 유효 관측값","","","","unknown","일부 거래일 누락","true","false","2024-01-02","2025-12-01","","","available-cumulative","2024-01-02","","","","","","",""
"aligned","US","stock","NVDA","day","USD","foreign","2025-10-13","","%","미확인","","","","","","","true","봉 기간의 마지막 유효 관측값","","","","unknown","일부 거래일 누락","true","false","2024-01-02","2025-12-01","","","available-cumulative","2024-01-02","","","","","","",""
"aligned","US","stock","NVDA","day","USD","foreign","2025-10-14","","%","미확인","","","","","","","true","봉 기간의 마지막 유효 관측값","","","","unknown","일부 거래일 누락","true","false","2024-01-02","2025-12-01","","","available-cumulative","2024-01-02","","","","","","",""
"aligned","US","stock","NVDA","day","USD","foreign","2025-10-15","","%","미확인","","","","","","","true","봉 기간의 마지막 유효 관측값","","","","unknown","일부 거래일 누락","true","false","2024-01-02","2025-12-01","","","available-cumulative","2024-01-02","","","","","","",""
"aligned","US","stock","NVDA","day","USD","foreign","2025-10-16","","%","미확인","","","","","","","true","봉 기간의 마지막 유효 관측값","","","","unknown","일부 거래일 누락","true","false","2024-01-02","2025-12-01","","","available-cumulative","2024-01-02","","","","","","",""
"aligned","US","stock","NVDA","day","USD","foreign","2025-10-17","","%","미확인","","","","","","","true","봉 기간의 마지막 유효 관측값","","","","unknown","일부 거래일 누락","true","false","2024-01-02","2025-12-01","","","available-cumulative","2024-01-02","","","","","","",""
"aligned","US","stock","NVDA","day","USD","foreign","2025-10-20","","%","미확인","","","","","","","true","봉 기간의 마지막 유효 관측값","","","","unknown","일부 거래일 누락","true","false","2024-01-02","2025-12-01","","","available-cumulative","2024-01-02","","","","","","",""
"aligned","US","stock","NVDA","day","USD","foreign","2025-10-21","","%","미확인","","","","","","","true","봉 기간의 마지막 유효 관측값","","","","unknown","일부 거래일 누락","true","false","2024-01-02","2025-12-01","","","available-cumulative","2024-01-02","","","","","","",""
"aligned","US","stock","NVDA","day","USD","foreign","2025-10-22","","%","미확인","","","","","","","true","봉 기간의 마지막 유효 관측값","","","","unknown","일부 거래일 누락","true","false","2024-01-02","2025-12-01","","","available-cumulative","2024-01-02","","","","","","",""
"aligned","US","stock","NVDA","day","USD","foreign","2025-10-23","","%","미확인","","","","","","","true","봉 기간의 마지막 유효 관측값","","","","unknown","일부 거래일 누락","true","false","2024-01-02","2025-12-01","","","available-cumulative","2024-01-02","","","","","","",""
"aligned","US","stock","NVDA","day","USD","foreign","2025-10-24","","%","미확인","","","","","","","true","봉 기간의 마지막 유효 관측값","","","","unknown","일부 거래일 누락","true","false","2024-01-02","2025-12-01","","","available-cumulative","2024-01-02","","","","","","",""
"aligned","US","stock","NVDA","day","USD","foreign","2025-10-27","","%","미확인","","","","","","","true","봉 기간의 마지막 유효 관측값","","","","unknown","일부 거래일 누락","true","false","2024-01-02","2025-12-01","","","available-cumulative","2024-01-02","","","","","","",""
"aligned","US","stock","NVDA","day","USD","foreign","2025-10-28","","%","미확인","","","","","","","true","봉 기간의 마지막 유효 관측값","","","","unknown","일부 거래일 누락","true","false","2024-01-02","2025-12-01","","","available-cumulative","2024-01-02","","","","","","",""
"aligned","US","stock","NVDA","day","USD","foreign","2025-10-29","","%","미확인","","","","","","","true","봉 기간의 마지막 유효 관측값","","","","unknown","일부 거래일 누락","true","false","2024-01-02","2025-12-01","","","available-cumulative","2024-01-02","","","","","","",""
"aligned","US","stock","NVDA","day","USD","foreign","2025-10-30","","%","미확인","","","","","","","true","봉 기간의 마지막 유효 관측값","","","","unknown","일부 거래일 누락","true","false","2024-01-02","2025-12-01","","","available-cumulative","2024-01-02","","","","","","",""
"aligned","US","stock","NVDA","day","USD","foreign","2025-10-31","","%","미확인","","","","","","","true","봉 기간의 마지막 유효 관측값","","","","unknown","일부 거래일 누락","true","false","2024-01-02","2025-12-01","","","available-cumulative","2024-01-02","","","","","","",""
"aligned","US","stock","NVDA","day","USD","foreign","2025-11-03","","%","미확인","","","","","","","true","봉 기간의 마지막 유효 관측값","","","","unknown","일부 거래일 누락","true","false","2024-01-02","2025-12-01","","","available-cumulative","2024-01-02","","","","","","",""
"aligned","US","stock","NVDA","day","USD","foreign","2025-11-04","","%","미확인","","","","","","","true","봉 기간의 마지막 유효 관측값","","","","unknown","일부 거래일 누락","true","false","2024-01-02","2025-12-01","","","available-cumulative","2024-01-02","","","","","","",""
"aligned","US","stock","NVDA","day","USD","foreign","2025-11-05","","%","미확인","","","","","","","true","봉 기간의 마지막 유효 관측값","","","","unknown","일부 거래일 누락","true","false","2024-01-02","2025-12-01","","","available-cumulative","2024-01-02","","","","","","",""
"aligned","US","stock","NVDA","day","USD","foreign","2025-11-06","","%","미확인","","","","","","","true","봉 기간의 마지막 유효 관측값","","","","unknown","일부 거래일 누락","true","false","2024-01-02","2025-12-01","","","available-cumulative","2024-01-02","","","","","","",""
"aligned","US","stock","NVDA","day","USD","foreign","2025-11-07","","%","미확인","","","","","","","true","봉 기간의 마지막 유효 관측값","","","","unknown","일부 거래일 누락","true","false","2024-01-02","2025-12-01","","","available-cumulative","2024-01-02","","","","","","",""
"aligned","US","stock","NVDA","day","USD","foreign","2025-11-10","","%","미확인","","","","","","","true","봉 기간의 마지막 유효 관측값","","","","unknown","일부 거래일 누락","true","false","2024-01-02","2025-12-01","","","available-cumulative","2024-01-02","","","","","","",""
"aligned","US","stock","NVDA","day","USD","foreign","2025-11-11","","%","미확인","","","","","","","true","봉 기간의 마지막 유효 관측값","","","","unknown","일부 거래일 누락","true","false","2024-01-02","2025-12-01","","","available-cumulative","2024-01-02","","","","","","",""
"aligned","US","stock","NVDA","day","USD","foreign","2025-11-12","","%","미확인","","","","","","","true","봉 기간의 마지막 유효 관측값","","","","unknown","일부 거래일 누락","true","false","2024-01-02","2025-12-01","","","available-cumulative","2024-01-02","","","","","","",""
"aligned","US","stock","NVDA","day","USD","foreign","2025-11-13","","%","미확인","","","","","","","true","봉 기간의 마지막 유효 관측값","","","","unknown","일부 거래일 누락","true","false","2024-01-02","2025-12-01","","","available-cumulative","2024-01-02","","","","","","",""
"aligned","US","stock","NVDA","day","USD","foreign","2025-11-14","","%","미확인","","","","","","","true","봉 기간의 마지막 유효 관측값","","","","unknown","일부 거래일 누락","true","false","2024-01-02","2025-12-01","","","available-cumulative","2024-01-02","","","","","","",""
"aligned","US","stock","NVDA","day","USD","foreign","2025-11-17","","%","미확인","","","","","","","true","봉 기간의 마지막 유효 관측값","","","","unknown","일부 거래일 누락","true","false","2024-01-02","2025-12-01","","","available-cumulative","2024-01-02","","","","","","",""
"aligned","US","stock","NVDA","day","USD","foreign","2025-11-18","","%","미확인","","","","","","","true","봉 기간의 마지막 유효 관측값","","","","unknown","일부 거래일 누락","true","false","2024-01-02","2025-12-01","","","available-cumulative","2024-01-02","","","","","","",""
"aligned","US","stock","NVDA","day","USD","foreign","2025-11-19","","%","미확인","","","","","","","true","봉 기간의 마지막 유효 관측값","","","","unknown","일부 거래일 누락","true","false","2024-01-02","2025-12-01","","","available-cumulative","2024-01-02","","","","","","",""
"aligned","US","stock","NVDA","day","USD","foreign","2025-11-20","","%","미확인","","","","","","","true","봉 기간의 마지막 유효 관측값","","","","unknown","일부 거래일 누락","true","false","2024-01-02","2025-12-01","","","available-cumulative","2024-01-02","","","","","","",""
"aligned","US","stock","NVDA","day","USD","foreign","2025-11-21","","%","미확인","","","","","","","true","봉 기간의 마지막 유효 관측값","","","","unknown","일부 거래일 누락","true","false","2024-01-02","2025-12-01","","","available-cumulative","2024-01-02","","","","","","",""
"aligned","US","stock","NVDA","day","USD","foreign","2025-11-24","","%","미확인","","","","","","","true","봉 기간의 마지막 유효 관측값","","","","unknown","일부 거래일 누락","true","false","2024-01-02","2025-12-01","","","available-cumulative","2024-01-02","","","","","","",""
"aligned","US","stock","NVDA","day","USD","foreign","2025-11-25","","%","미확인","","","","","","","true","봉 기간의 마지막 유효 관측값","","","","unknown","일부 거래일 누락","true","false","2024-01-02","2025-12-01","","","available-cumulative","2024-01-02","","","","","","",""
"aligned","US","stock","NVDA","day","USD","foreign","2025-11-26","","%","미확인","","","","","","","true","봉 기간의 마지막 유효 관측값","","","","unknown","일부 거래일 누락","true","false","2024-01-02","2025-12-01","","","available-cumulative","2024-01-02","","","","","","",""
"aligned","US","stock","NVDA","day","USD","foreign","2025-11-27","","%","미확인","","","","","","","true","봉 기간의 마지막 유효 관측값","","","","unknown","일부 거래일 누락","true","false","2024-01-02","2025-12-01","","","available-cumulative","2024-01-02","","","","","","",""
"aligned","US","stock","NVDA","day","USD","foreign","2025-11-28","","%","미확인","","","","","","","true","봉 기간의 마지막 유효 관측값","","","","unknown","일부 거래일 누락","true","false","2024-01-02","2025-12-01","","","available-cumulative","2024-01-02","","","","","","",""
"aligned","US","stock","NVDA","day","USD","foreign","2025-12-01","","%","미확인","","","","","","","true","봉 기간의 마지막 유효 관측값","","","","unknown","일부 거래일 누락","true","false","2024-01-02","2025-12-01","","","available-cumulative","2024-01-02","","","","","","",""
"status","US","stock","NVDA","day","USD","investmentTrust","","","주","미확인","","","","","","","","","","","","unknown","데이터 확인 중","","false","2024-01-02","2025-12-01","","","available-cumulative","2024-01-02","","","","","","",""
"aligned","US","stock","NVDA","day","USD","investmentTrust","2024-01-02","","주","미확인","","2024-01-02","","","","","true","Σ dailyNet[2024-01-02..asOf]","","","","unknown","기준일 이후 누락: 누적순매수 미확정","true","false","2024-01-02","2025-12-01","","","available-cumulative","2024-01-02","","","","","","",""
"aligned","US","stock","NVDA","day","USD","investmentTrust","2024-01-03","","주","미확인","","2024-01-03","","","","","true","Σ dailyNet[2024-01-02..asOf]","","","","unknown","기준일 이후 누락: 누적순매수 미확정","true","false","2024-01-02","2025-12-01","","","available-cumulative","2024-01-02","","","","","","",""
"aligned","US","stock","NVDA","day","USD","investmentTrust","2024-01-04","","주","미확인","","2024-01-04","","","","","true","Σ dailyNet[2024-01-02..asOf]","","","","unknown","기준일 이후 누락: 누적순매수 미확정","true","false","2024-01-02","2025-12-01","","","available-cumulative","2024-01-02","","","","","","",""
"aligned","US","stock","NVDA","day","USD","investmentTrust","2024-01-05","","주","미확인","","2024-01-05","","","","","true","Σ dailyNet[2024-01-02..asOf]","","","","unknown","기준일 이후 누락: 누적순매수 미확정","true","false","2024-01-02","2025-12-01","","","available-cumulative","2024-01-02","","","","","","",""
"aligned","US","stock","NVDA","day","USD","investmentTrust","2024-01-08","","주","미확인","","2024-01-08","","","","","true","Σ dailyNet[2024-01-02..asOf]","","","","unknown","기준일 이후 누락: 누적순매수 미확정","true","false","2024-01-02","2025-12-01","","","available-cumulative","2024-01-02","","","","","","",""
"aligned","US","stock","NVDA","day","USD","investmentTrust","2024-01-09","","주","미확인","","2024-01-09","","","","","true","Σ dailyNet[2024-01-02..asOf]","","","","unknown","기준일 이후 누락: 누적순매수 미확정","true","false","2024-01-02","2025-12-01","","","available-cumulative","2024-01-02","","","","","","",""
"aligned","US","stock","NVDA","day","USD","investmentTrust","2024-01-10","","주","미확인","","2024-01-10","","","","","true","Σ dailyNet[2024-01-02..asOf]","","","","unknown","기준일 이후 누락: 누적순매수 미확정","true","false","2024-01-02","2025-12-01","","","available-cumulative","2024-01-02","","","","","","",""
"aligned","US","stock","NVDA","day","USD","investmentTrust","2024-01-11","","주","미확인","","2024-01-11","","","","","true","Σ dailyNet[2024-01-02..asOf]","","","","unknown","기준일 이후 누락: 누적순매수 미확정","true","false","2024-01-02","2025-12-01","","","available-cumulative","2024-01-02","","","","","","",""
"aligned","US","stock","NVDA","day","USD","investmentTrust","2024-01-12","","주","미확인","","2024-01-12","","","","","true","Σ dailyNet[2024-01-02..asOf]","","","","unknown","기준일 이후 누락: 누적순매수 미확정","true","false","2024-01-02","2025-12-01","","","available-cumulative","2024-01-02","","","","","","",""
"aligned","US","stock","NVDA","day","USD","investmentTrust","2024-01-15","","주","미확인","","2024-01-15","","","","","true","Σ dailyNet[2024-01-02..asOf]","","","","unknown","기준일 이후 누락: 누적순매수 미확정","true","false","2024-01-02","2025-12-01","","","available-cumulative","2024-01-02","","","","","","",""
"aligned","US","stock","NVDA","day","USD","investmentTrust","2024-01-16","","주","미확인","","2024-01-16","","","","","true","Σ dailyNet[2024-01-02..asOf]","","","","unknown","기준일 이후 누락: 누적순매수 미확정","true","false","2024-01-02","2025-12-01","","","available-cumulative","2024-01-02","","","","","","",""
"aligned","US","stock","NVDA","day","USD","investmentTrust","2024-01-17","","주","미확인","","2024-01-17","","","","","true","Σ dailyNet[2024-01-02..asOf]","","","","unknown","기준일 이후 누락: 누적순매수 미확정","true","false","2024-01-02","2025-12-01","","","available-cumulative","2024-01-02","","","","","","",""
"aligned","US","stock","NVDA","day","USD","investmentTrust","2024-01-18","","주","미확인","","2024-01-18","","","","","true","Σ dailyNet[2024-01-02..asOf]","","","","unknown","기준일 이후 누락: 누적순매수 미확정","true","false","2024-01-02","2025-12-01","","","available-cumulative","2024-01-02","","","","","","",""
"aligned","US","stock","NVDA","day","USD","investmentTrust","2024-01-19","","주","미확인","","2024-01-19","","","","","true","Σ dailyNet[2024-01-02..asOf]","","","","unknown","기준일 이후 누락: 누적순매수 미확정","true","false","2024-01-02","2025-12-01","","","available-cumulative","2024-01-02","","","","","","",""
"aligned","US","stock","NVDA","day","USD","investmentTrust","2024-01-22","","주","미확인","","2024-01-22","","","","","true","Σ dailyNet[2024-01-02..asOf]","","","","unknown","기준일 이후 누락: 누적순매수 미확정","true","false","2024-01-02","2025-12-01","","","available-cumulative","2024-01-02","","","","","","",""
"aligned","US","stock","NVDA","day","USD","investmentTrust","2024-01-23","","주","미확인","","2024-01-23","","","","","true","Σ dailyNet[2024-01-02..asOf]","","","","unknown","기준일 이후 누락: 누적순매수 미확정","true","false","2024-01-02","2025-12-01","","","available-cumulative","2024-01-02","","","","","","",""
"aligned","US","stock","NVDA","day","USD","investmentTrust","2024-01-24","","주","미확인","","2024-01-24","","","","","true","Σ dailyNet[2024-01-02..asOf]","","","","unknown","기준일 이후 누락: 누적순매수 미확정","true","false","2024-01-02","2025-12-01","","","available-cumulative","2024-01-02","","","","","","",""
"aligned","US","stock","NVDA","day","USD","investmentTrust","2024-01-25","","주","미확인","","2024-01-25","","","","","true","Σ dailyNet[2024-01-02..asOf]","","","","unknown","기준일 이후 누락: 누적순매수 미확정","true","false","2024-01-02","2025-12-01","","","available-cumulative","2024-01-02","","","","","","",""
"aligned","US","stock","NVDA","day","USD","investmentTrust","2024-01-26","","주","미확인","","2024-01-26","","","","","true","Σ dailyNet[2024-01-02..asOf]","","","","unknown","기준일 이후 누락: 누적순매수 미확정","true","false","2024-01-02","2025-12-01","","","available-cumulative","2024-01-02","","","","","","",""
"aligned","US","stock","NVDA","day","USD","investmentTrust","2024-01-29","","주","미확인","","2024-01-29","","","","","true","Σ dailyNet[2024-01-02..asOf]","","","","unknown","기준일 이후 누락: 누적순매수 미확정","true","false","2024-01-02","2025-12-01","","","available-cumulative","2024-01-02","","","","","","",""
"aligned","US","stock","NVDA","day","USD","investmentTrust","2024-01-30","","주","미확인","","2024-01-30","","","","","true","Σ dailyNet[2024-01-02..asOf]","","","","unknown","기준일 이후 누락: 누적순매수 미확정","true","false","2024-01-02","2025-12-01","","","available-cumulative","2024-01-02","","","","","","",""
"aligned","US","stock","NVDA","day","USD","investmentTrust","2024-01-31","","주","미확인","","2024-01-31","","","","","true","Σ dailyNet[2024-01-02..asOf]","","","","unknown","기준일 이후 누락: 누적순매수 미확정","true","false","2024-01-02","2025-12-01","","","available-cumulative","2024-01-02","","","","","","",""
"aligned","US","stock","NVDA","day","USD","investmentTrust","2024-02-01","","주","미확인","","2024-02-01","","","","","true","Σ dailyNet[2024-01-02..asOf]","","","","unknown","기준일 이후 누락: 누적순매수 미확정","true","false","2024-01-02","2025-12-01","","","available-cumulative","2024-01-02","","","","","","",""
"aligned","US","stock","NVDA","day","USD","investmentTrust","2024-02-02","","주","미확인","","2024-02-02","","","","","true","Σ dailyNet[2024-01-02..asOf]","","","","unknown","기준일 이후 누락: 누적순매수 미확정","true","false","2024-01-02","2025-12-01","","","available-cumulative","2024-01-02","","","","","","",""
"aligned","US","stock","NVDA","day","USD","investmentTrust","2024-02-05","","주","미확인","","2024-02-05","","","","","true","Σ dailyNet[2024-01-02..asOf]","","","","unknown","기준일 이후 누락: 누적순매수 미확정","true","false","2024-01-02","2025-12-01","","","available-cumulative","2024-01-02","","","","","","",""
"aligned","US","stock","NVDA","day","USD","investmentTrust","2024-02-06","","주","미확인","","2024-02-06","","","","","true","Σ dailyNet[2024-01-02..asOf]","","","","unknown","기준일 이후 누락: 누적순매수 미확정","true","false","2024-01-02","2025-12-01","","","available-cumulative","2024-01-02","","","","","","",""
"aligned","US","stock","NVDA","day","USD","investmentTrust","2024-02-07","","주","미확인","","2024-02-07","","","","","true","Σ dailyNet[2024-01-02..asOf]","","","","unknown","기준일 이후 누락: 누적순매수 미확정","true","false","2024-01-02","2025-12-01","","","available-cumulative","2024-01-02","","","","","","",""
"aligned","US","stock","NVDA","day","USD","investmentTrust","2024-02-08","","주","미확인","","2024-02-08","","","","","true","Σ dailyNet[2024-01-02..asOf]","","","","unknown","기준일 이후 누락: 누적순매수 미확정","true","false","2024-01-02","2025-12-01","","","available-cumulative","2024-01-02","","","","","","",""
"aligned","US","stock","NVDA","day","USD","investmentTrust","2024-02-09","","주","미확인","","2024-02-09","","","","","true","Σ dailyNet[2024-01-02..asOf]","","","","unknown","기준일 이후 누락: 누적순매수 미확정","true","false","2024-01-02","2025-12-01","","","available-cumulative","2024-01-02","","","","","","",""
"aligned","US","stock","NVDA","day","USD","investmentTrust","2024-02-12","","주","미확인","","2024-02-12","","","","","true","Σ dailyNet[2024-01-02..asOf]","","","","unknown","기준일 이후 누락: 누적순매수 미확정","true","false","2024-01-02","2025-12-01","","","available-cumulative","2024-01-02","","","","","","",""
"aligned","US","stock","NVDA","day","USD","investmentTrust","2024-02-13","","주","미확인","","2024-02-13","","","","","true","Σ dailyNet[2024-01-02..asOf]","","","","unknown","기준일 이후 누락: 누적순매수 미확정","true","false","2024-01-02","2025-12-01","","","available-cumulative","2024-01-02","","","","","","",""
"aligned","US","stock","NVDA","day","USD","investmentTrust","2024-02-14","","주","미확인","","2024-02-14","","","","","true","Σ dailyNet[2024-01-02..asOf]","","","","unknown","기준일 이후 누락: 누적순매수 미확정","true","false","2024-01-02","2025-12-01","","","available-cumulative","2024-01-02","","","","","","",""
"aligned","US","stock","NVDA","day","USD","investmentTrust","2024-02-15","","주","미확인","","2024-02-15","","","","","true","Σ dailyNet[2024-01-02..asOf]","","","","unknown","기준일 이후 누락: 누적순매수 미확정","true","false","2024-01-02","2025-12-01","","","available-cumulative","2024-01-02","","","","","","",""
"aligned","US","stock","NVDA","day","USD","investmentTrust","2024-02-16","","주","미확인","","2024-02-16","","","","","true","Σ dailyNet[2024-01-02..asOf]","","","","unknown","기준일 이후 누락: 누적순매수 미확정","true","false","2024-01-02","2025-12-01","","","available-cumulative","2024-01-02","","","","","","",""
"aligned","US","stock","NVDA","day","USD","investmentTrust","2024-02-19","","주","미확인","","2024-02-19","","","","","true","Σ dailyNet[2024-01-02..asOf]","","","","unknown","기준일 이후 누락: 누적순매수 미확정","true","false","2024-01-02","2025-12-01","","","available-cumulative","2024-01-02","","","","","","",""
"aligned","US","stock","NVDA","day","USD","investmentTrust","2024-02-20","","주","미확인","","2024-02-20","","","","","true","Σ dailyNet[2024-01-02..asOf]","","","","unknown","기준일 이후 누락: 누적순매수 미확정","true","false","2024-01-02","2025-12-01","","","available-cumulative","2024-01-02","","","","","","",""
"aligned","US","stock","NVDA","day","USD","investmentTrust","2024-02-21","","주","미확인","","2024-02-21","","","","","true","Σ dailyNet[2024-01-02..asOf]","","","","unknown","기준일 이후 누락: 누적순매수 미확정","true","false","2024-01-02","2025-12-01","","","available-cumulative","2024-01-02","","","","","","",""
"aligned","US","stock","NVDA","day","USD","investmentTrust","2024-02-22","","주","미확인","","2024-02-22","","","","","true","Σ dailyNet[2024-01-02..asOf]","","","","unknown","기준일 이후 누락: 누적순매수 미확정","true","false","2024-01-02","2025-12-01","","","available-cumulative","2024-01-02","","","","","","",""
"aligned","US","stock","NVDA","day","USD","investmentTrust","2024-02-23","","주","미확인","","2024-02-23","","","","","true","Σ dailyNet[2024-01-02..asOf]","","","","unknown","기준일 이후 누락: 누적순매수 미확정","true","false","2024-01-02","2025-12-01","","","available-cumulative","2024-01-02","","","","","","",""
"aligned","US","stock","NVDA","day","USD","investmentTrust","2024-02-26","","주","미확인","","2024-02-26","","","","","true","Σ dailyNet[2024-01-02..asOf]","","","","unknown","기준일 이후 누락: 누적순매수 미확정","true","false","2024-01-02","2025-12-01","","","available-cumulative","2024-01-02","","","","","","",""
"aligned","US","stock","NVDA","day","USD","investmentTrust","2024-02-27","","주","미확인","","2024-02-27","","","","","true","Σ dailyNet[2024-01-02..asOf]","","","","unknown","기준일 이후 누락: 누적순매수 미확정","true","false","2024-01-02","2025-12-01","","","available-cumulative","2024-01-02","","","","","","",""
"aligned","US","stock","NVDA","day","USD","investmentTrust","2024-02-28","","주","미확인","","2024-02-28","","","","","true","Σ dailyNet[2024-01-02..asOf]","","","","unknown","기준일 이후 누락: 누적순매수 미확정","true","false","2024-01-02","2025-12-01","","","available-cumulative","2024-01-02","","","","","","",""
"aligned","US","stock","NVDA","day","USD","investmentTrust","2024-02-29","","주","미확인","","2024-02-29","","","","","true","Σ dailyNet[2024-01-02..asOf]","","","","unknown","기준일 이후 누락: 누적순매수 미확정","true","false","2024-01-02","2025-12-01","","","available-cumulative","2024-01-02","","","","","","",""
"aligned","US","stock","NVDA","day","USD","investmentTrust","2024-03-01","","주","미확인","","2024-03-01","","","","","true","Σ dailyNet[2024-01-02..asOf]","","","","unknown","기준일 이후 누락: 누적순매수 미확정","true","false","2024-01-02","2025-12-01","","","available-cumulative","2024-01-02","","","","","","",""
"aligned","US","stock","NVDA","day","USD","investmentTrust","2024-03-04","","주","미확인","","2024-03-04","","","","","true","Σ dailyNet[2024-01-02..asOf]","","","","unknown","기준일 이후 누락: 누적순매수 미확정","true","false","2024-01-02","2025-12-01","","","available-cumulative","2024-01-02","","","","","","",""
"aligned","US","stock","NVDA","day","USD","investmentTrust","2024-03-05","","주","미확인","","2024-03-05","","","","","true","Σ dailyNet[2024-01-02..asOf]","","","","unknown","기준일 이후 누락: 누적순매수 미확정","true","false","2024-01-02","2025-12-01","","","available-cumulative","2024-01-02","","","","","","",""
"aligned","US","stock","NVDA","day","USD","investmentTrust","2024-03-06","","주","미확인","","2024-03-06","","","","","true","Σ dailyNet[2024-01-02..asOf]","","","","unknown","기준일 이후 누락: 누적순매수 미확정","true","false","2024-01-02","2025-12-01","","","available-cumulative","2024-01-02","","","","","","",""
"aligned","US","stock","NVDA","day","USD","investmentTrust","2024-03-07","","주","미확인","","2024-03-07","","","","","true","Σ dailyNet[2024-01-02..asOf]","","","","unknown","기준일 이후 누락: 누적순매수 미확정","true","false","2024-01-02","2025-12-01","","","available-cumulative","2024-01-02","","","","","","",""
"aligned","US","stock","NVDA","day","USD","investmentTrust","2024-03-08","","주","미확인","","2024-03-08","","","","","true","Σ dailyNet[2024-01-02..asOf]","","","","unknown","기준일 이후 누락: 누적순매수 미확정","true","false","2024-01-02","2025-12-01","","","available-cumulative","2024-01-02","","","","","","",""
"aligned","US","stock","NVDA","day","USD","investmentTrust","2024-03-11","","주","미확인","","2024-03-11","","","","","true","Σ dailyNet[2024-01-02..asOf]","","","","unknown","기준일 이후 누락: 누적순매수 미확정","true","false","2024-01-02","2025-12-01","","","available-cumulative","2024-01-02","","","","","","",""
"aligned","US","stock","NVDA","day","USD","investmentTrust","2024-03-12","","주","미확인","","2024-03-12","","","","","true","Σ dailyNet[2024-01-02..asOf]","","","","unknown","기준일 이후 누락: 누적순매수 미확정","true","false","2024-01-02","2025-12-01","","","available-cumulative","2024-01-02","","","","","","",""
"aligned","US","stock","NVDA","day","USD","investmentTrust","2024-03-13","","주","미확인","","2024-03-13","","","","","true","Σ dailyNet[2024-01-02..asOf]","","","","unknown","기준일 이후 누락: 누적순매수 미확정","true","false","2024-01-02","2025-12-01","","","available-cumulative","2024-01-02","","","","","","",""
"aligned","US","stock","NVDA","day","USD","investmentTrust","2024-03-14","","주","미확인","","2024-03-14","","","","","true","Σ dailyNet[2024-01-02..asOf]","","","","unknown","기준일 이후 누락: 누적순매수 미확정","true","false","2024-01-02","2025-12-01","","","available-cumulative","2024-01-02","","","","","","",""
"aligned","US","stock","NVDA","day","USD","investmentTrust","2024-03-15","","주","미확인","","2024-03-15","","","","","true","Σ dailyNet[2024-01-02..asOf]","","","","unknown","기준일 이후 누락: 누적순매수 미확정","true","false","2024-01-02","2025-12-01","","","available-cumulative","2024-01-02","","","","","","",""
"aligned","US","stock","NVDA","day","USD","investmentTrust","2024-03-18","","주","미확인","","2024-03-18","","","","","true","Σ dailyNet[2024-01-02..asOf]","","","","unknown","기준일 이후 누락: 누적순매수 미확정","true","false","2024-01-02","2025-12-01","","","available-cumulative","2024-01-02","","","","","","",""
"aligned","US","stock","NVDA","day","USD","investmentTrust","2024-03-19","","주","미확인","","2024-03-19","","","","","true","Σ dailyNet[2024-01-02..asOf]","","","","unknown","기준일 이후 누락: 누적순매수 미확정","true","false","2024-01-02","2025-12-01","","","available-cumulative","2024-01-02","","","","","","",""
"aligned","US","stock","NVDA","day","USD","investmentTrust","2024-03-20","","주","미확인","","2024-03-20","","","","","true","Σ dailyNet[2024-01-02..asOf]","","","","unknown","기준일 이후 누락: 누적순매수 미확정","true","false","2024-01-02","2025-12-01","","","available-cumulative","2024-01-02","","","","","","",""
"aligned","US","stock","NVDA","day","USD","investmentTrust","2024-03-21","","주","미확인","","2024-03-21","","","","","true","Σ dailyNet[2024-01-02..asOf]","","","","unknown","기준일 이후 누락: 누적순매수 미확정","true","false","2024-01-02","2025-12-01","","","available-cumulative","2024-01-02","","","","","","",""
"aligned","US","stock","NVDA","day","USD","investmentTrust","2024-03-22","","주","미확인","","2024-03-22","","","","","true","Σ dailyNet[2024-01-02..asOf]","","","","unknown","기준일 이후 누락: 누적순매수 미확정","true","false","2024-01-02","2025-12-01","","","available-cumulative","2024-01-02","","","","","","",""
"aligned","US","stock","NVDA","day","USD","investmentTrust","2024-03-25","","주","미확인","","2024-03-25","","","","","true","Σ dailyNet[2024-01-02..asOf]","","","","unknown","기준일 이후 누락: 누적순매수 미확정","true","false","2024-01-02","2025-12-01","","","available-cumulative","2024-01-02","","","","","","",""
"aligned","US","stock","NVDA","day","USD","investmentTrust","2024-03-26","","주","미확인","","2024-03-26","","","","","true","Σ dailyNet[2024-01-02..asOf]","","","","unknown","기준일 이후 누락: 누적순매수 미확정","true","false","2024-01-02","2025-12-01","","","available-cumulative","2024-01-02","","","","","","",""
"aligned","US","stock","NVDA","day","USD","investmentTrust","2024-03-27","","주","미확인","","2024-03-27","","","","","true","Σ dailyNet[2024-01-02..asOf]","","","","unknown","기준일 이후 누락: 누적순매수 미확정","true","false","2024-01-02","2025-12-01","","","available-cumulative","2024-01-02","","","","","","",""
"aligned","US","stock","NVDA","day","USD","investmentTrust","2024-03-28","","주","미확인","","2024-03-28","","","","","true","Σ dailyNet[2024-01-02..asOf]","","","","unknown","기준일 이후 누락: 누적순매수 미확정","true","false","2024-01-02","2025-12-01","","","available-cumulative","2024-01-02","","","","","","",""
"aligned","US","stock","NVDA","day","USD","investmentTrust","2024-03-29","","주","미확인","","2024-03-29","","","","","true","Σ dailyNet[2024-01-02..asOf]","","","","unknown","기준일 이후 누락: 누적순매수 미확정","true","false","2024-01-02","2025-12-01","","","available-cumulative","2024-01-02","","","","","","",""
"aligned","US","stock","NVDA","day","USD","investmentTrust","2024-04-01","","주","미확인","","2024-04-01","","","","","true","Σ dailyNet[2024-01-02..asOf]","","","","unknown","기준일 이후 누락: 누적순매수 미확정","true","false","2024-01-02","2025-12-01","","","available-cumulative","2024-01-02","","","","","","",""
"aligned","US","stock","NVDA","day","USD","investmentTrust","2024-04-02","","주","미확인","","2024-04-02","","","","","true","Σ dailyNet[2024-01-02..asOf]","","","","unknown","기준일 이후 누락: 누적순매수 미확정","true","false","2024-01-02","2025-12-01","","","available-cumulative","2024-01-02","","","","","","",""
"aligned","US","stock","NVDA","day","USD","investmentTrust","2024-04-03","","주","미확인","","2024-04-03","","","","","true","Σ dailyNet[2024-01-02..asOf]","","","","unknown","기준일 이후 누락: 누적순매수 미확정","true","false","2024-01-02","2025-12-01","","","available-cumulative","2024-01-02","","","","","","",""
"aligned","US","stock","NVDA","day","USD","investmentTrust","2024-04-04","","주","미확인","","2024-04-04","","","","","true","Σ dailyNet[2024-01-02..asOf]","","","","unknown","기준일 이후 누락: 누적순매수 미확정","true","false","2024-01-02","2025-12-01","","","available-cumulative","2024-01-02","","","","","","",""
"aligned","US","stock","NVDA","day","USD","investmentTrust","2024-04-05","","주","미확인","","2024-04-05","","","","","true","Σ dailyNet[2024-01-02..asOf]","","","","unknown","기준일 이후 누락: 누적순매수 미확정","true","false","2024-01-02","2025-12-01","","","available-cumulative","2024-01-02","","","","","","",""
"aligned","US","stock","NVDA","day","USD","investmentTrust","2024-04-08","","주","미확인","","2024-04-08","","","","","true","Σ dailyNet[2024-01-02..asOf]","","","","unknown","기준일 이후 누락: 누적순매수 미확정","true","false","2024-01-02","2025-12-01","","","available-cumulative","2024-01-02","","","","","","",""
"aligned","US","stock","NVDA","day","USD","investmentTrust","2024-04-09","","주","미확인","","2024-04-09","","","","","true","Σ dailyNet[2024-01-02..asOf]","","","","unknown","기준일 이후 누락: 누적순매수 미확정","true","false","2024-01-02","2025-12-01","","","available-cumulative","2024-01-02","","","","","","",""
"aligned","US","stock","NVDA","day","USD","investmentTrust","2024-04-10","","주","미확인","","2024-04-10","","","","","true","Σ dailyNet[2024-01-02..asOf]","","","","unknown","기준일 이후 누락: 누적순매수 미확정","true","false","2024-01-02","2025-12-01","","","available-cumulative","2024-01-02","","","","","","",""
"aligned","US","stock","NVDA","day","USD","investmentTrust","2024-04-11","","주","미확인","","2024-04-11","","","","","true","Σ dailyNet[2024-01-02..asOf]","","","","unknown","기준일 이후 누락: 누적순매수 미확정","true","false","2024-01-02","2025-12-01","","","available-cumulative","2024-01-02","","","","","","",""
"aligned","US","stock","NVDA","day","USD","investmentTrust","2024-04-12","","주","미확인","","2024-04-12","","","","","true","Σ dailyNet[2024-01-02..asOf]","","","","unknown","기준일 이후 누락: 누적순매수 미확정","true","false","2024-01-02","2025-12-01","","","available-cumulative","2024-01-02","","","","","","",""
"aligned","US","stock","NVDA","day","USD","investmentTrust","2024-04-15","","주","미확인","","2024-04-15","","","","","true","Σ dailyNet[2024-01-02..asOf]","","","","unknown","기준일 이후 누락: 누적순매수 미확정","true","false","2024-01-02","2025-12-01","","","available-cumulative","2024-01-02","","","","","","",""
"aligned","US","stock","NVDA","day","USD","investmentTrust","2024-04-16","","주","미확인","","2024-04-16","","","","","true","Σ dailyNet[2024-01-02..asOf]","","","","unknown","기준일 이후 누락: 누적순매수 미확정","true","false","2024-01-02","2025-12-01","","","available-cumulative","2024-01-02","","","","","","",""
"aligned","US","stock","NVDA","day","USD","investmentTrust","2024-04-17","","주","미확인","","2024-04-17","","","","","true","Σ dailyNet[2024-01-02..asOf]","","","","unknown","기준일 이후 누락: 누적순매수 미확정","true","false","2024-01-02","2025-12-01","","","available-cumulative","2024-01-02","","","","","","",""
"aligned","US","stock","NVDA","day","USD","investmentTrust","2024-04-18","","주","미확인","","2024-04-18","","","","","true","Σ dailyNet[2024-01-02..asOf]","","","","unknown","기준일 이후 누락: 누적순매수 미확정","true","false","2024-01-02","2025-12-01","","","available-cumulative","2024-01-02","","","","","","",""
"aligned","US","stock","NVDA","day","USD","investmentTrust","2024-04-19","","주","미확인","","2024-04-19","","","","","true","Σ dailyNet[2024-01-02..asOf]","","","","unknown","기준일 이후 누락: 누적순매수 미확정","true","false","2024-01-02","2025-12-01","","","available-cumulative","2024-01-02","","","","","","",""
"aligned","US","stock","NVDA","day","USD","investmentTrust","2024-04-22","","주","미확인","","2024-04-22","","","","","true","Σ dailyNet[2024-01-02..asOf]","","","","unknown","기준일 이후 누락: 누적순매수 미확정","true","false","2024-01-02","2025-12-01","","","available-cumulative","2024-01-02","","","","","","",""
"aligned","US","stock","NVDA","day","USD","investmentTrust","2024-04-23","","주","미확인","","2024-04-23","","","","","true","Σ dailyNet[2024-01-02..asOf]","","","","unknown","기준일 이후 누락: 누적순매수 미확정","true","false","2024-01-02","2025-12-01","","","available-cumulative","2024-01-02","","","","","","",""
"aligned","US","stock","NVDA","day","USD","investmentTrust","2024-04-24","","주","미확인","","2024-04-24","","","","","true","Σ dailyNet[2024-01-02..asOf]","","","","unknown","기준일 이후 누락: 누적순매수 미확정","true","false","2024-01-02","2025-12-01","","","available-cumulative","2024-01-02","","","","","","",""
"aligned","US","stock","NVDA","day","USD","investmentTrust","2024-04-25","","주","미확인","","2024-04-25","","","","","true","Σ dailyNet[2024-01-02..asOf]","","","","unknown","기준일 이후 누락: 누적순매수 미확정","true","false","2024-01-02","2025-12-01","","","available-cumulative","2024-01-02","","","","","","",""
"aligned","US","stock","NVDA","day","USD","investmentTrust","2024-04-26","","주","미확인","","2024-04-26","","","","","true","Σ dailyNet[2024-01-02..asOf]","","","","unknown","기준일 이후 누락: 누적순매수 미확정","true","false","2024-01-02","2025-12-01","","","available-cumulative","2024-01-02","","","","","","",""
"aligned","US","stock","NVDA","day","USD","investmentTrust","2024-04-29","","주","미확인","","2024-04-29","","","","","true","Σ dailyNet[2024-01-02..asOf]","","","","unknown","기준일 이후 누락: 누적순매수 미확정","true","false","2024-01-02","2025-12-01","","","available-cumulative","2024-01-02","","","","","","",""
"aligned","US","stock","NVDA","day","USD","investmentTrust","2024-04-30","","주","미확인","","2024-04-30","","","","","true","Σ dailyNet[2024-01-02..asOf]","","","","unknown","기준일 이후 누락: 누적순매수 미확정","true","false","2024-01-02","2025-12-01","","","available-cumulative","2024-01-02","","","","","","",""
"aligned","US","stock","NVDA","day","USD","investmentTrust","2024-05-01","","주","미확인","","2024-05-01","","","","","true","Σ dailyNet[2024-01-02..asOf]","","","","unknown","기준일 이후 누락: 누적순매수 미확정","true","false","2024-01-02","2025-12-01","","","available-cumulative","2024-01-02","","","","","","",""
"aligned","US","stock","NVDA","day","USD","investmentTrust","2024-05-02","","주","미확인","","2024-05-02","","","","","true","Σ dailyNet[2024-01-02..asOf]","","","","unknown","기준일 이후 누락: 누적순매수 미확정","true","false","2024-01-02","2025-12-01","","","available-cumulative","2024-01-02","","","","","","",""
"aligned","US","stock","NVDA","day","USD","investmentTrust","2024-05-03","","주","미확인","","2024-05-03","","","","","true","Σ dailyNet[2024-01-02..asOf]","","","","unknown","기준일 이후 누락: 누적순매수 미확정","true","false","2024-01-02","2025-12-01","","","available-cumulative","2024-01-02","","","","","","",""
"aligned","US","stock","NVDA","day","USD","investmentTrust","2024-05-06","","주","미확인","","2024-05-06","","","","","true","Σ dailyNet[2024-01-02..asOf]","","","","unknown","기준일 이후 누락: 누적순매수 미확정","true","false","2024-01-02","2025-12-01","","","available-cumulative","2024-01-02","","","","","","",""
"aligned","US","stock","NVDA","day","USD","investmentTrust","2024-05-07","","주","미확인","","2024-05-07","","","","","true","Σ dailyNet[2024-01-02..asOf]","","","","unknown","기준일 이후 누락: 누적순매수 미확정","true","false","2024-01-02","2025-12-01","","","available-cumulative","2024-01-02","","","","","","",""
"aligned","US","stock","NVDA","day","USD","investmentTrust","2024-05-08","","주","미확인","","2024-05-08","","","","","true","Σ dailyNet[2024-01-02..asOf]","","","","unknown","기준일 이후 누락: 누적순매수 미확정","true","false","2024-01-02","2025-12-01","","","available-cumulative","2024-01-02","","","","","","",""
"aligned","US","stock","NVDA","day","USD","investmentTrust","2024-05-09","","주","미확인","","2024-05-09","","","","","true","Σ dailyNet[2024-01-02..asOf]","","","","unknown","기준일 이후 누락: 누적순매수 미확정","true","false","2024-01-02","2025-12-01","","","available-cumulative","2024-01-02","","","","","","",""
"aligned","US","stock","NVDA","day","USD","investmentTrust","2024-05-10","","주","미확인","","2024-05-10","","","","","true","Σ dailyNet[2024-01-02..asOf]","","","","unknown","기준일 이후 누락: 누적순매수 미확정","true","false","2024-01-02","2025-12-01","","","available-cumulative","2024-01-02","","","","","","",""
"aligned","US","stock","NVDA","day","USD","investmentTrust","2024-05-13","","주","미확인","","2024-05-13","","","","","true","Σ dailyNet[2024-01-02..asOf]","","","","unknown","기준일 이후 누락: 누적순매수 미확정","true","false","2024-01-02","2025-12-01","","","available-cumulative","2024-01-02","","","","","","",""
"aligned","US","stock","NVDA","day","USD","investmentTrust","2024-05-14","","주","미확인","","2024-05-14","","","","","true","Σ dailyNet[2024-01-02..asOf]","","","","unknown","기준일 이후 누락: 누적순매수 미확정","true","false","2024-01-02","2025-12-01","","","available-cumulative","2024-01-02","","","","","","",""
"aligned","US","stock","NVDA","day","USD","investmentTrust","2024-05-15","","주","미확인","","2024-05-15","","","","","true","Σ dailyNet[2024-01-02..asOf]","","","","unknown","기준일 이후 누락: 누적순매수 미확정","true","false","2024-01-02","2025-12-01","","","available-cumulative","2024-01-02","","","","","","",""
"aligned","US","stock","NVDA","day","USD","investmentTrust","2024-05-16","","주","미확인","","2024-05-16","","","","","true","Σ dailyNet[2024-01-02..asOf]","","","","unknown","기준일 이후 누락: 누적순매수 미확정","true","false","2024-01-02","2025-12-01","","","available-cumulative","2024-01-02","","","","","","",""
"aligned","US","stock","NVDA","day","USD","investmentTrust","2024-05-17","","주","미확인","","2024-05-17","","","","","true","Σ dailyNet[2024-01-02..asOf]","","","","unknown","기준일 이후 누락: 누적순매수 미확정","true","false","2024-01-02","2025-12-01","","","available-cumulative","2024-01-02","","","","","","",""
"aligned","US","stock","NVDA","day","USD","investmentTrust","2024-05-20","","주","미확인","","2024-05-20","","","","","true","Σ dailyNet[2024-01-02..asOf]","","","","unknown","기준일 이후 누락: 누적순매수 미확정","true","false","2024-01-02","2025-12-01","","","available-cumulative","2024-01-02","","","","","","",""
"aligned","US","stock","NVDA","day","USD","investmentTrust","2024-05-21","","주","미확인","","2024-05-21","","","","","true","Σ dailyNet[2024-01-02..asOf]","","","","unknown","기준일 이후 누락: 누적순매수 미확정","true","false","2024-01-02","2025-12-01","","","available-cumulative","2024-01-02","","","","","","",""
"aligned","US","stock","NVDA","day","USD","investmentTrust","2024-05-22","","주","미확인","","2024-05-22","","","","","true","Σ dailyNet[2024-01-02..asOf]","","","","unknown","기준일 이후 누락: 누적순매수 미확정","true","false","2024-01-02","2025-12-01","","","available-cumulative","2024-01-02","","","","","","",""
"aligned","US","stock","NVDA","day","USD","investmentTrust","2024-05-23","","주","미확인","","2024-05-23","","","","","true","Σ dailyNet[2024-01-02..asOf]","","","","unknown","기준일 이후 누락: 누적순매수 미확정","true","false","2024-01-02","2025-12-01","","","available-cumulative","2024-01-02","","","","","","",""
"aligned","US","stock","NVDA","day","USD","investmentTrust","2024-05-24","","주","미확인","","2024-05-24","","","","","true","Σ dailyNet[2024-01-02..asOf]","","","","unknown","기준일 이후 누락: 누적순매수 미확정","true","false","2024-01-02","2025-12-01","","","available-cumulative","2024-01-02","","","","","","",""
"aligned","US","stock","NVDA","day","USD","investmentTrust","2024-05-27","","주","미확인","","2024-05-27","","","","","true","Σ dailyNet[2024-01-02..asOf]","","","","unknown","기준일 이후 누락: 누적순매수 미확정","true","false","2024-01-02","2025-12-01","","","available-cumulative","2024-01-02","","","","","","",""
"aligned","US","stock","NVDA","day","USD","investmentTrust","2024-05-28","","주","미확인","","2024-05-28","","","","","true","Σ dailyNet[2024-01-02..asOf]","","","","unknown","기준일 이후 누락: 누적순매수 미확정","true","false","2024-01-02","2025-12-01","","","available-cumulative","2024-01-02","","","","","","",""
"aligned","US","stock","NVDA","day","USD","investmentTrust","2024-05-29","","주","미확인","","2024-05-29","","","","","true","Σ dailyNet[2024-01-02..asOf]","","","","unknown","기준일 이후 누락: 누적순매수 미확정","true","false","2024-01-02","2025-12-01","","","available-cumulative","2024-01-02","","","","","","",""
"aligned","US","stock","NVDA","day","USD","investmentTrust","2024-05-30","","주","미확인","","2024-05-30","","","","","true","Σ dailyNet[2024-01-02..asOf]","","","","unknown","기준일 이후 누락: 누적순매수 미확정","true","false","2024-01-02","2025-12-01","","","available-cumulative","2024-01-02","","","","","","",""
"aligned","US","stock","NVDA","day","USD","investmentTrust","2024-05-31","","주","미확인","","2024-05-31","","","","","true","Σ dailyNet[2024-01-02..asOf]","","","","unknown","기준일 이후 누락: 누적순매수 미확정","true","false","2024-01-02","2025-12-01","","","available-cumulative","2024-01-02","","","","","","",""
"aligned","US","stock","NVDA","day","USD","investmentTrust","2024-06-03","","주","미확인","","2024-06-03","","","","","true","Σ dailyNet[2024-01-02..asOf]","","","","unknown","기준일 이후 누락: 누적순매수 미확정","true","false","2024-01-02","2025-12-01","","","available-cumulative","2024-01-02","","","","","","",""
"aligned","US","stock","NVDA","day","USD","investmentTrust","2024-06-04","","주","미확인","","2024-06-04","","","","","true","Σ dailyNet[2024-01-02..asOf]","","","","unknown","기준일 이후 누락: 누적순매수 미확정","true","false","2024-01-02","2025-12-01","","","available-cumulative","2024-01-02","","","","","","",""
"aligned","US","stock","NVDA","day","USD","investmentTrust","2024-06-05","","주","미확인","","2024-06-05","","","","","true","Σ dailyNet[2024-01-02..asOf]","","","","unknown","기준일 이후 누락: 누적순매수 미확정","true","false","2024-01-02","2025-12-01","","","available-cumulative","2024-01-02","","","","","","",""
"aligned","US","stock","NVDA","day","USD","investmentTrust","2024-06-06","","주","미확인","","2024-06-06","","","","","true","Σ dailyNet[2024-01-02..asOf]","","","","unknown","기준일 이후 누락: 누적순매수 미확정","true","false","2024-01-02","2025-12-01","","","available-cumulative","2024-01-02","","","","","","",""
"aligned","US","stock","NVDA","day","USD","investmentTrust","2024-06-07","","주","미확인","","2024-06-07","","","","","true","Σ dailyNet[2024-01-02..asOf]","","","","unknown","기준일 이후 누락: 누적순매수 미확정","true","false","2024-01-02","2025-12-01","","","available-cumulative","2024-01-02","","","","","","",""
"aligned","US","stock","NVDA","day","USD","investmentTrust","2024-06-10","","주","미확인","","2024-06-10","","","","","true","Σ dailyNet[2024-01-02..asOf]","","","","unknown","기준일 이후 누락: 누적순매수 미확정","true","false","2024-01-02","2025-12-01","","","available-cumulative","2024-01-02","","","","","","",""
"aligned","US","stock","NVDA","day","USD","investmentTrust","2024-06-11","","주","미확인","","2024-06-11","","","","","true","Σ dailyNet[2024-01-02..asOf]","","","","unknown","기준일 이후 누락: 누적순매수 미확정","true","false","2024-01-02","2025-12-01","","","available-cumulative","2024-01-02","","","","","","",""
"aligned","US","stock","NVDA","day","USD","investmentTrust","2024-06-12","","주","미확인","","2024-06-12","","","","","true","Σ dailyNet[2024-01-02..asOf]","","","","unknown","기준일 이후 누락: 누적순매수 미확정","true","false","2024-01-02","2025-12-01","","","available-cumulative","2024-01-02","","","","","","",""
"aligned","US","stock","NVDA","day","USD","investmentTrust","2024-06-13","","주","미확인","","2024-06-13","","","","","true","Σ dailyNet[2024-01-02..asOf]","","","","unknown","기준일 이후 누락: 누적순매수 미확정","true","false","2024-01-02","2025-12-01","","","available-cumulative","2024-01-02","","","","","","",""
"aligned","US","stock","NVDA","day","USD","investmentTrust","2024-06-14","","주","미확인","","2024-06-14","","","","","true","Σ dailyNet[2024-01-02..asOf]","","","","unknown","기준일 이후 누락: 누적순매수 미확정","true","false","2024-01-02","2025-12-01","","","available-cumulative","2024-01-02","","","","","","",""
"aligned","US","stock","NVDA","day","USD","investmentTrust","2024-06-17","","주","미확인","","2024-06-17","","","","","true","Σ dailyNet[2024-01-02..asOf]","","","","unknown","기준일 이후 누락: 누적순매수 미확정","true","false","2024-01-02","2025-12-01","","","available-cumulative","2024-01-02","","","","","","",""
"aligned","US","stock","NVDA","day","USD","investmentTrust","2024-06-18","","주","미확인","","2024-06-18","","","","","true","Σ dailyNet[2024-01-02..asOf]","","","","unknown","기준일 이후 누락: 누적순매수 미확정","true","false","2024-01-02","2025-12-01","","","available-cumulative","2024-01-02","","","","","","",""
"aligned","US","stock","NVDA","day","USD","investmentTrust","2024-06-19","","주","미확인","","2024-06-19","","","","","true","Σ dailyNet[2024-01-02..asOf]","","","","unknown","기준일 이후 누락: 누적순매수 미확정","true","false","2024-01-02","2025-12-01","","","available-cumulative","2024-01-02","","","","","","",""
"aligned","US","stock","NVDA","day","USD","investmentTrust","2024-06-20","","주","미확인","","2024-06-20","","","","","true","Σ dailyNet[2024-01-02..asOf]","","","","unknown","기준일 이후 누락: 누적순매수 미확정","true","false","2024-01-02","2025-12-01","","","available-cumulative","2024-01-02","","","","","","",""
"aligned","US","stock","NVDA","day","USD","investmentTrust","2024-06-21","","주","미확인","","2024-06-21","","","","","true","Σ dailyNet[2024-01-02..asOf]","","","","unknown","기준일 이후 누락: 누적순매수 미확정","true","false","2024-01-02","2025-12-01","","","available-cumulative","2024-01-02","","","","","","",""
"aligned","US","stock","NVDA","day","USD","investmentTrust","2024-06-24","","주","미확인","","2024-06-24","","","","","true","Σ dailyNet[2024-01-02..asOf]","","","","unknown","기준일 이후 누락: 누적순매수 미확정","true","false","2024-01-02","2025-12-01","","","available-cumulative","2024-01-02","","","","","","",""
"aligned","US","stock","NVDA","day","USD","investmentTrust","2024-06-25","","주","미확인","","2024-06-25","","","","","true","Σ dailyNet[2024-01-02..asOf]","","","","unknown","기준일 이후 누락: 누적순매수 미확정","true","false","2024-01-02","2025-12-01","","","available-cumulative","2024-01-02","","","","","","",""
"aligned","US","stock","NVDA","day","USD","investmentTrust","2024-06-26","","주","미확인","","2024-06-26","","","","","true","Σ dailyNet[2024-01-02..asOf]","","","","unknown","기준일 이후 누락: 누적순매수 미확정","true","false","2024-01-02","2025-12-01","","","available-cumulative","2024-01-02","","","","","","",""
"aligned","US","stock","NVDA","day","USD","investmentTrust","2024-06-27","","주","미확인","","2024-06-27","","","","","true","Σ dailyNet[2024-01-02..asOf]","","","","unknown","기준일 이후 누락: 누적순매수 미확정","true","false","2024-01-02","2025-12-01","","","available-cumulative","2024-01-02","","","","","","",""
"aligned","US","stock","NVDA","day","USD","investmentTrust","2024-06-28","","주","미확인","","2024-06-28","","","","","true","Σ dailyNet[2024-01-02..asOf]","","","","unknown","기준일 이후 누락: 누적순매수 미확정","true","false","2024-01-02","2025-12-01","","","available-cumulative","2024-01-02","","","","","","",""
"aligned","US","stock","NVDA","day","USD","investmentTrust","2024-07-01","","주","미확인","","2024-07-01","","","","","true","Σ dailyNet[2024-01-02..asOf]","","","","unknown","기준일 이후 누락: 누적순매수 미확정","true","false","2024-01-02","2025-12-01","","","available-cumulative","2024-01-02","","","","","","",""
"aligned","US","stock","NVDA","day","USD","investmentTrust","2024-07-02","","주","미확인","","2024-07-02","","","","","true","Σ dailyNet[2024-01-02..asOf]","","","","unknown","기준일 이후 누락: 누적순매수 미확정","true","false","2024-01-02","2025-12-01","","","available-cumulative","2024-01-02","","","","","","",""
"aligned","US","stock","NVDA","day","USD","investmentTrust","2024-07-03","","주","미확인","","2024-07-03","","","","","true","Σ dailyNet[2024-01-02..asOf]","","","","unknown","기준일 이후 누락: 누적순매수 미확정","true","false","2024-01-02","2025-12-01","","","available-cumulative","2024-01-02","","","","","","",""
"aligned","US","stock","NVDA","day","USD","investmentTrust","2024-07-04","","주","미확인","","2024-07-04","","","","","true","Σ dailyNet[2024-01-02..asOf]","","","","unknown","기준일 이후 누락: 누적순매수 미확정","true","false","2024-01-02","2025-12-01","","","available-cumulative","2024-01-02","","","","","","",""
"aligned","US","stock","NVDA","day","USD","investmentTrust","2024-07-05","","주","미확인","","2024-07-05","","","","","true","Σ dailyNet[2024-01-02..asOf]","","","","unknown","기준일 이후 누락: 누적순매수 미확정","true","false","2024-01-02","2025-12-01","","","available-cumulative","2024-01-02","","","","","","",""
"aligned","US","stock","NVDA","day","USD","investmentTrust","2024-07-08","","주","미확인","","2024-07-08","","","","","true","Σ dailyNet[2024-01-02..asOf]","","","","unknown","기준일 이후 누락: 누적순매수 미확정","true","false","2024-01-02","2025-12-01","","","available-cumulative","2024-01-02","","","","","","",""
"aligned","US","stock","NVDA","day","USD","investmentTrust","2024-07-09","","주","미확인","","2024-07-09","","","","","true","Σ dailyNet[2024-01-02..asOf]","","","","unknown","기준일 이후 누락: 누적순매수 미확정","true","false","2024-01-02","2025-12-01","","","available-cumulative","2024-01-02","","","","","","",""
"aligned","US","stock","NVDA","day","USD","investmentTrust","2024-07-10","","주","미확인","","2024-07-10","","","","","true","Σ dailyNet[2024-01-02..asOf]","","","","unknown","기준일 이후 누락: 누적순매수 미확정","true","false","2024-01-02","2025-12-01","","","available-cumulative","2024-01-02","","","","","","",""
"aligned","US","stock","NVDA","day","USD","investmentTrust","2024-07-11","","주","미확인","","2024-07-11","","","","","true","Σ dailyNet[2024-01-02..asOf]","","","","unknown","기준일 이후 누락: 누적순매수 미확정","true","false","2024-01-02","2025-12-01","","","available-cumulative","2024-01-02","","","","","","",""
"aligned","US","stock","NVDA","day","USD","investmentTrust","2024-07-12","","주","미확인","","2024-07-12","","","","","true","Σ dailyNet[2024-01-02..asOf]","","","","unknown","기준일 이후 누락: 누적순매수 미확정","true","false","2024-01-02","2025-12-01","","","available-cumulative","2024-01-02","","","","","","",""
"aligned","US","stock","NVDA","day","USD","investmentTrust","2024-07-15","","주","미확인","","2024-07-15","","","","","true","Σ dailyNet[2024-01-02..asOf]","","","","unknown","기준일 이후 누락: 누적순매수 미확정","true","false","2024-01-02","2025-12-01","","","available-cumulative","2024-01-02","","","","","","",""
"aligned","US","stock","NVDA","day","USD","investmentTrust","2024-07-16","","주","미확인","","2024-07-16","","","","","true","Σ dailyNet[2024-01-02..asOf]","","","","unknown","기준일 이후 누락: 누적순매수 미확정","true","false","2024-01-02","2025-12-01","","","available-cumulative","2024-01-02","","","","","","",""
"aligned","US","stock","NVDA","day","USD","investmentTrust","2024-07-17","","주","미확인","","2024-07-17","","","","","true","Σ dailyNet[2024-01-02..asOf]","","","","unknown","기준일 이후 누락: 누적순매수 미확정","true","false","2024-01-02","2025-12-01","","","available-cumulative","2024-01-02","","","","","","",""
"aligned","US","stock","NVDA","day","USD","investmentTrust","2024-07-18","","주","미확인","","2024-07-18","","","","","true","Σ dailyNet[2024-01-02..asOf]","","","","unknown","기준일 이후 누락: 누적순매수 미확정","true","false","2024-01-02","2025-12-01","","","available-cumulative","2024-01-02","","","","","","",""
"aligned","US","stock","NVDA","day","USD","investmentTrust","2024-07-19","","주","미확인","","2024-07-19","","","","","true","Σ dailyNet[2024-01-02..asOf]","","","","unknown","기준일 이후 누락: 누적순매수 미확정","true","false","2024-01-02","2025-12-01","","","available-cumulative","2024-01-02","","","","","","",""
"aligned","US","stock","NVDA","day","USD","investmentTrust","2024-07-22","","주","미확인","","2024-07-22","","","","","true","Σ dailyNet[2024-01-02..asOf]","","","","unknown","기준일 이후 누락: 누적순매수 미확정","true","false","2024-01-02","2025-12-01","","","available-cumulative","2024-01-02","","","","","","",""
"aligned","US","stock","NVDA","day","USD","investmentTrust","2024-07-23","","주","미확인","","2024-07-23","","","","","true","Σ dailyNet[2024-01-02..asOf]","","","","unknown","기준일 이후 누락: 누적순매수 미확정","true","false","2024-01-02","2025-12-01","","","available-cumulative","2024-01-02","","","","","","",""
"aligned","US","stock","NVDA","day","USD","investmentTrust","2024-07-24","","주","미확인","","2024-07-24","","","","","true","Σ dailyNet[2024-01-02..asOf]","","","","unknown","기준일 이후 누락: 누적순매수 미확정","true","false","2024-01-02","2025-12-01","","","available-cumulative","2024-01-02","","","","","","",""
"aligned","US","stock","NVDA","day","USD","investmentTrust","2024-07-25","","주","미확인","","2024-07-25","","","","","true","Σ dailyNet[2024-01-02..asOf]","","","","unknown","기준일 이후 누락: 누적순매수 미확정","true","false","2024-01-02","2025-12-01","","","available-cumulative","2024-01-02","","","","","","",""
"aligned","US","stock","NVDA","day","USD","investmentTrust","2024-07-26","","주","미확인","","2024-07-26","","","","","true","Σ dailyNet[2024-01-02..asOf]","","","","unknown","기준일 이후 누락: 누적순매수 미확정","true","false","2024-01-02","2025-12-01","","","available-cumulative","2024-01-02","","","","","","",""
"aligned","US","stock","NVDA","day","USD","investmentTrust","2024-07-29","","주","미확인","","2024-07-29","","","","","true","Σ dailyNet[2024-01-02..asOf]","","","","unknown","기준일 이후 누락: 누적순매수 미확정","true","false","2024-01-02","2025-12-01","","","available-cumulative","2024-01-02","","","","","","",""
"aligned","US","stock","NVDA","day","USD","investmentTrust","2024-07-30","","주","미확인","","2024-07-30","","","","","true","Σ dailyNet[2024-01-02..asOf]","","","","unknown","기준일 이후 누락: 누적순매수 미확정","true","false","2024-01-02","2025-12-01","","","available-cumulative","2024-01-02","","","","","","",""
"aligned","US","stock","NVDA","day","USD","investmentTrust","2024-07-31","","주","미확인","","2024-07-31","","","","","true","Σ dailyNet[2024-01-02..asOf]","","","","unknown","기준일 이후 누락: 누적순매수 미확정","true","false","2024-01-02","2025-12-01","","","available-cumulative","2024-01-02","","","","","","",""
"aligned","US","stock","NVDA","day","USD","investmentTrust","2024-08-01","","주","미확인","","2024-08-01","","","","","true","Σ dailyNet[2024-01-02..asOf]","","","","unknown","기준일 이후 누락: 누적순매수 미확정","true","false","2024-01-02","2025-12-01","","","available-cumulative","2024-01-02","","","","","","",""
"aligned","US","stock","NVDA","day","USD","investmentTrust","2024-08-02","","주","미확인","","2024-08-02","","","","","true","Σ dailyNet[2024-01-02..asOf]","","","","unknown","기준일 이후 누락: 누적순매수 미확정","true","false","2024-01-02","2025-12-01","","","available-cumulative","2024-01-02","","","","","","",""
"aligned","US","stock","NVDA","day","USD","investmentTrust","2024-08-05","","주","미확인","","2024-08-05","","","","","true","Σ dailyNet[2024-01-02..asOf]","","","","unknown","기준일 이후 누락: 누적순매수 미확정","true","false","2024-01-02","2025-12-01","","","available-cumulative","2024-01-02","","","","","","",""
"aligned","US","stock","NVDA","day","USD","investmentTrust","2024-08-06","","주","미확인","","2024-08-06","","","","","true","Σ dailyNet[2024-01-02..asOf]","","","","unknown","기준일 이후 누락: 누적순매수 미확정","true","false","2024-01-02","2025-12-01","","","available-cumulative","2024-01-02","","","","","","",""
"aligned","US","stock","NVDA","day","USD","investmentTrust","2024-08-07","","주","미확인","","2024-08-07","","","","","true","Σ dailyNet[2024-01-02..asOf]","","","","unknown","기준일 이후 누락: 누적순매수 미확정","true","false","2024-01-02","2025-12-01","","","available-cumulative","2024-01-02","","","","","","",""
"aligned","US","stock","NVDA","day","USD","investmentTrust","2024-08-08","","주","미확인","","2024-08-08","","","","","true","Σ dailyNet[2024-01-02..asOf]","","","","unknown","기준일 이후 누락: 누적순매수 미확정","true","false","2024-01-02","2025-12-01","","","available-cumulative","2024-01-02","","","","","","",""
"aligned","US","stock","NVDA","day","USD","investmentTrust","2024-08-09","","주","미확인","","2024-08-09","","","","","true","Σ dailyNet[2024-01-02..asOf]","","","","unknown","기준일 이후 누락: 누적순매수 미확정","true","false","2024-01-02","2025-12-01","","","available-cumulative","2024-01-02","","","","","","",""
"aligned","US","stock","NVDA","day","USD","investmentTrust","2024-08-12","","주","미확인","","2024-08-12","","","","","true","Σ dailyNet[2024-01-02..asOf]","","","","unknown","기준일 이후 누락: 누적순매수 미확정","true","false","2024-01-02","2025-12-01","","","available-cumulative","2024-01-02","","","","","","",""
"aligned","US","stock","NVDA","day","USD","investmentTrust","2024-08-13","","주","미확인","","2024-08-13","","","","","true","Σ dailyNet[2024-01-02..asOf]","","","","unknown","기준일 이후 누락: 누적순매수 미확정","true","false","2024-01-02","2025-12-01","","","available-cumulative","2024-01-02","","","","","","",""
"aligned","US","stock","NVDA","day","USD","investmentTrust","2024-08-14","","주","미확인","","2024-08-14","","","","","true","Σ dailyNet[2024-01-02..asOf]","","","","unknown","기준일 이후 누락: 누적순매수 미확정","true","false","2024-01-02","2025-12-01","","","available-cumulative","2024-01-02","","","","","","",""
"aligned","US","stock","NVDA","day","USD","investmentTrust","2024-08-15","","주","미확인","","2024-08-15","","","","","true","Σ dailyNet[2024-01-02..asOf]","","","","unknown","기준일 이후 누락: 누적순매수 미확정","true","false","2024-01-02","2025-12-01","","","available-cumulative","2024-01-02","","","","","","",""
"aligned","US","stock","NVDA","day","USD","investmentTrust","2024-08-16","","주","미확인","","2024-08-16","","","","","true","Σ dailyNet[2024-01-02..asOf]","","","","unknown","기준일 이후 누락: 누적순매수 미확정","true","false","2024-01-02","2025-12-01","","","available-cumulative","2024-01-02","","","","","","",""
"aligned","US","stock","NVDA","day","USD","investmentTrust","2024-08-19","","주","미확인","","2024-08-19","","","","","true","Σ dailyNet[2024-01-02..asOf]","","","","unknown","기준일 이후 누락: 누적순매수 미확정","true","false","2024-01-02","2025-12-01","","","available-cumulative","2024-01-02","","","","","","",""
"aligned","US","stock","NVDA","day","USD","investmentTrust","2024-08-20","","주","미확인","","2024-08-20","","","","","true","Σ dailyNet[2024-01-02..asOf]","","","","unknown","기준일 이후 누락: 누적순매수 미확정","true","false","2024-01-02","2025-12-01","","","available-cumulative","2024-01-02","","","","","","",""
"aligned","US","stock","NVDA","day","USD","investmentTrust","2024-08-21","","주","미확인","","2024-08-21","","","","","true","Σ dailyNet[2024-01-02..asOf]","","","","unknown","기준일 이후 누락: 누적순매수 미확정","true","false","2024-01-02","2025-12-01","","","available-cumulative","2024-01-02","","","","","","",""
"aligned","US","stock","NVDA","day","USD","investmentTrust","2024-08-22","","주","미확인","","2024-08-22","","","","","true","Σ dailyNet[2024-01-02..asOf]","","","","unknown","기준일 이후 누락: 누적순매수 미확정","true","false","2024-01-02","2025-12-01","","","available-cumulative","2024-01-02","","","","","","",""
"aligned","US","stock","NVDA","day","USD","investmentTrust","2024-08-23","","주","미확인","","2024-08-23","","","","","true","Σ dailyNet[2024-01-02..asOf]","","","","unknown","기준일 이후 누락: 누적순매수 미확정","true","false","2024-01-02","2025-12-01","","","available-cumulative","2024-01-02","","","","","","",""
"aligned","US","stock","NVDA","day","USD","investmentTrust","2024-08-26","","주","미확인","","2024-08-26","","","","","true","Σ dailyNet[2024-01-02..asOf]","","","","unknown","기준일 이후 누락: 누적순매수 미확정","true","false","2024-01-02","2025-12-01","","","available-cumulative","2024-01-02","","","","","","",""
"aligned","US","stock","NVDA","day","USD","investmentTrust","2024-08-27","","주","미확인","","2024-08-27","","","","","true","Σ dailyNet[2024-01-02..asOf]","","","","unknown","기준일 이후 누락: 누적순매수 미확정","true","false","2024-01-02","2025-12-01","","","available-cumulative","2024-01-02","","","","","","",""
"aligned","US","stock","NVDA","day","USD","investmentTrust","2024-08-28","","주","미확인","","2024-08-28","","","","","true","Σ dailyNet[2024-01-02..asOf]","","","","unknown","기준일 이후 누락: 누적순매수 미확정","true","false","2024-01-02","2025-12-01","","","available-cumulative","2024-01-02","","","","","","",""
"aligned","US","stock","NVDA","day","USD","investmentTrust","2024-08-29","","주","미확인","","2024-08-29","","","","","true","Σ dailyNet[2024-01-02..asOf]","","","","unknown","기준일 이후 누락: 누적순매수 미확정","true","false","2024-01-02","2025-12-01","","","available-cumulative","2024-01-02","","","","","","",""
"aligned","US","stock","NVDA","day","USD","investmentTrust","2024-08-30","","주","미확인","","2024-08-30","","","","","true","Σ dailyNet[2024-01-02..asOf]","","","","unknown","기준일 이후 누락: 누적순매수 미확정","true","false","2024-01-02","2025-12-01","","","available-cumulative","2024-01-02","","","","","","",""
"aligned","US","stock","NVDA","day","USD","investmentTrust","2024-09-02","","주","미확인","","2024-09-02","","","","","true","Σ dailyNet[2024-01-02..asOf]","","","","unknown","기준일 이후 누락: 누적순매수 미확정","true","false","2024-01-02","2025-12-01","","","available-cumulative","2024-01-02","","","","","","",""
"aligned","US","stock","NVDA","day","USD","investmentTrust","2024-09-03","","주","미확인","","2024-09-03","","","","","true","Σ dailyNet[2024-01-02..asOf]","","","","unknown","기준일 이후 누락: 누적순매수 미확정","true","false","2024-01-02","2025-12-01","","","available-cumulative","2024-01-02","","","","","","",""
"aligned","US","stock","NVDA","day","USD","investmentTrust","2024-09-04","","주","미확인","","2024-09-04","","","","","true","Σ dailyNet[2024-01-02..asOf]","","","","unknown","기준일 이후 누락: 누적순매수 미확정","true","false","2024-01-02","2025-12-01","","","available-cumulative","2024-01-02","","","","","","",""
"aligned","US","stock","NVDA","day","USD","investmentTrust","2024-09-05","","주","미확인","","2024-09-05","","","","","true","Σ dailyNet[2024-01-02..asOf]","","","","unknown","기준일 이후 누락: 누적순매수 미확정","true","false","2024-01-02","2025-12-01","","","available-cumulative","2024-01-02","","","","","","",""
"aligned","US","stock","NVDA","day","USD","investmentTrust","2024-09-06","","주","미확인","","2024-09-06","","","","","true","Σ dailyNet[2024-01-02..asOf]","","","","unknown","기준일 이후 누락: 누적순매수 미확정","true","false","2024-01-02","2025-12-01","","","available-cumulative","2024-01-02","","","","","","",""
"aligned","US","stock","NVDA","day","USD","investmentTrust","2024-09-09","","주","미확인","","2024-09-09","","","","","true","Σ dailyNet[2024-01-02..asOf]","","","","unknown","기준일 이후 누락: 누적순매수 미확정","true","false","2024-01-02","2025-12-01","","","available-cumulative","2024-01-02","","","","","","",""
"aligned","US","stock","NVDA","day","USD","investmentTrust","2024-09-10","","주","미확인","","2024-09-10","","","","","true","Σ dailyNet[2024-01-02..asOf]","","","","unknown","기준일 이후 누락: 누적순매수 미확정","true","false","2024-01-02","2025-12-01","","","available-cumulative","2024-01-02","","","","","","",""
"aligned","US","stock","NVDA","day","USD","investmentTrust","2024-09-11","","주","미확인","","2024-09-11","","","","","true","Σ dailyNet[2024-01-02..asOf]","","","","unknown","기준일 이후 누락: 누적순매수 미확정","true","false","2024-01-02","2025-12-01","","","available-cumulative","2024-01-02","","","","","","",""
"aligned","US","stock","NVDA","day","USD","investmentTrust","2024-09-12","","주","미확인","","2024-09-12","","","","","true","Σ dailyNet[2024-01-02..asOf]","","","","unknown","기준일 이후 누락: 누적순매수 미확정","true","false","2024-01-02","2025-12-01","","","available-cumulative","2024-01-02","","","","","","",""
"aligned","US","stock","NVDA","day","USD","investmentTrust","2024-09-13","","주","미확인","","2024-09-13","","","","","true","Σ dailyNet[2024-01-02..asOf]","","","","unknown","기준일 이후 누락: 누적순매수 미확정","true","false","2024-01-02","2025-12-01","","","available-cumulative","2024-01-02","","","","","","",""
"aligned","US","stock","NVDA","day","USD","investmentTrust","2024-09-16","","주","미확인","","2024-09-16","","","","","true","Σ dailyNet[2024-01-02..asOf]","","","","unknown","기준일 이후 누락: 누적순매수 미확정","true","false","2024-01-02","2025-12-01","","","available-cumulative","2024-01-02","","","","","","",""
"aligned","US","stock","NVDA","day","USD","investmentTrust","2024-09-17","","주","미확인","","2024-09-17","","","","","true","Σ dailyNet[2024-01-02..asOf]","","","","unknown","기준일 이후 누락: 누적순매수 미확정","true","false","2024-01-02","2025-12-01","","","available-cumulative","2024-01-02","","","","","","",""
"aligned","US","stock","NVDA","day","USD","investmentTrust","2024-09-18","","주","미확인","","2024-09-18","","","","","true","Σ dailyNet[2024-01-02..asOf]","","","","unknown","기준일 이후 누락: 누적순매수 미확정","true","false","2024-01-02","2025-12-01","","","available-cumulative","2024-01-02","","","","","","",""
"aligned","US","stock","NVDA","day","USD","investmentTrust","2024-09-19","","주","미확인","","2024-09-19","","","","","true","Σ dailyNet[2024-01-02..asOf]","","","","unknown","기준일 이후 누락: 누적순매수 미확정","true","false","2024-01-02","2025-12-01","","","available-cumulative","2024-01-02","","","","","","",""
"aligned","US","stock","NVDA","day","USD","investmentTrust","2024-09-20","","주","미확인","","2024-09-20","","","","","true","Σ dailyNet[2024-01-02..asOf]","","","","unknown","기준일 이후 누락: 누적순매수 미확정","true","false","2024-01-02","2025-12-01","","","available-cumulative","2024-01-02","","","","","","",""
"aligned","US","stock","NVDA","day","USD","investmentTrust","2024-09-23","","주","미확인","","2024-09-23","","","","","true","Σ dailyNet[2024-01-02..asOf]","","","","unknown","기준일 이후 누락: 누적순매수 미확정","true","false","2024-01-02","2025-12-01","","","available-cumulative","2024-01-02","","","","","","",""
"aligned","US","stock","NVDA","day","USD","investmentTrust","2024-09-24","","주","미확인","","2024-09-24","","","","","true","Σ dailyNet[2024-01-02..asOf]","","","","unknown","기준일 이후 누락: 누적순매수 미확정","true","false","2024-01-02","2025-12-01","","","available-cumulative","2024-01-02","","","","","","",""
"aligned","US","stock","NVDA","day","USD","investmentTrust","2024-09-25","","주","미확인","","2024-09-25","","","","","true","Σ dailyNet[2024-01-02..asOf]","","","","unknown","기준일 이후 누락: 누적순매수 미확정","true","false","2024-01-02","2025-12-01","","","available-cumulative","2024-01-02","","","","","","",""
"aligned","US","stock","NVDA","day","USD","investmentTrust","2024-09-26","","주","미확인","","2024-09-26","","","","","true","Σ dailyNet[2024-01-02..asOf]","","","","unknown","기준일 이후 누락: 누적순매수 미확정","true","false","2024-01-02","2025-12-01","","","available-cumulative","2024-01-02","","","","","","",""
"aligned","US","stock","NVDA","day","USD","investmentTrust","2024-09-27","","주","미확인","","2024-09-27","","","","","true","Σ dailyNet[2024-01-02..asOf]","","","","unknown","기준일 이후 누락: 누적순매수 미확정","true","false","2024-01-02","2025-12-01","","","available-cumulative","2024-01-02","","","","","","",""
"aligned","US","stock","NVDA","day","USD","investmentTrust","2024-09-30","","주","미확인","","2024-09-30","","","","","true","Σ dailyNet[2024-01-02..asOf]","","","","unknown","기준일 이후 누락: 누적순매수 미확정","true","false","2024-01-02","2025-12-01","","","available-cumulative","2024-01-02","","","","","","",""
"aligned","US","stock","NVDA","day","USD","investmentTrust","2024-10-01","","주","미확인","","2024-10-01","","","","","true","Σ dailyNet[2024-01-02..asOf]","","","","unknown","기준일 이후 누락: 누적순매수 미확정","true","false","2024-01-02","2025-12-01","","","available-cumulative","2024-01-02","","","","","","",""
"aligned","US","stock","NVDA","day","USD","investmentTrust","2024-10-02","","주","미확인","","2024-10-02","","","","","true","Σ dailyNet[2024-01-02..asOf]","","","","unknown","기준일 이후 누락: 누적순매수 미확정","true","false","2024-01-02","2025-12-01","","","available-cumulative","2024-01-02","","","","","","",""
"aligned","US","stock","NVDA","day","USD","investmentTrust","2024-10-03","","주","미확인","","2024-10-03","","","","","true","Σ dailyNet[2024-01-02..asOf]","","","","unknown","기준일 이후 누락: 누적순매수 미확정","true","false","2024-01-02","2025-12-01","","","available-cumulative","2024-01-02","","","","","","",""
"aligned","US","stock","NVDA","day","USD","investmentTrust","2024-10-04","","주","미확인","","2024-10-04","","","","","true","Σ dailyNet[2024-01-02..asOf]","","","","unknown","기준일 이후 누락: 누적순매수 미확정","true","false","2024-01-02","2025-12-01","","","available-cumulative","2024-01-02","","","","","","",""
"aligned","US","stock","NVDA","day","USD","investmentTrust","2024-10-07","","주","미확인","","2024-10-07","","","","","true","Σ dailyNet[2024-01-02..asOf]","","","","unknown","기준일 이후 누락: 누적순매수 미확정","true","false","2024-01-02","2025-12-01","","","available-cumulative","2024-01-02","","","","","","",""
"aligned","US","stock","NVDA","day","USD","investmentTrust","2024-10-08","","주","미확인","","2024-10-08","","","","","true","Σ dailyNet[2024-01-02..asOf]","","","","unknown","기준일 이후 누락: 누적순매수 미확정","true","false","2024-01-02","2025-12-01","","","available-cumulative","2024-01-02","","","","","","",""
"aligned","US","stock","NVDA","day","USD","investmentTrust","2024-10-09","","주","미확인","","2024-10-09","","","","","true","Σ dailyNet[2024-01-02..asOf]","","","","unknown","기준일 이후 누락: 누적순매수 미확정","true","false","2024-01-02","2025-12-01","","","available-cumulative","2024-01-02","","","","","","",""
"aligned","US","stock","NVDA","day","USD","investmentTrust","2024-10-10","","주","미확인","","2024-10-10","","","","","true","Σ dailyNet[2024-01-02..asOf]","","","","unknown","기준일 이후 누락: 누적순매수 미확정","true","false","2024-01-02","2025-12-01","","","available-cumulative","2024-01-02","","","","","","",""
"aligned","US","stock","NVDA","day","USD","investmentTrust","2024-10-11","","주","미확인","","2024-10-11","","","","","true","Σ dailyNet[2024-01-02..asOf]","","","","unknown","기준일 이후 누락: 누적순매수 미확정","true","false","2024-01-02","2025-12-01","","","available-cumulative","2024-01-02","","","","","","",""
"aligned","US","stock","NVDA","day","USD","investmentTrust","2024-10-14","","주","미확인","","2024-10-14","","","","","true","Σ dailyNet[2024-01-02..asOf]","","","","unknown","기준일 이후 누락: 누적순매수 미확정","true","false","2024-01-02","2025-12-01","","","available-cumulative","2024-01-02","","","","","","",""
"aligned","US","stock","NVDA","day","USD","investmentTrust","2024-10-15","","주","미확인","","2024-10-15","","","","","true","Σ dailyNet[2024-01-02..asOf]","","","","unknown","기준일 이후 누락: 누적순매수 미확정","true","false","2024-01-02","2025-12-01","","","available-cumulative","2024-01-02","","","","","","",""
"aligned","US","stock","NVDA","day","USD","investmentTrust","2024-10-16","","주","미확인","","2024-10-16","","","","","true","Σ dailyNet[2024-01-02..asOf]","","","","unknown","기준일 이후 누락: 누적순매수 미확정","true","false","2024-01-02","2025-12-01","","","available-cumulative","2024-01-02","","","","","","",""
"aligned","US","stock","NVDA","day","USD","investmentTrust","2024-10-17","","주","미확인","","2024-10-17","","","","","true","Σ dailyNet[2024-01-02..asOf]","","","","unknown","기준일 이후 누락: 누적순매수 미확정","true","false","2024-01-02","2025-12-01","","","available-cumulative","2024-01-02","","","","","","",""
"aligned","US","stock","NVDA","day","USD","investmentTrust","2024-10-18","","주","미확인","","2024-10-18","","","","","true","Σ dailyNet[2024-01-02..asOf]","","","","unknown","기준일 이후 누락: 누적순매수 미확정","true","false","2024-01-02","2025-12-01","","","available-cumulative","2024-01-02","","","","","","",""
"aligned","US","stock","NVDA","day","USD","investmentTrust","2024-10-21","","주","미확인","","2024-10-21","","","","","true","Σ dailyNet[2024-01-02..asOf]","","","","unknown","기준일 이후 누락: 누적순매수 미확정","true","false","2024-01-02","2025-12-01","","","available-cumulative","2024-01-02","","","","","","",""
"aligned","US","stock","NVDA","day","USD","investmentTrust","2024-10-22","","주","미확인","","2024-10-22","","","","","true","Σ dailyNet[2024-01-02..asOf]","","","","unknown","기준일 이후 누락: 누적순매수 미확정","true","false","2024-01-02","2025-12-01","","","available-cumulative","2024-01-02","","","","","","",""
"aligned","US","stock","NVDA","day","USD","investmentTrust","2024-10-23","","주","미확인","","2024-10-23","","","","","true","Σ dailyNet[2024-01-02..asOf]","","","","unknown","기준일 이후 누락: 누적순매수 미확정","true","false","2024-01-02","2025-12-01","","","available-cumulative","2024-01-02","","","","","","",""
"aligned","US","stock","NVDA","day","USD","investmentTrust","2024-10-24","","주","미확인","","2024-10-24","","","","","true","Σ dailyNet[2024-01-02..asOf]","","","","unknown","기준일 이후 누락: 누적순매수 미확정","true","false","2024-01-02","2025-12-01","","","available-cumulative","2024-01-02","","","","","","",""
"aligned","US","stock","NVDA","day","USD","investmentTrust","2024-10-25","","주","미확인","","2024-10-25","","","","","true","Σ dailyNet[2024-01-02..asOf]","","","","unknown","기준일 이후 누락: 누적순매수 미확정","true","false","2024-01-02","2025-12-01","","","available-cumulative","2024-01-02","","","","","","",""
"aligned","US","stock","NVDA","day","USD","investmentTrust","2024-10-28","","주","미확인","","2024-10-28","","","","","true","Σ dailyNet[2024-01-02..asOf]","","","","unknown","기준일 이후 누락: 누적순매수 미확정","true","false","2024-01-02","2025-12-01","","","available-cumulative","2024-01-02","","","","","","",""
"aligned","US","stock","NVDA","day","USD","investmentTrust","2024-10-29","","주","미확인","","2024-10-29","","","","","true","Σ dailyNet[2024-01-02..asOf]","","","","unknown","기준일 이후 누락: 누적순매수 미확정","true","false","2024-01-02","2025-12-01","","","available-cumulative","2024-01-02","","","","","","",""
"aligned","US","stock","NVDA","day","USD","investmentTrust","2024-10-30","","주","미확인","","2024-10-30","","","","","true","Σ dailyNet[2024-01-02..asOf]","","","","unknown","기준일 이후 누락: 누적순매수 미확정","true","false","2024-01-02","2025-12-01","","","available-cumulative","2024-01-02","","","","","","",""
"aligned","US","stock","NVDA","day","USD","investmentTrust","2024-10-31","","주","미확인","","2024-10-31","","","","","true","Σ dailyNet[2024-01-02..asOf]","","","","unknown","기준일 이후 누락: 누적순매수 미확정","true","false","2024-01-02","2025-12-01","","","available-cumulative","2024-01-02","","","","","","",""
"aligned","US","stock","NVDA","day","USD","investmentTrust","2024-11-01","","주","미확인","","2024-11-01","","","","","true","Σ dailyNet[2024-01-02..asOf]","","","","unknown","기준일 이후 누락: 누적순매수 미확정","true","false","2024-01-02","2025-12-01","","","available-cumulative","2024-01-02","","","","","","",""
"aligned","US","stock","NVDA","day","USD","investmentTrust","2024-11-04","","주","미확인","","2024-11-04","","","","","true","Σ dailyNet[2024-01-02..asOf]","","","","unknown","기준일 이후 누락: 누적순매수 미확정","true","false","2024-01-02","2025-12-01","","","available-cumulative","2024-01-02","","","","","","",""
"aligned","US","stock","NVDA","day","USD","investmentTrust","2024-11-05","","주","미확인","","2024-11-05","","","","","true","Σ dailyNet[2024-01-02..asOf]","","","","unknown","기준일 이후 누락: 누적순매수 미확정","true","false","2024-01-02","2025-12-01","","","available-cumulative","2024-01-02","","","","","","",""
"aligned","US","stock","NVDA","day","USD","investmentTrust","2024-11-06","","주","미확인","","2024-11-06","","","","","true","Σ dailyNet[2024-01-02..asOf]","","","","unknown","기준일 이후 누락: 누적순매수 미확정","true","false","2024-01-02","2025-12-01","","","available-cumulative","2024-01-02","","","","","","",""
"aligned","US","stock","NVDA","day","USD","investmentTrust","2024-11-07","","주","미확인","","2024-11-07","","","","","true","Σ dailyNet[2024-01-02..asOf]","","","","unknown","기준일 이후 누락: 누적순매수 미확정","true","false","2024-01-02","2025-12-01","","","available-cumulative","2024-01-02","","","","","","",""
"aligned","US","stock","NVDA","day","USD","investmentTrust","2024-11-08","","주","미확인","","2024-11-08","","","","","true","Σ dailyNet[2024-01-02..asOf]","","","","unknown","기준일 이후 누락: 누적순매수 미확정","true","false","2024-01-02","2025-12-01","","","available-cumulative","2024-01-02","","","","","","",""
"aligned","US","stock","NVDA","day","USD","investmentTrust","2024-11-11","","주","미확인","","2024-11-11","","","","","true","Σ dailyNet[2024-01-02..asOf]","","","","unknown","기준일 이후 누락: 누적순매수 미확정","true","false","2024-01-02","2025-12-01","","","available-cumulative","2024-01-02","","","","","","",""
"aligned","US","stock","NVDA","day","USD","investmentTrust","2024-11-12","","주","미확인","","2024-11-12","","","","","true","Σ dailyNet[2024-01-02..asOf]","","","","unknown","기준일 이후 누락: 누적순매수 미확정","true","false","2024-01-02","2025-12-01","","","available-cumulative","2024-01-02","","","","","","",""
"aligned","US","stock","NVDA","day","USD","investmentTrust","2024-11-13","","주","미확인","","2024-11-13","","","","","true","Σ dailyNet[2024-01-02..asOf]","","","","unknown","기준일 이후 누락: 누적순매수 미확정","true","false","2024-01-02","2025-12-01","","","available-cumulative","2024-01-02","","","","","","",""
"aligned","US","stock","NVDA","day","USD","investmentTrust","2024-11-14","","주","미확인","","2024-11-14","","","","","true","Σ dailyNet[2024-01-02..asOf]","","","","unknown","기준일 이후 누락: 누적순매수 미확정","true","false","2024-01-02","2025-12-01","","","available-cumulative","2024-01-02","","","","","","",""
"aligned","US","stock","NVDA","day","USD","investmentTrust","2024-11-15","","주","미확인","","2024-11-15","","","","","true","Σ dailyNet[2024-01-02..asOf]","","","","unknown","기준일 이후 누락: 누적순매수 미확정","true","false","2024-01-02","2025-12-01","","","available-cumulative","2024-01-02","","","","","","",""
"aligned","US","stock","NVDA","day","USD","investmentTrust","2024-11-18","","주","미확인","","2024-11-18","","","","","true","Σ dailyNet[2024-01-02..asOf]","","","","unknown","기준일 이후 누락: 누적순매수 미확정","true","false","2024-01-02","2025-12-01","","","available-cumulative","2024-01-02","","","","","","",""
"aligned","US","stock","NVDA","day","USD","investmentTrust","2024-11-19","","주","미확인","","2024-11-19","","","","","true","Σ dailyNet[2024-01-02..asOf]","","","","unknown","기준일 이후 누락: 누적순매수 미확정","true","false","2024-01-02","2025-12-01","","","available-cumulative","2024-01-02","","","","","","",""
"aligned","US","stock","NVDA","day","USD","investmentTrust","2024-11-20","","주","미확인","","2024-11-20","","","","","true","Σ dailyNet[2024-01-02..asOf]","","","","unknown","기준일 이후 누락: 누적순매수 미확정","true","false","2024-01-02","2025-12-01","","","available-cumulative","2024-01-02","","","","","","",""
"aligned","US","stock","NVDA","day","USD","investmentTrust","2024-11-21","","주","미확인","","2024-11-21","","","","","true","Σ dailyNet[2024-01-02..asOf]","","","","unknown","기준일 이후 누락: 누적순매수 미확정","true","false","2024-01-02","2025-12-01","","","available-cumulative","2024-01-02","","","","","","",""
"aligned","US","stock","NVDA","day","USD","investmentTrust","2024-11-22","","주","미확인","","2024-11-22","","","","","true","Σ dailyNet[2024-01-02..asOf]","","","","unknown","기준일 이후 누락: 누적순매수 미확정","true","false","2024-01-02","2025-12-01","","","available-cumulative","2024-01-02","","","","","","",""
"aligned","US","stock","NVDA","day","USD","investmentTrust","2024-11-25","","주","미확인","","2024-11-25","","","","","true","Σ dailyNet[2024-01-02..asOf]","","","","unknown","기준일 이후 누락: 누적순매수 미확정","true","false","2024-01-02","2025-12-01","","","available-cumulative","2024-01-02","","","","","","",""
"aligned","US","stock","NVDA","day","USD","investmentTrust","2024-11-26","","주","미확인","","2024-11-26","","","","","true","Σ dailyNet[2024-01-02..asOf]","","","","unknown","기준일 이후 누락: 누적순매수 미확정","true","false","2024-01-02","2025-12-01","","","available-cumulative","2024-01-02","","","","","","",""
"aligned","US","stock","NVDA","day","USD","investmentTrust","2024-11-27","","주","미확인","","2024-11-27","","","","","true","Σ dailyNet[2024-01-02..asOf]","","","","unknown","기준일 이후 누락: 누적순매수 미확정","true","false","2024-01-02","2025-12-01","","","available-cumulative","2024-01-02","","","","","","",""
"aligned","US","stock","NVDA","day","USD","investmentTrust","2024-11-28","","주","미확인","","2024-11-28","","","","","true","Σ dailyNet[2024-01-02..asOf]","","","","unknown","기준일 이후 누락: 누적순매수 미확정","true","false","2024-01-02","2025-12-01","","","available-cumulative","2024-01-02","","","","","","",""
"aligned","US","stock","NVDA","day","USD","investmentTrust","2024-11-29","","주","미확인","","2024-11-29","","","","","true","Σ dailyNet[2024-01-02..asOf]","","","","unknown","기준일 이후 누락: 누적순매수 미확정","true","false","2024-01-02","2025-12-01","","","available-cumulative","2024-01-02","","","","","","",""
"aligned","US","stock","NVDA","day","USD","investmentTrust","2024-12-02","","주","미확인","","2024-12-02","","","","","true","Σ dailyNet[2024-01-02..asOf]","","","","unknown","기준일 이후 누락: 누적순매수 미확정","true","false","2024-01-02","2025-12-01","","","available-cumulative","2024-01-02","","","","","","",""
"aligned","US","stock","NVDA","day","USD","investmentTrust","2024-12-03","","주","미확인","","2024-12-03","","","","","true","Σ dailyNet[2024-01-02..asOf]","","","","unknown","기준일 이후 누락: 누적순매수 미확정","true","false","2024-01-02","2025-12-01","","","available-cumulative","2024-01-02","","","","","","",""
"aligned","US","stock","NVDA","day","USD","investmentTrust","2024-12-04","","주","미확인","","2024-12-04","","","","","true","Σ dailyNet[2024-01-02..asOf]","","","","unknown","기준일 이후 누락: 누적순매수 미확정","true","false","2024-01-02","2025-12-01","","","available-cumulative","2024-01-02","","","","","","",""
"aligned","US","stock","NVDA","day","USD","investmentTrust","2024-12-05","","주","미확인","","2024-12-05","","","","","true","Σ dailyNet[2024-01-02..asOf]","","","","unknown","기준일 이후 누락: 누적순매수 미확정","true","false","2024-01-02","2025-12-01","","","available-cumulative","2024-01-02","","","","","","",""
"aligned","US","stock","NVDA","day","USD","investmentTrust","2024-12-06","","주","미확인","","2024-12-06","","","","","true","Σ dailyNet[2024-01-02..asOf]","","","","unknown","기준일 이후 누락: 누적순매수 미확정","true","false","2024-01-02","2025-12-01","","","available-cumulative","2024-01-02","","","","","","",""
"aligned","US","stock","NVDA","day","USD","investmentTrust","2024-12-09","","주","미확인","","2024-12-09","","","","","true","Σ dailyNet[2024-01-02..asOf]","","","","unknown","기준일 이후 누락: 누적순매수 미확정","true","false","2024-01-02","2025-12-01","","","available-cumulative","2024-01-02","","","","","","",""
"aligned","US","stock","NVDA","day","USD","investmentTrust","2024-12-10","","주","미확인","","2024-12-10","","","","","true","Σ dailyNet[2024-01-02..asOf]","","","","unknown","기준일 이후 누락: 누적순매수 미확정","true","false","2024-01-02","2025-12-01","","","available-cumulative","2024-01-02","","","","","","",""
"aligned","US","stock","NVDA","day","USD","investmentTrust","2024-12-11","","주","미확인","","2024-12-11","","","","","true","Σ dailyNet[2024-01-02..asOf]","","","","unknown","기준일 이후 누락: 누적순매수 미확정","true","false","2024-01-02","2025-12-01","","","available-cumulative","2024-01-02","","","","","","",""
"aligned","US","stock","NVDA","day","USD","investmentTrust","2024-12-12","","주","미확인","","2024-12-12","","","","","true","Σ dailyNet[2024-01-02..asOf]","","","","unknown","기준일 이후 누락: 누적순매수 미확정","true","false","2024-01-02","2025-12-01","","","available-cumulative","2024-01-02","","","","","","",""
"aligned","US","stock","NVDA","day","USD","investmentTrust","2024-12-13","","주","미확인","","2024-12-13","","","","","true","Σ dailyNet[2024-01-02..asOf]","","","","unknown","기준일 이후 누락: 누적순매수 미확정","true","false","2024-01-02","2025-12-01","","","available-cumulative","2024-01-02","","","","","","",""
"aligned","US","stock","NVDA","day","USD","investmentTrust","2024-12-16","","주","미확인","","2024-12-16","","","","","true","Σ dailyNet[2024-01-02..asOf]","","","","unknown","기준일 이후 누락: 누적순매수 미확정","true","false","2024-01-02","2025-12-01","","","available-cumulative","2024-01-02","","","","","","",""
"aligned","US","stock","NVDA","day","USD","investmentTrust","2024-12-17","","주","미확인","","2024-12-17","","","","","true","Σ dailyNet[2024-01-02..asOf]","","","","unknown","기준일 이후 누락: 누적순매수 미확정","true","false","2024-01-02","2025-12-01","","","available-cumulative","2024-01-02","","","","","","",""
"aligned","US","stock","NVDA","day","USD","investmentTrust","2024-12-18","","주","미확인","","2024-12-18","","","","","true","Σ dailyNet[2024-01-02..asOf]","","","","unknown","기준일 이후 누락: 누적순매수 미확정","true","false","2024-01-02","2025-12-01","","","available-cumulative","2024-01-02","","","","","","",""
"aligned","US","stock","NVDA","day","USD","investmentTrust","2024-12-19","","주","미확인","","2024-12-19","","","","","true","Σ dailyNet[2024-01-02..asOf]","","","","unknown","기준일 이후 누락: 누적순매수 미확정","true","false","2024-01-02","2025-12-01","","","available-cumulative","2024-01-02","","","","","","",""
"aligned","US","stock","NVDA","day","USD","investmentTrust","2024-12-20","","주","미확인","","2024-12-20","","","","","true","Σ dailyNet[2024-01-02..asOf]","","","","unknown","기준일 이후 누락: 누적순매수 미확정","true","false","2024-01-02","2025-12-01","","","available-cumulative","2024-01-02","","","","","","",""
"aligned","US","stock","NVDA","day","USD","investmentTrust","2024-12-23","","주","미확인","","2024-12-23","","","","","true","Σ dailyNet[2024-01-02..asOf]","","","","unknown","기준일 이후 누락: 누적순매수 미확정","true","false","2024-01-02","2025-12-01","","","available-cumulative","2024-01-02","","","","","","",""
"aligned","US","stock","NVDA","day","USD","investmentTrust","2024-12-24","","주","미확인","","2024-12-24","","","","","true","Σ dailyNet[2024-01-02..asOf]","","","","unknown","기준일 이후 누락: 누적순매수 미확정","true","false","2024-01-02","2025-12-01","","","available-cumulative","2024-01-02","","","","","","",""
"aligned","US","stock","NVDA","day","USD","investmentTrust","2024-12-25","","주","미확인","","2024-12-25","","","","","true","Σ dailyNet[2024-01-02..asOf]","","","","unknown","기준일 이후 누락: 누적순매수 미확정","true","false","2024-01-02","2025-12-01","","","available-cumulative","2024-01-02","","","","","","",""
"aligned","US","stock","NVDA","day","USD","investmentTrust","2024-12-26","","주","미확인","","2024-12-26","","","","","true","Σ dailyNet[2024-01-02..asOf]","","","","unknown","기준일 이후 누락: 누적순매수 미확정","true","false","2024-01-02","2025-12-01","","","available-cumulative","2024-01-02","","","","","","",""
"aligned","US","stock","NVDA","day","USD","investmentTrust","2024-12-27","","주","미확인","","2024-12-27","","","","","true","Σ dailyNet[2024-01-02..asOf]","","","","unknown","기준일 이후 누락: 누적순매수 미확정","true","false","2024-01-02","2025-12-01","","","available-cumulative","2024-01-02","","","","","","",""
"aligned","US","stock","NVDA","day","USD","investmentTrust","2024-12-30","","주","미확인","","2024-12-30","","","","","true","Σ dailyNet[2024-01-02..asOf]","","","","unknown","기준일 이후 누락: 누적순매수 미확정","true","false","2024-01-02","2025-12-01","","","available-cumulative","2024-01-02","","","","","","",""
"aligned","US","stock","NVDA","day","USD","investmentTrust","2024-12-31","","주","미확인","","2024-12-31","","","","","true","Σ dailyNet[2024-01-02..asOf]","","","","unknown","기준일 이후 누락: 누적순매수 미확정","true","false","2024-01-02","2025-12-01","","","available-cumulative","2024-01-02","","","","","","",""
"aligned","US","stock","NVDA","day","USD","investmentTrust","2025-01-01","","주","미확인","","2025-01-01","","","","","true","Σ dailyNet[2024-01-02..asOf]","","","","unknown","기준일 이후 누락: 누적순매수 미확정","true","false","2024-01-02","2025-12-01","","","available-cumulative","2024-01-02","","","","","","",""
"aligned","US","stock","NVDA","day","USD","investmentTrust","2025-01-02","","주","미확인","","2025-01-02","","","","","true","Σ dailyNet[2024-01-02..asOf]","","","","unknown","기준일 이후 누락: 누적순매수 미확정","true","false","2024-01-02","2025-12-01","","","available-cumulative","2024-01-02","","","","","","",""
"aligned","US","stock","NVDA","day","USD","investmentTrust","2025-01-03","","주","미확인","","2025-01-03","","","","","true","Σ dailyNet[2024-01-02..asOf]","","","","unknown","기준일 이후 누락: 누적순매수 미확정","true","false","2024-01-02","2025-12-01","","","available-cumulative","2024-01-02","","","","","","",""
"aligned","US","stock","NVDA","day","USD","investmentTrust","2025-01-06","","주","미확인","","2025-01-06","","","","","true","Σ dailyNet[2024-01-02..asOf]","","","","unknown","기준일 이후 누락: 누적순매수 미확정","true","false","2024-01-02","2025-12-01","","","available-cumulative","2024-01-02","","","","","","",""
"aligned","US","stock","NVDA","day","USD","investmentTrust","2025-01-07","","주","미확인","","2025-01-07","","","","","true","Σ dailyNet[2024-01-02..asOf]","","","","unknown","기준일 이후 누락: 누적순매수 미확정","true","false","2024-01-02","2025-12-01","","","available-cumulative","2024-01-02","","","","","","",""
"aligned","US","stock","NVDA","day","USD","investmentTrust","2025-01-08","","주","미확인","","2025-01-08","","","","","true","Σ dailyNet[2024-01-02..asOf]","","","","unknown","기준일 이후 누락: 누적순매수 미확정","true","false","2024-01-02","2025-12-01","","","available-cumulative","2024-01-02","","","","","","",""
"aligned","US","stock","NVDA","day","USD","investmentTrust","2025-01-09","","주","미확인","","2025-01-09","","","","","true","Σ dailyNet[2024-01-02..asOf]","","","","unknown","기준일 이후 누락: 누적순매수 미확정","true","false","2024-01-02","2025-12-01","","","available-cumulative","2024-01-02","","","","","","",""
"aligned","US","stock","NVDA","day","USD","investmentTrust","2025-01-10","","주","미확인","","2025-01-10","","","","","true","Σ dailyNet[2024-01-02..asOf]","","","","unknown","기준일 이후 누락: 누적순매수 미확정","true","false","2024-01-02","2025-12-01","","","available-cumulative","2024-01-02","","","","","","",""
"aligned","US","stock","NVDA","day","USD","investmentTrust","2025-01-13","","주","미확인","","2025-01-13","","","","","true","Σ dailyNet[2024-01-02..asOf]","","","","unknown","기준일 이후 누락: 누적순매수 미확정","true","false","2024-01-02","2025-12-01","","","available-cumulative","2024-01-02","","","","","","",""
"aligned","US","stock","NVDA","day","USD","investmentTrust","2025-01-14","","주","미확인","","2025-01-14","","","","","true","Σ dailyNet[2024-01-02..asOf]","","","","unknown","기준일 이후 누락: 누적순매수 미확정","true","false","2024-01-02","2025-12-01","","","available-cumulative","2024-01-02","","","","","","",""
"aligned","US","stock","NVDA","day","USD","investmentTrust","2025-01-15","","주","미확인","","2025-01-15","","","","","true","Σ dailyNet[2024-01-02..asOf]","","","","unknown","기준일 이후 누락: 누적순매수 미확정","true","false","2024-01-02","2025-12-01","","","available-cumulative","2024-01-02","","","","","","",""
"aligned","US","stock","NVDA","day","USD","investmentTrust","2025-01-16","","주","미확인","","2025-01-16","","","","","true","Σ dailyNet[2024-01-02..asOf]","","","","unknown","기준일 이후 누락: 누적순매수 미확정","true","false","2024-01-02","2025-12-01","","","available-cumulative","2024-01-02","","","","","","",""
"aligned","US","stock","NVDA","day","USD","investmentTrust","2025-01-17","","주","미확인","","2025-01-17","","","","","true","Σ dailyNet[2024-01-02..asOf]","","","","unknown","기준일 이후 누락: 누적순매수 미확정","true","false","2024-01-02","2025-12-01","","","available-cumulative","2024-01-02","","","","","","",""
"aligned","US","stock","NVDA","day","USD","investmentTrust","2025-01-20","","주","미확인","","2025-01-20","","","","","true","Σ dailyNet[2024-01-02..asOf]","","","","unknown","기준일 이후 누락: 누적순매수 미확정","true","false","2024-01-02","2025-12-01","","","available-cumulative","2024-01-02","","","","","","",""
"aligned","US","stock","NVDA","day","USD","investmentTrust","2025-01-21","","주","미확인","","2025-01-21","","","","","true","Σ dailyNet[2024-01-02..asOf]","","","","unknown","기준일 이후 누락: 누적순매수 미확정","true","false","2024-01-02","2025-12-01","","","available-cumulative","2024-01-02","","","","","","",""
"aligned","US","stock","NVDA","day","USD","investmentTrust","2025-01-22","","주","미확인","","2025-01-22","","","","","true","Σ dailyNet[2024-01-02..asOf]","","","","unknown","기준일 이후 누락: 누적순매수 미확정","true","false","2024-01-02","2025-12-01","","","available-cumulative","2024-01-02","","","","","","",""
"aligned","US","stock","NVDA","day","USD","investmentTrust","2025-01-23","","주","미확인","","2025-01-23","","","","","true","Σ dailyNet[2024-01-02..asOf]","","","","unknown","기준일 이후 누락: 누적순매수 미확정","true","false","2024-01-02","2025-12-01","","","available-cumulative","2024-01-02","","","","","","",""
"aligned","US","stock","NVDA","day","USD","investmentTrust","2025-01-24","","주","미확인","","2025-01-24","","","","","true","Σ dailyNet[2024-01-02..asOf]","","","","unknown","기준일 이후 누락: 누적순매수 미확정","true","false","2024-01-02","2025-12-01","","","available-cumulative","2024-01-02","","","","","","",""
"aligned","US","stock","NVDA","day","USD","investmentTrust","2025-01-27","","주","미확인","","2025-01-27","","","","","true","Σ dailyNet[2024-01-02..asOf]","","","","unknown","기준일 이후 누락: 누적순매수 미확정","true","false","2024-01-02","2025-12-01","","","available-cumulative","2024-01-02","","","","","","",""
"aligned","US","stock","NVDA","day","USD","investmentTrust","2025-01-28","","주","미확인","","2025-01-28","","","","","true","Σ dailyNet[2024-01-02..asOf]","","","","unknown","기준일 이후 누락: 누적순매수 미확정","true","false","2024-01-02","2025-12-01","","","available-cumulative","2024-01-02","","","","","","",""
"aligned","US","stock","NVDA","day","USD","investmentTrust","2025-01-29","","주","미확인","","2025-01-29","","","","","true","Σ dailyNet[2024-01-02..asOf]","","","","unknown","기준일 이후 누락: 누적순매수 미확정","true","false","2024-01-02","2025-12-01","","","available-cumulative","2024-01-02","","","","","","",""
"aligned","US","stock","NVDA","day","USD","investmentTrust","2025-01-30","","주","미확인","","2025-01-30","","","","","true","Σ dailyNet[2024-01-02..asOf]","","","","unknown","기준일 이후 누락: 누적순매수 미확정","true","false","2024-01-02","2025-12-01","","","available-cumulative","2024-01-02","","","","","","",""
"aligned","US","stock","NVDA","day","USD","investmentTrust","2025-01-31","","주","미확인","","2025-01-31","","","","","true","Σ dailyNet[2024-01-02..asOf]","","","","unknown","기준일 이후 누락: 누적순매수 미확정","true","false","2024-01-02","2025-12-01","","","available-cumulative","2024-01-02","","","","","","",""
"aligned","US","stock","NVDA","day","USD","investmentTrust","2025-02-03","","주","미확인","","2025-02-03","","","","","true","Σ dailyNet[2024-01-02..asOf]","","","","unknown","기준일 이후 누락: 누적순매수 미확정","true","false","2024-01-02","2025-12-01","","","available-cumulative","2024-01-02","","","","","","",""
"aligned","US","stock","NVDA","day","USD","investmentTrust","2025-02-04","","주","미확인","","2025-02-04","","","","","true","Σ dailyNet[2024-01-02..asOf]","","","","unknown","기준일 이후 누락: 누적순매수 미확정","true","false","2024-01-02","2025-12-01","","","available-cumulative","2024-01-02","","","","","","",""
"aligned","US","stock","NVDA","day","USD","investmentTrust","2025-02-05","","주","미확인","","2025-02-05","","","","","true","Σ dailyNet[2024-01-02..asOf]","","","","unknown","기준일 이후 누락: 누적순매수 미확정","true","false","2024-01-02","2025-12-01","","","available-cumulative","2024-01-02","","","","","","",""
"aligned","US","stock","NVDA","day","USD","investmentTrust","2025-02-06","","주","미확인","","2025-02-06","","","","","true","Σ dailyNet[2024-01-02..asOf]","","","","unknown","기준일 이후 누락: 누적순매수 미확정","true","false","2024-01-02","2025-12-01","","","available-cumulative","2024-01-02","","","","","","",""
"aligned","US","stock","NVDA","day","USD","investmentTrust","2025-02-07","","주","미확인","","2025-02-07","","","","","true","Σ dailyNet[2024-01-02..asOf]","","","","unknown","기준일 이후 누락: 누적순매수 미확정","true","false","2024-01-02","2025-12-01","","","available-cumulative","2024-01-02","","","","","","",""
"aligned","US","stock","NVDA","day","USD","investmentTrust","2025-02-10","","주","미확인","","2025-02-10","","","","","true","Σ dailyNet[2024-01-02..asOf]","","","","unknown","기준일 이후 누락: 누적순매수 미확정","true","false","2024-01-02","2025-12-01","","","available-cumulative","2024-01-02","","","","","","",""
"aligned","US","stock","NVDA","day","USD","investmentTrust","2025-02-11","","주","미확인","","2025-02-11","","","","","true","Σ dailyNet[2024-01-02..asOf]","","","","unknown","기준일 이후 누락: 누적순매수 미확정","true","false","2024-01-02","2025-12-01","","","available-cumulative","2024-01-02","","","","","","",""
"aligned","US","stock","NVDA","day","USD","investmentTrust","2025-02-12","","주","미확인","","2025-02-12","","","","","true","Σ dailyNet[2024-01-02..asOf]","","","","unknown","기준일 이후 누락: 누적순매수 미확정","true","false","2024-01-02","2025-12-01","","","available-cumulative","2024-01-02","","","","","","",""
"aligned","US","stock","NVDA","day","USD","investmentTrust","2025-02-13","","주","미확인","","2025-02-13","","","","","true","Σ dailyNet[2024-01-02..asOf]","","","","unknown","기준일 이후 누락: 누적순매수 미확정","true","false","2024-01-02","2025-12-01","","","available-cumulative","2024-01-02","","","","","","",""
"aligned","US","stock","NVDA","day","USD","investmentTrust","2025-02-14","","주","미확인","","2025-02-14","","","","","true","Σ dailyNet[2024-01-02..asOf]","","","","unknown","기준일 이후 누락: 누적순매수 미확정","true","false","2024-01-02","2025-12-01","","","available-cumulative","2024-01-02","","","","","","",""
"aligned","US","stock","NVDA","day","USD","investmentTrust","2025-02-17","","주","미확인","","2025-02-17","","","","","true","Σ dailyNet[2024-01-02..asOf]","","","","unknown","기준일 이후 누락: 누적순매수 미확정","true","false","2024-01-02","2025-12-01","","","available-cumulative","2024-01-02","","","","","","",""
"aligned","US","stock","NVDA","day","USD","investmentTrust","2025-02-18","","주","미확인","","2025-02-18","","","","","true","Σ dailyNet[2024-01-02..asOf]","","","","unknown","기준일 이후 누락: 누적순매수 미확정","true","false","2024-01-02","2025-12-01","","","available-cumulative","2024-01-02","","","","","","",""
"aligned","US","stock","NVDA","day","USD","investmentTrust","2025-02-19","","주","미확인","","2025-02-19","","","","","true","Σ dailyNet[2024-01-02..asOf]","","","","unknown","기준일 이후 누락: 누적순매수 미확정","true","false","2024-01-02","2025-12-01","","","available-cumulative","2024-01-02","","","","","","",""
"aligned","US","stock","NVDA","day","USD","investmentTrust","2025-02-20","","주","미확인","","2025-02-20","","","","","true","Σ dailyNet[2024-01-02..asOf]","","","","unknown","기준일 이후 누락: 누적순매수 미확정","true","false","2024-01-02","2025-12-01","","","available-cumulative","2024-01-02","","","","","","",""
"aligned","US","stock","NVDA","day","USD","investmentTrust","2025-02-21","","주","미확인","","2025-02-21","","","","","true","Σ dailyNet[2024-01-02..asOf]","","","","unknown","기준일 이후 누락: 누적순매수 미확정","true","false","2024-01-02","2025-12-01","","","available-cumulative","2024-01-02","","","","","","",""
"aligned","US","stock","NVDA","day","USD","investmentTrust","2025-02-24","","주","미확인","","2025-02-24","","","","","true","Σ dailyNet[2024-01-02..asOf]","","","","unknown","기준일 이후 누락: 누적순매수 미확정","true","false","2024-01-02","2025-12-01","","","available-cumulative","2024-01-02","","","","","","",""
"aligned","US","stock","NVDA","day","USD","investmentTrust","2025-02-25","","주","미확인","","2025-02-25","","","","","true","Σ dailyNet[2024-01-02..asOf]","","","","unknown","기준일 이후 누락: 누적순매수 미확정","true","false","2024-01-02","2025-12-01","","","available-cumulative","2024-01-02","","","","","","",""
"aligned","US","stock","NVDA","day","USD","investmentTrust","2025-02-26","","주","미확인","","2025-02-26","","","","","true","Σ dailyNet[2024-01-02..asOf]","","","","unknown","기준일 이후 누락: 누적순매수 미확정","true","false","2024-01-02","2025-12-01","","","available-cumulative","2024-01-02","","","","","","",""
"aligned","US","stock","NVDA","day","USD","investmentTrust","2025-02-27","","주","미확인","","2025-02-27","","","","","true","Σ dailyNet[2024-01-02..asOf]","","","","unknown","기준일 이후 누락: 누적순매수 미확정","true","false","2024-01-02","2025-12-01","","","available-cumulative","2024-01-02","","","","","","",""
"aligned","US","stock","NVDA","day","USD","investmentTrust","2025-02-28","","주","미확인","","2025-02-28","","","","","true","Σ dailyNet[2024-01-02..asOf]","","","","unknown","기준일 이후 누락: 누적순매수 미확정","true","false","2024-01-02","2025-12-01","","","available-cumulative","2024-01-02","","","","","","",""
"aligned","US","stock","NVDA","day","USD","investmentTrust","2025-03-03","","주","미확인","","2025-03-03","","","","","true","Σ dailyNet[2024-01-02..asOf]","","","","unknown","기준일 이후 누락: 누적순매수 미확정","true","false","2024-01-02","2025-12-01","","","available-cumulative","2024-01-02","","","","","","",""
"aligned","US","stock","NVDA","day","USD","investmentTrust","2025-03-04","","주","미확인","","2025-03-04","","","","","true","Σ dailyNet[2024-01-02..asOf]","","","","unknown","기준일 이후 누락: 누적순매수 미확정","true","false","2024-01-02","2025-12-01","","","available-cumulative","2024-01-02","","","","","","",""
"aligned","US","stock","NVDA","day","USD","investmentTrust","2025-03-05","","주","미확인","","2025-03-05","","","","","true","Σ dailyNet[2024-01-02..asOf]","","","","unknown","기준일 이후 누락: 누적순매수 미확정","true","false","2024-01-02","2025-12-01","","","available-cumulative","2024-01-02","","","","","","",""
"aligned","US","stock","NVDA","day","USD","investmentTrust","2025-03-06","","주","미확인","","2025-03-06","","","","","true","Σ dailyNet[2024-01-02..asOf]","","","","unknown","기준일 이후 누락: 누적순매수 미확정","true","false","2024-01-02","2025-12-01","","","available-cumulative","2024-01-02","","","","","","",""
"aligned","US","stock","NVDA","day","USD","investmentTrust","2025-03-07","","주","미확인","","2025-03-07","","","","","true","Σ dailyNet[2024-01-02..asOf]","","","","unknown","기준일 이후 누락: 누적순매수 미확정","true","false","2024-01-02","2025-12-01","","","available-cumulative","2024-01-02","","","","","","",""
"aligned","US","stock","NVDA","day","USD","investmentTrust","2025-03-10","","주","미확인","","2025-03-10","","","","","true","Σ dailyNet[2024-01-02..asOf]","","","","unknown","기준일 이후 누락: 누적순매수 미확정","true","false","2024-01-02","2025-12-01","","","available-cumulative","2024-01-02","","","","","","",""
"aligned","US","stock","NVDA","day","USD","investmentTrust","2025-03-11","","주","미확인","","2025-03-11","","","","","true","Σ dailyNet[2024-01-02..asOf]","","","","unknown","기준일 이후 누락: 누적순매수 미확정","true","false","2024-01-02","2025-12-01","","","available-cumulative","2024-01-02","","","","","","",""
"aligned","US","stock","NVDA","day","USD","investmentTrust","2025-03-12","","주","미확인","","2025-03-12","","","","","true","Σ dailyNet[2024-01-02..asOf]","","","","unknown","기준일 이후 누락: 누적순매수 미확정","true","false","2024-01-02","2025-12-01","","","available-cumulative","2024-01-02","","","","","","",""
"aligned","US","stock","NVDA","day","USD","investmentTrust","2025-03-13","","주","미확인","","2025-03-13","","","","","true","Σ dailyNet[2024-01-02..asOf]","","","","unknown","기준일 이후 누락: 누적순매수 미확정","true","false","2024-01-02","2025-12-01","","","available-cumulative","2024-01-02","","","","","","",""
"aligned","US","stock","NVDA","day","USD","investmentTrust","2025-03-14","","주","미확인","","2025-03-14","","","","","true","Σ dailyNet[2024-01-02..asOf]","","","","unknown","기준일 이후 누락: 누적순매수 미확정","true","false","2024-01-02","2025-12-01","","","available-cumulative","2024-01-02","","","","","","",""
"aligned","US","stock","NVDA","day","USD","investmentTrust","2025-03-17","","주","미확인","","2025-03-17","","","","","true","Σ dailyNet[2024-01-02..asOf]","","","","unknown","기준일 이후 누락: 누적순매수 미확정","true","false","2024-01-02","2025-12-01","","","available-cumulative","2024-01-02","","","","","","",""
"aligned","US","stock","NVDA","day","USD","investmentTrust","2025-03-18","","주","미확인","","2025-03-18","","","","","true","Σ dailyNet[2024-01-02..asOf]","","","","unknown","기준일 이후 누락: 누적순매수 미확정","true","false","2024-01-02","2025-12-01","","","available-cumulative","2024-01-02","","","","","","",""
"aligned","US","stock","NVDA","day","USD","investmentTrust","2025-03-19","","주","미확인","","2025-03-19","","","","","true","Σ dailyNet[2024-01-02..asOf]","","","","unknown","기준일 이후 누락: 누적순매수 미확정","true","false","2024-01-02","2025-12-01","","","available-cumulative","2024-01-02","","","","","","",""
"aligned","US","stock","NVDA","day","USD","investmentTrust","2025-03-20","","주","미확인","","2025-03-20","","","","","true","Σ dailyNet[2024-01-02..asOf]","","","","unknown","기준일 이후 누락: 누적순매수 미확정","true","false","2024-01-02","2025-12-01","","","available-cumulative","2024-01-02","","","","","","",""
"aligned","US","stock","NVDA","day","USD","investmentTrust","2025-03-21","","주","미확인","","2025-03-21","","","","","true","Σ dailyNet[2024-01-02..asOf]","","","","unknown","기준일 이후 누락: 누적순매수 미확정","true","false","2024-01-02","2025-12-01","","","available-cumulative","2024-01-02","","","","","","",""
"aligned","US","stock","NVDA","day","USD","investmentTrust","2025-03-24","","주","미확인","","2025-03-24","","","","","true","Σ dailyNet[2024-01-02..asOf]","","","","unknown","기준일 이후 누락: 누적순매수 미확정","true","false","2024-01-02","2025-12-01","","","available-cumulative","2024-01-02","","","","","","",""
"aligned","US","stock","NVDA","day","USD","investmentTrust","2025-03-25","","주","미확인","","2025-03-25","","","","","true","Σ dailyNet[2024-01-02..asOf]","","","","unknown","기준일 이후 누락: 누적순매수 미확정","true","false","2024-01-02","2025-12-01","","","available-cumulative","2024-01-02","","","","","","",""
"aligned","US","stock","NVDA","day","USD","investmentTrust","2025-03-26","","주","미확인","","2025-03-26","","","","","true","Σ dailyNet[2024-01-02..asOf]","","","","unknown","기준일 이후 누락: 누적순매수 미확정","true","false","2024-01-02","2025-12-01","","","available-cumulative","2024-01-02","","","","","","",""
"aligned","US","stock","NVDA","day","USD","investmentTrust","2025-03-27","","주","미확인","","2025-03-27","","","","","true","Σ dailyNet[2024-01-02..asOf]","","","","unknown","기준일 이후 누락: 누적순매수 미확정","true","false","2024-01-02","2025-12-01","","","available-cumulative","2024-01-02","","","","","","",""
"aligned","US","stock","NVDA","day","USD","investmentTrust","2025-03-28","","주","미확인","","2025-03-28","","","","","true","Σ dailyNet[2024-01-02..asOf]","","","","unknown","기준일 이후 누락: 누적순매수 미확정","true","false","2024-01-02","2025-12-01","","","available-cumulative","2024-01-02","","","","","","",""
"aligned","US","stock","NVDA","day","USD","investmentTrust","2025-03-31","","주","미확인","","2025-03-31","","","","","true","Σ dailyNet[2024-01-02..asOf]","","","","unknown","기준일 이후 누락: 누적순매수 미확정","true","false","2024-01-02","2025-12-01","","","available-cumulative","2024-01-02","","","","","","",""
"aligned","US","stock","NVDA","day","USD","investmentTrust","2025-04-01","","주","미확인","","2025-04-01","","","","","true","Σ dailyNet[2024-01-02..asOf]","","","","unknown","기준일 이후 누락: 누적순매수 미확정","true","false","2024-01-02","2025-12-01","","","available-cumulative","2024-01-02","","","","","","",""
"aligned","US","stock","NVDA","day","USD","investmentTrust","2025-04-02","","주","미확인","","2025-04-02","","","","","true","Σ dailyNet[2024-01-02..asOf]","","","","unknown","기준일 이후 누락: 누적순매수 미확정","true","false","2024-01-02","2025-12-01","","","available-cumulative","2024-01-02","","","","","","",""
"aligned","US","stock","NVDA","day","USD","investmentTrust","2025-04-03","","주","미확인","","2025-04-03","","","","","true","Σ dailyNet[2024-01-02..asOf]","","","","unknown","기준일 이후 누락: 누적순매수 미확정","true","false","2024-01-02","2025-12-01","","","available-cumulative","2024-01-02","","","","","","",""
"aligned","US","stock","NVDA","day","USD","investmentTrust","2025-04-04","","주","미확인","","2025-04-04","","","","","true","Σ dailyNet[2024-01-02..asOf]","","","","unknown","기준일 이후 누락: 누적순매수 미확정","true","false","2024-01-02","2025-12-01","","","available-cumulative","2024-01-02","","","","","","",""
"aligned","US","stock","NVDA","day","USD","investmentTrust","2025-04-07","","주","미확인","","2025-04-07","","","","","true","Σ dailyNet[2024-01-02..asOf]","","","","unknown","기준일 이후 누락: 누적순매수 미확정","true","false","2024-01-02","2025-12-01","","","available-cumulative","2024-01-02","","","","","","",""
"aligned","US","stock","NVDA","day","USD","investmentTrust","2025-04-08","","주","미확인","","2025-04-08","","","","","true","Σ dailyNet[2024-01-02..asOf]","","","","unknown","기준일 이후 누락: 누적순매수 미확정","true","false","2024-01-02","2025-12-01","","","available-cumulative","2024-01-02","","","","","","",""
"aligned","US","stock","NVDA","day","USD","investmentTrust","2025-04-09","","주","미확인","","2025-04-09","","","","","true","Σ dailyNet[2024-01-02..asOf]","","","","unknown","기준일 이후 누락: 누적순매수 미확정","true","false","2024-01-02","2025-12-01","","","available-cumulative","2024-01-02","","","","","","",""
"aligned","US","stock","NVDA","day","USD","investmentTrust","2025-04-10","","주","미확인","","2025-04-10","","","","","true","Σ dailyNet[2024-01-02..asOf]","","","","unknown","기준일 이후 누락: 누적순매수 미확정","true","false","2024-01-02","2025-12-01","","","available-cumulative","2024-01-02","","","","","","",""
"aligned","US","stock","NVDA","day","USD","investmentTrust","2025-04-11","","주","미확인","","2025-04-11","","","","","true","Σ dailyNet[2024-01-02..asOf]","","","","unknown","기준일 이후 누락: 누적순매수 미확정","true","false","2024-01-02","2025-12-01","","","available-cumulative","2024-01-02","","","","","","",""
"aligned","US","stock","NVDA","day","USD","investmentTrust","2025-04-14","","주","미확인","","2025-04-14","","","","","true","Σ dailyNet[2024-01-02..asOf]","","","","unknown","기준일 이후 누락: 누적순매수 미확정","true","false","2024-01-02","2025-12-01","","","available-cumulative","2024-01-02","","","","","","",""
"aligned","US","stock","NVDA","day","USD","investmentTrust","2025-04-15","","주","미확인","","2025-04-15","","","","","true","Σ dailyNet[2024-01-02..asOf]","","","","unknown","기준일 이후 누락: 누적순매수 미확정","true","false","2024-01-02","2025-12-01","","","available-cumulative","2024-01-02","","","","","","",""
"aligned","US","stock","NVDA","day","USD","investmentTrust","2025-04-16","","주","미확인","","2025-04-16","","","","","true","Σ dailyNet[2024-01-02..asOf]","","","","unknown","기준일 이후 누락: 누적순매수 미확정","true","false","2024-01-02","2025-12-01","","","available-cumulative","2024-01-02","","","","","","",""
"aligned","US","stock","NVDA","day","USD","investmentTrust","2025-04-17","","주","미확인","","2025-04-17","","","","","true","Σ dailyNet[2024-01-02..asOf]","","","","unknown","기준일 이후 누락: 누적순매수 미확정","true","false","2024-01-02","2025-12-01","","","available-cumulative","2024-01-02","","","","","","",""
"aligned","US","stock","NVDA","day","USD","investmentTrust","2025-04-18","","주","미확인","","2025-04-18","","","","","true","Σ dailyNet[2024-01-02..asOf]","","","","unknown","기준일 이후 누락: 누적순매수 미확정","true","false","2024-01-02","2025-12-01","","","available-cumulative","2024-01-02","","","","","","",""
"aligned","US","stock","NVDA","day","USD","investmentTrust","2025-04-21","","주","미확인","","2025-04-21","","","","","true","Σ dailyNet[2024-01-02..asOf]","","","","unknown","기준일 이후 누락: 누적순매수 미확정","true","false","2024-01-02","2025-12-01","","","available-cumulative","2024-01-02","","","","","","",""
"aligned","US","stock","NVDA","day","USD","investmentTrust","2025-04-22","","주","미확인","","2025-04-22","","","","","true","Σ dailyNet[2024-01-02..asOf]","","","","unknown","기준일 이후 누락: 누적순매수 미확정","true","false","2024-01-02","2025-12-01","","","available-cumulative","2024-01-02","","","","","","",""
"aligned","US","stock","NVDA","day","USD","investmentTrust","2025-04-23","","주","미확인","","2025-04-23","","","","","true","Σ dailyNet[2024-01-02..asOf]","","","","unknown","기준일 이후 누락: 누적순매수 미확정","true","false","2024-01-02","2025-12-01","","","available-cumulative","2024-01-02","","","","","","",""
"aligned","US","stock","NVDA","day","USD","investmentTrust","2025-04-24","","주","미확인","","2025-04-24","","","","","true","Σ dailyNet[2024-01-02..asOf]","","","","unknown","기준일 이후 누락: 누적순매수 미확정","true","false","2024-01-02","2025-12-01","","","available-cumulative","2024-01-02","","","","","","",""
"aligned","US","stock","NVDA","day","USD","investmentTrust","2025-04-25","","주","미확인","","2025-04-25","","","","","true","Σ dailyNet[2024-01-02..asOf]","","","","unknown","기준일 이후 누락: 누적순매수 미확정","true","false","2024-01-02","2025-12-01","","","available-cumulative","2024-01-02","","","","","","",""
"aligned","US","stock","NVDA","day","USD","investmentTrust","2025-04-28","","주","미확인","","2025-04-28","","","","","true","Σ dailyNet[2024-01-02..asOf]","","","","unknown","기준일 이후 누락: 누적순매수 미확정","true","false","2024-01-02","2025-12-01","","","available-cumulative","2024-01-02","","","","","","",""
"aligned","US","stock","NVDA","day","USD","investmentTrust","2025-04-29","","주","미확인","","2025-04-29","","","","","true","Σ dailyNet[2024-01-02..asOf]","","","","unknown","기준일 이후 누락: 누적순매수 미확정","true","false","2024-01-02","2025-12-01","","","available-cumulative","2024-01-02","","","","","","",""
"aligned","US","stock","NVDA","day","USD","investmentTrust","2025-04-30","","주","미확인","","2025-04-30","","","","","true","Σ dailyNet[2024-01-02..asOf]","","","","unknown","기준일 이후 누락: 누적순매수 미확정","true","false","2024-01-02","2025-12-01","","","available-cumulative","2024-01-02","","","","","","",""
"aligned","US","stock","NVDA","day","USD","investmentTrust","2025-05-01","","주","미확인","","2025-05-01","","","","","true","Σ dailyNet[2024-01-02..asOf]","","","","unknown","기준일 이후 누락: 누적순매수 미확정","true","false","2024-01-02","2025-12-01","","","available-cumulative","2024-01-02","","","","","","",""
"aligned","US","stock","NVDA","day","USD","investmentTrust","2025-05-02","","주","미확인","","2025-05-02","","","","","true","Σ dailyNet[2024-01-02..asOf]","","","","unknown","기준일 이후 누락: 누적순매수 미확정","true","false","2024-01-02","2025-12-01","","","available-cumulative","2024-01-02","","","","","","",""
"aligned","US","stock","NVDA","day","USD","investmentTrust","2025-05-05","","주","미확인","","2025-05-05","","","","","true","Σ dailyNet[2024-01-02..asOf]","","","","unknown","기준일 이후 누락: 누적순매수 미확정","true","false","2024-01-02","2025-12-01","","","available-cumulative","2024-01-02","","","","","","",""
"aligned","US","stock","NVDA","day","USD","investmentTrust","2025-05-06","","주","미확인","","2025-05-06","","","","","true","Σ dailyNet[2024-01-02..asOf]","","","","unknown","기준일 이후 누락: 누적순매수 미확정","true","false","2024-01-02","2025-12-01","","","available-cumulative","2024-01-02","","","","","","",""
"aligned","US","stock","NVDA","day","USD","investmentTrust","2025-05-07","","주","미확인","","2025-05-07","","","","","true","Σ dailyNet[2024-01-02..asOf]","","","","unknown","기준일 이후 누락: 누적순매수 미확정","true","false","2024-01-02","2025-12-01","","","available-cumulative","2024-01-02","","","","","","",""
"aligned","US","stock","NVDA","day","USD","investmentTrust","2025-05-08","","주","미확인","","2025-05-08","","","","","true","Σ dailyNet[2024-01-02..asOf]","","","","unknown","기준일 이후 누락: 누적순매수 미확정","true","false","2024-01-02","2025-12-01","","","available-cumulative","2024-01-02","","","","","","",""
"aligned","US","stock","NVDA","day","USD","investmentTrust","2025-05-09","","주","미확인","","2025-05-09","","","","","true","Σ dailyNet[2024-01-02..asOf]","","","","unknown","기준일 이후 누락: 누적순매수 미확정","true","false","2024-01-02","2025-12-01","","","available-cumulative","2024-01-02","","","","","","",""
"aligned","US","stock","NVDA","day","USD","investmentTrust","2025-05-12","","주","미확인","","2025-05-12","","","","","true","Σ dailyNet[2024-01-02..asOf]","","","","unknown","기준일 이후 누락: 누적순매수 미확정","true","false","2024-01-02","2025-12-01","","","available-cumulative","2024-01-02","","","","","","",""
"aligned","US","stock","NVDA","day","USD","investmentTrust","2025-05-13","","주","미확인","","2025-05-13","","","","","true","Σ dailyNet[2024-01-02..asOf]","","","","unknown","기준일 이후 누락: 누적순매수 미확정","true","false","2024-01-02","2025-12-01","","","available-cumulative","2024-01-02","","","","","","",""
"aligned","US","stock","NVDA","day","USD","investmentTrust","2025-05-14","","주","미확인","","2025-05-14","","","","","true","Σ dailyNet[2024-01-02..asOf]","","","","unknown","기준일 이후 누락: 누적순매수 미확정","true","false","2024-01-02","2025-12-01","","","available-cumulative","2024-01-02","","","","","","",""
"aligned","US","stock","NVDA","day","USD","investmentTrust","2025-05-15","","주","미확인","","2025-05-15","","","","","true","Σ dailyNet[2024-01-02..asOf]","","","","unknown","기준일 이후 누락: 누적순매수 미확정","true","false","2024-01-02","2025-12-01","","","available-cumulative","2024-01-02","","","","","","",""
"aligned","US","stock","NVDA","day","USD","investmentTrust","2025-05-16","","주","미확인","","2025-05-16","","","","","true","Σ dailyNet[2024-01-02..asOf]","","","","unknown","기준일 이후 누락: 누적순매수 미확정","true","false","2024-01-02","2025-12-01","","","available-cumulative","2024-01-02","","","","","","",""
"aligned","US","stock","NVDA","day","USD","investmentTrust","2025-05-19","","주","미확인","","2025-05-19","","","","","true","Σ dailyNet[2024-01-02..asOf]","","","","unknown","기준일 이후 누락: 누적순매수 미확정","true","false","2024-01-02","2025-12-01","","","available-cumulative","2024-01-02","","","","","","",""
"aligned","US","stock","NVDA","day","USD","investmentTrust","2025-05-20","","주","미확인","","2025-05-20","","","","","true","Σ dailyNet[2024-01-02..asOf]","","","","unknown","기준일 이후 누락: 누적순매수 미확정","true","false","2024-01-02","2025-12-01","","","available-cumulative","2024-01-02","","","","","","",""
"aligned","US","stock","NVDA","day","USD","investmentTrust","2025-05-21","","주","미확인","","2025-05-21","","","","","true","Σ dailyNet[2024-01-02..asOf]","","","","unknown","기준일 이후 누락: 누적순매수 미확정","true","false","2024-01-02","2025-12-01","","","available-cumulative","2024-01-02","","","","","","",""
"aligned","US","stock","NVDA","day","USD","investmentTrust","2025-05-22","","주","미확인","","2025-05-22","","","","","true","Σ dailyNet[2024-01-02..asOf]","","","","unknown","기준일 이후 누락: 누적순매수 미확정","true","false","2024-01-02","2025-12-01","","","available-cumulative","2024-01-02","","","","","","",""
"aligned","US","stock","NVDA","day","USD","investmentTrust","2025-05-23","","주","미확인","","2025-05-23","","","","","true","Σ dailyNet[2024-01-02..asOf]","","","","unknown","기준일 이후 누락: 누적순매수 미확정","true","false","2024-01-02","2025-12-01","","","available-cumulative","2024-01-02","","","","","","",""
"aligned","US","stock","NVDA","day","USD","investmentTrust","2025-05-26","","주","미확인","","2025-05-26","","","","","true","Σ dailyNet[2024-01-02..asOf]","","","","unknown","기준일 이후 누락: 누적순매수 미확정","true","false","2024-01-02","2025-12-01","","","available-cumulative","2024-01-02","","","","","","",""
"aligned","US","stock","NVDA","day","USD","investmentTrust","2025-05-27","","주","미확인","","2025-05-27","","","","","true","Σ dailyNet[2024-01-02..asOf]","","","","unknown","기준일 이후 누락: 누적순매수 미확정","true","false","2024-01-02","2025-12-01","","","available-cumulative","2024-01-02","","","","","","",""
"aligned","US","stock","NVDA","day","USD","investmentTrust","2025-05-28","","주","미확인","","2025-05-28","","","","","true","Σ dailyNet[2024-01-02..asOf]","","","","unknown","기준일 이후 누락: 누적순매수 미확정","true","false","2024-01-02","2025-12-01","","","available-cumulative","2024-01-02","","","","","","",""
"aligned","US","stock","NVDA","day","USD","investmentTrust","2025-05-29","","주","미확인","","2025-05-29","","","","","true","Σ dailyNet[2024-01-02..asOf]","","","","unknown","기준일 이후 누락: 누적순매수 미확정","true","false","2024-01-02","2025-12-01","","","available-cumulative","2024-01-02","","","","","","",""
"aligned","US","stock","NVDA","day","USD","investmentTrust","2025-05-30","","주","미확인","","2025-05-30","","","","","true","Σ dailyNet[2024-01-02..asOf]","","","","unknown","기준일 이후 누락: 누적순매수 미확정","true","false","2024-01-02","2025-12-01","","","available-cumulative","2024-01-02","","","","","","",""
"aligned","US","stock","NVDA","day","USD","investmentTrust","2025-06-02","","주","미확인","","2025-06-02","","","","","true","Σ dailyNet[2024-01-02..asOf]","","","","unknown","기준일 이후 누락: 누적순매수 미확정","true","false","2024-01-02","2025-12-01","","","available-cumulative","2024-01-02","","","","","","",""
"aligned","US","stock","NVDA","day","USD","investmentTrust","2025-06-03","","주","미확인","","2025-06-03","","","","","true","Σ dailyNet[2024-01-02..asOf]","","","","unknown","기준일 이후 누락: 누적순매수 미확정","true","false","2024-01-02","2025-12-01","","","available-cumulative","2024-01-02","","","","","","",""
"aligned","US","stock","NVDA","day","USD","investmentTrust","2025-06-04","","주","미확인","","2025-06-04","","","","","true","Σ dailyNet[2024-01-02..asOf]","","","","unknown","기준일 이후 누락: 누적순매수 미확정","true","false","2024-01-02","2025-12-01","","","available-cumulative","2024-01-02","","","","","","",""
"aligned","US","stock","NVDA","day","USD","investmentTrust","2025-06-05","","주","미확인","","2025-06-05","","","","","true","Σ dailyNet[2024-01-02..asOf]","","","","unknown","기준일 이후 누락: 누적순매수 미확정","true","false","2024-01-02","2025-12-01","","","available-cumulative","2024-01-02","","","","","","",""
"aligned","US","stock","NVDA","day","USD","investmentTrust","2025-06-06","","주","미확인","","2025-06-06","","","","","true","Σ dailyNet[2024-01-02..asOf]","","","","unknown","기준일 이후 누락: 누적순매수 미확정","true","false","2024-01-02","2025-12-01","","","available-cumulative","2024-01-02","","","","","","",""
"aligned","US","stock","NVDA","day","USD","investmentTrust","2025-06-09","","주","미확인","","2025-06-09","","","","","true","Σ dailyNet[2024-01-02..asOf]","","","","unknown","기준일 이후 누락: 누적순매수 미확정","true","false","2024-01-02","2025-12-01","","","available-cumulative","2024-01-02","","","","","","",""
"aligned","US","stock","NVDA","day","USD","investmentTrust","2025-06-10","","주","미확인","","2025-06-10","","","","","true","Σ dailyNet[2024-01-02..asOf]","","","","unknown","기준일 이후 누락: 누적순매수 미확정","true","false","2024-01-02","2025-12-01","","","available-cumulative","2024-01-02","","","","","","",""
"aligned","US","stock","NVDA","day","USD","investmentTrust","2025-06-11","","주","미확인","","2025-06-11","","","","","true","Σ dailyNet[2024-01-02..asOf]","","","","unknown","기준일 이후 누락: 누적순매수 미확정","true","false","2024-01-02","2025-12-01","","","available-cumulative","2024-01-02","","","","","","",""
"aligned","US","stock","NVDA","day","USD","investmentTrust","2025-06-12","","주","미확인","","2025-06-12","","","","","true","Σ dailyNet[2024-01-02..asOf]","","","","unknown","기준일 이후 누락: 누적순매수 미확정","true","false","2024-01-02","2025-12-01","","","available-cumulative","2024-01-02","","","","","","",""
"aligned","US","stock","NVDA","day","USD","investmentTrust","2025-06-13","","주","미확인","","2025-06-13","","","","","true","Σ dailyNet[2024-01-02..asOf]","","","","unknown","기준일 이후 누락: 누적순매수 미확정","true","false","2024-01-02","2025-12-01","","","available-cumulative","2024-01-02","","","","","","",""
"aligned","US","stock","NVDA","day","USD","investmentTrust","2025-06-16","","주","미확인","","2025-06-16","","","","","true","Σ dailyNet[2024-01-02..asOf]","","","","unknown","기준일 이후 누락: 누적순매수 미확정","true","false","2024-01-02","2025-12-01","","","available-cumulative","2024-01-02","","","","","","",""
"aligned","US","stock","NVDA","day","USD","investmentTrust","2025-06-17","","주","미확인","","2025-06-17","","","","","true","Σ dailyNet[2024-01-02..asOf]","","","","unknown","기준일 이후 누락: 누적순매수 미확정","true","false","2024-01-02","2025-12-01","","","available-cumulative","2024-01-02","","","","","","",""
"aligned","US","stock","NVDA","day","USD","investmentTrust","2025-06-18","","주","미확인","","2025-06-18","","","","","true","Σ dailyNet[2024-01-02..asOf]","","","","unknown","기준일 이후 누락: 누적순매수 미확정","true","false","2024-01-02","2025-12-01","","","available-cumulative","2024-01-02","","","","","","",""
"aligned","US","stock","NVDA","day","USD","investmentTrust","2025-06-19","","주","미확인","","2025-06-19","","","","","true","Σ dailyNet[2024-01-02..asOf]","","","","unknown","기준일 이후 누락: 누적순매수 미확정","true","false","2024-01-02","2025-12-01","","","available-cumulative","2024-01-02","","","","","","",""
"aligned","US","stock","NVDA","day","USD","investmentTrust","2025-06-20","","주","미확인","","2025-06-20","","","","","true","Σ dailyNet[2024-01-02..asOf]","","","","unknown","기준일 이후 누락: 누적순매수 미확정","true","false","2024-01-02","2025-12-01","","","available-cumulative","2024-01-02","","","","","","",""
"aligned","US","stock","NVDA","day","USD","investmentTrust","2025-06-23","","주","미확인","","2025-06-23","","","","","true","Σ dailyNet[2024-01-02..asOf]","","","","unknown","기준일 이후 누락: 누적순매수 미확정","true","false","2024-01-02","2025-12-01","","","available-cumulative","2024-01-02","","","","","","",""
"aligned","US","stock","NVDA","day","USD","investmentTrust","2025-06-24","","주","미확인","","2025-06-24","","","","","true","Σ dailyNet[2024-01-02..asOf]","","","","unknown","기준일 이후 누락: 누적순매수 미확정","true","false","2024-01-02","2025-12-01","","","available-cumulative","2024-01-02","","","","","","",""
"aligned","US","stock","NVDA","day","USD","investmentTrust","2025-06-25","","주","미확인","","2025-06-25","","","","","true","Σ dailyNet[2024-01-02..asOf]","","","","unknown","기준일 이후 누락: 누적순매수 미확정","true","false","2024-01-02","2025-12-01","","","available-cumulative","2024-01-02","","","","","","",""
"aligned","US","stock","NVDA","day","USD","investmentTrust","2025-06-26","","주","미확인","","2025-06-26","","","","","true","Σ dailyNet[2024-01-02..asOf]","","","","unknown","기준일 이후 누락: 누적순매수 미확정","true","false","2024-01-02","2025-12-01","","","available-cumulative","2024-01-02","","","","","","",""
"aligned","US","stock","NVDA","day","USD","investmentTrust","2025-06-27","","주","미확인","","2025-06-27","","","","","true","Σ dailyNet[2024-01-02..asOf]","","","","unknown","기준일 이후 누락: 누적순매수 미확정","true","false","2024-01-02","2025-12-01","","","available-cumulative","2024-01-02","","","","","","",""
"aligned","US","stock","NVDA","day","USD","investmentTrust","2025-06-30","","주","미확인","","2025-06-30","","","","","true","Σ dailyNet[2024-01-02..asOf]","","","","unknown","기준일 이후 누락: 누적순매수 미확정","true","false","2024-01-02","2025-12-01","","","available-cumulative","2024-01-02","","","","","","",""
"aligned","US","stock","NVDA","day","USD","investmentTrust","2025-07-01","","주","미확인","","2025-07-01","","","","","true","Σ dailyNet[2024-01-02..asOf]","","","","unknown","기준일 이후 누락: 누적순매수 미확정","true","false","2024-01-02","2025-12-01","","","available-cumulative","2024-01-02","","","","","","",""
"aligned","US","stock","NVDA","day","USD","investmentTrust","2025-07-02","","주","미확인","","2025-07-02","","","","","true","Σ dailyNet[2024-01-02..asOf]","","","","unknown","기준일 이후 누락: 누적순매수 미확정","true","false","2024-01-02","2025-12-01","","","available-cumulative","2024-01-02","","","","","","",""
"aligned","US","stock","NVDA","day","USD","investmentTrust","2025-07-03","","주","미확인","","2025-07-03","","","","","true","Σ dailyNet[2024-01-02..asOf]","","","","unknown","기준일 이후 누락: 누적순매수 미확정","true","false","2024-01-02","2025-12-01","","","available-cumulative","2024-01-02","","","","","","",""
"aligned","US","stock","NVDA","day","USD","investmentTrust","2025-07-04","","주","미확인","","2025-07-04","","","","","true","Σ dailyNet[2024-01-02..asOf]","","","","unknown","기준일 이후 누락: 누적순매수 미확정","true","false","2024-01-02","2025-12-01","","","available-cumulative","2024-01-02","","","","","","",""
"aligned","US","stock","NVDA","day","USD","investmentTrust","2025-07-07","","주","미확인","","2025-07-07","","","","","true","Σ dailyNet[2024-01-02..asOf]","","","","unknown","기준일 이후 누락: 누적순매수 미확정","true","false","2024-01-02","2025-12-01","","","available-cumulative","2024-01-02","","","","","","",""
"aligned","US","stock","NVDA","day","USD","investmentTrust","2025-07-08","","주","미확인","","2025-07-08","","","","","true","Σ dailyNet[2024-01-02..asOf]","","","","unknown","기준일 이후 누락: 누적순매수 미확정","true","false","2024-01-02","2025-12-01","","","available-cumulative","2024-01-02","","","","","","",""
"aligned","US","stock","NVDA","day","USD","investmentTrust","2025-07-09","","주","미확인","","2025-07-09","","","","","true","Σ dailyNet[2024-01-02..asOf]","","","","unknown","기준일 이후 누락: 누적순매수 미확정","true","false","2024-01-02","2025-12-01","","","available-cumulative","2024-01-02","","","","","","",""
"aligned","US","stock","NVDA","day","USD","investmentTrust","2025-07-10","","주","미확인","","2025-07-10","","","","","true","Σ dailyNet[2024-01-02..asOf]","","","","unknown","기준일 이후 누락: 누적순매수 미확정","true","false","2024-01-02","2025-12-01","","","available-cumulative","2024-01-02","","","","","","",""
"aligned","US","stock","NVDA","day","USD","investmentTrust","2025-07-11","","주","미확인","","2025-07-11","","","","","true","Σ dailyNet[2024-01-02..asOf]","","","","unknown","기준일 이후 누락: 누적순매수 미확정","true","false","2024-01-02","2025-12-01","","","available-cumulative","2024-01-02","","","","","","",""
"aligned","US","stock","NVDA","day","USD","investmentTrust","2025-07-14","","주","미확인","","2025-07-14","","","","","true","Σ dailyNet[2024-01-02..asOf]","","","","unknown","기준일 이후 누락: 누적순매수 미확정","true","false","2024-01-02","2025-12-01","","","available-cumulative","2024-01-02","","","","","","",""
"aligned","US","stock","NVDA","day","USD","investmentTrust","2025-07-15","","주","미확인","","2025-07-15","","","","","true","Σ dailyNet[2024-01-02..asOf]","","","","unknown","기준일 이후 누락: 누적순매수 미확정","true","false","2024-01-02","2025-12-01","","","available-cumulative","2024-01-02","","","","","","",""
"aligned","US","stock","NVDA","day","USD","investmentTrust","2025-07-16","","주","미확인","","2025-07-16","","","","","true","Σ dailyNet[2024-01-02..asOf]","","","","unknown","기준일 이후 누락: 누적순매수 미확정","true","false","2024-01-02","2025-12-01","","","available-cumulative","2024-01-02","","","","","","",""
"aligned","US","stock","NVDA","day","USD","investmentTrust","2025-07-17","","주","미확인","","2025-07-17","","","","","true","Σ dailyNet[2024-01-02..asOf]","","","","unknown","기준일 이후 누락: 누적순매수 미확정","true","false","2024-01-02","2025-12-01","","","available-cumulative","2024-01-02","","","","","","",""
"aligned","US","stock","NVDA","day","USD","investmentTrust","2025-07-18","","주","미확인","","2025-07-18","","","","","true","Σ dailyNet[2024-01-02..asOf]","","","","unknown","기준일 이후 누락: 누적순매수 미확정","true","false","2024-01-02","2025-12-01","","","available-cumulative","2024-01-02","","","","","","",""
"aligned","US","stock","NVDA","day","USD","investmentTrust","2025-07-21","","주","미확인","","2025-07-21","","","","","true","Σ dailyNet[2024-01-02..asOf]","","","","unknown","기준일 이후 누락: 누적순매수 미확정","true","false","2024-01-02","2025-12-01","","","available-cumulative","2024-01-02","","","","","","",""
"aligned","US","stock","NVDA","day","USD","investmentTrust","2025-07-22","","주","미확인","","2025-07-22","","","","","true","Σ dailyNet[2024-01-02..asOf]","","","","unknown","기준일 이후 누락: 누적순매수 미확정","true","false","2024-01-02","2025-12-01","","","available-cumulative","2024-01-02","","","","","","",""
"aligned","US","stock","NVDA","day","USD","investmentTrust","2025-07-23","","주","미확인","","2025-07-23","","","","","true","Σ dailyNet[2024-01-02..asOf]","","","","unknown","기준일 이후 누락: 누적순매수 미확정","true","false","2024-01-02","2025-12-01","","","available-cumulative","2024-01-02","","","","","","",""
"aligned","US","stock","NVDA","day","USD","investmentTrust","2025-07-24","","주","미확인","","2025-07-24","","","","","true","Σ dailyNet[2024-01-02..asOf]","","","","unknown","기준일 이후 누락: 누적순매수 미확정","true","false","2024-01-02","2025-12-01","","","available-cumulative","2024-01-02","","","","","","",""
"aligned","US","stock","NVDA","day","USD","investmentTrust","2025-07-25","","주","미확인","","2025-07-25","","","","","true","Σ dailyNet[2024-01-02..asOf]","","","","unknown","기준일 이후 누락: 누적순매수 미확정","true","false","2024-01-02","2025-12-01","","","available-cumulative","2024-01-02","","","","","","",""
"aligned","US","stock","NVDA","day","USD","investmentTrust","2025-07-28","","주","미확인","","2025-07-28","","","","","true","Σ dailyNet[2024-01-02..asOf]","","","","unknown","기준일 이후 누락: 누적순매수 미확정","true","false","2024-01-02","2025-12-01","","","available-cumulative","2024-01-02","","","","","","",""
"aligned","US","stock","NVDA","day","USD","investmentTrust","2025-07-29","","주","미확인","","2025-07-29","","","","","true","Σ dailyNet[2024-01-02..asOf]","","","","unknown","기준일 이후 누락: 누적순매수 미확정","true","false","2024-01-02","2025-12-01","","","available-cumulative","2024-01-02","","","","","","",""
"aligned","US","stock","NVDA","day","USD","investmentTrust","2025-07-30","","주","미확인","","2025-07-30","","","","","true","Σ dailyNet[2024-01-02..asOf]","","","","unknown","기준일 이후 누락: 누적순매수 미확정","true","false","2024-01-02","2025-12-01","","","available-cumulative","2024-01-02","","","","","","",""
"aligned","US","stock","NVDA","day","USD","investmentTrust","2025-07-31","","주","미확인","","2025-07-31","","","","","true","Σ dailyNet[2024-01-02..asOf]","","","","unknown","기준일 이후 누락: 누적순매수 미확정","true","false","2024-01-02","2025-12-01","","","available-cumulative","2024-01-02","","","","","","",""
"aligned","US","stock","NVDA","day","USD","investmentTrust","2025-08-01","","주","미확인","","2025-08-01","","","","","true","Σ dailyNet[2024-01-02..asOf]","","","","unknown","기준일 이후 누락: 누적순매수 미확정","true","false","2024-01-02","2025-12-01","","","available-cumulative","2024-01-02","","","","","","",""
"aligned","US","stock","NVDA","day","USD","investmentTrust","2025-08-04","","주","미확인","","2025-08-04","","","","","true","Σ dailyNet[2024-01-02..asOf]","","","","unknown","기준일 이후 누락: 누적순매수 미확정","true","false","2024-01-02","2025-12-01","","","available-cumulative","2024-01-02","","","","","","",""
"aligned","US","stock","NVDA","day","USD","investmentTrust","2025-08-05","","주","미확인","","2025-08-05","","","","","true","Σ dailyNet[2024-01-02..asOf]","","","","unknown","기준일 이후 누락: 누적순매수 미확정","true","false","2024-01-02","2025-12-01","","","available-cumulative","2024-01-02","","","","","","",""
"aligned","US","stock","NVDA","day","USD","investmentTrust","2025-08-06","","주","미확인","","2025-08-06","","","","","true","Σ dailyNet[2024-01-02..asOf]","","","","unknown","기준일 이후 누락: 누적순매수 미확정","true","false","2024-01-02","2025-12-01","","","available-cumulative","2024-01-02","","","","","","",""
"aligned","US","stock","NVDA","day","USD","investmentTrust","2025-08-07","","주","미확인","","2025-08-07","","","","","true","Σ dailyNet[2024-01-02..asOf]","","","","unknown","기준일 이후 누락: 누적순매수 미확정","true","false","2024-01-02","2025-12-01","","","available-cumulative","2024-01-02","","","","","","",""
"aligned","US","stock","NVDA","day","USD","investmentTrust","2025-08-08","","주","미확인","","2025-08-08","","","","","true","Σ dailyNet[2024-01-02..asOf]","","","","unknown","기준일 이후 누락: 누적순매수 미확정","true","false","2024-01-02","2025-12-01","","","available-cumulative","2024-01-02","","","","","","",""
"aligned","US","stock","NVDA","day","USD","investmentTrust","2025-08-11","","주","미확인","","2025-08-11","","","","","true","Σ dailyNet[2024-01-02..asOf]","","","","unknown","기준일 이후 누락: 누적순매수 미확정","true","false","2024-01-02","2025-12-01","","","available-cumulative","2024-01-02","","","","","","",""
"aligned","US","stock","NVDA","day","USD","investmentTrust","2025-08-12","","주","미확인","","2025-08-12","","","","","true","Σ dailyNet[2024-01-02..asOf]","","","","unknown","기준일 이후 누락: 누적순매수 미확정","true","false","2024-01-02","2025-12-01","","","available-cumulative","2024-01-02","","","","","","",""
"aligned","US","stock","NVDA","day","USD","investmentTrust","2025-08-13","","주","미확인","","2025-08-13","","","","","true","Σ dailyNet[2024-01-02..asOf]","","","","unknown","기준일 이후 누락: 누적순매수 미확정","true","false","2024-01-02","2025-12-01","","","available-cumulative","2024-01-02","","","","","","",""
"aligned","US","stock","NVDA","day","USD","investmentTrust","2025-08-14","","주","미확인","","2025-08-14","","","","","true","Σ dailyNet[2024-01-02..asOf]","","","","unknown","기준일 이후 누락: 누적순매수 미확정","true","false","2024-01-02","2025-12-01","","","available-cumulative","2024-01-02","","","","","","",""
"aligned","US","stock","NVDA","day","USD","investmentTrust","2025-08-15","","주","미확인","","2025-08-15","","","","","true","Σ dailyNet[2024-01-02..asOf]","","","","unknown","기준일 이후 누락: 누적순매수 미확정","true","false","2024-01-02","2025-12-01","","","available-cumulative","2024-01-02","","","","","","",""
"aligned","US","stock","NVDA","day","USD","investmentTrust","2025-08-18","","주","미확인","","2025-08-18","","","","","true","Σ dailyNet[2024-01-02..asOf]","","","","unknown","기준일 이후 누락: 누적순매수 미확정","true","false","2024-01-02","2025-12-01","","","available-cumulative","2024-01-02","","","","","","",""
"aligned","US","stock","NVDA","day","USD","investmentTrust","2025-08-19","","주","미확인","","2025-08-19","","","","","true","Σ dailyNet[2024-01-02..asOf]","","","","unknown","기준일 이후 누락: 누적순매수 미확정","true","false","2024-01-02","2025-12-01","","","available-cumulative","2024-01-02","","","","","","",""
"aligned","US","stock","NVDA","day","USD","investmentTrust","2025-08-20","","주","미확인","","2025-08-20","","","","","true","Σ dailyNet[2024-01-02..asOf]","","","","unknown","기준일 이후 누락: 누적순매수 미확정","true","false","2024-01-02","2025-12-01","","","available-cumulative","2024-01-02","","","","","","",""
"aligned","US","stock","NVDA","day","USD","investmentTrust","2025-08-21","","주","미확인","","2025-08-21","","","","","true","Σ dailyNet[2024-01-02..asOf]","","","","unknown","기준일 이후 누락: 누적순매수 미확정","true","false","2024-01-02","2025-12-01","","","available-cumulative","2024-01-02","","","","","","",""
"aligned","US","stock","NVDA","day","USD","investmentTrust","2025-08-22","","주","미확인","","2025-08-22","","","","","true","Σ dailyNet[2024-01-02..asOf]","","","","unknown","기준일 이후 누락: 누적순매수 미확정","true","false","2024-01-02","2025-12-01","","","available-cumulative","2024-01-02","","","","","","",""
"aligned","US","stock","NVDA","day","USD","investmentTrust","2025-08-25","","주","미확인","","2025-08-25","","","","","true","Σ dailyNet[2024-01-02..asOf]","","","","unknown","기준일 이후 누락: 누적순매수 미확정","true","false","2024-01-02","2025-12-01","","","available-cumulative","2024-01-02","","","","","","",""
"aligned","US","stock","NVDA","day","USD","investmentTrust","2025-08-26","","주","미확인","","2025-08-26","","","","","true","Σ dailyNet[2024-01-02..asOf]","","","","unknown","기준일 이후 누락: 누적순매수 미확정","true","false","2024-01-02","2025-12-01","","","available-cumulative","2024-01-02","","","","","","",""
"aligned","US","stock","NVDA","day","USD","investmentTrust","2025-08-27","","주","미확인","","2025-08-27","","","","","true","Σ dailyNet[2024-01-02..asOf]","","","","unknown","기준일 이후 누락: 누적순매수 미확정","true","false","2024-01-02","2025-12-01","","","available-cumulative","2024-01-02","","","","","","",""
"aligned","US","stock","NVDA","day","USD","investmentTrust","2025-08-28","","주","미확인","","2025-08-28","","","","","true","Σ dailyNet[2024-01-02..asOf]","","","","unknown","기준일 이후 누락: 누적순매수 미확정","true","false","2024-01-02","2025-12-01","","","available-cumulative","2024-01-02","","","","","","",""
"aligned","US","stock","NVDA","day","USD","investmentTrust","2025-08-29","","주","미확인","","2025-08-29","","","","","true","Σ dailyNet[2024-01-02..asOf]","","","","unknown","기준일 이후 누락: 누적순매수 미확정","true","false","2024-01-02","2025-12-01","","","available-cumulative","2024-01-02","","","","","","",""
"aligned","US","stock","NVDA","day","USD","investmentTrust","2025-09-01","","주","미확인","","2025-09-01","","","","","true","Σ dailyNet[2024-01-02..asOf]","","","","unknown","기준일 이후 누락: 누적순매수 미확정","true","false","2024-01-02","2025-12-01","","","available-cumulative","2024-01-02","","","","","","",""
"aligned","US","stock","NVDA","day","USD","investmentTrust","2025-09-02","","주","미확인","","2025-09-02","","","","","true","Σ dailyNet[2024-01-02..asOf]","","","","unknown","기준일 이후 누락: 누적순매수 미확정","true","false","2024-01-02","2025-12-01","","","available-cumulative","2024-01-02","","","","","","",""
"aligned","US","stock","NVDA","day","USD","investmentTrust","2025-09-03","","주","미확인","","2025-09-03","","","","","true","Σ dailyNet[2024-01-02..asOf]","","","","unknown","기준일 이후 누락: 누적순매수 미확정","true","false","2024-01-02","2025-12-01","","","available-cumulative","2024-01-02","","","","","","",""
"aligned","US","stock","NVDA","day","USD","investmentTrust","2025-09-04","","주","미확인","","2025-09-04","","","","","true","Σ dailyNet[2024-01-02..asOf]","","","","unknown","기준일 이후 누락: 누적순매수 미확정","true","false","2024-01-02","2025-12-01","","","available-cumulative","2024-01-02","","","","","","",""
"aligned","US","stock","NVDA","day","USD","investmentTrust","2025-09-05","","주","미확인","","2025-09-05","","","","","true","Σ dailyNet[2024-01-02..asOf]","","","","unknown","기준일 이후 누락: 누적순매수 미확정","true","false","2024-01-02","2025-12-01","","","available-cumulative","2024-01-02","","","","","","",""
"aligned","US","stock","NVDA","day","USD","investmentTrust","2025-09-08","","주","미확인","","2025-09-08","","","","","true","Σ dailyNet[2024-01-02..asOf]","","","","unknown","기준일 이후 누락: 누적순매수 미확정","true","false","2024-01-02","2025-12-01","","","available-cumulative","2024-01-02","","","","","","",""
"aligned","US","stock","NVDA","day","USD","investmentTrust","2025-09-09","","주","미확인","","2025-09-09","","","","","true","Σ dailyNet[2024-01-02..asOf]","","","","unknown","기준일 이후 누락: 누적순매수 미확정","true","false","2024-01-02","2025-12-01","","","available-cumulative","2024-01-02","","","","","","",""
"aligned","US","stock","NVDA","day","USD","investmentTrust","2025-09-10","","주","미확인","","2025-09-10","","","","","true","Σ dailyNet[2024-01-02..asOf]","","","","unknown","기준일 이후 누락: 누적순매수 미확정","true","false","2024-01-02","2025-12-01","","","available-cumulative","2024-01-02","","","","","","",""
"aligned","US","stock","NVDA","day","USD","investmentTrust","2025-09-11","","주","미확인","","2025-09-11","","","","","true","Σ dailyNet[2024-01-02..asOf]","","","","unknown","기준일 이후 누락: 누적순매수 미확정","true","false","2024-01-02","2025-12-01","","","available-cumulative","2024-01-02","","","","","","",""
"aligned","US","stock","NVDA","day","USD","investmentTrust","2025-09-12","","주","미확인","","2025-09-12","","","","","true","Σ dailyNet[2024-01-02..asOf]","","","","unknown","기준일 이후 누락: 누적순매수 미확정","true","false","2024-01-02","2025-12-01","","","available-cumulative","2024-01-02","","","","","","",""
"aligned","US","stock","NVDA","day","USD","investmentTrust","2025-09-15","","주","미확인","","2025-09-15","","","","","true","Σ dailyNet[2024-01-02..asOf]","","","","unknown","기준일 이후 누락: 누적순매수 미확정","true","false","2024-01-02","2025-12-01","","","available-cumulative","2024-01-02","","","","","","",""
"aligned","US","stock","NVDA","day","USD","investmentTrust","2025-09-16","","주","미확인","","2025-09-16","","","","","true","Σ dailyNet[2024-01-02..asOf]","","","","unknown","기준일 이후 누락: 누적순매수 미확정","true","false","2024-01-02","2025-12-01","","","available-cumulative","2024-01-02","","","","","","",""
"aligned","US","stock","NVDA","day","USD","investmentTrust","2025-09-17","","주","미확인","","2025-09-17","","","","","true","Σ dailyNet[2024-01-02..asOf]","","","","unknown","기준일 이후 누락: 누적순매수 미확정","true","false","2024-01-02","2025-12-01","","","available-cumulative","2024-01-02","","","","","","",""
"aligned","US","stock","NVDA","day","USD","investmentTrust","2025-09-18","","주","미확인","","2025-09-18","","","","","true","Σ dailyNet[2024-01-02..asOf]","","","","unknown","기준일 이후 누락: 누적순매수 미확정","true","false","2024-01-02","2025-12-01","","","available-cumulative","2024-01-02","","","","","","",""
"aligned","US","stock","NVDA","day","USD","investmentTrust","2025-09-19","","주","미확인","","2025-09-19","","","","","true","Σ dailyNet[2024-01-02..asOf]","","","","unknown","기준일 이후 누락: 누적순매수 미확정","true","false","2024-01-02","2025-12-01","","","available-cumulative","2024-01-02","","","","","","",""
"aligned","US","stock","NVDA","day","USD","investmentTrust","2025-09-22","","주","미확인","","2025-09-22","","","","","true","Σ dailyNet[2024-01-02..asOf]","","","","unknown","기준일 이후 누락: 누적순매수 미확정","true","false","2024-01-02","2025-12-01","","","available-cumulative","2024-01-02","","","","","","",""
"aligned","US","stock","NVDA","day","USD","investmentTrust","2025-09-23","","주","미확인","","2025-09-23","","","","","true","Σ dailyNet[2024-01-02..asOf]","","","","unknown","기준일 이후 누락: 누적순매수 미확정","true","false","2024-01-02","2025-12-01","","","available-cumulative","2024-01-02","","","","","","",""
"aligned","US","stock","NVDA","day","USD","investmentTrust","2025-09-24","","주","미확인","","2025-09-24","","","","","true","Σ dailyNet[2024-01-02..asOf]","","","","unknown","기준일 이후 누락: 누적순매수 미확정","true","false","2024-01-02","2025-12-01","","","available-cumulative","2024-01-02","","","","","","",""
"aligned","US","stock","NVDA","day","USD","investmentTrust","2025-09-25","","주","미확인","","2025-09-25","","","","","true","Σ dailyNet[2024-01-02..asOf]","","","","unknown","기준일 이후 누락: 누적순매수 미확정","true","false","2024-01-02","2025-12-01","","","available-cumulative","2024-01-02","","","","","","",""
"aligned","US","stock","NVDA","day","USD","investmentTrust","2025-09-26","","주","미확인","","2025-09-26","","","","","true","Σ dailyNet[2024-01-02..asOf]","","","","unknown","기준일 이후 누락: 누적순매수 미확정","true","false","2024-01-02","2025-12-01","","","available-cumulative","2024-01-02","","","","","","",""
"aligned","US","stock","NVDA","day","USD","investmentTrust","2025-09-29","","주","미확인","","2025-09-29","","","","","true","Σ dailyNet[2024-01-02..asOf]","","","","unknown","기준일 이후 누락: 누적순매수 미확정","true","false","2024-01-02","2025-12-01","","","available-cumulative","2024-01-02","","","","","","",""
"aligned","US","stock","NVDA","day","USD","investmentTrust","2025-09-30","","주","미확인","","2025-09-30","","","","","true","Σ dailyNet[2024-01-02..asOf]","","","","unknown","기준일 이후 누락: 누적순매수 미확정","true","false","2024-01-02","2025-12-01","","","available-cumulative","2024-01-02","","","","","","",""
"aligned","US","stock","NVDA","day","USD","investmentTrust","2025-10-01","","주","미확인","","2025-10-01","","","","","true","Σ dailyNet[2024-01-02..asOf]","","","","unknown","기준일 이후 누락: 누적순매수 미확정","true","false","2024-01-02","2025-12-01","","","available-cumulative","2024-01-02","","","","","","",""
"aligned","US","stock","NVDA","day","USD","investmentTrust","2025-10-02","","주","미확인","","2025-10-02","","","","","true","Σ dailyNet[2024-01-02..asOf]","","","","unknown","기준일 이후 누락: 누적순매수 미확정","true","false","2024-01-02","2025-12-01","","","available-cumulative","2024-01-02","","","","","","",""
"aligned","US","stock","NVDA","day","USD","investmentTrust","2025-10-03","","주","미확인","","2025-10-03","","","","","true","Σ dailyNet[2024-01-02..asOf]","","","","unknown","기준일 이후 누락: 누적순매수 미확정","true","false","2024-01-02","2025-12-01","","","available-cumulative","2024-01-02","","","","","","",""
"aligned","US","stock","NVDA","day","USD","investmentTrust","2025-10-06","","주","미확인","","2025-10-06","","","","","true","Σ dailyNet[2024-01-02..asOf]","","","","unknown","기준일 이후 누락: 누적순매수 미확정","true","false","2024-01-02","2025-12-01","","","available-cumulative","2024-01-02","","","","","","",""
"aligned","US","stock","NVDA","day","USD","investmentTrust","2025-10-07","","주","미확인","","2025-10-07","","","","","true","Σ dailyNet[2024-01-02..asOf]","","","","unknown","기준일 이후 누락: 누적순매수 미확정","true","false","2024-01-02","2025-12-01","","","available-cumulative","2024-01-02","","","","","","",""
"aligned","US","stock","NVDA","day","USD","investmentTrust","2025-10-08","","주","미확인","","2025-10-08","","","","","true","Σ dailyNet[2024-01-02..asOf]","","","","unknown","기준일 이후 누락: 누적순매수 미확정","true","false","2024-01-02","2025-12-01","","","available-cumulative","2024-01-02","","","","","","",""
"aligned","US","stock","NVDA","day","USD","investmentTrust","2025-10-09","","주","미확인","","2025-10-09","","","","","true","Σ dailyNet[2024-01-02..asOf]","","","","unknown","기준일 이후 누락: 누적순매수 미확정","true","false","2024-01-02","2025-12-01","","","available-cumulative","2024-01-02","","","","","","",""
"aligned","US","stock","NVDA","day","USD","investmentTrust","2025-10-10","","주","미확인","","2025-10-10","","","","","true","Σ dailyNet[2024-01-02..asOf]","","","","unknown","기준일 이후 누락: 누적순매수 미확정","true","false","2024-01-02","2025-12-01","","","available-cumulative","2024-01-02","","","","","","",""
"aligned","US","stock","NVDA","day","USD","investmentTrust","2025-10-13","","주","미확인","","2025-10-13","","","","","true","Σ dailyNet[2024-01-02..asOf]","","","","unknown","기준일 이후 누락: 누적순매수 미확정","true","false","2024-01-02","2025-12-01","","","available-cumulative","2024-01-02","","","","","","",""
"aligned","US","stock","NVDA","day","USD","investmentTrust","2025-10-14","","주","미확인","","2025-10-14","","","","","true","Σ dailyNet[2024-01-02..asOf]","","","","unknown","기준일 이후 누락: 누적순매수 미확정","true","false","2024-01-02","2025-12-01","","","available-cumulative","2024-01-02","","","","","","",""
"aligned","US","stock","NVDA","day","USD","investmentTrust","2025-10-15","","주","미확인","","2025-10-15","","","","","true","Σ dailyNet[2024-01-02..asOf]","","","","unknown","기준일 이후 누락: 누적순매수 미확정","true","false","2024-01-02","2025-12-01","","","available-cumulative","2024-01-02","","","","","","",""
"aligned","US","stock","NVDA","day","USD","investmentTrust","2025-10-16","","주","미확인","","2025-10-16","","","","","true","Σ dailyNet[2024-01-02..asOf]","","","","unknown","기준일 이후 누락: 누적순매수 미확정","true","false","2024-01-02","2025-12-01","","","available-cumulative","2024-01-02","","","","","","",""
"aligned","US","stock","NVDA","day","USD","investmentTrust","2025-10-17","","주","미확인","","2025-10-17","","","","","true","Σ dailyNet[2024-01-02..asOf]","","","","unknown","기준일 이후 누락: 누적순매수 미확정","true","false","2024-01-02","2025-12-01","","","available-cumulative","2024-01-02","","","","","","",""
"aligned","US","stock","NVDA","day","USD","investmentTrust","2025-10-20","","주","미확인","","2025-10-20","","","","","true","Σ dailyNet[2024-01-02..asOf]","","","","unknown","기준일 이후 누락: 누적순매수 미확정","true","false","2024-01-02","2025-12-01","","","available-cumulative","2024-01-02","","","","","","",""
"aligned","US","stock","NVDA","day","USD","investmentTrust","2025-10-21","","주","미확인","","2025-10-21","","","","","true","Σ dailyNet[2024-01-02..asOf]","","","","unknown","기준일 이후 누락: 누적순매수 미확정","true","false","2024-01-02","2025-12-01","","","available-cumulative","2024-01-02","","","","","","",""
"aligned","US","stock","NVDA","day","USD","investmentTrust","2025-10-22","","주","미확인","","2025-10-22","","","","","true","Σ dailyNet[2024-01-02..asOf]","","","","unknown","기준일 이후 누락: 누적순매수 미확정","true","false","2024-01-02","2025-12-01","","","available-cumulative","2024-01-02","","","","","","",""
"aligned","US","stock","NVDA","day","USD","investmentTrust","2025-10-23","","주","미확인","","2025-10-23","","","","","true","Σ dailyNet[2024-01-02..asOf]","","","","unknown","기준일 이후 누락: 누적순매수 미확정","true","false","2024-01-02","2025-12-01","","","available-cumulative","2024-01-02","","","","","","",""
"aligned","US","stock","NVDA","day","USD","investmentTrust","2025-10-24","","주","미확인","","2025-10-24","","","","","true","Σ dailyNet[2024-01-02..asOf]","","","","unknown","기준일 이후 누락: 누적순매수 미확정","true","false","2024-01-02","2025-12-01","","","available-cumulative","2024-01-02","","","","","","",""
"aligned","US","stock","NVDA","day","USD","investmentTrust","2025-10-27","","주","미확인","","2025-10-27","","","","","true","Σ dailyNet[2024-01-02..asOf]","","","","unknown","기준일 이후 누락: 누적순매수 미확정","true","false","2024-01-02","2025-12-01","","","available-cumulative","2024-01-02","","","","","","",""
"aligned","US","stock","NVDA","day","USD","investmentTrust","2025-10-28","","주","미확인","","2025-10-28","","","","","true","Σ dailyNet[2024-01-02..asOf]","","","","unknown","기준일 이후 누락: 누적순매수 미확정","true","false","2024-01-02","2025-12-01","","","available-cumulative","2024-01-02","","","","","","",""
"aligned","US","stock","NVDA","day","USD","investmentTrust","2025-10-29","","주","미확인","","2025-10-29","","","","","true","Σ dailyNet[2024-01-02..asOf]","","","","unknown","기준일 이후 누락: 누적순매수 미확정","true","false","2024-01-02","2025-12-01","","","available-cumulative","2024-01-02","","","","","","",""
"aligned","US","stock","NVDA","day","USD","investmentTrust","2025-10-30","","주","미확인","","2025-10-30","","","","","true","Σ dailyNet[2024-01-02..asOf]","","","","unknown","기준일 이후 누락: 누적순매수 미확정","true","false","2024-01-02","2025-12-01","","","available-cumulative","2024-01-02","","","","","","",""
"aligned","US","stock","NVDA","day","USD","investmentTrust","2025-10-31","","주","미확인","","2025-10-31","","","","","true","Σ dailyNet[2024-01-02..asOf]","","","","unknown","기준일 이후 누락: 누적순매수 미확정","true","false","2024-01-02","2025-12-01","","","available-cumulative","2024-01-02","","","","","","",""
"aligned","US","stock","NVDA","day","USD","investmentTrust","2025-11-03","","주","미확인","","2025-11-03","","","","","true","Σ dailyNet[2024-01-02..asOf]","","","","unknown","기준일 이후 누락: 누적순매수 미확정","true","false","2024-01-02","2025-12-01","","","available-cumulative","2024-01-02","","","","","","",""
"aligned","US","stock","NVDA","day","USD","investmentTrust","2025-11-04","","주","미확인","","2025-11-04","","","","","true","Σ dailyNet[2024-01-02..asOf]","","","","unknown","기준일 이후 누락: 누적순매수 미확정","true","false","2024-01-02","2025-12-01","","","available-cumulative","2024-01-02","","","","","","",""
"aligned","US","stock","NVDA","day","USD","investmentTrust","2025-11-05","","주","미확인","","2025-11-05","","","","","true","Σ dailyNet[2024-01-02..asOf]","","","","unknown","기준일 이후 누락: 누적순매수 미확정","true","false","2024-01-02","2025-12-01","","","available-cumulative","2024-01-02","","","","","","",""
"aligned","US","stock","NVDA","day","USD","investmentTrust","2025-11-06","","주","미확인","","2025-11-06","","","","","true","Σ dailyNet[2024-01-02..asOf]","","","","unknown","기준일 이후 누락: 누적순매수 미확정","true","false","2024-01-02","2025-12-01","","","available-cumulative","2024-01-02","","","","","","",""
"aligned","US","stock","NVDA","day","USD","investmentTrust","2025-11-07","","주","미확인","","2025-11-07","","","","","true","Σ dailyNet[2024-01-02..asOf]","","","","unknown","기준일 이후 누락: 누적순매수 미확정","true","false","2024-01-02","2025-12-01","","","available-cumulative","2024-01-02","","","","","","",""
"aligned","US","stock","NVDA","day","USD","investmentTrust","2025-11-10","","주","미확인","","2025-11-10","","","","","true","Σ dailyNet[2024-01-02..asOf]","","","","unknown","기준일 이후 누락: 누적순매수 미확정","true","false","2024-01-02","2025-12-01","","","available-cumulative","2024-01-02","","","","","","",""
"aligned","US","stock","NVDA","day","USD","investmentTrust","2025-11-11","","주","미확인","","2025-11-11","","","","","true","Σ dailyNet[2024-01-02..asOf]","","","","unknown","기준일 이후 누락: 누적순매수 미확정","true","false","2024-01-02","2025-12-01","","","available-cumulative","2024-01-02","","","","","","",""
"aligned","US","stock","NVDA","day","USD","investmentTrust","2025-11-12","","주","미확인","","2025-11-12","","","","","true","Σ dailyNet[2024-01-02..asOf]","","","","unknown","기준일 이후 누락: 누적순매수 미확정","true","false","2024-01-02","2025-12-01","","","available-cumulative","2024-01-02","","","","","","",""
"aligned","US","stock","NVDA","day","USD","investmentTrust","2025-11-13","","주","미확인","","2025-11-13","","","","","true","Σ dailyNet[2024-01-02..asOf]","","","","unknown","기준일 이후 누락: 누적순매수 미확정","true","false","2024-01-02","2025-12-01","","","available-cumulative","2024-01-02","","","","","","",""
"aligned","US","stock","NVDA","day","USD","investmentTrust","2025-11-14","","주","미확인","","2025-11-14","","","","","true","Σ dailyNet[2024-01-02..asOf]","","","","unknown","기준일 이후 누락: 누적순매수 미확정","true","false","2024-01-02","2025-12-01","","","available-cumulative","2024-01-02","","","","","","",""
"aligned","US","stock","NVDA","day","USD","investmentTrust","2025-11-17","","주","미확인","","2025-11-17","","","","","true","Σ dailyNet[2024-01-02..asOf]","","","","unknown","기준일 이후 누락: 누적순매수 미확정","true","false","2024-01-02","2025-12-01","","","available-cumulative","2024-01-02","","","","","","",""
"aligned","US","stock","NVDA","day","USD","investmentTrust","2025-11-18","","주","미확인","","2025-11-18","","","","","true","Σ dailyNet[2024-01-02..asOf]","","","","unknown","기준일 이후 누락: 누적순매수 미확정","true","false","2024-01-02","2025-12-01","","","available-cumulative","2024-01-02","","","","","","",""
"aligned","US","stock","NVDA","day","USD","investmentTrust","2025-11-19","","주","미확인","","2025-11-19","","","","","true","Σ dailyNet[2024-01-02..asOf]","","","","unknown","기준일 이후 누락: 누적순매수 미확정","true","false","2024-01-02","2025-12-01","","","available-cumulative","2024-01-02","","","","","","",""
"aligned","US","stock","NVDA","day","USD","investmentTrust","2025-11-20","","주","미확인","","2025-11-20","","","","","true","Σ dailyNet[2024-01-02..asOf]","","","","unknown","기준일 이후 누락: 누적순매수 미확정","true","false","2024-01-02","2025-12-01","","","available-cumulative","2024-01-02","","","","","","",""
"aligned","US","stock","NVDA","day","USD","investmentTrust","2025-11-21","","주","미확인","","2025-11-21","","","","","true","Σ dailyNet[2024-01-02..asOf]","","","","unknown","기준일 이후 누락: 누적순매수 미확정","true","false","2024-01-02","2025-12-01","","","available-cumulative","2024-01-02","","","","","","",""
"aligned","US","stock","NVDA","day","USD","investmentTrust","2025-11-24","","주","미확인","","2025-11-24","","","","","true","Σ dailyNet[2024-01-02..asOf]","","","","unknown","기준일 이후 누락: 누적순매수 미확정","true","false","2024-01-02","2025-12-01","","","available-cumulative","2024-01-02","","","","","","",""
"aligned","US","stock","NVDA","day","USD","investmentTrust","2025-11-25","","주","미확인","","2025-11-25","","","","","true","Σ dailyNet[2024-01-02..asOf]","","","","unknown","기준일 이후 누락: 누적순매수 미확정","true","false","2024-01-02","2025-12-01","","","available-cumulative","2024-01-02","","","","","","",""
"aligned","US","stock","NVDA","day","USD","investmentTrust","2025-11-26","","주","미확인","","2025-11-26","","","","","true","Σ dailyNet[2024-01-02..asOf]","","","","unknown","기준일 이후 누락: 누적순매수 미확정","true","false","2024-01-02","2025-12-01","","","available-cumulative","2024-01-02","","","","","","",""
"aligned","US","stock","NVDA","day","USD","investmentTrust","2025-11-27","","주","미확인","","2025-11-27","","","","","true","Σ dailyNet[2024-01-02..asOf]","","","","unknown","기준일 이후 누락: 누적순매수 미확정","true","false","2024-01-02","2025-12-01","","","available-cumulative","2024-01-02","","","","","","",""
"aligned","US","stock","NVDA","day","USD","investmentTrust","2025-11-28","","주","미확인","","2025-11-28","","","","","true","Σ dailyNet[2024-01-02..asOf]","","","","unknown","기준일 이후 누락: 누적순매수 미확정","true","false","2024-01-02","2025-12-01","","","available-cumulative","2024-01-02","","","","","","",""
"aligned","US","stock","NVDA","day","USD","investmentTrust","2025-12-01","","주","미확인","","2025-12-01","","","","","true","Σ dailyNet[2024-01-02..asOf]","","","","unknown","기준일 이후 누락: 누적순매수 미확정","true","false","2024-01-02","2025-12-01","","","available-cumulative","2024-01-02","","","","","","",""

"date","completed","BB_upper","BB_middle","BB_lower","percentB","BBW_percent","BBW_percentile","BBW_valid_samples","trend","volatility","breakout","failed_breakout","band_walk","RVOL","RVOL_method","RSI","setup","setup_quality","coverage","foreign_ownership_change_pp","investment_trust_net_quantity","flow_availability","source","BB_period","BB_multiplier","BB_source","system_enabled"
"2025-03-25","true","110.19458231352289","109.06162733278238","107.92867235204187","0.0972219287777446","2.0776418039013747","1.2","125","neutral","extreme-squeeze","","","","1.0033801814623733","rolling","36.21228537881431","squeeze","41.3","0.8","","","not-applicable","yahoo-QA-SYNTHETIC-NVDA","20","2","close","true"
"2025-03-26","true","110.21582466371679","109.04806777265985","107.88031088160291","0.1288009466562839","2.1417287163518455","15.6","125","neutral","compression","","","","1.0033789791926018","rolling","37.24670636124162","mixed","33.8","0.8","","","not-applicable","yahoo-QA-SYNTHETIC-NVDA","20","2","close","true"
"2025-03-27","true","110.23399646775931","109.02530207558796","107.8166076834166","0.18956425403106297","2.2172731818405915","30","125","neutral","normal","","","","1.0033777777777777","rolling","40.28621167087726","mixed","22.5","0.8","","","not-applicable","yahoo-QA-SYNTHETIC-NVDA","20","2","close","true"
"2025-03-28","true","110.23318049886254","108.99652213539184","107.75986377192115","0.26937357452218985","2.269170317075915","37.2","125","neutral","normal","","","","1.0033765772169896","rolling","44.92222825108717","mixed","22.5","0.8","","","not-applicable","yahoo-QA-SYNTHETIC-NVDA","20","2","close","true"
"2025-03-31","true","110.20612380108618","108.96529378240464","107.72446376372311","0.36378516217094975","2.2774774895929304","40.400000000000006","125","neutral","normal","","","","1.0033753775093266","rolling","50.43350139251605","mixed","22.5","0.8","","","not-applicable","yahoo-QA-SYNTHETIC-NVDA","20","2","close","true"
"2025-04-01","true","110.1550441326041","108.93533507740813","107.71562602221215","0.47221800301702727","2.2393267608334195","31.6","125","neutral","normal","","","","1.0033741786538803","rolling","56.08695138636765","mixed","22.5","0.8","","","not-applicable","yahoo-QA-SYNTHETIC-NVDA","20","2","close","true"
"2025-04-02","true","110.09146841144197","108.91028514062145","107.72910186980094","0.5946444784333239","2.1690940746237253","22.8","125","bullish","normal","","","","1.0033729806497427","rolling","61.34824863526924","mixed","47.5","0.8","","","not-applicable","yahoo-QA-SYNTHETIC-NVDA","20","2","close","true"
"2025-04-03","true","110.03544423435741","108.89347788883174","107.75151154330607","0.726765215857496","2.097400813465607","5.2","125","bullish","squeeze","","","","1.0033717834960072","rolling","65.92947087355645","squeeze","63.7","0.8","","","not-applicable","yahoo-QA-SYNTHETIC-NVDA","20","2","close","true"
"2025-04-04","true","110.0124416748378","108.88773474859576","107.76302782235372","0.8542801180786853","2.065810127906156","0.4","125","bullish","extreme-squeeze","","","","1.0033705871917686","rolling","69.73346132509653","pre-breakout","78.8","0.8","","","not-applicable","yahoo-QA-SYNTHETIC-NVDA","20","2","close","true"
"2025-04-07","true","110.0453882998807","108.89518923360208","107.74499016732346","0.9535110823824111","2.1124883006745296","10","125","bullish","squeeze","","","","1.0033693917361235","rolling","72.77380286400148","pre-breakout","76.3","0.8","","","not-applicable","yahoo-QA-SYNTHETIC-NVDA","20","2","close","true"
"2025-04-08","true","110.1437207846882","108.9171542931233","107.69058780155841","1.006128694669142","2.2522925787500805","35.6","125","strong-bullish","normal","upper","","","1.0033681971281687","rolling","75.11109676138861","bull-breakout","68.8","0.8","","","not-applicable","yahoo-QA-SYNTHETIC-NVDA","20","2","close","true"
"2025-04-09","true","110.29872446334906","108.95404067918953","107.60935689503","1.0129924730739912","2.468350463694856","56.39999999999999","125","strong-bullish","normal","","","upper","1.0033670033670035","rolling","76.81301059665128","upper-band-walk","68.8","0.8","","","not-applicable","yahoo-QA-SYNTHETIC-NVDA","20","2","close","true"
"2025-04-10","true","110.48947991166868","109.00533140801659","107.5211829043645","0.9880735772845142","2.723075072533461","64.4","125","strong-bullish","normal","","upper","upper","1.0033658104517271","rolling","77.9317782297366","failed-breakout","68.8","0.8","","","not-applicable","yahoo-QA-SYNTHETIC-NVDA","20","2","close","true"
"2025-04-11","true","110.6918291243235","109.0696139035537","107.4473986827839","0.9452767303986395","2.974641905681025","72.39999999999999","125","strong-bullish","normal","","","upper","1.0033646183814415","rolling","78.49058988838601","upper-band-walk","68.8","0.8","","","not-applicable","yahoo-QA-SYNTHETIC-NVDA","20","2","close","true"
"2025-04-14","true","110.88381826474088","109.14466782462073","107.40551738450057","0.8931934112095979","3.18687202001423","80.4","125","strong-bullish","normal","","","upper","1.0033634271552487","rolling","78.42059707008303","upper-band-walk","56.3","0.8","","","not-applicable","yahoo-QA-SYNTHETIC-NVDA","20","2","close","true"
"2025-04-15","true","111.04776217829757","109.22760311496856","107.40744405163954","0.8358121811660741","3.332782211495","87.6","125","strong-bullish","normal","","","upper","1.0033622367722528","rolling","76.11163392606046","upper-band-walk","56.3","0.8","","","not-applicable","yahoo-QA-SYNTHETIC-NVDA","20","2","close","true"
"2025-04-16","true","111.17087806860326","109.31503969297903","107.4592013173548","0.7743101555790902","3.395394413863851","91.60000000000001","125","strong-bullish","normal","","","","1.0033610472315584","rolling","71.8348546513039","mixed","43.8","0.8","","","not-applicable","yahoo-QA-SYNTHETIC-NVDA","20","2","close","true"
"2025-04-17","true","111.24555321182268","109.40331760876875","107.56108200571481","0.7082824047947877","3.3677874552979365","89.2","125","strong-bullish","normal","","","","1.0033598585322723","rolling","66.26123783785386","mixed","43.8","0.8","","","not-applicable","yahoo-QA-SYNTHETIC-NVDA","20","2","close","true"
"2025-04-18","true","111.26956966295569","109.4887246021461","107.70787954133652","0.6364050906212901","3.2530200114773757","84.39999999999999","125","strong-bullish","normal","","","","1.0033586706735018","rolling","60.18852829857111","mixed","43.8","0.8","","","not-applicable","yahoo-QA-SYNTHETIC-NVDA","20","2","close","true"
"2025-04-21","true","111.24633735124493","109.56772691297013","107.88911647469533","0.5568697155800953","3.064059984758333","77.2","125","strong-bullish","normal","","","","1.003357483654356","rolling","54.29104933270106","mixed","43.8","0.8","","","not-applicable","yahoo-QA-SYNTHETIC-NVDA","20","2","close","true"
"2025-04-22","true","111.18510121183179","109.63718899324029","108.08927677464878","0.4680282584133765","2.8236992079155603","69.19999999999999","125","neutral","normal","","","","1.0033562974739445","rolling","49.010776989862485","mixed","22.5","0.8","","","not-applicable","yahoo-QA-SYNTHETIC-NVDA","20","2","close","true"
"2025-04-23","true","111.10093630555097","109.69456846028466","108.28820061501834","0.36993024159330806","2.5641522000708683","61.199999999999996","125","neutral","normal","","","","1.003355112131379","rolling","44.573954469117574","mixed","22.5","0.8","","","not-applicable","yahoo-QA-SYNTHETIC-NVDA","20","2","close","true"
"2025-04-24","true","111.01384658184665","109.73807416980041","108.46230175775418","0.2675518811736729","2.3251226553733813","52.400000000000006","125","neutral","normal","","","","1.0033539276257724","rolling","41.06274808283097","mixed","22.5","0.8","","","not-applicable","yahoo-QA-SYNTHETIC-NVDA","20","2","close","true"
"2025-04-25","true","110.94531386842435","109.7667775805315","108.58824129263864","0.17476630367588394","2.147346062023564","21.2","125","neutral","normal","","","","1.003352743956238","rolling","38.489733256307275","mixed","22.5","0.8","","","not-applicable","yahoo-QA-SYNTHETIC-NVDA","20","2","close","true"
"2025-04-28","true","110.91069991172338","109.78067048646645","108.65064106120951","0.11259526286228534","2.0587038141586933","0.4","125","neutral","extreme-squeeze","","","","1.003351561121891","rolling","36.8568058849242","squeeze","41.3","0.8","","","not-applicable","yahoo-QA-SYNTHETIC-NVDA","20","2","close","true"
"2025-04-29","true","110.91071098262191","109.78066552704851","108.65062007147512","0.09594477369119883","2.0587331114238263","1.2","125","neutral","extreme-squeeze","","","","1.003350379121848","rolling","36.201765026986315","squeeze","41.3","0.8","","","not-applicable","yahoo-QA-SYNTHETIC-NVDA","20","2","close","true"
"2025-04-30","true","110.93083143757583","109.76853944367545","108.60624744977507","0.12264601928028865","2.117714237232388","13.200000000000001","125","neutral","compression","","","","1.0033491979552265","rolling","36.96712217015075","mixed","33.8","0.8","","","not-applicable","yahoo-QA-SYNTHETIC-NVDA","20","2","close","true"
"2025-05-01","true","110.95048964978794","109.74682261052469","108.54315557126144","0.18024176541008594","2.19353419193718","30","125","neutral","normal","","","","1.0033480176211453","rolling","39.759914181435654","mixed","22.5","0.8","","","not-applicable","yahoo-QA-SYNTHETIC-NVDA","20","2","close","true"
"2025-05-02","true","110.9528158179561","109.71864170814294","108.48446759832979","0.2578938023553699","2.2497072340653257","36.4","125","neutral","normal","","","","1.0033468381187247","rolling","44.230190379537824","mixed","22.5","0.8","","","not-applicable","yahoo-QA-SYNTHETIC-NVDA","20","2","close","true"
"2025-05-05","true","110.92932048700156","109.6875253215934","108.44573015618523","0.35045529958481925","2.264241374335574","40.400000000000006","125","neutral","normal","","","","1.0033456594470858","rolling","49.67880705974514","mixed","22.5","0.8","","","not-applicable","yahoo-QA-SYNTHETIC-NVDA","20","2","close","true"
"2025-05-06","true","110.88096481248971","109.65718455012704","108.43340428776438","0.45700016785429126","2.232011094180967","33.2","125","neutral","normal","","","","1.0033444816053512","rolling","55.35689623061533","mixed","22.5","0.8","","","not-applicable","yahoo-QA-SYNTHETIC-NVDA","20","2","close","true"
"2025-05-07","true","110.81806336505993","109.63128226900562","108.44450117295132","0.5776630619772363","2.1650409837262745","23.599999999999998","125","bullish","normal","","","","1.0033433045926448","rolling","60.697055483995456","mixed","47.5","0.8","","","not-applicable","yahoo-QA-SYNTHETIC-NVDA","20","2","close","true"
"2025-05-08","true","110.75963263104245","109.61320538965872","108.46677814827498","0.709056341699989","2.0917684822888893","6.800000000000001","125","bullish","squeeze","","","","1.0033421284080914","rolling","65.38066557421013","squeeze","63.7","0.8","","","not-applicable","yahoo-QA-SYNTHETIC-NVDA","20","2","close","true"
"2025-05-09","true","110.73075915293576","109.60585427793531","108.48094940293485","0.8384316252359397","2.052636480799561","0.4","125","bullish","extreme-squeeze","","","","1.0033409530508177","rolling","69.2904142086662","pre-breakout","78.8","0.8","","","not-applicable","yahoo-QA-SYNTHETIC-NVDA","20","2","close","true"
"2025-05-12","true","110.75534602187838","109.6114624234029","108.46757882492741","0.9427956219648013","2.0871605454125484","6.800000000000001","125","bullish","squeeze","","","","1.0033397785199507","rolling","72.42990172560435","pre-breakout","76.3","0.8","","","not-applicable","yahoo-QA-SYNTHETIC-NVDA","20","2","close","true"
"2025-05-13","true","110.84512927736547","109.63145757178401","108.41778586620255","1.0019939393227393","2.214093896884986","32.4","125","strong-bullish","normal","upper","","","1.0033386048146196","rolling","74.85668180605956","bull-breakout","68.8","0.8","","","not-applicable","yahoo-QA-SYNTHETIC-NVDA","20","2","close","true"
"2025-05-14","true","110.99364818249327","109.66637295464241","108.33909772679155","1.014258457459891","2.4205692083932013","56.39999999999999","125","strong-bullish","normal","","","upper","1.003337431933954","rolling","76.63935940804507","upper-band-walk","68.8","0.8","","","not-applicable","yahoo-QA-SYNTHETIC-NVDA","20","2","close","true"
"2025-05-15","true","111.18105253396108","109.71581413562691","108.25057573729275","0.9926630429829032","2.670970287880082","64.4","125","strong-bullish","normal","","upper","upper","1.0033362598770852","rolling","77.83330066211244","failed-breakout","68.8","0.8","","","not-applicable","yahoo-QA-SYNTHETIC-NVDA","20","2","close","true"
"2025-05-16","true","111.3832053943067","109.77848353461351","108.17376167492033","0.9516239690740304","2.9235635400031947","72.39999999999999","125","strong-bullish","normal","","","upper","1.0033350886431456","rolling","78.46632931557414","upper-band-walk","68.8","0.8","","","not-applicable","yahoo-QA-SYNTHETIC-NVDA","20","2","close","true"
"2025-05-19","true","111.5776899250012","109.85226110495262","108.12683228490404","0.900463176206141","3.1413624129231286","80.4","125","strong-bullish","normal","","","upper","1.0033339182312686","rolling","78.52674851512334","upper-band-walk","68.8","0.8","","","not-applicable","yahoo-QA-SYNTHETIC-NVDA","20","2","close","true"
"2025-05-20","true","111.74620213968079","109.93433614770152","108.12247015572224","0.8436718849866196","3.2962694922630082","87.6","125","strong-bullish","normal","","","upper","1.0033327486405894","rolling","76.51337969796857","upper-band-walk","56.3","0.8","","","not-applicable","yahoo-QA-SYNTHETIC-NVDA","20","2","close","true"
"2025-05-21","true","111.87529039725395","110.02138206727118","108.1674737372884","0.782714338061927","3.370087332386397","91.60000000000001","125","strong-bullish","normal","","","","1.0033315798702438","rolling","72.47117014738375","mixed","43.8","0.8","","","not-applicable","yahoo-QA-SYNTHETIC-NVDA","20","2","close","true"
"2025-05-22","true","111.95664287866242","110.10976320302794","108.26288352739346","0.7173481840852336","3.354615652435978","90","125","strong-bullish","normal","","","","1.003330411919369","rolling","67.03045619804071","mixed","43.8","0.8","","","not-applicable","yahoo-QA-SYNTHETIC-NVDA","20","2","close","true"
"2025-05-23","true","111.9873122341061","110.1957608770626","108.4042095200191","0.6463454440682935","3.2515794487633802","83.6","125","strong-bullish","normal","","","","1.0033292447871036","rolling","60.98743758088568","mixed","43.8","0.8","","","not-applicable","yahoo-QA-SYNTHETIC-NVDA","20","2","close","true"
"2025-05-26","true","111.96994804119898","110.27580460357179","108.5816611659446","0.5679348935476697","3.0725569289064474","78","125","strong-bullish","normal","","","","1.003328078472587","rolling","55.04157121053212","mixed","43.8","0.8","","","not-applicable","yahoo-QA-SYNTHETIC-NVDA","20","2","close","true"
"2025-05-27","true","111.91301266914077","110.34669408437173","108.7803754996027","0.4803869766651065","2.8389044144293427","70.8","125","neutral","normal","","","","1.0033269129749607","rolling","49.66648126402422","mixed","22.5","0.8","","","not-applicable","yahoo-QA-SYNTHETIC-NVDA","20","2","close","true"
"2025-05-28","true","111.83082770607858","110.40579818793904","108.9807686697995","0.3833821720882193","2.581439637280231","62.8","125","neutral","normal","","","","1.003325748293366","rolling","45.113552163691004","mixed","22.5","0.8","","","not-applicable","yahoo-QA-SYNTHETIC-NVDA","20","2","close","true"
"2025-05-29","true","111.7428634608789","110.45121854042506","109.15957361997123","0.280994851511244","2.338851372619475","54.800000000000004","125","neutral","normal","","","","1.0033245844269467","rolling","41.4798086819211","mixed","22.5","0.8","","","not-applicable","yahoo-QA-SYNTHETIC-NVDA","20","2","close","true"
"2025-05-30","true","111.67075130403757","110.48190755734724","109.29306381065692","0.18579221838143928","2.1521057573580316","23.599999999999998","125","neutral","normal","","","","1.003323421374847","rolling","38.78358294351519","mixed","22.5","0.8","","","not-applicable","yahoo-QA-SYNTHETIC-NVDA","20","2","close","true"
"2025-06-02","true","111.63121763433324","110.49773357731829","109.36424952030333","0.1183909147526325","2.051596933835433","0.4","125","neutral","extreme-squeeze","","","","1.0033222591362125","rolling","37.025562620052284","squeeze","41.3","0.8","","","not-applicable","yahoo-QA-SYNTHETIC-NVDA","20","2","close","true"
"2025-06-03","true","111.62720257955573","110.49948904811359","109.37177551667145","0.09544700477112192","2.0411199022849997","0.4","125","neutral","extreme-squeeze","","","","1.0033210977101905","rolling","36.236359010815136","squeeze","41.3","0.8","","","not-applicable","yahoo-QA-SYNTHETIC-NVDA","20","2","close","true"
"2025-06-04","true","111.64582348417254","110.48884125610668","109.33185902804082","0.11703097156127285","2.094296971372955","10.8","125","neutral","compression","","","","1.0033199370959287","rolling","36.73379383429835","mixed","33.8","0.8","","","not-applicable","yahoo-QA-SYNTHETIC-NVDA","20","2","close","true"
"2025-06-05","true","111.66666466994482","110.46822866247794","109.26979265501106","0.17126347578545023","2.169738796353031","28.4","125","neutral","normal","","","","1.0033187772925765","rolling","39.270097686818595","mixed","22.5","0.8","","","not-applicable","yahoo-QA-SYNTHETIC-NVDA","20","2","close","true"
"2025-06-06","true","111.6719823664396","110.4407092915088","109.209436216578","0.24667046835779113","2.2297449605848616","35.6","125","neutral","normal","","","","1.003317618299284","rolling","43.557746544566385","mixed","22.5","0.8","","","not-applicable","yahoo-QA-SYNTHETIC-NVDA","20","2","close","true"
"2025-06-09","true","111.65206559062122","110.40977059744334","109.16747560426546","0.33737004548675215","2.250335249236802","40.400000000000006","125","neutral","normal","","","","1.0033164601152034","rolling","48.926381878240036","mixed","22.5","0.8","","","not-applicable","yahoo-QA-SYNTHETIC-NVDA","20","2","close","true"
"2025-06-10","true","111.60661632335453","110.37911263147453","109.15160893959452","0.4420357352285353","2.224159376925414","35.6","125","neutral","normal","","","","1.003315302739487","rolling","54.616141654278486","mixed","22.5","0.8","","","not-applicable","yahoo-QA-SYNTHETIC-NVDA","20","2","close","true"
"2025-06-11","true","111.5447273739951","110.35241799048194","109.16010860696878","0.5608848546003012","2.160912112711478","25.2","125","bullish","normal","","","","1.0033141461712891","rolling","60.02773580832349","mixed","47.5","0.8","","","not-applicable","yahoo-QA-SYNTHETIC-NVDA","20","2","close","true"
"2025-06-12","true","111.48434245686973","110.33312285099423","109.18190324511873","0.6913301809089022","2.086806891943461","8.4","125","bullish","squeeze","","","","1.0033129904097646","rolling","64.81070345415432","squeeze","63.7","0.8","","","not-applicable","yahoo-QA-SYNTHETIC-NVDA","20","2","close","true"
"2025-06-13","true","111.45003717010549","110.32420332437536","109.19836947864523","0.8221396264115127","2.040955314981881","0.4","125","bullish","extreme-squeeze","","","","1.00331183545407","rolling","68.82584464759164","pre-breakout","78.8","0.8","","","not-applicable","yahoo-QA-SYNTHETIC-NVDA","20","2","close","true"
"2025-06-16","true","111.46648145854172","110.32799041663459","109.18949937472746","0.9312523808030924","2.0638299267625846","5.2","125","bullish","squeeze","","","","1.003310681303363","rolling","72.06536613277109","pre-breakout","76.3","0.8","","","not-applicable","yahoo-QA-SYNTHETIC-NVDA","20","2","close","true"
"2025-06-17","true","111.54759278092459","110.3460250977628","109.14445741460102","0.9970088205823355","2.1778177910753667","32.4","125","strong-bullish","normal","","","","1.003309527956802","rolling","74.58286713228823","mixed","68.8","0.8","","","not-applicable","yahoo-QA-SYNTHETIC-NVDA","20","2","close","true"
"2025-06-18","true","111.68926236504666","110.37896249168209","109.06866261831752","1.014928076420935","2.3741840723739576","56.39999999999999","125","strong-bullish","normal","upper","","upper","1.003308375413547","rolling","76.4473679459842","bull-breakout","68.8","0.8","","","not-applicable","yahoo-QA-SYNTHETIC-NVDA","20","2","close","true"
"2025-06-19","true","111.87288181097081","110.42653114381339","108.98018047665597","0.9969185626718043","2.6195709530597697","64.4","125","strong-bullish","normal","","upper","upper","1.003307223672759","rolling","77.71705867084282","failed-breakout","68.8","0.8","","","not-applicable","yahoo-QA-SYNTHETIC-NVDA","20","2","close","true"
"2025-06-20","true","112.07444033827545","110.48754989880729","108.90065945933912","0.9577999841171142","2.872523539388023","72.39999999999999","125","strong-bullish","normal","","","upper","1.0033060727336","rolling","78.42415575032908","upper-band-walk","68.8","0.8","","","not-applicable","yahoo-QA-SYNTHETIC-NVDA","20","2","close","true"
"2025-06-23","true","112.27109688595819","110.56000133906286","108.84890579216754","0.9076379546224722","3.09532475790729","80.4","125","strong-bullish","normal","","","upper","1.003304922595234","rolling","78.56303230819286","upper-band-walk","68.8","0.8","","","not-applicable","yahoo-QA-SYNTHETIC-NVDA","20","2","close","true"
"2025-06-24","true","112.44394002342025","110.64115721798302","108.83837441254579","0.8514605184451628","3.258792389319329","87.6","125","strong-bullish","normal","","","upper","1.0033037732568248","rolling","76.8504797506439","upper-band-walk","56.3","0.8","","","not-applicable","yahoo-QA-SYNTHETIC-NVDA","20","2","close","true"
"2025-06-25","true","112.578853875414","110.72774808913373","108.87664230285345","0.791042207196912","3.343526475026236","90.8","125","strong-bullish","normal","","","","1.0033026247175387","rolling","73.05878777142017","mixed","43.8","0.8","","","not-applicable","yahoo-QA-SYNTHETIC-NVDA","20","2","close","true"
"2025-06-26","true","112.66683142289618","110.81616658458799","108.9655017462798","0.7263154495576869","3.3400629084124565","90.8","125","strong-bullish","normal","","","","1.003301476976542","rolling","67.77158441498577","mixed","43.8","0.8","","","not-applicable","yahoo-QA-SYNTHETIC-NVDA","20","2","close","true"
"2025-06-27","true","112.70420003692733","110.90269170359159","109.10118337025584","0.6561553479212705","3.2488090336898554","83.6","125","strong-bullish","normal","","","","1.0033003300330032","rolling","61.77721882445394","mixed","43.8","0.8","","","not-applicable","yahoo-QA-SYNTHETIC-NVDA","20","2","close","true"
"2025-06-30","true","112.69285291233889","110.98372016636759","109.27458742039629","0.5788373632259062","3.079970185553821","79.60000000000001","125","strong-bullish","normal","","","","1.0032991838860914","rolling","55.796943286825666","mixed","43.8","0.8","","","not-applicable","yahoo-QA-SYNTHETIC-NVDA","20","2","close","true"
"2025-07-01","true","112.64047139441527","111.05599044860068","109.47150950278609","0.4925731105515634","2.853481274471052","71.6","125","neutral","normal","","","","1.0032980385349766","rolling","50.335741867675225","mixed","22.5","0.8","","","not-applicable","yahoo-QA-SYNTHETIC-NVDA","20","2","close","true"
"2025-07-02","true","112.56061326744755","111.11678556722215","109.67295786699675","0.39672636899595426","2.598757141605627","63.6","125","neutral","normal","","","","1.0032968939788305","rolling","45.671422883708814","mixed","22.5","0.8","","","not-applicable","yahoo-QA-SYNTHETIC-NVDA","20","2","close","true"
"2025-07-03","true","112.47216605831566","111.16410200925756","109.85603796019946","0.294549861058025","2.3533929126673825","55.60000000000001","125","neutral","normal","","","","1.0032957502168256","rolling","41.917457179918166","mixed","22.5","0.8","","","not-applicable","yahoo-QA-SYNTHETIC-NVDA","20","2","close","true"
"2025-07-04","true","112.39678414496964","111.19677430055974","109.99676445614983","0.19731296406298793","2.158353696783207","25.2","125","neutral","normal","","","","1.003294607248136","rolling","39.09927490806694","mixed","22.5","0.8","","","not-applicable","yahoo-QA-SYNTHETIC-NVDA","20","2","close","true"
"2025-07-07","true","112.35238659328863","111.21454746934629","110.07670834540394","0.12499872140076132","2.0462055546392635","2","125","neutral","extreme-squeeze","","","","1.0032934650719363","rolling","37.217402384055625","squeeze","41.3","0.8","","","not-applicable","yahoo-QA-SYNTHETIC-NVDA","20","2","close","true"
"2025-07-08","true","112.34410408883005","111.21809289911009","110.09208170939013","0.09575252063267546","2.0248705230747044","0.4","125","neutral","extreme-squeeze","","","","1.0032923236874025","rolling","36.296215550710315","squeeze","41.3","0.8","","","not-applicable","yahoo-QA-SYNTHETIC-NVDA","20","2","close","true"
"2025-07-09","true","112.36084955997332","111.20896658524559","110.05708361051786","0.11198848982140851","2.0715649287951394","9.2","125","neutral","squeeze","","","","1.0032911830937121","rolling","36.52920595113246","squeeze","38.8","0.8","","","not-applicable","yahoo-QA-SYNTHETIC-NVDA","20","2","close","true"
"2025-07-10","true","112.3825538019917","111.1895123907914","109.99647097959111","0.16264904536905983","2.1459603258393356","24.4","125","neutral","normal","","","","1.0032900432900433","rolling","38.80469905099134","mixed","22.5","0.8","","","not-applicable","yahoo-QA-SYNTHETIC-NVDA","20","2","close","true"
"2025-07-11","true","112.39069049748407","111.16271631637889","109.93474213527371","0.2357097969520838","2.2093274108384673","35.6","125","neutral","normal","","","","1.0032889042755755","rolling","42.89962287662142","mixed","22.5","0.8","","","not-applicable","yahoo-QA-SYNTHETIC-NVDA","20","2","close","true"
"2025-07-14","true","112.37434722102499","111.1320208451755","109.88969446932602","0.32452843455893016","2.2357667329387345","40.400000000000006","125","neutral","normal","","","","1.0032877660494894","rolling","48.17729418417226","mixed","22.5","0.8","","","not-applicable","yahoo-QA-SYNTHETIC-NVDA","20","2","close","true"
"2025-07-15","true","112.33196513972979","111.10111090595464","109.8702566721795","0.4273248149196984","2.2157370412201307","37.2","125","neutral","normal","","","","1.003286628610967","rolling","53.87070570985194","mixed","22.5","0.8","","","not-applicable","yahoo-QA-SYNTHETIC-NVDA","20","2","close","true"
"2025-07-16","true","112.27140744694007","111.07368476207235","109.87596207720462","0.5443237988046408","2.156627264924782","26.8","125","neutral","normal","","","","1.0032854919591907","rolling","59.34970777870546","mixed","22.5","0.8","","","not-applicable","yahoo-QA-SYNTHETIC-NVDA","20","2","close","true"
"2025-07-17","true","112.20951050236532","111.05322407136389","109.89693764036245","0.6736292309593944","2.0824004717925026","12.4","125","bullish","compression","","","","1.0032843560933449","rolling","64.2310973491268","mixed","58.8","0.8","","","not-applicable","yahoo-QA-SYNTHETIC-NVDA","20","2","close","true"
"2025-07-18","true","112.17022554338904","111.04277741352294","109.91532928365685","0.8054668974063217","2.0306554935445873","1.2","125","bullish","extreme-squeeze","","","","1.0032832210126146","rolling","68.35241083945652","pre-breakout","78.8","0.8","","","not-applicable","yahoo-QA-SYNTHETIC-NVDA","20","2","close","true"
"2025-07-21","true","112.17878503493432","111.04477074418158","109.91075645342883","0.9189154376631585","2.0424451924264324","3.5999999999999996","125","bullish","extreme-squeeze","","","","1.0032820867161858","rolling","71.69338170585719","pre-breakout","78.8","0.8","","","not-applicable","yahoo-QA-SYNTHETIC-NVDA","20","2","close","true"
"2025-07-22","true","112.2511453586001","111.06085656073908","109.87056776287807","0.9911543103577765","2.1434893169764946","24.4","125","strong-bullish","normal","","","","1.0032809532032465","rolling","74.30300906745936","mixed","68.8","0.8","","","not-applicable","yahoo-QA-SYNTHETIC-NVDA","20","2","close","true"
"2025-07-23","true","112.38562270506975","111.09181115807739","109.79799961108503","1.0149624412104281","2.329265376997658","54.800000000000004","125","strong-bullish","normal","upper","","upper","1.0032798204729847","rolling","76.25039532162901","bull-breakout","68.8","0.8","","","not-applicable","yahoo-QA-SYNTHETIC-NVDA","20","2","close","true"
"2025-07-24","true","112.5650246894917","111.1374863623053","109.7099480351189","1.00081051042034","2.5689591764432382","62.8","125","strong-bullish","normal","","","upper","1.0032786885245901","rolling","77.59637702609403","upper-band-walk","68.8","0.8","","","not-applicable","yahoo-QA-SYNTHETIC-NVDA","20","2","close","true"
"2025-07-25","true","112.76558291642581","111.19681874349325","109.62805457056069","0.9637889270150252","2.8215990181362227","70","125","strong-bullish","normal","","upper","upper","1.0032775573572537","rolling","78.37741351045767","failed-breakout","68.8","0.8","","","not-applicable","yahoo-QA-SYNTHETIC-NVDA","20","2","close","true"
"2025-07-28","true","112.9640772537497","111.26789573459584","109.57171421544197","0.9147113018647183","3.04882465504645","77.2","125","strong-bullish","normal","","","upper","1.0032764269701673","rolling","78.59371222282958","upper-band-walk","68.8","0.8","","","not-applicable","yahoo-QA-SYNTHETIC-NVDA","20","2","close","true"
"2025-07-29","true","113.1410022074239","111.34807454560719","109.55514688379048","0.8591769542671377","3.2204017341715914","83.6","125","strong-bullish","normal","","","upper","1.0032752973625236","rolling","77.18044674759057","upper-band-walk","56.3","0.8","","","not-applicable","yahoo-QA-SYNTHETIC-NVDA","20","2","close","true"
"2025-07-30","true","113.2815826333379","111.43414647944348","109.58671032554906","0.7992956221736733","3.3157451504063373","90.8","125","strong-bullish","normal","","","","1.0032741685335171","rolling","73.64331247290164","mixed","43.8","0.8","","","not-applicable","yahoo-QA-SYNTHETIC-NVDA","20","2","close","true"
"2025-07-31","true","113.37612019762932","111.52253643318654","109.66895266874377","0.7351878524212491","3.3241420500748053","91.60000000000001","125","strong-bullish","normal","","","","1.003273040482343","rolling","68.51631787381767","mixed","43.8","0.8","","","not-applicable","yahoo-QA-SYNTHETIC-NVDA","20","2","close","true"
"2025-08-01","true","113.42022109159932","111.60952518066749","109.79882926973566","0.6658393383688564","3.2446978123072734","85.2","125","strong-bullish","normal","","","","1.003271913208197","rolling","62.57644126616583","mixed","43.8","0.8","","","not-applicable","yahoo-QA-SYNTHETIC-NVDA","20","2","close","true"
"2025-08-04","true","113.41502617792342","111.69148061593623","109.96793505394903","0.5895808364334584","3.0862614632423044","80.4","125","strong-bullish","normal","","","","1.0032707867102773","rolling","56.56492367903912","mixed","43.8","0.8","","","not-applicable","yahoo-QA-SYNTHETIC-NVDA","20","2","close","true"
"2025-08-05","true","113.36743794003836","111.76508358001759","110.16272921999682","0.5045851999777963","2.867361270076038","72.39999999999999","125","neutral","normal","","","","1.0032696609877818","rolling","51.01820461348222","mixed","22.5","0.8","","","not-applicable","yahoo-QA-SYNTHETIC-NVDA","20","2","close","true"
"2025-08-06","true","113.29024266547775","111.82753423014019","110.36482579480263","0.409947074473649","2.616007668249786","64.4","125","neutral","normal","","","","1.0032685360399105","rolling","46.241519428680895","mixed","22.5","0.8","","","not-applicable","yahoo-QA-SYNTHETIC-NVDA","20","2","close","true"
"2025-08-07","true","113.2017034486765","111.87672612039937","110.55174879212224","0.3081766262934706","2.36863800760708","56.39999999999999","125","neutral","normal","","","","1.0032674118658642","rolling","42.365850478425386","mixed","22.5","0.8","","","not-applicable","yahoo-QA-SYNTHETIC-NVDA","20","2","close","true"
"2025-08-08","true","113.12338251701541","111.91137717036096","110.69937182370651","0.2092739945334026","2.166009171363218","30.8","125","neutral","normal","","","","1.0032662884648444","rolling","39.42454456110736","mixed","22.5","0.8","","","not-applicable","yahoo-QA-SYNTHETIC-NVDA","20","2","close","true"
"2025-08-11","true","113.07421796279036","111.93110937861309","110.78800079443582","0.13239263183467267","2.0425216734172493","4.3999999999999995","125","neutral","extreme-squeeze","","","","1.0032651658360543","rolling","37.418592447908246","squeeze","41.3","0.8","","","not-applicable","yahoo-QA-SYNTHETIC-NVDA","20","2","close","true"
"2025-08-12","true","113.06146011101929","111.93647232506312","110.81148453910696","0.09688113065613776","2.010046882108638","0.4","125","neutral","extreme-squeeze","","","","1.0032640439786977","rolling","36.36679468488042","squeeze","41.3","0.8","","","not-applicable","yahoo-QA-SYNTHETIC-NVDA","20","2","close","true"
"2025-08-13","true","113.07595958737474","111.9289090007209","110.78185841406707","0.10755196965504232","2.049605587858353","6.800000000000001","125","neutral","squeeze","","","","1.00326292289198","rolling","36.35113391467146","squeeze","38.8","0.8","","","not-applicable","yahoo-QA-SYNTHETIC-NVDA","20","2","close","true"
"2025-08-14","true","113.09819201847128","111.91066608950682","110.72314016054236","0.15442017945109762","2.1222747937442734","22.8","125","neutral","normal","","","","1.0032618025751072","rolling","38.3625280535496","mixed","22.5","0.8","","","not-applicable","yahoo-QA-SYNTHETIC-NVDA","20","2","close","true"
"2025-08-15","true","113.10895353881233","111.88465428032714","110.66035502184195","0.225019483064384","2.188502554457032","36.4","125","neutral","normal","","","","1.0032606830272868","rolling","42.25556879341368","mixed","22.5","0.8","","","not-applicable","yahoo-QA-SYNTHETIC-NVDA","20","2","close","true"
"2025-08-18","true","113.09615641190679","111.85426729453562","110.61237817716444","0.31193003715196027","2.220548482251499","41.199999999999996","125","neutral","normal","","","","1.0032595642477269","rolling","47.431855282909524","mixed","22.5","0.8","","","not-applicable","yahoo-QA-SYNTHETIC-NVDA","20","2","close","true"
"2025-08-19","true","113.05698055049247","111.82317088077689","110.5893612110613","0.41286676818556356","2.2067155849677005","38","125","neutral","normal","","","","1.003258446235637","rolling","53.12117221664274","mixed","22.5","0.8","","","not-applicable","yahoo-QA-SYNTHETIC-NVDA","20","2","close","true"
"2025-08-20","true","112.99805288301381","111.79507489649056","110.59209690996731","0.527991069672627","2.1521126715771177","29.2","125","neutral","normal","","","","1.003257328990228","rolling","58.66372012298474","mixed","22.5","0.8","","","not-applicable","yahoo-QA-SYNTHETIC-NVDA","20","2","close","true"
"2025-08-21","true","112.93507390789047","111.77350264694397","110.61193138599747","0.6559917730314008","2.0784376143521723","14.799999999999999","125","bullish","compression","","","","1.0032562125107112","rolling","63.6427442031358","mixed","58.8","0.8","","","not-applicable","yahoo-QA-SYNTHETIC-NVDA","20","2","close","true"
"2025-08-22","true","112.89127058861757","111.76157182317552","110.63187305773346","0.7884757290593007","2.0216229013482736","1.2","125","bullish","extreme-squeeze","","","","1.0032550967962994","rolling","67.87115087087777","squeeze","66.3","0.8","","","not-applicable","yahoo-QA-SYNTHETIC-NVDA","20","2","close","true"
"2025-08-25","true","112.8922408470176","111.76180065906624","110.63136047111487","0.905825578008284","2.0229455525682107","2","125","bullish","extreme-squeeze","","","","1.0032539818462065","rolling","71.31510767614846","pre-breakout","78.8","0.8","","","not-applicable","yahoo-QA-SYNTHETIC-NVDA","20","2","close","true"
"2025-08-26","true","112.95581627848922","111.77595135975392","110.59608644101861","0.9844172307526119","2.11112480704884","22","125","strong-bullish","normal","","","","1.0032528676596473","rolling","74.01836237115393","mixed","68.8","0.8","","","not-applicable","yahoo-QA-SYNTHETIC-NVDA","20","2","close","true"
"2025-08-27","true","113.08278344066522","111.8049205362527","110.52705763184017","1.0143230055583592","2.285879544985112","52.400000000000006","125","strong-bullish","normal","upper","","upper","1.0032517542358377","rolling","76.0497720414625","bull-breakout","68.8","0.8","","","not-applicable","yahoo-QA-SYNTHETIC-NVDA","20","2","close","true"
"2025-08-28","true","113.25753869333569","111.8486834585229","110.43982822371011","1.0043073818513546","2.5192164829284547","60.4","125","strong-bullish","normal","","","upper","1.0032506415739948","rolling","77.47265597043997","upper-band-walk","68.8","0.8","","","not-applicable","yahoo-QA-SYNTHETIC-NVDA","20","2","close","true"
"2025-08-29","true","113.45668339374487","111.90629559306515","110.35590779238544","0.9695733227265086","2.770867880959135","68.4","125","strong-bullish","normal","","upper","upper","1.0032495296733368","rolling","78.3275864457253","failed-breakout","68.8","0.8","","","not-applicable","yahoo-QA-SYNTHETIC-NVDA","20","2","close","true"
"2025-09-01","true","113.65667064345953","111.97595132943857","110.29523201541761","0.9216757992513311","3.0019290643509797","76.4","125","strong-bullish","normal","","","upper","1.0032484185330826","rolling","78.62039877369457","upper-band-walk","68.8","0.8","","","not-applicable","yahoo-QA-SYNTHETIC-NVDA","20","2","close","true"
"2025-09-02","true","113.83741665755447","112.05509624437263","110.2727758311908","0.866819527792905","3.1811501179650157","83.6","125","strong-bullish","normal","","","upper","1.0032473081524527","rolling","77.50500324755367","upper-band-walk","56.3","0.8","","","not-applicable","yahoo-QA-SYNTHETIC-NVDA","20","2","close","true"
"2025-09-03","true","113.98349245658852","112.14058592343402","110.29767939027951","0.8074761307632025","3.2867788552715105","90.8","125","strong-bullish","normal","","","upper","1.003246198530668","rolling","74.22640475600964","upper-band-walk","56.3","0.8","","","not-applicable","yahoo-QA-SYNTHETIC-NVDA","20","2","close","true"
"2025-09-04","true","114.08451228388428","112.2288814654863","110.37325064708831","0.7439688553865896","3.3068685959748163","92.4","125","strong-bullish","normal","","","","1.0032450896669514","rolling","69.26625080989855","mixed","43.8","0.8","","","not-applicable","yahoo-QA-SYNTHETIC-NVDA","20","2","close","true"
"2025-09-05","true","114.13536521947118","112.31626951442232","110.49717380937345","0.6754019007393723","3.2392381137895248","86","125","strong-bullish","normal","","","","1.0032439815605259","rolling","63.386632087452924","mixed","43.8","0.8","","","not-applicable","yahoo-QA-SYNTHETIC-NVDA","20","2","close","true"
"2025-09-08","true","114.13644389984648","112.39909313766145","110.66174237547642","0.6001693028825389","3.0913964048752605","81.2","125","strong-bullish","normal","","","","1.003242874210616","rolling","57.346900380835315","mixed","43.8","0.8","","","not-applicable","yahoo-QA-SYNTHETIC-NVDA","20","2","close","true"
"2025-09-09","true","114.09387460424287","112.4739791965055","110.85408378876812","0.516422880324206","2.88048030186115","74","125","neutral","normal","","","","1.0032417676164478","rolling","51.71502316786558","mixed","22.5","0.8","","","not-applicable","yahoo-QA-SYNTHETIC-NVDA","20","2","close","true"
"2025-09-10","true","114.01966665655677","112.53804807156538","111.056429486574","0.42303111649858205","2.6330980683958325","66","125","neutral","normal","","","","1.0032406617772471","rolling","46.824699878089206","mixed","22.5","0.8","","","not-applicable","yahoo-QA-SYNTHETIC-NVDA","20","2","close","true"
"2025-09-11","true","113.93142377008193","112.58909270354755","111.24676163701317","0.3218383001110247","2.3844779885895457","57.99999999999999","125","neutral","normal","","","","1.003239556692242","rolling","42.825533741764175","mixed","22.5","0.8","","","not-applicable","yahoo-QA-SYNTHETIC-NVDA","20","2","close","true"
"2025-09-12","true","113.85051227520174","112.62571581751108","111.40091935982042","0.2216206253717961","2.1749854352539026","35.6","125","neutral","normal","","","","1.0032384523606612","rolling","39.75962825177219","mixed","22.5","0.8","","","not-applicable","yahoo-QA-SYNTHETIC-NVDA","20","2","close","true"
"2025-09-15","true","113.7967171568589","112.64741679865601","111.49811644045312","0.14054045765533663","2.040526788567433","4.3999999999999995","125","neutral","extreme-squeeze","","","","1.0032373487817345","rolling","37.629053045558045","squeeze","41.3","0.8","","","not-applicable","yahoo-QA-SYNTHETIC-NVDA","20","2","close","true"
"2025-09-16","true","113.779312313851","112.65462281812685","111.52993332240271","0.09884786010011311","1.9967036728530434","0.4","125","neutral","extreme-squeeze","","","","1.0032362459546926","rolling","36.44764169606627","squeeze","41.3","0.8","","","not-applicable","yahoo-QA-SYNTHETIC-NVDA","20","2","close","true"
"2025-09-17","true","113.79120429458222","112.64866227357982","111.50612025257742","0.10375506103278043","2.0285052621887476","4.3999999999999995","125","neutral","extreme-squeeze","","","","1.0032351438787672","rolling","36.28608958334039","squeeze","41.3","0.8","","","not-applicable","yahoo-QA-SYNTHETIC-NVDA","20","2","close","true"
"2025-09-18","true","113.81361688670123","112.6316821958505","111.44974750499978","0.14660061636028515","2.098760611238155","22.8","125","neutral","normal","","","","1.0032340425531916","rolling","38.01761040119941","mixed","22.5","0.8","","","not-applicable","yahoo-QA-SYNTHETIC-NVDA","20","2","close","true"
"2025-09-19","true","113.82678778812529","112.60651475697554","111.3862417258258","0.21460880329129195","2.1673222615641845","34.8","125","neutral","normal","","","","1.0032329419771993","rolling","41.67431695278611","mixed","22.5","0.8","","","not-applicable","yahoo-QA-SYNTHETIC-NVDA","20","2","close","true"
"2025-09-22","true","113.81748713124776","112.57650117945282","111.33551522765788","0.29957509399540533","2.2046980298610337","40.400000000000006","125","neutral","normal","","","","1.0032318421500255","rolling","46.70784279588719","mixed","22.5","0.8","","","not-applicable","yahoo-QA-SYNTHETIC-NVDA","20","2","close","true"
"2025-09-23","true","113.80914628831744","112.57228118188455","111.33541607545166","0.6060600781488248","2.1974594339693048","40.400000000000006","125","bullish","normal","","","","1.0032307430709062","rolling","62.34857248956068","mixed","47.5","0.8","","","not-applicable","yahoo-QA-SYNTHETIC-NVDA","20","2","close","true"
"2025-09-24","true","113.77948068850465","112.5599166530645","111.34035261762436","0.6279891326301433","2.1669597343415234","34.8","125","bullish","normal","","","","1.0032296447390787","rolling","62.92935184267859","mixed","47.5","0.8","","","not-applicable","yahoo-QA-SYNTHETIC-NVDA","20","2","close","true"
"2025-09-25","true","113.72932870837185","112.54195279255325","111.35457687673464","0.655151220682592","2.1101036304342022","22.8","125","bullish","normal","","","","1.0032285471537807","rolling","63.548559336608506","mixed","47.5","0.8","","","not-applicable","yahoo-QA-SYNTHETIC-NVDA","20","2","close","true"
"2025-09-26","true","113.66438146316717","112.52128293923595","111.37818441530472","0.6870604679689363","2.031790776058834","6","125","bullish","squeeze","","","","1.0032274503142518","rolling","64.19666556144638","squeeze","63.7","0.8","","","not-applicable","yahoo-QA-SYNTHETIC-NVDA","20","2","close","true"
"2025-09-29","true","113.59472716443605","112.50096867752411","111.40721019061218","0.7222312985950796","1.9444427897276462","0.4","125","bullish","extreme-squeeze","","","","1.0032263542197317","rolling","64.86285827367757","squeeze","66.3","0.8","","","not-applicable","yahoo-QA-SYNTHETIC-NVDA","20","2","close","true"
"2025-09-30","true","113.53353895720547","112.48404948286557","111.43456000852568","0.7573835880319106","1.8660236347550045","0.4","125","bullish","extreme-squeeze","","","","1.003225258869462","rolling","65.5358259834861","squeeze","66.3","0.8","","","not-applicable","yahoo-QA-SYNTHETIC-NVDA","20","2","close","true"
"2025-10-01","true","113.49440193991052","112.47335374188253","111.45230554385455","0.7872621015193582","1.8156268379285794","0.4","125","bullish","extreme-squeeze","","","","1.0032241642626845","rolling","66.20457617469509","squeeze","66.3","0.8","","","not-applicable","yahoo-QA-SYNTHETIC-NVDA","20","2","close","true"
"2025-10-02","true","113.48725321660017","112.47132289699046","111.45539257738075","0.8063073875296216","1.806558851521952","0.4","125","bullish","extreme-squeeze","","","","1.003223070398643","rolling","66.85921967508044","pre-breakout","78.8","0.8","","","not-applicable","yahoo-QA-SYNTHETIC-NVDA","20","2","close","true"
"2025-10-03","true","113.5145795708525","112.47985964933359","111.44513972781468","0.8118189700981412","1.8398314591514409","2","125","strong-bullish","extreme-squeeze","","","","1.0032219772765814","rolling","67.49167109089657","pre-breakout","87.5","0.8","","","not-applicable","yahoo-QA-SYNTHETIC-NVDA","20","2","close","true"
"2025-10-06","true","113.570552498335","112.50020965804342","111.42986681775183","0.8054825326143155","1.9028281699118794","3.5999999999999996","125","strong-bullish","extreme-squeeze","","","","1.0032208848957451","rolling","68.09623661390869","pre-breakout","87.5","0.8","","","not-applicable","yahoo-QA-SYNTHETIC-NVDA","20","2","close","true"
"2025-10-07","true","113.64366051941823","112.53288409118716","111.42210766295608","0.7915935414935806","1.9741366040720991","5.2","125","strong-bullish","squeeze","","","","1.0032197932553804","rolling","68.67007818762355","squeeze","72.5","0.8","","","not-applicable","yahoo-QA-SYNTHETIC-NVDA","20","2","close","true"
"2025-10-08","true","113.72051226122039","112.57762784381308","111.43474342640576","0.7744014242357922","2.030393496997327","10.8","125","strong-bullish","compression","","","","1.003218702354735","rolling","69.21355191394392","mixed","67.5","0.8","","","not-applicable","yahoo-QA-SYNTHETIC-NVDA","20","2","close","true"
"2025-10-09","true","113.78862383471693","112.63343539914084","111.47824696356474","0.7568864193185028","2.051235375148479","18.8","125","strong-bullish","compression","","","","1.0032176121930567","rolling","69.73041612751419","mixed","67.5","0.8","","","not-applicable","yahoo-QA-SYNTHETIC-NVDA","20","2","close","true"
"2025-10-10","true","113.83779222689721","112.69861334672473","111.55943446655225","0.7408512342258781","2.0216377936571783","8.4","125","strong-bullish","squeeze","","","","1.0032165227695955","rolling","70.22789100403266","squeeze","72.5","0.8","","","not-applicable","yahoo-QA-SYNTHETIC-NVDA","20","2","close","true"
"2025-10-13","true","113.8605532207479","112.77088567051342","111.68121812027894","0.7274655431637502","1.9325334615499956","4.3999999999999995","125","strong-bullish","extreme-squeeze","","","","1.0032154340836013","rolling","70.71653017856183","squeeze","75","0.8","","","not-applicable","yahoo-QA-SYNTHETIC-NVDA","20","2","close","true"
"2025-10-14","true","113.8521653493557","112.8475352605041","111.8429051716525","0.7178593725336627","1.7805086952629483","0.4","125","strong-bullish","extreme-squeeze","","","","1.003214346134326","rolling","71.20984241438049","squeeze","75","0.8","","","not-applicable","yahoo-QA-SYNTHETIC-NVDA","20","2","close","true"
"2025-10-15","true","113.81026482202266","112.92557284948255","112.04088087694244","0.7138530859619296","1.566858507274182","0.4","125","bullish","extreme-squeeze","","","","1.0032132589210214","rolling","71.72358863126462","squeeze","66.3","0.8","","","not-applicable","yahoo-QA-SYNTHETIC-NVDA","20","2","close","true"
"2025-10-16","true","113.7340047241938","113.00192287118007","112.26984101816635","0.7194903307601738","1.2956980455072133","0.4","125","bullish","extreme-squeeze","","","","1.0032121724429417","rolling","72.27469066505778","squeeze","66.3","0.8","","","not-applicable","yahoo-QA-SYNTHETIC-NVDA","20","2","close","true"
"2025-10-17","true","113.62161955443577","113.07361468408797","112.52560981374018","0.7465543504491803","0.9692886742479154","0.4","125","bullish","extreme-squeeze","","","","1.003211086699341","rolling","72.87973698744915","squeeze","66.3","0.8","","","not-applicable","yahoo-QA-SYNTHETIC-NVDA","20","2","close","true"
"2025-10-20","true","113.45893985586788","113.13796727155838","112.81699468724888","0.8553834236504009","0.5674003025687918","0.4","125","bullish","extreme-squeeze","","","","1.0032100016894745","rolling","73.55316360540894","pre-breakout","78.8","0.8","","","not-applicable","yahoo-QA-SYNTHETIC-NVDA","20","2","close","true"
"2025-10-21","true","113.47281750845815","113.16575874775901","112.85869998705988","0.8659168970168811","0.5426707938813089","0.4","125","bullish","extreme-squeeze","","","","1.0032089174125993","rolling","74.30531370584572","pre-breakout","78.8","0.8","","","not-applicable","yahoo-QA-SYNTHETIC-NVDA","20","2","close","true"
"2025-10-22","true","113.48748400992562","113.19301452961152","112.89854504929741","0.8806840125327619","0.5202962065067581","0.4","125","bullish","extreme-squeeze","","","upper","1.0032078338679724","rolling","75.14070006487111","upper-band-walk","78.8","0.8","","","not-applicable","yahoo-QA-SYNTHETIC-NVDA","20","2","close","true"
"2025-10-23","true","113.50390979575921","113.21981641765665","112.93572303955408","0.8988473487299102","0.5018439122963706","0.4","125","bullish","extreme-squeeze","","","upper","1.0032067510548524","rolling","76.056852572815","upper-band-walk","78.8","0.8","","","not-applicable","yahoo-QA-SYNTHETIC-NVDA","20","2","close","true"
"2025-10-24","true","113.52299858246825","113.24627443335369","112.96955028423913","0.9188754581183509","0.4887121461596712","0.4","125","bullish","extreme-squeeze","","","upper","1.0032056689724986","rolling","77.04407679791126","upper-band-walk","78.8","0.8","","","not-applicable","yahoo-QA-SYNTHETIC-NVDA","20","2","close","true"
"2025-10-27","true","113.54548619263167","113.27251997847904","112.99955376432641","0.9386886122283311","0.48196369994151006","0.4","125","bullish","extreme-squeeze","","","upper","1.003204587620172","rolling","78.08626602197808","upper-band-walk","78.8","0.8","","","not-applicable","yahoo-QA-SYNTHETIC-NVDA","20","2","close","true"
"2025-10-28","true","113.5515842913491","113.27039851984833","112.98921274834755","-0.013069126937901621","0.4964858871781955","2","125","neutral","extreme-squeeze","lower","","","1.0032035069971337","rolling","44.25933945005216","bear-breakdown","58.9","0.9","","","not-applicable","yahoo-QA-SYNTHETIC-NVDA","20","2","close","true"
"2025-10-29","true","113.56059419573363","113.2888297825705","113.01706536940738","0.7571457284723887","0.4797726548764069","0.4","125","strong-bullish","extreme-squeeze","","lower","","1.0032024271026463","rolling","59.98849844250078","failed-breakout","75","0.8","","","not-applicable","yahoo-QA-SYNTHETIC-NVDA","20","2","close","true"
"2025-10-30","true","113.69524213177283","113.32906598461075","112.96288983744867","1.2774330493954347","0.6462175329527612","6.800000000000001","125","bullish","squeeze","upper","","","1.003201347935973","rolling","69.67905975664985","bull-breakout","76.3","0.8","","","not-applicable","yahoo-QA-SYNTHETIC-NVDA","20","2","close","true"
"2025-10-31","true","113.96561984343377","113.39162536998376","112.81763089653374","1.3577718365716147","1.012410698897977","8.4","125","bullish","expansion","","","","1.0032002694963786","rolling","76.03688418834908","mixed","78.8","0.8","","","not-applicable","yahoo-QA-SYNTHETIC-NVDA","20","2","close","true"
"2025-11-03","true","114.32069538117746","113.47625998685098","112.6318245925245","1.311538751798743","1.488303182400143","10","125","strong-bullish","squeeze","","","","1.0031991917831284","rolling","80.39525731872146","pre-breakout","85","0.8","","","not-applicable","yahoo-QA-SYNTHETIC-NVDA","20","2","close","true"
"2025-11-04","true","116.91226934554028","113.83197110396497","110.75167286238967","1.5490746816820928","5.412008966728705","99.6","125","strong-bullish","expansion","","","upper","5.78768417075935","rolling","94.00098509796396","upper-band-walk","100","0.8","","","not-applicable","yahoo-QA-SYNTHETIC-NVDA","20","2","close","true"
"2025-11-05","true","117.12724703108026","113.95707130694109","110.78689558280192","0.7759750519218604","5.563806945512606","99.6","125","strong-bullish","normal","","","","0.7505980108271434","rolling","57.690289958751165","mixed","37.5","0.8","","","not-applicable","yahoo-QA-SYNTHETIC-NVDA","20","2","close","true"
"2025-11-06","true","117.37899763715609","114.09928941351112","110.81958118986614","0.8006384141917745","5.748867044664707","99.6","125","strong-bullish","normal","","","upper","0.7506607929515419","rolling","59.0436712808794","upper-band-walk","62.5","0.8","","","not-applicable","yahoo-QA-SYNTHETIC-NVDA","20","2","close","true"
"2025-11-07","true","117.6549344963977","114.25591168463632","110.85688887287493","0.8124269063200527","5.9498414771626065","99.6","125","strong-bullish","normal","","","upper","0.7507235434755254","rolling","60.20410678206074","upper-band-walk","62.5","0.8","","","not-applicable","yahoo-QA-SYNTHETIC-NVDA","20","2","close","true"
"2025-11-10","true","117.94097240265515","114.42395055165721","110.90692870065928","0.8132531151338425","6.147352602390982","99.6","125","strong-bullish","normal","","","upper","0.7507862624229463","rolling","61.15532081310902","upper-band-walk","62.5","0.8","","","not-applicable","yahoo-QA-SYNTHETIC-NVDA","20","2","close","true"
"2025-11-11","true","118.22346028645755","114.60033036884263","110.97720045122772","0.8053350897222825","6.32307063331114","99.6","125","strong-bullish","normal","","","upper","0.750848949817633","rolling","61.89024143650303","upper-band-walk","62.5","0.8","","","not-applicable","yahoo-QA-SYNTHETIC-NVDA","20","2","close","true"
"2025-11-12","true","118.49053282011761","114.78207864214471","111.07362446417181","0.790801475058992","6.461730301181805","99.6","125","strong-bullish","normal","","","","0.7509116056833899","rolling","62.410753218137714","mixed","50","0.8","","","not-applicable","yahoo-QA-SYNTHETIC-NVDA","20","2","close","true"
"2025-11-13","true","118.73286365743812","114.96651084448179","111.20015803152546","0.7715393314357215","6.552086838664124","99.6","125","strong-bullish","normal","","","","0.7509742300439974","rolling","62.72827157552181","mixed","50","0.8","","","not-applicable","yahoo-QA-SYNTHETIC-NVDA","20","2","close","true"
"2025-11-14","true","118.94392209294072","115.1513973266299","111.35887256031909","0.7491971821666303","6.587023439330442","99.6","125","strong-bullish","normal","","","","0.7510368229232123","rolling","62.86538185180851","mixed","50","0.8","","","not-applicable","yahoo-QA-SYNTHETIC-NVDA","20","2","close","true"
"2025-11-17","true","119.11984928200474","115.33510194601256","111.55035461002038","0.7252586809169316","6.563045026420125","98.8","125","strong-bullish","normal","","","","0.751099384344767","rolling","62.853836733350796","mixed","37.5","0.8","","","not-applicable","yahoo-QA-SYNTHETIC-NVDA","20","2","close","true"
"2025-11-18","true","119.25905067826433","115.51668379412156","111.7743169099788","0.7011331251393472","6.479353044470293","97.2","125","strong-bullish","normal","","","","0.7511619143323703","rolling","62.690641195917365","mixed","37.5","0.8","","","not-applicable","yahoo-QA-SYNTHETIC-NVDA","20","2","close","true"
"2025-11-19","true","119.36158281278544","115.69595569765079","112.03032858251613","0.6782364256062474","6.336655578029138","95.6","125","strong-bullish","normal","","","","0.7512244129097074","rolling","62.50258849088068","mixed","37.5","0.8","","","not-applicable","yahoo-QA-SYNTHETIC-NVDA","20","2","close","true"
"2025-11-20","true","119.42839956192289","115.87349585602583","112.31859215012877","0.6580554078811343","6.135835774410518","93.2","125","strong-bullish","normal","","","","0.7512868801004394","rolling","62.44647496501133","mixed","37.5","0.8","","","not-applicable","yahoo-QA-SYNTHETIC-NVDA","20","2","close","true"
"2025-11-21","true","119.46050390594807","116.05061189176419","112.64071987758031","0.64220526072209","5.876560163877728","91.60000000000001","125","strong-bullish","normal","","","","0.7513493159282039","rolling","62.60133062071612","mixed","50","0.8","","","not-applicable","yahoo-QA-SYNTHETIC-NVDA","20","2","close","true"
"2025-11-24","true","119.45800332412438","116.22925954884053","113.00051577355669","0.6325140627539773","5.555819227992415","89.2","125","strong-bullish","normal","","","","0.7514117204166144","rolling","63.05811061113778","mixed","50","0.8","","","not-applicable","yahoo-QA-SYNTHETIC-NVDA","20","2","close","true"
"2025-11-25","true","119.32579430294737","116.44022023935057","113.55464617575376","0.6318379978034031","4.95631845708522","87.6","125","strong-bullish","normal","","","","0.7514740935892611","rolling","63.91198487119316","mixed","50","0.8","","","not-applicable","yahoo-QA-SYNTHETIC-NVDA","20","2","close","true"
"2025-11-26","true","119.19331653405209","116.63757752364943","114.08183851324677","0.6444130362852802","4.382359552837008","86.8","125","strong-bullish","normal","","","","0.7515364354697103","rolling","65.21453710903624","mixed","50","0.8","","","not-applicable","yahoo-QA-SYNTHETIC-NVDA","20","2","close","true"
"2025-11-27","true","119.07788919675784","116.82327214604474","114.56865509533165","0.6749834109590953","3.859876562769994","86","125","strong-bullish","normal","","","","0.7515987460815047","rolling","66.95429751533086","mixed","50","0.8","","","not-applicable","yahoo-QA-SYNTHETIC-NVDA","20","2","close","true"
"2025-11-28","true","118.9992787921782","116.9999699786741","115.00066116517","0.7276598355128143","3.417622780362285","85.2","125","strong-bullish","normal","","","","0.7516610254481635","rolling","69.05377033642853","mixed","50","0.8","","","not-applicable","yahoo-QA-SYNTHETIC-NVDA","20","2","close","true"
"2025-12-01","true","118.980158472117","117.17089627048752","115.36163406885804","0.8024640771853494","3.0882450492702915","73.2","125","strong-bullish","normal","","","","0.7517232735931821","rolling","71.38658930674286","mixed","62.5","0.8","","","not-applicable","yahoo-QA-SYNTHETIC-NVDA","20","2","close","true"