time,open,high,low,close,volume,volume_valid,SMA(5),SMA(20),SMA(60),볼린저(20,2).upper,볼린저(20,2).mid,볼린저(20,2).lower,RSI(14),SMA(9),VolumeSMA5,VolumeSMA20,VolumeSMA60,credit,foreign,investmentTrust
2026-01-08,66270,68010,66235,66620,12739580,1,65450,60183.5,57430.666666666664,66796.88498803752,60183.5,53570.11501196248,79.03704690244719,70.5170916284854,14690244,11269615.049999991,14479941.233333327,,,
2026-01-09,66335,67395,65810,67180,13826150,1,66354,60607.25,57719.416666666664,67844.07352624409,60607.25,53370.426473755906,80.05214079531741,73.03112054582488,15304256,11572427.899999991,14405890.233333327,,,
2026-01-12,68035,68195,66810,67610,13454910,1,66868,61053.75,57992.25,68840.85528694713,61053.75,53266.64471305287,80.82014599652082,75.39177595463988,15096702,11846428.799999991,14384952.733333327,,,
2026-01-13,68150,68525,67685,68465,13474250,1,67319,61567,58256.916666666664,69870.12314734643,61567,53263.87685265357,82.2809459378008,77.24580392322474,14232910,12087591.349999992,14317099.233333327,,,
2026-01-14,68325,68905,68180,68840,11019340,1,67743,62059.25,58525.333333333336,70847.24651513358,62059.25,53271.253484866415,82.89624567812595,79.10269802519817,12902846,12182378.949999992,14238569.066666659,,,
2026-01-15,68600,70015,68535,70015,10321910,1,68422,62677.25,58797.25,71868.57714845904,62677.25,53485.92285154097,84.69018379562901,80.56938589547916,12419312,12138849.949999992,14180383.733333327,,,
2026-01-16,70245,71100,70015,70755,16458710,1,69137,63395,59079.583333333336,72753.90324771017,63395,54036.09675228983,85.70694640458053,81.56120972787356,12945824,12350734.449999992,14172668.399999995,,,
2026-01-19,70570,72065,70500,71780,12430230,1,69971,64109.5,59368.833333333336,73734.20098236823,64109.5,54484.79901763177,86.99527755186655,82.4653962523494,12740888,12464205.449999992,14119723.06666666,,,
2026-01-20,71630,72080,70400,71190,16270500,1,70516,64828,59657.833333333336,74313.21133133047,64828,55342.78866866953,82.39166672827486,82.7633999767291,13300138,12561774.449999992,14165816.233333327,,,
2026-01-21,69900,71935,69840,71755,16073530,1,71099,65559.75,59932.833333333336,74808.61018653109,65559.75,56310.88981346891,83.3028910935138,83.2373826646254,14310976,12885859.849999992,14168108.066666659,,,
2026-01-22,73135,73720,72275,72530,17632700,1,71602,66265,60195.416666666664,75380.25369915726,66265,57149.746300842744,84.48864547103452,83.73032762859397,15773134,13254058.849999992,14151072.233333327,,,
2026-01-23,73005,73600,72110,73025,14908170,1,72056,66986.5,60475.666666666664,75839.71077349907,66986.5,58133.28922650093,85.2110476483712,84.21820558991067,15463026,13492036.349999992,14180158.733333327,,,
2026-01-26,73140,73605,72240,72305,14355830,1,72161,67671.25,60724.333333333336,75925.21563780103,67671.25,59417.28436219898,79.41733921896473,83.90002706559555,15848146,13743572.299999991,14176056.899999995,,,
2026-01-27,72070,74830,71420,74775,13660430,1,72878,68454.5,61013.166666666664,76271.64007805924,68454.5,60637.35992194076,83.54958944324281,83.97262081727519,15326132,14025683.99999999,14009649.233333329,,,
2026-01-28,75650,76500,75330,76175,13993660,1,73762,69227.25,61313.666666666664,76887.26532309172,69227.25,61567.23467690828,85.34545271185647,84.04542847463381,14910158,14115687.99999999,13933785.733333329,,,
2026-01-29,77195,77585,74585,77035,21702200,1,74663,70034.25,61598.75,77408.37725344498,70034.25,62660.12274655502,86.33250582577513,84.11493507698876,15724058,14651686.99999999,13966876.399999997,,,
2026-01-30,76485,78740,76460,77305,16021980,1,75519,70766.5,61915.833333333336,77972.7362575758,70766.5,63560.263742424206,86.6368239391767,84.07510689780099,15946820,14914981.49999999,13845037.899999997,,,
2026-02-02,75680,76705,72590,72700,27331580,1,75598,71149.5,62183.083333333336,77897.2558491694,71149.5,64401.74415083059,61.4895557049627,81.75265011743298,18541970,15556926.49999999,13734468.399999997,,,
2026-02-03,75450,78290,75280,78290,15709260,1,76301,71753.5,62538.333333333336,78781.3418451186,71753.5,64725.6581548814,72.0827649555616,80.50596943543829,18951736,15452728.99999999,13702862.899999997,,,
2026-02-04,77635,79550,77265,79385,19180980,1,76943,72386.75,62929,79760.16662663924,72386.75,65013.33337336076,73.6138924159159,79.2976635404251,19989200,15528294.99999999,13653455.73333333,,,
2026-02-05,77150,78170,75625,76010,23642880,1,76738,72856.25,63234.916666666664,79889.03456587432,72856.25,65823.46543412568,62.27662584503553,76.74939445116559,20377336,16073459.99999999,13820639.23333333,,,
2026-02-06,73650,75655,72105,75195,23275180,1,76316,73257,63518.25,79849.99962080993,73257,66664.00037919007,59.87841487061409,74.5784028569044,21827976,16545911.499999993,13899629.23333333,,,
2026-02-09,78365,78940,78000,78340,17295870,1,77444,73793.5,63843.916666666664,80204.89384221559,73793.5,67382.10615778441,65.41341591790257,72.56327246519994,19820834,16737959.499999993,13980777.066666665,,,
2026-02-10,79300,79535,78355,78435,14716930,1,77473,74292,64166.666666666664,80516.31393809791,74292,68067.68606190209,65.56793790921193,70.36577082046165,19622368,16800093.499999993,14016738.066666665,,,
2026-02-11,78225,79585,77625,79115,12643100,1,77419,74805.75,64543.416666666664,80838.47183595432,74805.75,68773.02816404568,66.71427064130131,68.18596691107567,18314792,16881281.499999993,13942416.566666665,,,
2026-02-12,80265,81985,79930,81975,19692360,1,78612,75403.75,64947.75,81779.69610626533,75403.75,69027.80389373467,71.07590489768432,66.4569759064654,17524688,17349803.999999993,14070881.566666665,,,
2026-02-13,81785,83120,81350,81860,18091480,1,79945,75959,65382.083333333336,82549.44277723432,75959,69368.55722276568,70.6748787135065,67.47756735185916,16487948,17431442.499999993,14112840.066666665,,,
2026-02-19,83910,84530,83412,84390,19298740,1,81155,76589.5,65865.08333333333,83839.8350957042,76589.5,69339.1649042958,74.1327439151565,67.70534279181416,16888522,17774867.999999993,14124992.566666665,,,
2026-02-20,84575,86430,84415,86300,16572300,1,82728,77345,66360.08333333333,85301.88883923861,77345,69388.11116076139,76.39560857238534,68.0144223647552,17259596,17789957.999999993,14118487.399999999,,,
2026-02-23,88025,88475,86160,86940,20224730,1,84293,78104.25,66905.33333333333,86658.16271582777,78104.25,69550.33728417223,77.11793696264101,69.66345693337804,18775922,17997517.999999993,14117650.733333332,,,
2026-02-24,87025,89150,85905,89085,19422600,1,85715,78932,67486.58333333333,88330.38624445707,78932,69533.61375554293,79.39392114803687,71.83184651975836,18721970,18087012.999999993,14188449.899999999,,,
2026-02-25,89860,91850,89275,90890,26181980,1,87521,79825.25,68091.33333333333,90157.6410470907,79825.25,69492.8589529093,81.09773628900817,73.57454878321454,20340070,18650703.499999993,14392030.566666666,,,
2026-02-26,91555,95095,91325,95025,24723190,1,89648,80961.25,68740.41666666667,92644.22773472157,80961.25,69278.27226527843,84.3003225539093,75.65592485484757,21424960,19169071.499999993,14559982.899999999,,,
2026-02-27,92990,95720,92480,94120,32570370,1,91212,81928.5,69367.83333333333,94566.78631579455,81928.5,69290.21368420545,81.0631328422094,77.25024287717068,24624574,20114568.499999993,14902177.399999999,,,
2026-03-03,92035,92790,86705,86705,39338160,1,91165,82455,69885.41666666667,94967.39025925902,82455,69942.60974074098,60.547589182500175,76.08043001992799,28447260,21381793.499999993,15371309.899999999,,,
2026-03-04,83280,85100,75735,75900,70124750,1,88528,82398.25,70224.16666666667,95018.28774756637,82398.25,69778.21225243363,43.3364028812878,73.04282159412591,38587690,23802920.999999993,16386082.85,,,
2026-03-05,84015,86700,82175,83570,43909100,1,87064,82711.5,70672.41666666667,95119.53010151087,82711.5,70303.46989848913,53.451592984747755,70.74491593519161,42133114,25197276.999999993,16948847.85,,,
2026-03-06,81755,83800,80250,83560,25625900,1,84771,83254.5,71110.16666666667,94781.76242435731,83254.5,71727.23757564269,53.438198961748725,68.19409264512088,42313656,25111992.999999993,17132469.016666666,,,
2026-03-09,77625,78955,75595,78230,32610060,1,81593,83251.5,71461.5,94783.95901791981,83251.5,71719.04098208019,46.71848169842553,64.81637539354138,42321594,25957032.999999993,17490846.183333334,,,
2026-03-10,82700,83990,81025,82900,22322810,1,80832,83427.25,71872.5,94825.00437312105,83427.25,72029.49562687895,52.3698718738382,61.81370325196375,38918524,26114124.499999993,17626473.349999998,,,
2026-03-11,84950,86085,83045,83825,20831090,1,82417,83818,72285.91666666667,94695.8023515782,83818,72940.1976484218,53.42366069654692,58.738805963912505,29059792,25973534.999999993,17772203.349999998,,,
2026-03-12,83065,84092,82380,83200,12702610,1,82343,84218.25,72694.16666666667,94361.76727705928,84218.25,74074.73272294072,52.577227884745966,55.21401766733881,22818494,25444906.499999993,17854415.3,,,
2026-03-13,80090,82515,79925,81540,18409990,1,81939,84378.25,73075.16666666667,94242.95388557103,84378.25,74513.54611442897,50.29782644134644,51.79565028946515,21375312,25500612.499999993,18028333.6,,,
2026-03-16,81960,83155,81235,82985,17076990,1,82890,84605.75,73488.25,94115.17389159302,84605.75,75096.32610840698,52.23889958749634,50.87246255668694,18268698,25618615.499999993,18168766.783333335,,,
2026-03-17,85700,85925,84520,84635,17037810,1,83237,84881.75,73915.58333333333,94052.07947881373,84881.75,75711.42052118627,54.42751768174455,52.104808645626576,17211698,25838350.999999993,18300670.483333334,,,
2026-03-18,86640,89580,86610,89370,20662540,1,84346,85251.5,74444.16666666667,94519.03046933217,85251.5,75983.96953066783,60.08077193448125,52.84138408448585,17177988,25886859.999999993,18458504.650000002,,,
2026-03-19,86275,88395,86230,86750,19623200,1,85056,85496,74950,94650.05079732464,85496,76341.94920267536,55.945296864832756,53.11995051816186,18562106,25963445.999999993,18581874.316666666,,,
2026-03-20,87330,87750,86505,86660,14345890,1,86080,85609.5,75436.16666666667,94762.17441789557,85609.5,76456.82558210443,55.80320312888481,54.12936401043511,17749286,25715803.499999993,18651625.650000002,,,
2026-03-23,83165,83360,80655,81025,31562960,1,85688,85345.75,75839.58333333333,94705.30996561804,85345.75,75986.19003438196,47.64387303701393,53.60425302856575,20646480,26465336.499999993,18939022.983333334,,,
2026-03-24,84735,84820,80890,83505,25572400,1,85462,85174,76279.33333333333,94536.3029218243,85174,75811.6970781757,51.03704185193703,53.339073156942426,22353398,26732719.999999993,19205365.950000003,,,
2026-03-25,85300,86455,84300,84510,16581770,1,84490,84945.25,76714.08333333333,94136.13704913731,84945.25,75754.36295086269,52.38380645659041,53.31758188714737,21537244,26590678.499999993,19310583.450000003,,,
2026-03-26,83600,83765,81220,81600,17119970,1,83460,84480.75,77097.5,93356.53124730437,84480.75,75604.96875269563,48.245764859846425,53.089575044758476,21036598,26137577.999999993,19426772.616666667,,,
2026-03-27,78885,81545,77740,81225,16138200,1,82373,83790.75,77474.41666666667,91324.59581405805,83790.75,76256.90418594195,47.72259250233516,52.587763146407234,21395060,25708328.499999993,19540324.1,,,
2026-03-30,77325,79150,76705,78680,17986750,1,81904,83018.75,77800.58333333333,89204.23047850771,83018.75,76833.26952149229,44.218087003524666,51.453381959938355,18679818,24979147.499999993,19706466.666666668,,,
2026-03-31,76285,78075,75110,75430,23751280,1,80289,82455,78045.75,89221.76067258182,82455,75688.23932741818,40.162075965072546,49.24019351889294,18315594,24199803.499999993,19899095.000000004,,,
2026-04-01,79935,82810,78885,82170,22033480,1,79821,82768.5,78400.33333333333,88836.3300075068,82768.5,76700.6699924932,50.33626446963396,48.61696769720418,19405936,21795239.999999993,20083282.66666667,,,
2026-04-02,83215,83755,77020,78190,34620270,1,79139,82499.5,78659.16666666667,88870.7768735945,82499.5,76128.2231264055,45.424665918260935,47.46379689602375,22905996,21330798.499999993,20481019.000000004,,,
2026-04-03,80210,81200,79605,80575,14703480,1,79009,82350.25,78918.08333333333,88754.92600663764,82350.25,75945.57399336236,48.6576783716259,47.57644193320286,22619052,20784677.499999993,20484532.333333336,,,
2026-04-06,81410,82855,81207,81750,13066640,1,79623,82526.25,79177.08333333333,88655.91057380015,82526.25,76396.58942619985,50.22219744438375,47.48590366569694,21635030,19807506.499999993,20405756.166666668,,,
2026-04-07,83555,84385,81685,82770,19650420,1,81091,82519.75,79444.58333333333,88648.08702973327,82519.75,76391.41297026673,51.60095881029824,47.398920593886686,20814858,19673886.999999993,20438768.833333336,,,
2026-04-08,87850,90070,87400,89000,29329010,1,82457,82778.5,79817.58333333333,89512.49591624468,82778.5,76044.50408375532,59.059865994568625,48.6004873866336,22273964,20098782.999999993,20715259.333333336,,,
2026-04-09,88310,88735,87070,87250,20553040,1,84269,82981,80152.08333333333,89991.42124269292,82981,75970.57875730708,56.42913452695271,49.56788094492444,19460518,20491304.499999993,20827374.16666667,,,
2026-04-10,88795,89805,88520,88655,12112240,1,85885,83336.75,80502.83333333333,90730.21554397869,83336.75,75943.28445602131,58.04494821495095,51.104198857305136,18942270,20176416.999999993,20804996.33333334,,,
2026-04-13,86465,88090,86410,87880,13658530,1,87111,83581.5,80826.41666666667,91231.80724873192,83581.5,75931.19275126808,56.79380754042949,52.952169032344806,19060648,20005493.999999993,20808067.666666675,,,
2026-04-14,90245,91600,89955,90430,17031930,1,88643,83871.25,81186.25,92077.94231481235,83871.25,75664.55768518765,59.859625057199445,54.010320208740964,18536950,20005199.999999993,20908277.500000007,,,
2026-04-15,93405,94180,92205,92665,22556410,1,89376,84036,81563.75,92791.56885644788,84036,75280.43114355212,62.37932550682641,55.89417127413713,17182430,20099893.499999993,21112185.833333343,,,
2026-04-16,93460,94755,93035,94710,16849470,1,90868,84434,81963,94300.10693232137,84434,74567.89306767863,64.57076617779906,57.6622921414897,16441716,19961206.999999993,21118698.50000001,,,
2026-04-17,94555,94685,93630,94050,13116520,1,91947,84803.5,82334.16666666667,95494.45042547668,84803.5,74112.54957452332,63.289411080507406,59.11420476772566,16642572,19899738.499999993,21130136.66666668,,,
2026-04-20,94485,95435,93755,94500,14275540,1,93271,85477.25,82722.66666666667,96809.93171043377,85477.25,74144.56828956623,63.81663580235147,60.471502211287124,16765974,19035367.499999993,21096887.333333347,,,
2026-04-21,95680,97010,95625,96920,18194780,1,94569,86148,83142.08333333333,98478.42594560301,86148,73817.57405439699,66.59508417885138,61.30874867620744,16998544,18666486.499999993,21132241.50000001,,,
2026-04-22,96985,97400,95840,97300,18496010,1,95496,86787.5,83554.91666666667,100006.4400104547,86787.5,73568.5599895453,67.02329103235553,62.48587717680776,16186464,18762198.499999993,21146630.00000001,,,
2026-04-23,98435,99855,95675,98355,23967300,1,96225,87625.25,83977.08333333333,101528.93493421798,87625.25,73721.56506578202,68.24051428440414,63.618717851191455,17610030,19104564.999999993,21297615.50000001,,,
2026-04-24,98695,99030,96910,98000,16267000,1,97015,88464,84405.33333333333,102741.00584856643,88464,74186.99415143357,67.33978305982696,64.79049290890228,18240126,19111004.999999993,21329468.333333347,,,
2026-04-27,98985,101165,98905,100240,15757180,1,98163,89542,84829.75,103956.37005213894,89542,75127.62994786106,70.02804934040034,65.92031782925794,18536454,18999526.499999993,21364414.166666683,,,
2026-04-28,100855,102055,100420,100700,14306460,1,98919,90805.5,85238.5,104460.49245697338,90805.5,77150.50754302662,70.56388087382113,66.82971287003514,17758790,18527285.499999993,21369627.500000015,,,
2026-04-29,99750,101300,99520,101045,12365720,1,99668,91749.25,85638.66666666667,105495.20441393576,91749.25,78003.29558606424,70.98288037502215,67.54217000305991,16532732,18043897.499999993,21214019.500000015,,,
2026-04-30,101755,102230,99845,99905,16456250,1,99978,92835,86015.33333333333,105514.44990920348,92835,80155.55009079652,67.56074021456092,68.01676212906585,15030522,17135696.499999993,21221257.333333347,,,
2026-05-04,102530,105300,101865,105295,18089450,1,101437,94071,86558.58333333333,106546.83528265743,94071,81595.16471734257,73.95437181008117,69.14317724103583,15395012,17304994.999999993,21067221.833333347,,,
2026-05-06,111460,114320,110500,113270,29550190,1,104043,95647,87141.58333333333,109397.28268800318,95647,81896.71731199682,80.17916828999586,70.65251992005187,18153614,18129172.499999993,21297904.000000015,,,
2026-05-07,115305,116180,111635,115620,26974170,1,107027,97289.5,87745.5,112286.1585945003,97289.5,82292.8414054997,81.57645453692737,72.26953808722652,20687156,18495359.999999993,21427790.500000015,,,
2026-05-08,113000,115870,112660,115810,21327490,1,109980,98630,88408.83333333333,115139.7132016277,98630,82120.2867983723,81.68885019848858,73.76379763323591,22479510,18095283.999999993,21389200.666666683,,,
2026-05-11,120630,123305,119900,121805,27029560,1,114360,100357.75,89185.66666666667,118854.92261502417,100357.75,81860.57738497583,84.8329584112674,75.70748378339596,24594172,18419109.999999993,21451773.666666683,,,
2026-05-12,124065,124800,115645,119100,32050390,1,117121,101880,89865,121264.01222657476,101880,82495.98777342524,78.30004854747028,76.62659480640373,27386360,19416017.499999993,21697682.33333335,,,
2026-05-13,116485,122795,114905,122655,23232590,1,118998,103618.75,90602,123886.13879949758,103618.75,83351.36120050242,80.43274469349893,77.72313523081237,26122840,19894720.499999993,21839610.000000015,,,
2026-05-14,122790,125412,122605,124855,23542840,1,120845,105340,91364.33333333333,126654.86054376149,105340,84025.13945623851,81.63560347346976,78.90677113063988,25436574,20220265.999999993,22021272.33333335,,,
2026-05-15,124535,126140,115095,117200,30488390,1,121123,106566.75,91951.41666666667,127645.27966290581,106566.75,85488.22033709419,66.35142263349485,78.77240251052143,27268754,20616864.999999993,22201206.166666683,,,
2026-05-18,116060,119900,111545,117840,26713440,1,120330,107723.25,92551.08333333333,128609.97240323981,107723.25,86836.52759676019,66.90923587350703,77.98960962867984,27205530,21110063.499999993,22344905.500000015,,,
2026-05-19,116105,116480,111755,114315,22841550,1,119373,108736.5,93049.83333333333,128822.4939012238,108736.5,88650.5060987762,60.91906550717855,75.8495982083668,25363762,21596314.999999993,22403952.333333347,,,
2026-05-20,114795,115120,110485,113340,22359550,1,117510,109678.5,93500.5,128746.81274654367,109678.5,90610.18725345633,59.3367004829844,73.37851442459537,25189154,22000515.499999993,22500406.500000015,,,
2026-05-21,117695,123320,117525,123060,19375730,1,117151,110985.5,94102.5,129959.81419050501,110985.5,92011.18580949499,68.20369482687515,71.88016382774941,24355732,22059562.999999993,22486256.500000015,,,
2026-05-22,124105,124140,122120,123350,18073090,1,118381,112288,94673.58333333333,130898.64652289114,112288,93677.35347710886,68.42492007501353,70.05704845705455,21872672,22038416.999999993,22463764.666666683,,,
2026-05-26,126380,128250,125850,126755,17406510,1,120164,113708,95271.33333333333,132182.94746947876,113708,95233.05253052124,70.97813380668335,69.24350237474488,20011286,21710377.499999993,22317506.83333335,,,
2026-05-27,129745,134855,129645,130600,28161690,1,123421,115338,95864.25,133734.08012593986,115338,96941.91987406013,73.57648153316487,68.48169535692999,21075314,22305111.999999993,22374815.166666683,,,
2026-05-28,129535,131300,124255,129990,23583700,1,126751,116825.5,96462.08333333333,134906.19243696157,116825.5,98744.80756303841,72.46798008296562,67.46307053576285,21320144,22696437.999999993,22225037.33333335,,,
2026-05-29,133530,134950,132000,134815,18852380,1,129102,118531.25,97263.91666666667,136641.77673861253,118531.25,100420.72326138745,75.59945503290318,68.49062969125266,21215474,22923733.999999993,21883607.666666683,,,
2026-06-01,135000,142310,134815,141395,25511960,1,132711,120548.75,98355.5,139393.0164688759,120548.75,101704.48353112412,79.09196286676513,69.84426602383691,22703248,23581045.999999993,21140061.166666683,,,
2026-06-02,142700,143645,136430,141575,25782080,1,135675,122632.25,99322.25,141096.54648673354,122632.25,104167.95351326648,79.17975487750691,71.87323150942895,24378362,24047337.499999993,20837944.166666683,,,
2026-06-04,138375,140970,137460,138730,17958590,1,137301,124304,100241.75,142233.38136132978,124304,106374.61863867022,73.89810641082155,73.49116550141086,22337742,24040794.499999993,20710155.666666683,,,
2026-06-05,133445,134560,128485,131030,24790440,1,137509,125192,101121.75,142599.0825815241,125192,107784.91741847589,61.86927347139988,72.78734090635805,22579090,23802806.999999993,20579828.666666683,,,
2026-06-08,119015,125665,117930,119560,28098581,1,134458,125389,101732.75,142443.92703004033,125389,108334.07296995967,49.058816398761635,70.63555160899674,24428330.2,23859027.549999993,20676091.516666684,,,
2026-06-09,124780,130445,121410,130130,18130146,1,132205,126105,102504.5,142687.0348570373,126105,109522.9651429627,57.74226233734159,69.16489922351431,22951967.4,23699160.349999994,20631075.783333354,,,
2026-06-10,125915,128025,120360,123795,17940670,1,128649,126204.5,103181.08333333333,142705.81809886714,126204.5,109703.18190113286,52.01902689390559,66.76962648581883,21383685.4,23244715.849999994,20718376.783333354,,,
2026-06-11,119145,124875,117840,123850,13788820,1,125673,126442,103886.25,142661.7972860329,126442,110222.20271396711,52.06345065645814,64.50245654954023,20549731.4,22331637.349999994,20641357.283333354,,,
2026-06-12,131505,135360,129260,129270,23629780,1,125321,126772.75,104657.66666666667,142939.8612060875,126772.75,110605.6387939125,56.35219336355264,62.36387191961239,20317599.4,22351496.849999994,20750570.45000002,,,
2026-06-15,136320,137990,135720,136290,21585190,1,128667,127344.5,105518.58333333333,144001.2688643386,127344.5,110687.7311356614,61.194764967410855,60.37529437523969,19014921.2,22253614.349999994,20826360.11666669,,,
2026-06-16,139500,140425,136650,139550,16326020,1,130551,128462,106354.91666666667,145244.88991800876,128462,111679.11008199124,63.23470256094002,58.603621895621146,18654096,21545495.849999994,20754084.783333354,,,
2026-06-17,137720,142350,137610,142055,16301200,1,134203,129672.75,107276.66666666667,146707.72240238445,129672.75,112637.77759761555,64.76736495692883,57.589095067410845,18326202,21024883.849999994,20698718.11666669,,,
2026-06-18,142305,147180,142180,146945,20153820,1,138822,131304.25,108281.41666666667,148393.34426359396,131304.25,114215.15573640604,67.60629597738696,58.22654201252052,19599202,20890497.349999994,20795516.95000002,,,
2026-06-19,149000,152455,143100,146910,26620200,1,142350,132982.75,109379.5,149259.50412206008,132982.75,116705.99587793992,67.56433253819014,60.28271047245702,20197286,21103529.849999994,20713137.61666669,,,
2026-06-22,144690,150735,144345,148355,19335392,1,144763,134247.5,110460.33333333333,151162.09059510456,134247.5,117332.90940489543,68.43543302003721,61.47084054831209,19747326.4,21101512.949999996,20609187.483333357,,,
2026-06-23,148310,149200,132500,132820,32931869,1,143417,134721,111265.5,150903.18205311015,134721,118538.81794688986,52.20341766144953,61.49132841137253,23068496.2,21844451.899999995,20881689.13333336,,,
2026-06-24,134645,139495,130855,138145,32994512,1,142635,135290.5,112207.91666666667,151108.81277349137,135290.5,119472.18722650864,56.05137098246203,61.9344306698174,26407158.6,22623851.999999996,21146264.833333362,,,
2026-06-25,145980,148120,143120,145830,17200294,1,142412,136052,113284.66666666667,152352.78353944988,136052,119751.21646055013,60.93887014075448,62.44406142283982,25816453.400000002,22075782.199999996,21163966.40000003,,,
2026-06-26,143990,144850,132595,137380,29479487,1,140506,136421.5,114263,152489.24940680867,136421.5,120353.75059319135,53.847871162608534,61.6277398889729,26388310.800000004,22370571.549999997,21355512.016666695,,,
2026-06-29,136495,138710,131920,136415,22249173,1,138118,136501.5,115279.41666666667,152552.3819383858,136501.5,120450.61806161418,53.08812985582347,60.50034292173772,26971067.000000007,22540411.199999996,21330476.90000003,,,
2026-06-30,136405,141290,133305,138580,17098232,1,139270,136360.75,116219.58333333333,152286.40015156366,136360.75,120435.09984843632,54.63458511113989,59.37447849442784,23804339.600000005,22119724.799999997,21248222.766666695,,,
2026-07-01,139670,140555,131615,134525,16469581,1,138546,136008.25,117158.5,151767.870006523,136008.25,120248.62999347699,51.2282911642851,57.554700181860966,20499353.400000006,21654099.849999998,20945711.28333336,,,
2026-07-02,127565,131225,121950,123530,24238689,1,134086,135248.25,117874.41666666667,151852.91749892934,135248.25,118643.58250107068,43.338317112759874,54.862920690146495,21907032.400000006,21968104.799999997,21104631.43333336,,,
2026-07-03,124385,131765,118650,131010,25609740,1,132812,135247.25,118695.41666666667,151852.93591627578,135247.25,118641.56408372421,49.08363596540247,52.7127210174093,21133083.000000007,22009069.799999997,21313683.100000028,,,
2026-07-06,132760,134720,126000,130125,20416755,1,131554,135775.5,119484.66666666667,150963.0652755799,135775.5,120587.9347244201,48.45758058858347,52.296516898201965,20766599.400000006,21624978.499999996,21326455.350000028,,,
2026-07-07,127350,128695,118870,123710,23459803,1,128580,135454.5,120063.16666666667,151360.18763053016,135454.5,119548.81236946984,44.0697055992946,50.96522074451669,22038913.60000001,21891461.349999994,21228635.23333336,,,
2026-07-08,119975,125895,115560,116865,28898857,1,125048,135108,120556.75,152267.13063065842,135108,117948.86936934158,39.91630062018192,48.62937968667529,24524768.80000001,22439370.699999996,21367732.18333336,,,
2026-07-09,121315,122080,113760,117700,25543395,1,123882,134800.5,121040.83333333333,152947.58568889232,134800.5,116653.41431110768,40.65110957491394,47.163072843598115,24785710.000000007,23027099.449999996,21591584.76666669,,,
2026-07-10,122250,124395,119630,120605,21935200,1,121801,134367.25,121586.25,153413.27464426632,134367.25,115321.22535573368,43.25137375263211,46.07009994324352,24050802.000000007,22942370.449999996,21729529.26666669,,,
2026-07-13,119630,121305,108100,108820,28358089,1,117540,132993.75,121892.75,155016.4212446515,132993.75,110971.0787553485,36.30256560055352,44.0332088865117,25639068.80000001,23281015.399999995,21918298.58333336,,,
2026-07-14,108820,111880,102785,109720,33989327,1,114742,131502.25,122177,155498.84069013764,131502.25,107505.65930986237,37.13323674108986,42.4670917283789,27744973.60000001,24164180.749999996,22108847.200000025,,,
2026-07-15,116585,119470,115550,116735,21886708,1,114716,130236.25,122544.08333333333,154541.96062014028,130236.25,105930.53937985972,43.335987827749626,42.466832918933314,26342543.800000012,24443456.149999995,22192801.16666669,,,
2026-07-16,111120,111735,107145,109000,20103895,1,112976,128339,122793.25,153051.92244960114,128339,103626.07755039886,38.79119831282343,41.32322873531342,25254643.800000012,24440959.899999995,22309257.41666669,,,
2026-07-20,104250,108950,103020,104095,24229515,1,109674,126198.25,122953.16666666667,151515.7378838719,126198.25,100880.76211612811,36.19868360929899,39.96112907094848,25713506.800000012,24321425.649999995,22475157.000000022,,,
2026-07-21,103805,109695,102455,108140,20630435,1,109538,124187.5,123140.16666666667,148515.23098749656,124187.5,99859.76901250344,39.77339211224048,39.48376090572024,24167976.00000001,24386177.799999993,22515751.250000022,,,
2026-07-22,113570,115000,108315,108315,18621312,1,109257,122962.25,123323.75,147888.4768454333,122962.25,98036.02315456669,39.93020125365685,39.48530542055079,21094373.000000007,23670649.949999996,22517839.61666669,,,
2026-07-23,111220,113600,110150,113230,13470411,1,108556,121716.5,123571.66666666667,145964.16733110632,121716.5,97468.8326688937,44.31539020465438,39.892447712744165,19411113.60000001,22694444.899999995,22342891.46666669,,,
2026-07-24,111530,111685,105445,106365,16981074,1,108029,119743.25,123711.08333333333,142175.72740999644,119743.25,97310.77259000357,39.93068320253584,39.5234820960668,18786549.40000001,22683483.899999995,22354792.70000002,,,
2026-07-27,108800,108800,103990,107730,15613649,1,108756,118260.75,123835.91666666667,139733.46437778653,118260.75,96788.03562221347,41.1769480544562,40.065080146500435,17063376.20000001,21990191.999999993,22352400.516666688,,,
2026-07-28,101555,101900,94810,95675,21909756,1,106263,116223.75,123752.16666666667,138146.06394606875,116223.75,94301.43605393126,34.390854170595745,39.760370972001084,17319240.40000001,21973221.149999995,22479122.11666669,,,
2026-07-29,96615,98910,82710,89605,38902565,1,102521,113775,123561.5,136098.8332281891,113775,91451.1667718109,31.56960754911556,38.45299538548618,21375491.00000001,23063437.799999993,22921402.86666669,,,
2026-07-30,89325,94300,86785,87635,40431123,1,97402,111430.5,123357,134385.11236875935,111430.5,88475.88763124065,30.689668668648608,37.55282542502231,26767633.40000001,24261514.89999999,23320984.08333336,,,
2026-07-31,97905,110000,97475,108820,34727609,1,97893,110695,123415.75,132984.76783189992,110695,88405.23216810009,47.603221262017996,38.81999627532443,30316940.40000001,24785960.89999999,23598286.73333336,,,
2026-08-03,101980,102000,98355,99105,27169695,1,96168,109099.75,123179.66666666667,129859.81345727296,109099.75,88339.68654272704,42.483396315264656,39.121107853438225,32628149.600000005,24863958.64999999,23558611.816666692,,,
2026-08-04,100720,101110,95720,100330,21430764,1,97099,107610,122924.83333333333,126293.47638958017,107610,88926.52361041983,43.311325214095504,39.496788293486965,32532351.200000007,24914659.09999999,23466221.71666669,,,
2026-08-05,105050,105660,103300,104300,18191398,1,100038,106639.5,122733,123834.09301641071,106639.5,89444.90698358929,46.02305975102393,39.6865293541947,28390117.800000004,24651238.84999999,23413953.516666688,,,
2026-08-06,102060,103220,98030,98900,14845527,1,102291,105741.25,122351.25,122578.5425005774,105741.25,88903.9574994226,43.009348313706,40.02860325543583,23272998.6,23948572.34999999,23210886.30000002,,,
2026-08-07,99800,100880,96515,98090,14130664,1,100145,104760.75,122001.08333333333,120970.4656899805,104760.75,88551.0343100195,42.559159024784755,40.18218225213901,19153609.6,23377935.79999999,22912224.200000018,,,
2026-08-10,98835,100345,97260,98265,13128894,1,99977,103643.75,121594.58333333333,118340.51933036646,103643.75,88946.98066963354,42.69871049119359,41.105277398872104,16345449.400000002,22937620.49999999,22743829.266666684,,,
2026-08-11,97570,100350,96650,99265,14065397,1,99764,103166,121168.08333333333,117779.62467014942,103166,88552.37532985058,43.542782923456755,42.43563021824335,14872376,22222985.89999999,22585871.88333335,,,
2026-08-12,100550,104990,100240,103250,15084783,1,99554,102842.5,120935.58333333333,117144.59232944607,102842.5,88540.40767055393,46.89958870781182,44.23673244481703,14251053.000000002,21277758.699999988,22329145.10000002,,,
2026-08-13,107030,108930,106440,107270,18227047,1,101228,102369.25,120759.41666666667,115368.25852949946,102369.25,89370.24147050054,50.12142309719832,44.516532648725956,14927357.000000002,21094775.64999999,22187705.216666687,,,
2026-08-14,110220,110800,108145,110060,17088038,1,103622,102422.25,120688.5,115537.0944424629,102422.25,89307.4055575371,52.285241888075234,45.60562660126047,15518831.8,20943982.79999999,22091813.35000002,,,
2026-08-18,113010,114710,107220,108550,20274228,1,105679,102645,120608.66666666667,116014.7763631259,102645,89275.2236368741,50.99580898816838,46.459458131713006,16947898.6,20746218.449999988,22057057.983333353,,,
2026-08-19,102635,104040,100655,101760,20456444,1,106178,102326,120253.66666666667,115458.46039400081,102326,89193.53960599919,45.55533900275788,46.40748915968344,18226108.000000004,20737518.899999987,22075069.883333355,,,
2026-08-20,104975,109380,103660,108190,33024560,1,107166,102319.75,120001,115440.91743091101,102319.75,89198.58256908899,50.89766027456689,47.28396826644577,21814063.400000002,21457681.299999986,22324261.05000002,,,
2026-08-21,106835,110860,106460,109980,33240038,1,107708,102157.25,119721.41666666667,114805.90940524924,102157.25,89508.59059475076,52.3008364697095,48.3663768714374,24816661.6,22446162.649999984,22588153.183333352,,,
2026-08-24,109495,109500,105290,105995,16347489,1,106895,102138.75,119311.33333333333,114763.79846525351,102138.75,89513.70153474649,48.94733102733368,49.06066804211964,24668551.8,22414483.399999984,22391249.83333335,,,
2026-08-25,103035,106795,101105,106795,18853969,1,106544,102092,118924.75,114640.5785649212,102092,89543.4214350788,49.645364394074875,49.738732649966096,24384500,22576499.399999984,22312420.98333335,,,
2026-08-26,106350,109120,105850,107710,20485425,1,107734,102693.75,118473,115107.25952591571,102693.75,90280.24047408429,50.47935246144337,50.136484178147384,24390296.2,22505282.849999983,22339638.400000017,,,
2026-08-27,110900,110910,108195,109135,18603034,1,107923,103670.25,117935.33333333333,114819.9528996292,103670.25,92520.5471003708,51.8177523400331,50.324965205129025,21505991,21490306.299999982,22224489.63333335,,,
2026-08-28,108045,109270,107050,107180,21388836,1,107363,104647.5,117362.08333333333,113105.25531686748,104647.5,96189.74468313252,49.82804147420931,50.051942936921705,19135750.6,20538191.949999984,22151268.90000002,,,
2026-08-31,104455,107615,103015,107615,20845744,1,107687,104587.25,116843.5,112941.79156432296,104587.25,96232.70843567704,50.28546861501669,49.97301622879374,20035401.6,19844098.699999984,22199388.133333355,,,
2026-09-01,106630,108415,106090,107885,21997851,1,107905,105026.25,116457.75,113100.37526221882,105026.25,96952.12473778118,50.586606051907864,50.53204590092152,20664178,19585506.499999985,22152844.983333357,,,
2026-09-02,104525,105675,103485,103500,21280421,1,107063,105184.75,116190.08333333333,113004.3372493374,105184.75,97365.1627506626,45.74070269466052,49.95905061426525,20823177.2,19577989.349999987,22039208.983333357,,,
2026-09-03,104920,105550,100000,103610,26133074,1,105958,105150.25,115748.08333333333,112991.20623951568,105150.25,97309.29376048432,45.88075771605271,49.245708530525604,22329185.2,19975073.149999987,22172591.11666669,,,
2026-09-04,105005,106785,104705,105720,20998563,1,105666,105491.25,115446.83333333333,112789.6928990025,105491.25,98192.8071009975,48.62037503225212,49.209380086627654,22251130.599999998,20282724.949999984,22223556.000000022,,,
2026-09-07,109500,110875,108825,110820,18578602,1,106307,106127.75,115229.66666666667,112937.31347719881,106127.75,99318.18652280119,54.60234245690591,49.76015542694221,21797702.199999996,20505121.849999987,22303385.70000002,,,
2026-09-08,111860,114260,110320,110335,28659671,1,106797,106731.25,114914.08333333333,112738.65615823501,106731.25,100723.84384176499,53.95895456073248,50.146777882418775,23130066.199999996,21281660.699999988,22387217.216666687,,,
2026-09-09,110640,113260,110550,112100,24388329,1,108517,107373,114510.91666666667,112763.47994152654,107373,101982.52005847346,55.991256517907324,50.61050056884925,23751647.799999997,21797807.299999986,22433936.200000018,,,
2026-09-10,111815,112405,109350,111865,24523748,1,110168,107803.75,114049.5,113184.35208062257,107803.75,102423.14791937743,55.63910381911443,51.256174162727596,23429782.599999998,22269755.549999986,22570565.00000002,,,
2026-09-11,107720,110210,107565,109500,26031068,1,110924,107915.25,113506.91666666667,113339.23605731984,107915.25,102491.26394268016,52.088512179025535,51.45651233650636,24436283.599999994,22659956.599999983,22732729.466666684,,,
2026-09-14,105745,107135,104950,105410,25008928,1,109842,107682.75,112814.66666666667,113117.69845881725,107682.75,102247.80154118275,46.55542239285113,51.00860304105561,25722348.799999997,23056001.099999983,22813647.93333335,,,
2026-09-15,104770,106165,103800,104275,26503621,1,108630,107469,112104.08333333333,113083.98317005493,107469,101854.01682994507,45.122968459708574,50.939965903838726,25291138.799999997,23367470.749999985,22811704.950000014,,,
2026-09-16,104345,106390,104025,106365,22839754,1,107483,107699.25,111404.25,112703.36857873092,107699.25,102695.13142126908,48.278801924908095,51.20641526037821,24981423.799999997,23486636.249999985,22870110.983333346,,,
2026-09-17,107430,107915,105980,106280,25623002,1,106366,107603.75,110961.91666666667,112639.56262062043,107603.75,102567.93737937957,48.157506399470606,51.154985412291374,25201274.599999994,23116558.349999987,22748296.533333346,,22.09,
2026-09-18,109150,109895,108285,109285,20895190,1,106323,107569,110480.91666666667,112548.01456113557,107569,102589.98543886443,52.68347343180201,50.941777742835384,24174098.999999993,22499315.949999988,22546641.16666668,,22.04,
2026-09-21,110185,112135,110095,111700,20877625,1,107581,107854.25,109912.08333333333,113087.09365808878,107854.25,102621.40634191122,56.00747866529947,51.169391532231714,23347838.39999999,22725822.74999999,22607930.01666668,,21.96,
2026-09-22,114345,114635,111400,111880,25168267,1,109102,108108.5,109487.08333333333,113598.58296840767,108108.5,102618.41703159233,56.25415399414874,51.1986023629252,23080767.59999999,23041537.64999999,22536076.350000013,,21.99,
2026-09-23,114290,114305,111945,113145,21157647,1,110458,108380.25,109099.25,114286.78237949306,108380.25,102473.71762050694,58.03504101701204,51.46481760713604,22744346.19999999,23075148.749999993,22517884.25000001,,22.06,
2026-09-28,112740,112870,109500,109500,23611461,1,111102,108398.5,108614.58333333333,114316.49214261053,108398.5,102480.50785738947,51.52599120610417,51.40231527681144,22342037.999999993,23325570.099999994,22626438.066666678,,22.44,
2026-09-29,109285,110470,108445,109990,20262541,1,111243,108539,108205.66666666667,114468.02150443055,108539,102609.97849556945,52.3004964964592,52.040656843879006,22215508.19999999,23269255.349999994,22689654.066666678,,22.58,
2026-09-30,110900,111560,108920,109545,20648747,1,110812,108635.5,107972.58333333333,114564.04948532944,108635.5,102706.95051467056,51.49579313199845,52.748748474133436,22169732.59999999,23259405.499999996,22629821.700000014,,22.73,
2026-10-01,108715,111530,107845,111520,26709163,1,110740,108817.25,107647.75,114864.31414303668,108817.25,102770.18585696332,54.818431539830705,53.47537398690262,22477911.79999999,23494971.099999994,22648145.41666668,,22.39,
2026-10-02,111185,112265,110600,112060,26144725,1,110523,109245.25,107346.66666666667,114927.03710882412,109245.25,103563.46289117588,55.71174441098593,54.31473376595988,23475327.39999999,23738186.299999993,22743611.583333347,,22.24,

market,instrument,code,name,price_low,price_high,quantity_or_turnover,percent,basis,value_unit,total_quantity,total_value,quantity_unit,currency,method,estimated,range_mode,requested_from,requested_to,actual_from,actual_to,source_resolution,source,as_of,fetched_at,price_volume_adjustment,adjustment_warning,valid_bars,excluded_bars,poc,val,vah
KR,etf,069500,,65810,74474.5,223254207.7393025,5.768052419641391,volume,주,3870530146,3870530146.0000005,주,KRW,ohlcv-overlap,true,visible,,,2026-01-08,2026-10-02,day,yahoo-069500.KS,2026-10-02,2026-10-03T13:36:11.039Z,Yahoo 제공 OHLC · 거래량은 공급자 원수량 · 분할·분배금 조정 및 수량 기준 일치 미확인,OHLCV 가격대 겹침 배분 추정치 · 실제 체결가격별 거래량 아님,180,0,104800.25,74474.5,117797
KR,etf,069500,,74474.5,83139,599738695.6986566,15.495001280857004,volume,주,3870530146,3870530146.0000005,주,KRW,ohlcv-overlap,true,visible,,,2026-01-08,2026-10-02,day,yahoo-069500.KS,2026-10-02,2026-10-03T13:36:11.039Z,Yahoo 제공 OHLC · 거래량은 공급자 원수량 · 분할·분배금 조정 및 수량 기준 일치 미확인,OHLCV 가격대 겹침 배분 추정치 · 실제 체결가격별 거래량 아님,180,0,104800.25,74474.5,117797
KR,etf,069500,,83139,91803.5,483848936.72388613,12.500844030989395,volume,주,3870530146,3870530146.0000005,주,KRW,ohlcv-overlap,true,visible,,,2026-01-08,2026-10-02,day,yahoo-069500.KS,2026-10-02,2026-10-03T13:36:11.039Z,Yahoo 제공 OHLC · 거래량은 공급자 원수량 · 분할·분배금 조정 및 수량 기준 일치 미확인,OHLCV 가격대 겹침 배분 추정치 · 실제 체결가격별 거래량 아님,180,0,104800.25,74474.5,117797
KR,etf,069500,,91803.5,100468,367731848.978269,9.500813457254724,volume,주,3870530146,3870530146.0000005,주,KRW,ohlcv-overlap,true,visible,,,2026-01-08,2026-10-02,day,yahoo-069500.KS,2026-10-02,2026-10-03T13:36:11.039Z,Yahoo 제공 OHLC · 거래량은 공급자 원수량 · 분할·분배금 조정 및 수량 기준 일치 미확인,OHLCV 가격대 겹침 배분 추정치 · 실제 체결가격별 거래량 아님,180,0,104800.25,74474.5,117797
KR,etf,069500,,100468,109132.5,683640679.7450144,17.66271425250422,volume,주,3870530146,3870530146.0000005,주,KRW,ohlcv-overlap,true,visible,,,2026-01-08,2026-10-02,day,yahoo-069500.KS,2026-10-02,2026-10-03T13:36:11.039Z,Yahoo 제공 OHLC · 거래량은 공급자 원수량 · 분할·분배금 조정 및 수량 기준 일치 미확인,OHLCV 가격대 겹침 배분 추정치 · 실제 체결가격별 거래량 아님,180,0,104800.25,74474.5,117797
KR,etf,069500,,109132.5,117797,615508762.5992078,15.902440735032261,volume,주,3870530146,3870530146.0000005,주,KRW,ohlcv-overlap,true,visible,,,2026-01-08,2026-10-02,day,yahoo-069500.KS,2026-10-02,2026-10-03T13:36:11.039Z,Yahoo 제공 OHLC · 거래량은 공급자 원수량 · 분할·분배금 조정 및 수량 기준 일치 미확인,OHLCV 가격대 겹침 배분 추정치 · 실제 체결가격별 거래량 아님,180,0,104800.25,74474.5,117797
KR,etf,069500,,117797,126461.5,355079253.26976144,9.1739177806616,volume,주,3870530146,3870530146.0000005,주,KRW,ohlcv-overlap,true,visible,,,2026-01-08,2026-10-02,day,yahoo-069500.KS,2026-10-02,2026-10-03T13:36:11.039Z,Yahoo 제공 OHLC · 거래량은 공급자 원수량 · 분할·분배금 조정 및 수량 기준 일치 미확인,OHLCV 가격대 겹침 배분 추정치 · 실제 체결가격별 거래량 아님,180,0,104800.25,74474.5,117797
KR,etf,069500,,126461.5,135126,232331832.8528932,6.002584247870968,volume,주,3870530146,3870530146.0000005,주,KRW,ohlcv-overlap,true,visible,,,2026-01-08,2026-10-02,day,yahoo-069500.KS,2026-10-02,2026-10-03T13:36:11.039Z,Yahoo 제공 OHLC · 거래량은 공급자 원수량 · 분할·분배금 조정 및 수량 기준 일치 미확인,OHLCV 가격대 겹침 배분 추정치 · 실제 체결가격별 거래량 아님,180,0,104800.25,74474.5,117797
KR,etf,069500,,135126,143790.5,223633188.8490786,5.777843871858027,volume,주,3870530146,3870530146.0000005,주,KRW,ohlcv-overlap,true,visible,,,2026-01-08,2026-10-02,day,yahoo-069500.KS,2026-10-02,2026-10-03T13:36:11.039Z,Yahoo 제공 OHLC · 거래량은 공급자 원수량 · 분할·분배금 조정 및 수량 기준 일치 미확인,OHLCV 가격대 겹침 배분 추정치 · 실제 체결가격별 거래량 아님,180,0,104800.25,74474.5,117797
KR,etf,069500,,143790.5,152455,85762739.54393028,2.215787923330394,volume,주,3870530146,3870530146.0000005,주,KRW,ohlcv-overlap,true,visible,,,2026-01-08,2026-10-02,day,yahoo-069500.KS,2026-10-02,2026-10-03T13:36:11.039Z,Yahoo 제공 OHLC · 거래량은 공급자 원수량 · 분할·분배금 조정 및 수량 기준 일치 미확인,OHLCV 가격대 겹침 배분 추정치 · 실제 체결가격별 거래량 아님,180,0,104800.25,74474.5,117797

trustMode,cumulative
cumulativeStart,2024-10-02
kind,market,instrument,code,interval,currency,metric,date,value,unit,source,sourceField,asOf,dateBasis,fetchedAt,availableAt,final,derived,formula,denominator,buy,sell,capability,reason,partial,stale,requestedFrom,requestedTo,providedFrom,providedTo,trustMode,cumulativeStart
"status","KR","etf","069500","day","KRW","credit","","","%","한국투자증권 · 신용잔고 일별추이 [0476]","","","","2026-10-03T13:36:02.430Z","","","","","","","","not-configured","KIS_APP_KEY / KIS_APP_SECRET 인증 미설정 · 해당 종목 실응답 미검증","","false","2024-10-02","2026-10-02","","","cumulative","2024-10-02"
"aligned","KR","etf","069500","day","KRW","credit","2024-10-02","","%","한국투자증권 · 신용잔고 일별추이 [0476]","","","","2026-10-03T13:36:02.430Z","","","true","봉 기간의 마지막 유효 관측값","","","","not-configured","일부 거래일 누락","true","false","2024-10-02","2026-10-02","","","cumulative","2024-10-02"
"aligned","KR","etf","069500","day","KRW","credit","2024-10-04","","%","한국투자증권 · 신용잔고 일별추이 [0476]","","","","2026-10-03T13:36:02.430Z","","","true","봉 기간의 마지막 유효 관측값","","","","not-configured","일부 거래일 누락","true","false","2024-10-02","2026-10-02","","","cumulative","2024-10-02"
"aligned","KR","etf","069500","day","KRW","credit","2024-10-07","","%","한국투자증권 · 신용잔고 일별추이 [0476]","","","","2026-10-03T13:36:02.430Z","","","true","봉 기간의 마지막 유효 관측값","","","","not-configured","일부 거래일 누락","true","false","2024-10-02","2026-10-02","","","cumulative","2024-10-02"
"aligned","KR","etf","069500","day","KRW","credit","2024-10-08","","%","한국투자증권 · 신용잔고 일별추이 [0476]","","","","2026-10-03T13:36:02.430Z","","","true","봉 기간의 마지막 유효 관측값","","","","not-configured","일부 거래일 누락","true","false","2024-10-02","2026-10-02","","","cumulative","2024-10-02"
"aligned","KR","etf","069500","day","KRW","credit","2024-10-10","","%","한국투자증권 · 신용잔고 일별추이 [0476]","","","","2026-10-03T13:36:02.430Z","","","true","봉 기간의 마지막 유효 관측값","","","","not-configured","일부 거래일 누락","true","false","2024-10-02","2026-10-02","","","cumulative","2024-10-02"
"aligned","KR","etf","069500","day","KRW","credit","2024-10-11","","%","한국투자증권 · 신용잔고 일별추이 [0476]","","","","2026-10-03T13:36:02.430Z","","","true","봉 기간의 마지막 유효 관측값","","","","not-configured","일부 거래일 누락","true","false","2024-10-02","2026-10-02","","","cumulative","2024-10-02"
"aligned","KR","etf","069500","day","KRW","credit","2024-10-14","","%","한국투자증권 · 신용잔고 일별추이 [0476]","","","","2026-10-03T13:36:02.430Z","","","true","봉 기간의 마지막 유효 관측값","","","","not-configured","일부 거래일 누락","true","false","2024-10-02","2026-10-02","","","cumulative","2024-10-02"
"aligned","KR","etf","069500","day","KRW","credit","2024-10-15","","%","한국투자증권 · 신용잔고 일별추이 [0476]","","","","2026-10-03T13:36:02.430Z","","","true","봉 기간의 마지막 유효 관측값","","","","not-configured","일부 거래일 누락","true","false","2024-10-02","2026-10-02","","","cumulative","2024-10-02"
"aligned","KR","etf","069500","day","KRW","credit","2024-10-16","","%","한국투자증권 · 신용잔고 일별추이 [0476]","","","","2026-10-03T13:36:02.430Z","","","true","봉 기간의 마지막 유효 관측값","","","","not-configured","일부 거래일 누락","true","false","2024-10-02","2026-10-02","","","cumulative","2024-10-02"
"aligned","KR","etf","069500","day","KRW","credit","2024-10-17","","%","한국투자증권 · 신용잔고 일별추이 [0476]","","","","2026-10-03T13:36:02.430Z","","","true","봉 기간의 마지막 유효 관측값","","","","not-configured","일부 거래일 누락","true","false","2024-10-02","2026-10-02","","","cumulative","2024-10-02"
"aligned","KR","etf","069500","day","KRW","credit","2024-10-18","","%","한국투자증권 · 신용잔고 일별추이 [0476]","","","","2026-10-03T13:36:02.430Z","","","true","봉 기간의 마지막 유효 관측값","","","","not-configured","일부 거래일 누락","true","false","2024-10-02","2026-10-02","","","cumulative","2024-10-02"
"aligned","KR","etf","069500","day","KRW","credit","2024-10-21","","%","한국투자증권 · 신용잔고 일별추이 [0476]","","","","2026-10-03T13:36:02.430Z","","","true","봉 기간의 마지막 유효 관측값","","","","not-configured","일부 거래일 누락","true","false","2024-10-02","2026-10-02","","","cumulative","2024-10-02"
"aligned","KR","etf","069500","day","KRW","credit","2024-10-22","","%","한국투자증권 · 신용잔고 일별추이 [0476]","","","","2026-10-03T13:36:02.430Z","","","true","봉 기간의 마지막 유효 관측값","","","","not-configured","일부 거래일 누락","true","false","2024-10-02","2026-10-02","","","cumulative","2024-10-02"
"aligned","KR","etf","069500","day","KRW","credit","2024-10-23","","%","한국투자증권 · 신용잔고 일별추이 [0476]","","","","2026-10-03T13:36:02.430Z","","","true","봉 기간의 마지막 유효 관측값","","","","not-configured","일부 거래일 누락","true","false","2024-10-02","2026-10-02","","","cumulative","2024-10-02"
"aligned","KR","etf","069500","day","KRW","credit","2024-10-24","","%","한국투자증권 · 신용잔고 일별추이 [0476]","","","","2026-10-03T13:36:02.430Z","","","true","봉 기간의 마지막 유효 관측값","","","","not-configured","일부 거래일 누락","true","false","2024-10-02","2026-10-02","","","cumulative","2024-10-02"
"aligned","KR","etf","069500","day","KRW","credit","2024-10-25","","%","한국투자증권 · 신용잔고 일별추이 [0476]","","","","2026-10-03T13:36:02.430Z","","","true","봉 기간의 마지막 유효 관측값","","","","not-configured","일부 거래일 누락","true","false","2024-10-02","2026-10-02","","","cumulative","2024-10-02"
"aligned","KR","etf","069500","day","KRW","credit","2024-10-28","","%","한국투자증권 · 신용잔고 일별추이 [0476]","","","","2026-10-03T13:36:02.430Z","","","true","봉 기간의 마지막 유효 관측값","","","","not-configured","일부 거래일 누락","true","false","2024-10-02","2026-10-02","","","cumulative","2024-10-02"
"aligned","KR","etf","069500","day","KRW","credit","2024-10-29","","%","한국투자증권 · 신용잔고 일별추이 [0476]","","","","2026-10-03T13:36:02.430Z","","","true","봉 기간의 마지막 유효 관측값","","","","not-configured","일부 거래일 누락","true","false","2024-10-02","2026-10-02","","","cumulative","2024-10-02"
"aligned","KR","etf","069500","day","KRW","credit","2024-10-31","","%","한국투자증권 · 신용잔고 일별추이 [0476]","","","","2026-10-03T13:36:02.430Z","","","true","봉 기간의 마지막 유효 관측값","","","","not-configured","일부 거래일 누락","true","false","2024-10-02","2026-10-02","","","cumulative","2024-10-02"
"aligned","KR","etf","069500","day","KRW","credit","2024-11-01","","%","한국투자증권 · 신용잔고 일별추이 [0476]","","","","2026-10-03T13:36:02.430Z","","","true","봉 기간의 마지막 유효 관측값","","","","not-configured","일부 거래일 누락","true","false","2024-10-02","2026-10-02","","","cumulative","2024-10-02"
"aligned","KR","etf","069500","day","KRW","credit","2024-11-04","","%","한국투자증권 · 신용잔고 일별추이 [0476]","","","","2026-10-03T13:36:02.430Z","","","true","봉 기간의 마지막 유효 관측값","","","","not-configured","일부 거래일 누락","true","false","2024-10-02","2026-10-02","","","cumulative","2024-10-02"
"aligned","KR","etf","069500","day","KRW","credit","2024-11-06","","%","한국투자증권 · 신용잔고 일별추이 [0476]","","","","2026-10-03T13:36:02.430Z","","","true","봉 기간의 마지막 유효 관측값","","","","not-configured","일부 거래일 누락","true","false","2024-10-02","2026-10-02","","","cumulative","2024-10-02"
"aligned","KR","etf","069500","day","KRW","credit","2024-11-07","","%","한국투자증권 · 신용잔고 일별추이 [0476]","","","","2026-10-03T13:36:02.430Z","","","true","봉 기간의 마지막 유효 관측값","","","","not-configured","일부 거래일 누락","true","false","2024-10-02","2026-10-02","","","cumulative","2024-10-02"
"aligned","KR","etf","069500","day","KRW","credit","2024-11-08","","%","한국투자증권 · 신용잔고 일별추이 [0476]","","","","2026-10-03T13:36:02.430Z","","","true","봉 기간의 마지막 유효 관측값","","","","not-configured","일부 거래일 누락","true","false","2024-10-02","2026-10-02","","","cumulative","2024-10-02"
"aligned","KR","etf","069500","day","KRW","credit","2024-11-11","","%","한국투자증권 · 신용잔고 일별추이 [0476]","","","","2026-10-03T13:36:02.430Z","","","true","봉 기간의 마지막 유효 관측값","","","","not-configured","일부 거래일 누락","true","false","2024-10-02","2026-10-02","","","cumulative","2024-10-02"
"aligned","KR","etf","069500","day","KRW","credit","2024-11-12","","%","한국투자증권 · 신용잔고 일별추이 [0476]","","","","2026-10-03T13:36:02.430Z","","","true","봉 기간의 마지막 유효 관측값","","","","not-configured","일부 거래일 누락","true","false","2024-10-02","2026-10-02","","","cumulative","2024-10-02"
"aligned","KR","etf","069500","day","KRW","credit","2024-11-13","","%","한국투자증권 · 신용잔고 일별추이 [0476]","","","","2026-10-03T13:36:02.430Z","","","true","봉 기간의 마지막 유효 관측값","","","","not-configured","일부 거래일 누락","true","false","2024-10-02","2026-10-02","","","cumulative","2024-10-02"
"aligned","KR","etf","069500","day","KRW","credit","2024-11-14","","%","한국투자증권 · 신용잔고 일별추이 [0476]","","","","2026-10-03T13:36:02.430Z","","","true","봉 기간의 마지막 유효 관측값","","","","not-configured","일부 거래일 누락","true","false","2024-10-02","2026-10-02","","","cumulative","2024-10-02"
"aligned","KR","etf","069500","day","KRW","credit","2024-11-15","","%","한국투자증권 · 신용잔고 일별추이 [0476]","","","","2026-10-03T13:36:02.430Z","","","true","봉 기간의 마지막 유효 관측값","","","","not-configured","일부 거래일 누락","true","false","2024-10-02","2026-10-02","","","cumulative","2024-10-02"
"aligned","KR","etf","069500","day","KRW","credit","2024-11-18","","%","한국투자증권 · 신용잔고 일별추이 [0476]","","","","2026-10-03T13:36:02.430Z","","","true","봉 기간의 마지막 유효 관측값","","","","not-configured","일부 거래일 누락","true","false","2024-10-02","2026-10-02","","","cumulative","2024-10-02"
"aligned","KR","etf","069500","day","KRW","credit","2024-11-19","","%","한국투자증권 · 신용잔고 일별추이 [0476]","","","","2026-10-03T13:36:02.430Z","","","true","봉 기간의 마지막 유효 관측값","","","","not-configured","일부 거래일 누락","true","false","2024-10-02","2026-10-02","","","cumulative","2024-10-02"
"aligned","KR","etf","069500","day","KRW","credit","2024-11-20","","%","한국투자증권 · 신용잔고 일별추이 [0476]","","","","2026-10-03T13:36:02.430Z","","","true","봉 기간의 마지막 유효 관측값","","","","not-configured","일부 거래일 누락","true","false","2024-10-02","2026-10-02","","","cumulative","2024-10-02"
"aligned","KR","etf","069500","day","KRW","credit","2024-11-21","","%","한국투자증권 · 신용잔고 일별추이 [0476]","","","","2026-10-03T13:36:02.430Z","","","true","봉 기간의 마지막 유효 관측값","","","","not-configured","일부 거래일 누락","true","false","2024-10-02","2026-10-02","","","cumulative","2024-10-02"
"aligned","KR","etf","069500","day","KRW","credit","2024-11-22","","%","한국투자증권 · 신용잔고 일별추이 [0476]","","","","2026-10-03T13:36:02.430Z","","","true","봉 기간의 마지막 유효 관측값","","","","not-configured","일부 거래일 누락","true","false","2024-10-02","2026-10-02","","","cumulative","2024-10-02"
"aligned","KR","etf","069500","day","KRW","credit","2024-11-25","","%","한국투자증권 · 신용잔고 일별추이 [0476]","","","","2026-10-03T13:36:02.430Z","","","true","봉 기간의 마지막 유효 관측값","","","","not-configured","일부 거래일 누락","true","false","2024-10-02","2026-10-02","","","cumulative","2024-10-02"
"aligned","KR","etf","069500","day","KRW","credit","2024-11-26","","%","한국투자증권 · 신용잔고 일별추이 [0476]","","","","2026-10-03T13:36:02.430Z","","","true","봉 기간의 마지막 유효 관측값","","","","not-configured","일부 거래일 누락","true","false","2024-10-02","2026-10-02","","","cumulative","2024-10-02"
"aligned","KR","etf","069500","day","KRW","credit","2024-11-27","","%","한국투자증권 · 신용잔고 일별추이 [0476]","","","","2026-10-03T13:36:02.430Z","","","true","봉 기간의 마지막 유효 관측값","","","","not-configured","일부 거래일 누락","true","false","2024-10-02","2026-10-02","","","cumulative","2024-10-02"
"aligned","KR","etf","069500","day","KRW","credit","2024-11-28","","%","한국투자증권 · 신용잔고 일별추이 [0476]","","","","2026-10-03T13:36:02.430Z","","","true","봉 기간의 마지막 유효 관측값","","","","not-configured","일부 거래일 누락","true","false","2024-10-02","2026-10-02","","","cumulative","2024-10-02"
"aligned","KR","etf","069500","day","KRW","credit","2024-11-29","","%","한국투자증권 · 신용잔고 일별추이 [0476]","","","","2026-10-03T13:36:02.430Z","","","true","봉 기간의 마지막 유효 관측값","","","","not-configured","일부 거래일 누락","true","false","2024-10-02","2026-10-02","","","cumulative","2024-10-02"
"aligned","KR","etf","069500","day","KRW","credit","2024-12-02","","%","한국투자증권 · 신용잔고 일별추이 [0476]","","","","2026-10-03T13:36:02.430Z","","","true","봉 기간의 마지막 유효 관측값","","","","not-configured","일부 거래일 누락","true","false","2024-10-02","2026-10-02","","","cumulative","2024-10-02"
"aligned","KR","etf","069500","day","KRW","credit","2024-12-03","","%","한국투자증권 · 신용잔고 일별추이 [0476]","","","","2026-10-03T13:36:02.430Z","","","true","봉 기간의 마지막 유효 관측값","","","","not-configured","일부 거래일 누락","true","false","2024-10-02","2026-10-02","","","cumulative","2024-10-02"
"aligned","KR","etf","069500","day","KRW","credit","2024-12-04","","%","한국투자증권 · 신용잔고 일별추이 [0476]","","","","2026-10-03T13:36:02.430Z","","","true","봉 기간의 마지막 유효 관측값","","","","not-configured","일부 거래일 누락","true","false","2024-10-02","2026-10-02","","","cumulative","2024-10-02"
"aligned","KR","etf","069500","day","KRW","credit","2024-12-05","","%","한국투자증권 · 신용잔고 일별추이 [0476]","","","","2026-10-03T13:36:02.430Z","","","true","봉 기간의 마지막 유효 관측값","","","","not-configured","일부 거래일 누락","true","false","2024-10-02","2026-10-02","","","cumulative","2024-10-02"
"aligned","KR","etf","069500","day","KRW","credit","2024-12-06","","%","한국투자증권 · 신용잔고 일별추이 [0476]","","","","2026-10-03T13:36:02.430Z","","","true","봉 기간의 마지막 유효 관측값","","","","not-configured","일부 거래일 누락","true","false","2024-10-02","2026-10-02","","","cumulative","2024-10-02"
"aligned","KR","etf","069500","day","KRW","credit","2024-12-09","","%","한국투자증권 · 신용잔고 일별추이 [0476]","","","","2026-10-03T13:36:02.430Z","","","true","봉 기간의 마지막 유효 관측값","","","","not-configured","일부 거래일 누락","true","false","2024-10-02","2026-10-02","","","cumulative","2024-10-02"
"aligned","KR","etf","069500","day","KRW","credit","2024-12-10","","%","한국투자증권 · 신용잔고 일별추이 [0476]","","","","2026-10-03T13:36:02.430Z","","","true","봉 기간의 마지막 유효 관측값","","","","not-configured","일부 거래일 누락","true","false","2024-10-02","2026-10-02","","","cumulative","2024-10-02"
"aligned","KR","etf","069500","day","KRW","credit","2024-12-11","","%","한국투자증권 · 신용잔고 일별추이 [0476]","","","","2026-10-03T13:36:02.430Z","","","true","봉 기간의 마지막 유효 관측값","","","","not-configured","일부 거래일 누락","true","false","2024-10-02","2026-10-02","","","cumulative","2024-10-02"
"aligned","KR","etf","069500","day","KRW","credit","2024-12-12","","%","한국투자증권 · 신용잔고 일별추이 [0476]","","","","2026-10-03T13:36:02.430Z","","","true","봉 기간의 마지막 유효 관측값","","","","not-configured","일부 거래일 누락","true","false","2024-10-02","2026-10-02","","","cumulative","2024-10-02"
"aligned","KR","etf","069500","day","KRW","credit","2024-12-13","","%","한국투자증권 · 신용잔고 일별추이 [0476]","","","","2026-10-03T13:36:02.430Z","","","true","봉 기간의 마지막 유효 관측값","","","","not-configured","일부 거래일 누락","true","false","2024-10-02","2026-10-02","","","cumulative","2024-10-02"
"aligned","KR","etf","069500","day","KRW","credit","2024-12-16","","%","한국투자증권 · 신용잔고 일별추이 [0476]","","","","2026-10-03T13:36:02.430Z","","","true","봉 기간의 마지막 유효 관측값","","","","not-configured","일부 거래일 누락","true","false","2024-10-02","2026-10-02","","","cumulative","2024-10-02"
"aligned","KR","etf","069500","day","KRW","credit","2024-12-17","","%","한국투자증권 · 신용잔고 일별추이 [0476]","","","","2026-10-03T13:36:02.430Z","","","true","봉 기간의 마지막 유효 관측값","","","","not-configured","일부 거래일 누락","true","false","2024-10-02","2026-10-02","","","cumulative","2024-10-02"
"aligned","KR","etf","069500","day","KRW","credit","2024-12-18","","%","한국투자증권 · 신용잔고 일별추이 [0476]","","","","2026-10-03T13:36:02.430Z","","","true","봉 기간의 마지막 유효 관측값","","","","not-configured","일부 거래일 누락","true","false","2024-10-02","2026-10-02","","","cumulative","2024-10-02"
"aligned","KR","etf","069500","day","KRW","credit","2024-12-19","","%","한국투자증권 · 신용잔고 일별추이 [0476]","","","","2026-10-03T13:36:02.430Z","","","true","봉 기간의 마지막 유효 관측값","","","","not-configured","일부 거래일 누락","true","false","2024-10-02","2026-10-02","","","cumulative","2024-10-02"
"aligned","KR","etf","069500","day","KRW","credit","2024-12-20","","%","한국투자증권 · 신용잔고 일별추이 [0476]","","","","2026-10-03T13:36:02.430Z","","","true","봉 기간의 마지막 유효 관측값","","","","not-configured","일부 거래일 누락","true","false","2024-10-02","2026-10-02","","","cumulative","2024-10-02"
"aligned","KR","etf","069500","day","KRW","credit","2024-12-23","","%","한국투자증권 · 신용잔고 일별추이 [0476]","","","","2026-10-03T13:36:02.430Z","","","true","봉 기간의 마지막 유효 관측값","","","","not-configured","일부 거래일 누락","true","false","2024-10-02","2026-10-02","","","cumulative","2024-10-02"
"aligned","KR","etf","069500","day","KRW","credit","2024-12-24","","%","한국투자증권 · 신용잔고 일별추이 [0476]","","","","2026-10-03T13:36:02.430Z","","","true","봉 기간의 마지막 유효 관측값","","","","not-configured","일부 거래일 누락","true","false","2024-10-02","2026-10-02","","","cumulative","2024-10-02"
"aligned","KR","etf","069500","day","KRW","credit","2024-12-26","","%","한국투자증권 · 신용잔고 일별추이 [0476]","","","","2026-10-03T13:36:02.430Z","","","true","봉 기간의 마지막 유효 관측값","","","","not-configured","일부 거래일 누락","true","false","2024-10-02","2026-10-02","","","cumulative","2024-10-02"
"aligned","KR","etf","069500","day","KRW","credit","2024-12-27","","%","한국투자증권 · 신용잔고 일별추이 [0476]","","","","2026-10-03T13:36:02.430Z","","","true","봉 기간의 마지막 유효 관측값","","","","not-configured","일부 거래일 누락","true","false","2024-10-02","2026-10-02","","","cumulative","2024-10-02"
"aligned","KR","etf","069500","day","KRW","credit","2024-12-30","","%","한국투자증권 · 신용잔고 일별추이 [0476]","","","","2026-10-03T13:36:02.430Z","","","true","봉 기간의 마지막 유효 관측값","","","","not-configured","일부 거래일 누락","true","false","2024-10-02","2026-10-02","","","cumulative","2024-10-02"
"aligned","KR","etf","069500","day","KRW","credit","2025-01-02","","%","한국투자증권 · 신용잔고 일별추이 [0476]","","","","2026-10-03T13:36:02.430Z","","","true","봉 기간의 마지막 유효 관측값","","","","not-configured","일부 거래일 누락","true","false","2024-10-02","2026-10-02","","","cumulative","2024-10-02"
"aligned","KR","etf","069500","day","KRW","credit","2025-01-03","","%","한국투자증권 · 신용잔고 일별추이 [0476]","","","","2026-10-03T13:36:02.430Z","","","true","봉 기간의 마지막 유효 관측값","","","","not-configured","일부 거래일 누락","true","false","2024-10-02","2026-10-02","","","cumulative","2024-10-02"
"aligned","KR","etf","069500","day","KRW","credit","2025-01-06","","%","한국투자증권 · 신용잔고 일별추이 [0476]","","","","2026-10-03T13:36:02.430Z","","","true","봉 기간의 마지막 유효 관측값","","","","not-configured","일부 거래일 누락","true","false","2024-10-02","2026-10-02","","","cumulative","2024-10-02"
"aligned","KR","etf","069500","day","KRW","credit","2025-01-07","","%","한국투자증권 · 신용잔고 일별추이 [0476]","","","","2026-10-03T13:36:02.430Z","","","true","봉 기간의 마지막 유효 관측값","","","","not-configured","일부 거래일 누락","true","false","2024-10-02","2026-10-02","","","cumulative","2024-10-02"
"aligned","KR","etf","069500","day","KRW","credit","2025-01-08","","%","한국투자증권 · 신용잔고 일별추이 [0476]","","","","2026-10-03T13:36:02.430Z","","","true","봉 기간의 마지막 유효 관측값","","","","not-configured","일부 거래일 누락","true","false","2024-10-02","2026-10-02","","","cumulative","2024-10-02"
"aligned","KR","etf","069500","day","KRW","credit","2025-01-09","","%","한국투자증권 · 신용잔고 일별추이 [0476]","","","","2026-10-03T13:36:02.430Z","","","true","봉 기간의 마지막 유효 관측값","","","","not-configured","일부 거래일 누락","true","false","2024-10-02","2026-10-02","","","cumulative","2024-10-02"
"aligned","KR","etf","069500","day","KRW","credit","2025-01-10","","%","한국투자증권 · 신용잔고 일별추이 [0476]","","","","2026-10-03T13:36:02.430Z","","","true","봉 기간의 마지막 유효 관측값","","","","not-configured","일부 거래일 누락","true","false","2024-10-02","2026-10-02","","","cumulative","2024-10-02"
"aligned","KR","etf","069500","day","KRW","credit","2025-01-13","","%","한국투자증권 · 신용잔고 일별추이 [0476]","","","","2026-10-03T13:36:02.430Z","","","true","봉 기간의 마지막 유효 관측값","","","","not-configured","일부 거래일 누락","true","false","2024-10-02","2026-10-02","","","cumulative","2024-10-02"
"aligned","KR","etf","069500","day","KRW","credit","2025-01-14","","%","한국투자증권 · 신용잔고 일별추이 [0476]","","","","2026-10-03T13:36:02.430Z","","","true","봉 기간의 마지막 유효 관측값","","","","not-configured","일부 거래일 누락","true","false","2024-10-02","2026-10-02","","","cumulative","2024-10-02"
"aligned","KR","etf","069500","day","KRW","credit","2025-01-15","","%","한국투자증권 · 신용잔고 일별추이 [0476]","","","","2026-10-03T13:36:02.430Z","","","true","봉 기간의 마지막 유효 관측값","","","","not-configured","일부 거래일 누락","true","false","2024-10-02","2026-10-02","","","cumulative","2024-10-02"
"aligned","KR","etf","069500","day","KRW","credit","2025-01-16","","%","한국투자증권 · 신용잔고 일별추이 [0476]","","","","2026-10-03T13:36:02.430Z","","","true","봉 기간의 마지막 유효 관측값","","","","not-configured","일부 거래일 누락","true","false","2024-10-02","2026-10-02","","","cumulative","2024-10-02"
"aligned","KR","etf","069500","day","KRW","credit","2025-01-17","","%","한국투자증권 · 신용잔고 일별추이 [0476]","","","","2026-10-03T13:36:02.430Z","","","true","봉 기간의 마지막 유효 관측값","","","","not-configured","일부 거래일 누락","true","false","2024-10-02","2026-10-02","","","cumulative","2024-10-02"
"aligned","KR","etf","069500","day","KRW","credit","2025-01-20","","%","한국투자증권 · 신용잔고 일별추이 [0476]","","","","2026-10-03T13:36:02.430Z","","","true","봉 기간의 마지막 유효 관측값","","","","not-configured","일부 거래일 누락","true","false","2024-10-02","2026-10-02","","","cumulative","2024-10-02"
"aligned","KR","etf","069500","day","KRW","credit","2025-01-21","","%","한국투자증권 · 신용잔고 일별추이 [0476]","","","","2026-10-03T13:36:02.430Z","","","true","봉 기간의 마지막 유효 관측값","","","","not-configured","일부 거래일 누락","true","false","2024-10-02","2026-10-02","","","cumulative","2024-10-02"
"aligned","KR","etf","069500","day","KRW","credit","2025-01-22","","%","한국투자증권 · 신용잔고 일별추이 [0476]","","","","2026-10-03T13:36:02.430Z","","","true","봉 기간의 마지막 유효 관측값","","","","not-configured","일부 거래일 누락","true","false","2024-10-02","2026-10-02","","","cumulative","2024-10-02"
"aligned","KR","etf","069500","day","KRW","credit","2025-01-23","","%","한국투자증권 · 신용잔고 일별추이 [0476]","","","","2026-10-03T13:36:02.430Z","","","true","봉 기간의 마지막 유효 관측값","","","","not-configured","일부 거래일 누락","true","false","2024-10-02","2026-10-02","","","cumulative","2024-10-02"
"aligned","KR","etf","069500","day","KRW","credit","2025-01-24","","%","한국투자증권 · 신용잔고 일별추이 [0476]","","","","2026-10-03T13:36:02.430Z","","","true","봉 기간의 마지막 유효 관측값","","","","not-configured","일부 거래일 누락","true","false","2024-10-02","2026-10-02","","","cumulative","2024-10-02"
"aligned","KR","etf","069500","day","KRW","credit","2025-01-31","","%","한국투자증권 · 신용잔고 일별추이 [0476]","","","","2026-10-03T13:36:02.430Z","","","true","봉 기간의 마지막 유효 관측값","","","","not-configured","일부 거래일 누락","true","false","2024-10-02","2026-10-02","","","cumulative","2024-10-02"
"aligned","KR","etf","069500","day","KRW","credit","2025-02-03","","%","한국투자증권 · 신용잔고 일별추이 [0476]","","","","2026-10-03T13:36:02.430Z","","","true","봉 기간의 마지막 유효 관측값","","","","not-configured","일부 거래일 누락","true","false","2024-10-02","2026-10-02","","","cumulative","2024-10-02"
"aligned","KR","etf","069500","day","KRW","credit","2025-02-04","","%","한국투자증권 · 신용잔고 일별추이 [0476]","","","","2026-10-03T13:36:02.430Z","","","true","봉 기간의 마지막 유효 관측값","","","","not-configured","일부 거래일 누락","true","false","2024-10-02","2026-10-02","","","cumulative","2024-10-02"
"aligned","KR","etf","069500","day","KRW","credit","2025-02-05","","%","한국투자증권 · 신용잔고 일별추이 [0476]","","","","2026-10-03T13:36:02.430Z","","","true","봉 기간의 마지막 유효 관측값","","","","not-configured","일부 거래일 누락","true","false","2024-10-02","2026-10-02","","","cumulative","2024-10-02"
"aligned","KR","etf","069500","day","KRW","credit","2025-02-06","","%","한국투자증권 · 신용잔고 일별추이 [0476]","","","","2026-10-03T13:36:02.430Z","","","true","봉 기간의 마지막 유효 관측값","","","","not-configured","일부 거래일 누락","true","false","2024-10-02","2026-10-02","","","cumulative","2024-10-02"
"aligned","KR","etf","069500","day","KRW","credit","2025-02-07","","%","한국투자증권 · 신용잔고 일별추이 [0476]","","","","2026-10-03T13:36:02.430Z","","","true","봉 기간의 마지막 유효 관측값","","","","not-configured","일부 거래일 누락","true","false","2024-10-02","2026-10-02","","","cumulative","2024-10-02"
"aligned","KR","etf","069500","day","KRW","credit","2025-02-10","","%","한국투자증권 · 신용잔고 일별추이 [0476]","","","","2026-10-03T13:36:02.430Z","","","true","봉 기간의 마지막 유효 관측값","","","","not-configured","일부 거래일 누락","true","false","2024-10-02","2026-10-02","","","cumulative","2024-10-02"
"aligned","KR","etf","069500","day","KRW","credit","2025-02-11","","%","한국투자증권 · 신용잔고 일별추이 [0476]","","","","2026-10-03T13:36:02.430Z","","","true","봉 기간의 마지막 유효 관측값","","","","not-configured","일부 거래일 누락","true","false","2024-10-02","2026-10-02","","","cumulative","2024-10-02"
"aligned","KR","etf","069500","day","KRW","credit","2025-02-12","","%","한국투자증권 · 신용잔고 일별추이 [0476]","","","","2026-10-03T13:36:02.430Z","","","true","봉 기간의 마지막 유효 관측값","","","","not-configured","일부 거래일 누락","true","false","2024-10-02","2026-10-02","","","cumulative","2024-10-02"
"aligned","KR","etf","069500","day","KRW","credit","2025-02-13","","%","한국투자증권 · 신용잔고 일별추이 [0476]","","","","2026-10-03T13:36:02.430Z","","","true","봉 기간의 마지막 유효 관측값","","","","not-configured","일부 거래일 누락","true","false","2024-10-02","2026-10-02","","","cumulative","2024-10-02"
"aligned","KR","etf","069500","day","KRW","credit","2025-02-14","","%","한국투자증권 · 신용잔고 일별추이 [0476]","","","","2026-10-03T13:36:02.430Z","","","true","봉 기간의 마지막 유효 관측값","","","","not-configured","일부 거래일 누락","true","false","2024-10-02","2026-10-02","","","cumulative","2024-10-02"
"aligned","KR","etf","069500","day","KRW","credit","2025-02-17","","%","한국투자증권 · 신용잔고 일별추이 [0476]","","","","2026-10-03T13:36:02.430Z","","","true","봉 기간의 마지막 유효 관측값","","","","not-configured","일부 거래일 누락","true","false","2024-10-02","2026-10-02","","","cumulative","2024-10-02"
"aligned","KR","etf","069500","day","KRW","credit","2025-02-18","","%","한국투자증권 · 신용잔고 일별추이 [0476]","","","","2026-10-03T13:36:02.430Z","","","true","봉 기간의 마지막 유효 관측값","","","","not-configured","일부 거래일 누락","true","false","2024-10-02","2026-10-02","","","cumulative","2024-10-02"
"aligned","KR","etf","069500","day","KRW","credit","2025-02-19","","%","한국투자증권 · 신용잔고 일별추이 [0476]","","","","2026-10-03T13:36:02.430Z","","","true","봉 기간의 마지막 유효 관측값","","","","not-configured","일부 거래일 누락","true","false","2024-10-02","2026-10-02","","","cumulative","2024-10-02"
"aligned","KR","etf","069500","day","KRW","credit","2025-02-20","","%","한국투자증권 · 신용잔고 일별추이 [0476]","","","","2026-10-03T13:36:02.430Z","","","true","봉 기간의 마지막 유효 관측값","","","","not-configured","일부 거래일 누락","true","false","2024-10-02","2026-10-02","","","cumulative","2024-10-02"
"aligned","KR","etf","069500","day","KRW","credit","2025-02-21","","%","한국투자증권 · 신용잔고 일별추이 [0476]","","","","2026-10-03T13:36:02.430Z","","","true","봉 기간의 마지막 유효 관측값","","","","not-configured","일부 거래일 누락","true","false","2024-10-02","2026-10-02","","","cumulative","2024-10-02"
"aligned","KR","etf","069500","day","KRW","credit","2025-02-24","","%","한국투자증권 · 신용잔고 일별추이 [0476]","","","","2026-10-03T13:36:02.430Z","","","true","봉 기간의 마지막 유효 관측값","","","","not-configured","일부 거래일 누락","true","false","2024-10-02","2026-10-02","","","cumulative","2024-10-02"
"aligned","KR","etf","069500","day","KRW","credit","2025-02-25","","%","한국투자증권 · 신용잔고 일별추이 [0476]","","","","2026-10-03T13:36:02.430Z","","","true","봉 기간의 마지막 유효 관측값","","","","not-configured","일부 거래일 누락","true","false","2024-10-02","2026-10-02","","","cumulative","2024-10-02"
"aligned","KR","etf","069500","day","KRW","credit","2025-02-26","","%","한국투자증권 · 신용잔고 일별추이 [0476]","","","","2026-10-03T13:36:02.430Z","","","true","봉 기간의 마지막 유효 관측값","","","","not-configured","일부 거래일 누락","true","false","2024-10-02","2026-10-02","","","cumulative","2024-10-02"
"aligned","KR","etf","069500","day","KRW","credit","2025-02-27","","%","한국투자증권 · 신용잔고 일별추이 [0476]","","","","2026-10-03T13:36:02.430Z","","","true","봉 기간의 마지막 유효 관측값","","","","not-configured","일부 거래일 누락","true","false","2024-10-02","2026-10-02","","","cumulative","2024-10-02"
"aligned","KR","etf","069500","day","KRW","credit","2025-02-28","","%","한국투자증권 · 신용잔고 일별추이 [0476]","","","","2026-10-03T13:36:02.430Z","","","true","봉 기간의 마지막 유효 관측값","","","","not-configured","일부 거래일 누락","true","false","2024-10-02","2026-10-02","","","cumulative","2024-10-02"
"aligned","KR","etf","069500","day","KRW","credit","2025-03-04","","%","한국투자증권 · 신용잔고 일별추이 [0476]","","","","2026-10-03T13:36:02.430Z","","","true","봉 기간의 마지막 유효 관측값","","","","not-configured","일부 거래일 누락","true","false","2024-10-02","2026-10-02","","","cumulative","2024-10-02"
"aligned","KR","etf","069500","day","KRW","credit","2025-03-05","","%","한국투자증권 · 신용잔고 일별추이 [0476]","","","","2026-10-03T13:36:02.430Z","","","true","봉 기간의 마지막 유효 관측값","","","","not-configured","일부 거래일 누락","true","false","2024-10-02","2026-10-02","","","cumulative","2024-10-02"
"aligned","KR","etf","069500","day","KRW","credit","2025-03-06","","%","한국투자증권 · 신용잔고 일별추이 [0476]","","","","2026-10-03T13:36:02.430Z","","","true","봉 기간의 마지막 유효 관측값","","","","not-configured","일부 거래일 누락","true","false","2024-10-02","2026-10-02","","","cumulative","2024-10-02"
"aligned","KR","etf","069500","day","KRW","credit","2025-03-07","","%","한국투자증권 · 신용잔고 일별추이 [0476]","","","","2026-10-03T13:36:02.430Z","","","true","봉 기간의 마지막 유효 관측값","","","","not-configured","일부 거래일 누락","true","false","2024-10-02","2026-10-02","","","cumulative","2024-10-02"
"aligned","KR","etf","069500","day","KRW","credit","2025-03-10","","%","한국투자증권 · 신용잔고 일별추이 [0476]","","","","2026-10-03T13:36:02.430Z","","","true","봉 기간의 마지막 유효 관측값","","","","not-configured","일부 거래일 누락","true","false","2024-10-02","2026-10-02","","","cumulative","2024-10-02"
"aligned","KR","etf","069500","day","KRW","credit","2025-03-11","","%","한국투자증권 · 신용잔고 일별추이 [0476]","","","","2026-10-03T13:36:02.430Z","","","true","봉 기간의 마지막 유효 관측값","","","","not-configured","일부 거래일 누락","true","false","2024-10-02","2026-10-02","","","cumulative","2024-10-02"
"aligned","KR","etf","069500","day","KRW","credit","2025-03-12","","%","한국투자증권 · 신용잔고 일별추이 [0476]","","","","2026-10-03T13:36:02.430Z","","","true","봉 기간의 마지막 유효 관측값","","","","not-configured","일부 거래일 누락","true","false","2024-10-02","2026-10-02","","","cumulative","2024-10-02"
"aligned","KR","etf","069500","day","KRW","credit","2025-03-13","","%","한국투자증권 · 신용잔고 일별추이 [0476]","","","","2026-10-03T13:36:02.430Z","","","true","봉 기간의 마지막 유효 관측값","","","","not-configured","일부 거래일 누락","true","false","2024-10-02","2026-10-02","","","cumulative","2024-10-02"
"aligned","KR","etf","069500","day","KRW","credit","2025-03-14","","%","한국투자증권 · 신용잔고 일별추이 [0476]","","","","2026-10-03T13:36:02.430Z","","","true","봉 기간의 마지막 유효 관측값","","","","not-configured","일부 거래일 누락","true","false","2024-10-02","2026-10-02","","","cumulative","2024-10-02"
"aligned","KR","etf","069500","day","KRW","credit","2025-03-17","","%","한국투자증권 · 신용잔고 일별추이 [0476]","","","","2026-10-03T13:36:02.430Z","","","true","봉 기간의 마지막 유효 관측값","","","","not-configured","일부 거래일 누락","true","false","2024-10-02","2026-10-02","","","cumulative","2024-10-02"
"aligned","KR","etf","069500","day","KRW","credit","2025-03-18","","%","한국투자증권 · 신용잔고 일별추이 [0476]","","","","2026-10-03T13:36:02.430Z","","","true","봉 기간의 마지막 유효 관측값","","","","not-configured","일부 거래일 누락","true","false","2024-10-02","2026-10-02","","","cumulative","2024-10-02"
"aligned","KR","etf","069500","day","KRW","credit","2025-03-19","","%","한국투자증권 · 신용잔고 일별추이 [0476]","","","","2026-10-03T13:36:02.430Z","","","true","봉 기간의 마지막 유효 관측값","","","","not-configured","일부 거래일 누락","true","false","2024-10-02","2026-10-02","","","cumulative","2024-10-02"
"aligned","KR","etf","069500","day","KRW","credit","2025-03-20","","%","한국투자증권 · 신용잔고 일별추이 [0476]","","","","2026-10-03T13:36:02.430Z","","","true","봉 기간의 마지막 유효 관측값","","","","not-configured","일부 거래일 누락","true","false","2024-10-02","2026-10-02","","","cumulative","2024-10-02"
"aligned","KR","etf","069500","day","KRW","credit","2025-03-21","","%","한국투자증권 · 신용잔고 일별추이 [0476]","","","","2026-10-03T13:36:02.430Z","","","true","봉 기간의 마지막 유효 관측값","","","","not-configured","일부 거래일 누락","true","false","2024-10-02","2026-10-02","","","cumulative","2024-10-02"
"aligned","KR","etf","069500","day","KRW","credit","2025-03-24","","%","한국투자증권 · 신용잔고 일별추이 [0476]","","","","2026-10-03T13:36:02.430Z","","","true","봉 기간의 마지막 유효 관측값","","","","not-configured","일부 거래일 누락","true","false","2024-10-02","2026-10-02","","","cumulative","2024-10-02"
"aligned","KR","etf","069500","day","KRW","credit","2025-03-25","","%","한국투자증권 · 신용잔고 일별추이 [0476]","","","","2026-10-03T13:36:02.430Z","","","true","봉 기간의 마지막 유효 관측값","","","","not-configured","일부 거래일 누락","true","false","2024-10-02","2026-10-02","","","cumulative","2024-10-02"
"aligned","KR","etf","069500","day","KRW","credit","2025-03-26","","%","한국투자증권 · 신용잔고 일별추이 [0476]","","","","2026-10-03T13:36:02.430Z","","","true","봉 기간의 마지막 유효 관측값","","","","not-configured","일부 거래일 누락","true","false","2024-10-02","2026-10-02","","","cumulative","2024-10-02"
"aligned","KR","etf","069500","day","KRW","credit","2025-03-27","","%","한국투자증권 · 신용잔고 일별추이 [0476]","","","","2026-10-03T13:36:02.430Z","","","true","봉 기간의 마지막 유효 관측값","","","","not-configured","일부 거래일 누락","true","false","2024-10-02","2026-10-02","","","cumulative","2024-10-02"
"aligned","KR","etf","069500","day","KRW","credit","2025-03-28","","%","한국투자증권 · 신용잔고 일별추이 [0476]","","","","2026-10-03T13:36:02.430Z","","","true","봉 기간의 마지막 유효 관측값","","","","not-configured","일부 거래일 누락","true","false","2024-10-02","2026-10-02","","","cumulative","2024-10-02"
"aligned","KR","etf","069500","day","KRW","credit","2025-03-31","","%","한국투자증권 · 신용잔고 일별추이 [0476]","","","","2026-10-03T13:36:02.430Z","","","true","봉 기간의 마지막 유효 관측값","","","","not-configured","일부 거래일 누락","true","false","2024-10-02","2026-10-02","","","cumulative","2024-10-02"
"aligned","KR","etf","069500","day","KRW","credit","2025-04-01","","%","한국투자증권 · 신용잔고 일별추이 [0476]","","","","2026-10-03T13:36:02.430Z","","","true","봉 기간의 마지막 유효 관측값","","","","not-configured","일부 거래일 누락","true","false","2024-10-02","2026-10-02","","","cumulative","2024-10-02"
"aligned","KR","etf","069500","day","KRW","credit","2025-04-02","","%","한국투자증권 · 신용잔고 일별추이 [0476]","","","","2026-10-03T13:36:02.430Z","","","true","봉 기간의 마지막 유효 관측값","","","","not-configured","일부 거래일 누락","true","false","2024-10-02","2026-10-02","","","cumulative","2024-10-02"
"aligned","KR","etf","069500","day","KRW","credit","2025-04-03","","%","한국투자증권 · 신용잔고 일별추이 [0476]","","","","2026-10-03T13:36:02.430Z","","","true","봉 기간의 마지막 유효 관측값","","","","not-configured","일부 거래일 누락","true","false","2024-10-02","2026-10-02","","","cumulative","2024-10-02"
"aligned","KR","etf","069500","day","KRW","credit","2025-04-04","","%","한국투자증권 · 신용잔고 일별추이 [0476]","","","","2026-10-03T13:36:02.430Z","","","true","봉 기간의 마지막 유효 관측값","","","","not-configured","일부 거래일 누락","true","false","2024-10-02","2026-10-02","","","cumulative","2024-10-02"
"aligned","KR","etf","069500","day","KRW","credit","2025-04-07","","%","한국투자증권 · 신용잔고 일별추이 [0476]","","","","2026-10-03T13:36:02.430Z","","","true","봉 기간의 마지막 유효 관측값","","","","not-configured","일부 거래일 누락","true","false","2024-10-02","2026-10-02","","","cumulative","2024-10-02"
"aligned","KR","etf","069500","day","KRW","credit","2025-04-08","","%","한국투자증권 · 신용잔고 일별추이 [0476]","","","","2026-10-03T13:36:02.430Z","","","true","봉 기간의 마지막 유효 관측값","","","","not-configured","일부 거래일 누락","true","false","2024-10-02","2026-10-02","","","cumulative","2024-10-02"
"aligned","KR","etf","069500","day","KRW","credit","2025-04-09","","%","한국투자증권 · 신용잔고 일별추이 [0476]","","","","2026-10-03T13:36:02.430Z","","","true","봉 기간의 마지막 유효 관측값","","","","not-configured","일부 거래일 누락","true","false","2024-10-02","2026-10-02","","","cumulative","2024-10-02"
"aligned","KR","etf","069500","day","KRW","credit","2025-04-10","","%","한국투자증권 · 신용잔고 일별추이 [0476]","","","","2026-10-03T13:36:02.430Z","","","true","봉 기간의 마지막 유효 관측값","","","","not-configured","일부 거래일 누락","true","false","2024-10-02","2026-10-02","","","cumulative","2024-10-02"
"aligned","KR","etf","069500","day","KRW","credit","2025-04-11","","%","한국투자증권 · 신용잔고 일별추이 [0476]","","","","2026-10-03T13:36:02.430Z","","","true","봉 기간의 마지막 유효 관측값","","","","not-configured","일부 거래일 누락","true","false","2024-10-02","2026-10-02","","","cumulative","2024-10-02"
"aligned","KR","etf","069500","day","KRW","credit","2025-04-14","","%","한국투자증권 · 신용잔고 일별추이 [0476]","","","","2026-10-03T13:36:02.430Z","","","true","봉 기간의 마지막 유효 관측값","","","","not-configured","일부 거래일 누락","true","false","2024-10-02","2026-10-02","","","cumulative","2024-10-02"
"aligned","KR","etf","069500","day","KRW","credit","2025-04-15","","%","한국투자증권 · 신용잔고 일별추이 [0476]","","","","2026-10-03T13:36:02.430Z","","","true","봉 기간의 마지막 유효 관측값","","","","not-configured","일부 거래일 누락","true","false","2024-10-02","2026-10-02","","","cumulative","2024-10-02"
"aligned","KR","etf","069500","day","KRW","credit","2025-04-16","","%","한국투자증권 · 신용잔고 일별추이 [0476]","","","","2026-10-03T13:36:02.430Z","","","true","봉 기간의 마지막 유효 관측값","","","","not-configured","일부 거래일 누락","true","false","2024-10-02","2026-10-02","","","cumulative","2024-10-02"
"aligned","KR","etf","069500","day","KRW","credit","2025-04-17","","%","한국투자증권 · 신용잔고 일별추이 [0476]","","","","2026-10-03T13:36:02.430Z","","","true","봉 기간의 마지막 유효 관측값","","","","not-configured","일부 거래일 누락","true","false","2024-10-02","2026-10-02","","","cumulative","2024-10-02"
"aligned","KR","etf","069500","day","KRW","credit","2025-04-18","","%","한국투자증권 · 신용잔고 일별추이 [0476]","","","","2026-10-03T13:36:02.430Z","","","true","봉 기간의 마지막 유효 관측값","","","","not-configured","일부 거래일 누락","true","false","2024-10-02","2026-10-02","","","cumulative","2024-10-02"
"aligned","KR","etf","069500","day","KRW","credit","2025-04-21","","%","한국투자증권 · 신용잔고 일별추이 [0476]","","","","2026-10-03T13:36:02.430Z","","","true","봉 기간의 마지막 유효 관측값","","","","not-configured","일부 거래일 누락","true","false","2024-10-02","2026-10-02","","","cumulative","2024-10-02"
"aligned","KR","etf","069500","day","KRW","credit","2025-04-22","","%","한국투자증권 · 신용잔고 일별추이 [0476]","","","","2026-10-03T13:36:02.430Z","","","true","봉 기간의 마지막 유효 관측값","","","","not-configured","일부 거래일 누락","true","false","2024-10-02","2026-10-02","","","cumulative","2024-10-02"
"aligned","KR","etf","069500","day","KRW","credit","2025-04-23","","%","한국투자증권 · 신용잔고 일별추이 [0476]","","","","2026-10-03T13:36:02.430Z","","","true","봉 기간의 마지막 유효 관측값","","","","not-configured","일부 거래일 누락","true","false","2024-10-02","2026-10-02","","","cumulative","2024-10-02"
"aligned","KR","etf","069500","day","KRW","credit","2025-04-24","","%","한국투자증권 · 신용잔고 일별추이 [0476]","","","","2026-10-03T13:36:02.430Z","","","true","봉 기간의 마지막 유효 관측값","","","","not-configured","일부 거래일 누락","true","false","2024-10-02","2026-10-02","","","cumulative","2024-10-02"
"aligned","KR","etf","069500","day","KRW","credit","2025-04-25","","%","한국투자증권 · 신용잔고 일별추이 [0476]","","","","2026-10-03T13:36:02.430Z","","","true","봉 기간의 마지막 유효 관측값","","","","not-configured","일부 거래일 누락","true","false","2024-10-02","2026-10-02","","","cumulative","2024-10-02"
"aligned","KR","etf","069500","day","KRW","credit","2025-04-28","","%","한국투자증권 · 신용잔고 일별추이 [0476]","","","","2026-10-03T13:36:02.430Z","","","true","봉 기간의 마지막 유효 관측값","","","","not-configured","일부 거래일 누락","true","false","2024-10-02","2026-10-02","","","cumulative","2024-10-02"
"aligned","KR","etf","069500","day","KRW","credit","2025-04-29","","%","한국투자증권 · 신용잔고 일별추이 [0476]","","","","2026-10-03T13:36:02.430Z","","","true","봉 기간의 마지막 유효 관측값","","","","not-configured","일부 거래일 누락","true","false","2024-10-02","2026-10-02","","","cumulative","2024-10-02"
"aligned","KR","etf","069500","day","KRW","credit","2025-04-30","","%","한국투자증권 · 신용잔고 일별추이 [0476]","","","","2026-10-03T13:36:02.430Z","","","true","봉 기간의 마지막 유효 관측값","","","","not-configured","일부 거래일 누락","true","false","2024-10-02","2026-10-02","","","cumulative","2024-10-02"
"aligned","KR","etf","069500","day","KRW","credit","2025-05-02","","%","한국투자증권 · 신용잔고 일별추이 [0476]","","","","2026-10-03T13:36:02.430Z","","","true","봉 기간의 마지막 유효 관측값","","","","not-configured","일부 거래일 누락","true","false","2024-10-02","2026-10-02","","","cumulative","2024-10-02"
"aligned","KR","etf","069500","day","KRW","credit","2025-05-07","","%","한국투자증권 · 신용잔고 일별추이 [0476]","","","","2026-10-03T13:36:02.430Z","","","true","봉 기간의 마지막 유효 관측값","","","","not-configured","일부 거래일 누락","true","false","2024-10-02","2026-10-02","","","cumulative","2024-10-02"
"aligned","KR","etf","069500","day","KRW","credit","2025-05-08","","%","한국투자증권 · 신용잔고 일별추이 [0476]","","","","2026-10-03T13:36:02.430Z","","","true","봉 기간의 마지막 유효 관측값","","","","not-configured","일부 거래일 누락","true","false","2024-10-02","2026-10-02","","","cumulative","2024-10-02"
"aligned","KR","etf","069500","day","KRW","credit","2025-05-09","","%","한국투자증권 · 신용잔고 일별추이 [0476]","","","","2026-10-03T13:36:02.430Z","","","true","봉 기간의 마지막 유효 관측값","","","","not-configured","일부 거래일 누락","true","false","2024-10-02","2026-10-02","","","cumulative","2024-10-02"
"aligned","KR","etf","069500","day","KRW","credit","2025-05-12","","%","한국투자증권 · 신용잔고 일별추이 [0476]","","","","2026-10-03T13:36:02.430Z","","","true","봉 기간의 마지막 유효 관측값","","","","not-configured","일부 거래일 누락","true","false","2024-10-02","2026-10-02","","","cumulative","2024-10-02"
"aligned","KR","etf","069500","day","KRW","credit","2025-05-13","","%","한국투자증권 · 신용잔고 일별추이 [0476]","","","","2026-10-03T13:36:02.430Z","","","true","봉 기간의 마지막 유효 관측값","","","","not-configured","일부 거래일 누락","true","false","2024-10-02","2026-10-02","","","cumulative","2024-10-02"
"aligned","KR","etf","069500","day","KRW","credit","2025-05-14","","%","한국투자증권 · 신용잔고 일별추이 [0476]","","","","2026-10-03T13:36:02.430Z","","","true","봉 기간의 마지막 유효 관측값","","","","not-configured","일부 거래일 누락","true","false","2024-10-02","2026-10-02","","","cumulative","2024-10-02"
"aligned","KR","etf","069500","day","KRW","credit","2025-05-15","","%","한국투자증권 · 신용잔고 일별추이 [0476]","","","","2026-10-03T13:36:02.430Z","","","true","봉 기간의 마지막 유효 관측값","","","","not-configured","일부 거래일 누락","true","false","2024-10-02","2026-10-02","","","cumulative","2024-10-02"
"aligned","KR","etf","069500","day","KRW","credit","2025-05-16","","%","한국투자증권 · 신용잔고 일별추이 [0476]","","","","2026-10-03T13:36:02.430Z","","","true","봉 기간의 마지막 유효 관측값","","","","not-configured","일부 거래일 누락","true","false","2024-10-02","2026-10-02","","","cumulative","2024-10-02"
"aligned","KR","etf","069500","day","KRW","credit","2025-05-19","","%","한국투자증권 · 신용잔고 일별추이 [0476]","","","","2026-10-03T13:36:02.430Z","","","true","봉 기간의 마지막 유효 관측값","","","","not-configured","일부 거래일 누락","true","false","2024-10-02","2026-10-02","","","cumulative","2024-10-02"
"aligned","KR","etf","069500","day","KRW","credit","2025-05-20","","%","한국투자증권 · 신용잔고 일별추이 [0476]","","","","2026-10-03T13:36:02.430Z","","","true","봉 기간의 마지막 유효 관측값","","","","not-configured","일부 거래일 누락","true","false","2024-10-02","2026-10-02","","","cumulative","2024-10-02"
"aligned","KR","etf","069500","day","KRW","credit","2025-05-21","","%","한국투자증권 · 신용잔고 일별추이 [0476]","","","","2026-10-03T13:36:02.430Z","","","true","봉 기간의 마지막 유효 관측값","","","","not-configured","일부 거래일 누락","true","false","2024-10-02","2026-10-02","","","cumulative","2024-10-02"
"aligned","KR","etf","069500","day","KRW","credit","2025-05-22","","%","한국투자증권 · 신용잔고 일별추이 [0476]","","","","2026-10-03T13:36:02.430Z","","","true","봉 기간의 마지막 유효 관측값","","","","not-configured","일부 거래일 누락","true","false","2024-10-02","2026-10-02","","","cumulative","2024-10-02"
"aligned","KR","etf","069500","day","KRW","credit","2025-05-23","","%","한국투자증권 · 신용잔고 일별추이 [0476]","","","","2026-10-03T13:36:02.430Z","","","true","봉 기간의 마지막 유효 관측값","","","","not-configured","일부 거래일 누락","true","false","2024-10-02","2026-10-02","","","cumulative","2024-10-02"
"aligned","KR","etf","069500","day","KRW","credit","2025-05-26","","%","한국투자증권 · 신용잔고 일별추이 [0476]","","","","2026-10-03T13:36:02.430Z","","","true","봉 기간의 마지막 유효 관측값","","","","not-configured","일부 거래일 누락","true","false","2024-10-02","2026-10-02","","","cumulative","2024-10-02"
"aligned","KR","etf","069500","day","KRW","credit","2025-05-27","","%","한국투자증권 · 신용잔고 일별추이 [0476]","","","","2026-10-03T13:36:02.430Z","","","true","봉 기간의 마지막 유효 관측값","","","","not-configured","일부 거래일 누락","true","false","2024-10-02","2026-10-02","","","cumulative","2024-10-02"
"aligned","KR","etf","069500","day","KRW","credit","2025-05-28","","%","한국투자증권 · 신용잔고 일별추이 [0476]","","","","2026-10-03T13:36:02.430Z","","","true","봉 기간의 마지막 유효 관측값","","","","not-configured","일부 거래일 누락","true","false","2024-10-02","2026-10-02","","","cumulative","2024-10-02"
"aligned","KR","etf","069500","day","KRW","credit","2025-05-29","","%","한국투자증권 · 신용잔고 일별추이 [0476]","","","","2026-10-03T13:36:02.430Z","","","true","봉 기간의 마지막 유효 관측값","","","","not-configured","일부 거래일 누락","true","false","2024-10-02","2026-10-02","","","cumulative","2024-10-02"
"aligned","KR","etf","069500","day","KRW","credit","2025-05-30","","%","한국투자증권 · 신용잔고 일별추이 [0476]","","","","2026-10-03T13:36:02.430Z","","","true","봉 기간의 마지막 유효 관측값","","","","not-configured","일부 거래일 누락","true","false","2024-10-02","2026-10-02","","","cumulative","2024-10-02"
"aligned","KR","etf","069500","day","KRW","credit","2025-06-02","","%","한국투자증권 · 신용잔고 일별추이 [0476]","","","","2026-10-03T13:36:02.430Z","","","true","봉 기간의 마지막 유효 관측값","","","","not-configured","일부 거래일 누락","true","false","2024-10-02","2026-10-02","","","cumulative","2024-10-02"
"aligned","KR","etf","069500","day","KRW","credit","2025-06-04","","%","한국투자증권 · 신용잔고 일별추이 [0476]","","","","2026-10-03T13:36:02.430Z","","","true","봉 기간의 마지막 유효 관측값","","","","not-configured","일부 거래일 누락","true","false","2024-10-02","2026-10-02","","","cumulative","2024-10-02"
"aligned","KR","etf","069500","day","KRW","credit","2025-06-05","","%","한국투자증권 · 신용잔고 일별추이 [0476]","","","","2026-10-03T13:36:02.430Z","","","true","봉 기간의 마지막 유효 관측값","","","","not-configured","일부 거래일 누락","true","false","2024-10-02","2026-10-02","","","cumulative","2024-10-02"
"aligned","KR","etf","069500","day","KRW","credit","2025-06-09","","%","한국투자증권 · 신용잔고 일별추이 [0476]","","","","2026-10-03T13:36:02.430Z","","","true","봉 기간의 마지막 유효 관측값","","","","not-configured","일부 거래일 누락","true","false","2024-10-02","2026-10-02","","","cumulative","2024-10-02"
"aligned","KR","etf","069500","day","KRW","credit","2025-06-10","","%","한국투자증권 · 신용잔고 일별추이 [0476]","","","","2026-10-03T13:36:02.430Z","","","true","봉 기간의 마지막 유효 관측값","","","","not-configured","일부 거래일 누락","true","false","2024-10-02","2026-10-02","","","cumulative","2024-10-02"
"aligned","KR","etf","069500","day","KRW","credit","2025-06-11","","%","한국투자증권 · 신용잔고 일별추이 [0476]","","","","2026-10-03T13:36:02.430Z","","","true","봉 기간의 마지막 유효 관측값","","","","not-configured","일부 거래일 누락","true","false","2024-10-02","2026-10-02","","","cumulative","2024-10-02"
"aligned","KR","etf","069500","day","KRW","credit","2025-06-12","","%","한국투자증권 · 신용잔고 일별추이 [0476]","","","","2026-10-03T13:36:02.430Z","","","true","봉 기간의 마지막 유효 관측값","","","","not-configured","일부 거래일 누락","true","false","2024-10-02","2026-10-02","","","cumulative","2024-10-02"
"aligned","KR","etf","069500","day","KRW","credit","2025-06-13","","%","한국투자증권 · 신용잔고 일별추이 [0476]","","","","2026-10-03T13:36:02.430Z","","","true","봉 기간의 마지막 유효 관측값","","","","not-configured","일부 거래일 누락","true","false","2024-10-02","2026-10-02","","","cumulative","2024-10-02"
"aligned","KR","etf","069500","day","KRW","credit","2025-06-16","","%","한국투자증권 · 신용잔고 일별추이 [0476]","","","","2026-10-03T13:36:02.430Z","","","true","봉 기간의 마지막 유효 관측값","","","","not-configured","일부 거래일 누락","true","false","2024-10-02","2026-10-02","","","cumulative","2024-10-02"
"aligned","KR","etf","069500","day","KRW","credit","2025-06-17","","%","한국투자증권 · 신용잔고 일별추이 [0476]","","","","2026-10-03T13:36:02.430Z","","","true","봉 기간의 마지막 유효 관측값","","","","not-configured","일부 거래일 누락","true","false","2024-10-02","2026-10-02","","","cumulative","2024-10-02"
"aligned","KR","etf","069500","day","KRW","credit","2025-06-18","","%","한국투자증권 · 신용잔고 일별추이 [0476]","","","","2026-10-03T13:36:02.430Z","","","true","봉 기간의 마지막 유효 관측값","","","","not-configured","일부 거래일 누락","true","false","2024-10-02","2026-10-02","","","cumulative","2024-10-02"
"aligned","KR","etf","069500","day","KRW","credit","2025-06-19","","%","한국투자증권 · 신용잔고 일별추이 [0476]","","","","2026-10-03T13:36:02.430Z","","","true","봉 기간의 마지막 유효 관측값","","","","not-configured","일부 거래일 누락","true","false","2024-10-02","2026-10-02","","","cumulative","2024-10-02"
"aligned","KR","etf","069500","day","KRW","credit","2025-06-20","","%","한국투자증권 · 신용잔고 일별추이 [0476]","","","","2026-10-03T13:36:02.430Z","","","true","봉 기간의 마지막 유효 관측값","","","","not-configured","일부 거래일 누락","true","false","2024-10-02","2026-10-02","","","cumulative","2024-10-02"
"aligned","KR","etf","069500","day","KRW","credit","2025-06-23","","%","한국투자증권 · 신용잔고 일별추이 [0476]","","","","2026-10-03T13:36:02.430Z","","","true","봉 기간의 마지막 유효 관측값","","","","not-configured","일부 거래일 누락","true","false","2024-10-02","2026-10-02","","","cumulative","2024-10-02"
"aligned","KR","etf","069500","day","KRW","credit","2025-06-24","","%","한국투자증권 · 신용잔고 일별추이 [0476]","","","","2026-10-03T13:36:02.430Z","","","true","봉 기간의 마지막 유효 관측값","","","","not-configured","일부 거래일 누락","true","false","2024-10-02","2026-10-02","","","cumulative","2024-10-02"
"aligned","KR","etf","069500","day","KRW","credit","2025-06-25","","%","한국투자증권 · 신용잔고 일별추이 [0476]","","","","2026-10-03T13:36:02.430Z","","","true","봉 기간의 마지막 유효 관측값","","","","not-configured","일부 거래일 누락","true","false","2024-10-02","2026-10-02","","","cumulative","2024-10-02"
"aligned","KR","etf","069500","day","KRW","credit","2025-06-26","","%","한국투자증권 · 신용잔고 일별추이 [0476]","","","","2026-10-03T13:36:02.430Z","","","true","봉 기간의 마지막 유효 관측값","","","","not-configured","일부 거래일 누락","true","false","2024-10-02","2026-10-02","","","cumulative","2024-10-02"
"aligned","KR","etf","069500","day","KRW","credit","2025-06-27","","%","한국투자증권 · 신용잔고 일별추이 [0476]","","","","2026-10-03T13:36:02.430Z","","","true","봉 기간의 마지막 유효 관측값","","","","not-configured","일부 거래일 누락","true","false","2024-10-02","2026-10-02","","","cumulative","2024-10-02"
"aligned","KR","etf","069500","day","KRW","credit","2025-06-30","","%","한국투자증권 · 신용잔고 일별추이 [0476]","","","","2026-10-03T13:36:02.430Z","","","true","봉 기간의 마지막 유효 관측값","","","","not-configured","일부 거래일 누락","true","false","2024-10-02","2026-10-02","","","cumulative","2024-10-02"
"aligned","KR","etf","069500","day","KRW","credit","2025-07-01","","%","한국투자증권 · 신용잔고 일별추이 [0476]","","","","2026-10-03T13:36:02.430Z","","","true","봉 기간의 마지막 유효 관측값","","","","not-configured","일부 거래일 누락","true","false","2024-10-02","2026-10-02","","","cumulative","2024-10-02"
"aligned","KR","etf","069500","day","KRW","credit","2025-07-02","","%","한국투자증권 · 신용잔고 일별추이 [0476]","","","","2026-10-03T13:36:02.430Z","","","true","봉 기간의 마지막 유효 관측값","","","","not-configured","일부 거래일 누락","true","false","2024-10-02","2026-10-02","","","cumulative","2024-10-02"
"aligned","KR","etf","069500","day","KRW","credit","2025-07-03","","%","한국투자증권 · 신용잔고 일별추이 [0476]","","","","2026-10-03T13:36:02.430Z","","","true","봉 기간의 마지막 유효 관측값","","","","not-configured","일부 거래일 누락","true","false","2024-10-02","2026-10-02","","","cumulative","2024-10-02"
"aligned","KR","etf","069500","day","KRW","credit","2025-07-04","","%","한국투자증권 · 신용잔고 일별추이 [0476]","","","","2026-10-03T13:36:02.430Z","","","true","봉 기간의 마지막 유효 관측값","","","","not-configured","일부 거래일 누락","true","false","2024-10-02","2026-10-02","","","cumulative","2024-10-02"
"aligned","KR","etf","069500","day","KRW","credit","2025-07-07","","%","한국투자증권 · 신용잔고 일별추이 [0476]","","","","2026-10-03T13:36:02.430Z","","","true","봉 기간의 마지막 유효 관측값","","","","not-configured","일부 거래일 누락","true","false","2024-10-02","2026-10-02","","","cumulative","2024-10-02"
"aligned","KR","etf","069500","day","KRW","credit","2025-07-08","","%","한국투자증권 · 신용잔고 일별추이 [0476]","","","","2026-10-03T13:36:02.430Z","","","true","봉 기간의 마지막 유효 관측값","","","","not-configured","일부 거래일 누락","true","false","2024-10-02","2026-10-02","","","cumulative","2024-10-02"
"aligned","KR","etf","069500","day","KRW","credit","2025-07-09","","%","한국투자증권 · 신용잔고 일별추이 [0476]","","","","2026-10-03T13:36:02.430Z","","","true","봉 기간의 마지막 유효 관측값","","","","not-configured","일부 거래일 누락","true","false","2024-10-02","2026-10-02","","","cumulative","2024-10-02"
"aligned","KR","etf","069500","day","KRW","credit","2025-07-10","","%","한국투자증권 · 신용잔고 일별추이 [0476]","","","","2026-10-03T13:36:02.430Z","","","true","봉 기간의 마지막 유효 관측값","","","","not-configured","일부 거래일 누락","true","false","2024-10-02","2026-10-02","","","cumulative","2024-10-02"
"aligned","KR","etf","069500","day","KRW","credit","2025-07-11","","%","한국투자증권 · 신용잔고 일별추이 [0476]","","","","2026-10-03T13:36:02.430Z","","","true","봉 기간의 마지막 유효 관측값","","","","not-configured","일부 거래일 누락","true","false","2024-10-02","2026-10-02","","","cumulative","2024-10-02"
"aligned","KR","etf","069500","day","KRW","credit","2025-07-14","","%","한국투자증권 · 신용잔고 일별추이 [0476]","","","","2026-10-03T13:36:02.430Z","","","true","봉 기간의 마지막 유효 관측값","","","","not-configured","일부 거래일 누락","true","false","2024-10-02","2026-10-02","","","cumulative","2024-10-02"
"aligned","KR","etf","069500","day","KRW","credit","2025-07-15","","%","한국투자증권 · 신용잔고 일별추이 [0476]","","","","2026-10-03T13:36:02.430Z","","","true","봉 기간의 마지막 유효 관측값","","","","not-configured","일부 거래일 누락","true","false","2024-10-02","2026-10-02","","","cumulative","2024-10-02"
"aligned","KR","etf","069500","day","KRW","credit","2025-07-16","","%","한국투자증권 · 신용잔고 일별추이 [0476]","","","","2026-10-03T13:36:02.430Z","","","true","봉 기간의 마지막 유효 관측값","","","","not-configured","일부 거래일 누락","true","false","2024-10-02","2026-10-02","","","cumulative","2024-10-02"
"aligned","KR","etf","069500","day","KRW","credit","2025-07-17","","%","한국투자증권 · 신용잔고 일별추이 [0476]","","","","2026-10-03T13:36:02.430Z","","","true","봉 기간의 마지막 유효 관측값","","","","not-configured","일부 거래일 누락","true","false","2024-10-02","2026-10-02","","","cumulative","2024-10-02"
"aligned","KR","etf","069500","day","KRW","credit","2025-07-18","","%","한국투자증권 · 신용잔고 일별추이 [0476]","","","","2026-10-03T13:36:02.430Z","","","true","봉 기간의 마지막 유효 관측값","","","","not-configured","일부 거래일 누락","true","false","2024-10-02","2026-10-02","","","cumulative","2024-10-02"
"aligned","KR","etf","069500","day","KRW","credit","2025-07-21","","%","한국투자증권 · 신용잔고 일별추이 [0476]","","","","2026-10-03T13:36:02.430Z","","","true","봉 기간의 마지막 유효 관측값","","","","not-configured","일부 거래일 누락","true","false","2024-10-02","2026-10-02","","","cumulative","2024-10-02"
"aligned","KR","etf","069500","day","KRW","credit","2025-07-22","","%","한국투자증권 · 신용잔고 일별추이 [0476]","","","","2026-10-03T13:36:02.430Z","","","true","봉 기간의 마지막 유효 관측값","","","","not-configured","일부 거래일 누락","true","false","2024-10-02","2026-10-02","","","cumulative","2024-10-02"
"aligned","KR","etf","069500","day","KRW","credit","2025-07-23","","%","한국투자증권 · 신용잔고 일별추이 [0476]","","","","2026-10-03T13:36:02.430Z","","","true","봉 기간의 마지막 유효 관측값","","","","not-configured","일부 거래일 누락","true","false","2024-10-02","2026-10-02","","","cumulative","2024-10-02"
"aligned","KR","etf","069500","day","KRW","credit","2025-07-24","","%","한국투자증권 · 신용잔고 일별추이 [0476]","","","","2026-10-03T13:36:02.430Z","","","true","봉 기간의 마지막 유효 관측값","","","","not-configured","일부 거래일 누락","true","false","2024-10-02","2026-10-02","","","cumulative","2024-10-02"
"aligned","KR","etf","069500","day","KRW","credit","2025-07-25","","%","한국투자증권 · 신용잔고 일별추이 [0476]","","","","2026-10-03T13:36:02.430Z","","","true","봉 기간의 마지막 유효 관측값","","","","not-configured","일부 거래일 누락","true","false","2024-10-02","2026-10-02","","","cumulative","2024-10-02"
"aligned","KR","etf","069500","day","KRW","credit","2025-07-28","","%","한국투자증권 · 신용잔고 일별추이 [0476]","","","","2026-10-03T13:36:02.430Z","","","true","봉 기간의 마지막 유효 관측값","","","","not-configured","일부 거래일 누락","true","false","2024-10-02","2026-10-02","","","cumulative","2024-10-02"
"aligned","KR","etf","069500","day","KRW","credit","2025-07-29","","%","한국투자증권 · 신용잔고 일별추이 [0476]","","","","2026-10-03T13:36:02.430Z","","","true","봉 기간의 마지막 유효 관측값","","","","not-configured","일부 거래일 누락","true","false","2024-10-02","2026-10-02","","","cumulative","2024-10-02"
"aligned","KR","etf","069500","day","KRW","credit","2025-07-30","","%","한국투자증권 · 신용잔고 일별추이 [0476]","","","","2026-10-03T13:36:02.430Z","","","true","봉 기간의 마지막 유효 관측값","","","","not-configured","일부 거래일 누락","true","false","2024-10-02","2026-10-02","","","cumulative","2024-10-02"
"aligned","KR","etf","069500","day","KRW","credit","2025-07-31","","%","한국투자증권 · 신용잔고 일별추이 [0476]","","","","2026-10-03T13:36:02.430Z","","","true","봉 기간의 마지막 유효 관측값","","","","not-configured","일부 거래일 누락","true","false","2024-10-02","2026-10-02","","","cumulative","2024-10-02"
"aligned","KR","etf","069500","day","KRW","credit","2025-08-01","","%","한국투자증권 · 신용잔고 일별추이 [0476]","","","","2026-10-03T13:36:02.430Z","","","true","봉 기간의 마지막 유효 관측값","","","","not-configured","일부 거래일 누락","true","false","2024-10-02","2026-10-02","","","cumulative","2024-10-02"
"aligned","KR","etf","069500","day","KRW","credit","2025-08-04","","%","한국투자증권 · 신용잔고 일별추이 [0476]","","","","2026-10-03T13:36:02.430Z","","","true","봉 기간의 마지막 유효 관측값","","","","not-configured","일부 거래일 누락","true","false","2024-10-02","2026-10-02","","","cumulative","2024-10-02"
"aligned","KR","etf","069500","day","KRW","credit","2025-08-05","","%","한국투자증권 · 신용잔고 일별추이 [0476]","","","","2026-10-03T13:36:02.430Z","","","true","봉 기간의 마지막 유효 관측값","","","","not-configured","일부 거래일 누락","true","false","2024-10-02","2026-10-02","","","cumulative","2024-10-02"
"aligned","KR","etf","069500","day","KRW","credit","2025-08-06","","%","한국투자증권 · 신용잔고 일별추이 [0476]","","","","2026-10-03T13:36:02.430Z","","","true","봉 기간의 마지막 유효 관측값","","","","not-configured","일부 거래일 누락","true","false","2024-10-02","2026-10-02","","","cumulative","2024-10-02"
"aligned","KR","etf","069500","day","KRW","credit","2025-08-07","","%","한국투자증권 · 신용잔고 일별추이 [0476]","","","","2026-10-03T13:36:02.430Z","","","true","봉 기간의 마지막 유효 관측값","","","","not-configured","일부 거래일 누락","true","false","2024-10-02","2026-10-02","","","cumulative","2024-10-02"
"aligned","KR","etf","069500","day","KRW","credit","2025-08-08","","%","한국투자증권 · 신용잔고 일별추이 [0476]","","","","2026-10-03T13:36:02.430Z","","","true","봉 기간의 마지막 유효 관측값","","","","not-configured","일부 거래일 누락","true","false","2024-10-02","2026-10-02","","","cumulative","2024-10-02"
"aligned","KR","etf","069500","day","KRW","credit","2025-08-11","","%","한국투자증권 · 신용잔고 일별추이 [0476]","","","","2026-10-03T13:36:02.430Z","","","true","봉 기간의 마지막 유효 관측값","","","","not-configured","일부 거래일 누락","true","false","2024-10-02","2026-10-02","","","cumulative","2024-10-02"
"aligned","KR","etf","069500","day","KRW","credit","2025-08-12","","%","한국투자증권 · 신용잔고 일별추이 [0476]","","","","2026-10-03T13:36:02.430Z","","","true","봉 기간의 마지막 유효 관측값","","","","not-configured","일부 거래일 누락","true","false","2024-10-02","2026-10-02","","","cumulative","2024-10-02"
"aligned","KR","etf","069500","day","KRW","credit","2025-08-13","","%","한국투자증권 · 신용잔고 일별추이 [0476]","","","","2026-10-03T13:36:02.430Z","","","true","봉 기간의 마지막 유효 관측값","","","","not-configured","일부 거래일 누락","true","false","2024-10-02","2026-10-02","","","cumulative","2024-10-02"
"aligned","KR","etf","069500","day","KRW","credit","2025-08-14","","%","한국투자증권 · 신용잔고 일별추이 [0476]","","","","2026-10-03T13:36:02.430Z","","","true","봉 기간의 마지막 유효 관측값","","","","not-configured","일부 거래일 누락","true","false","2024-10-02","2026-10-02","","","cumulative","2024-10-02"
"aligned","KR","etf","069500","day","KRW","credit","2025-08-18","","%","한국투자증권 · 신용잔고 일별추이 [0476]","","","","2026-10-03T13:36:02.430Z","","","true","봉 기간의 마지막 유효 관측값","","","","not-configured","일부 거래일 누락","true","false","2024-10-02","2026-10-02","","","cumulative","2024-10-02"
"aligned","KR","etf","069500","day","KRW","credit","2025-08-19","","%","한국투자증권 · 신용잔고 일별추이 [0476]","","","","2026-10-03T13:36:02.430Z","","","true","봉 기간의 마지막 유효 관측값","","","","not-configured","일부 거래일 누락","true","false","2024-10-02","2026-10-02","","","cumulative","2024-10-02"
"aligned","KR","etf","069500","day","KRW","credit","2025-08-20","","%","한국투자증권 · 신용잔고 일별추이 [0476]","","","","2026-10-03T13:36:02.430Z","","","true","봉 기간의 마지막 유효 관측값","","","","not-configured","일부 거래일 누락","true","false","2024-10-02","2026-10-02","","","cumulative","2024-10-02"
"aligned","KR","etf","069500","day","KRW","credit","2025-08-21","","%","한국투자증권 · 신용잔고 일별추이 [0476]","","","","2026-10-03T13:36:02.430Z","","","true","봉 기간의 마지막 유효 관측값","","","","not-configured","일부 거래일 누락","true","false","2024-10-02","2026-10-02","","","cumulative","2024-10-02"
"aligned","KR","etf","069500","day","KRW","credit","2025-08-22","","%","한국투자증권 · 신용잔고 일별추이 [0476]","","","","2026-10-03T13:36:02.430Z","","","true","봉 기간의 마지막 유효 관측값","","","","not-configured","일부 거래일 누락","true","false","2024-10-02","2026-10-02","","","cumulative","2024-10-02"
"aligned","KR","etf","069500","day","KRW","credit","2025-08-25","","%","한국투자증권 · 신용잔고 일별추이 [0476]","","","","2026-10-03T13:36:02.430Z","","","true","봉 기간의 마지막 유효 관측값","","","","not-configured","일부 거래일 누락","true","false","2024-10-02","2026-10-02","","","cumulative","2024-10-02"
"aligned","KR","etf","069500","day","KRW","credit","2025-08-26","","%","한국투자증권 · 신용잔고 일별추이 [0476]","","","","2026-10-03T13:36:02.430Z","","","true","봉 기간의 마지막 유효 관측값","","","","not-configured","일부 거래일 누락","true","false","2024-10-02","2026-10-02","","","cumulative","2024-10-02"
"aligned","KR","etf","069500","day","KRW","credit","2025-08-27","","%","한국투자증권 · 신용잔고 일별추이 [0476]","","","","2026-10-03T13:36:02.430Z","","","true","봉 기간의 마지막 유효 관측값","","","","not-configured","일부 거래일 누락","true","false","2024-10-02","2026-10-02","","","cumulative","2024-10-02"
"aligned","KR","etf","069500","day","KRW","credit","2025-08-28","","%","한국투자증권 · 신용잔고 일별추이 [0476]","","","","2026-10-03T13:36:02.430Z","","","true","봉 기간의 마지막 유효 관측값","","","","not-configured","일부 거래일 누락","true","false","2024-10-02","2026-10-02","","","cumulative","2024-10-02"
"aligned","KR","etf","069500","day","KRW","credit","2025-08-29","","%","한국투자증권 · 신용잔고 일별추이 [0476]","","","","2026-10-03T13:36:02.430Z","","","true","봉 기간의 마지막 유효 관측값","","","","not-configured","일부 거래일 누락","true","false","2024-10-02","2026-10-02","","","cumulative","2024-10-02"
"aligned","KR","etf","069500","day","KRW","credit","2025-09-01","","%","한국투자증권 · 신용잔고 일별추이 [0476]","","","","2026-10-03T13:36:02.430Z","","","true","봉 기간의 마지막 유효 관측값","","","","not-configured","일부 거래일 누락","true","false","2024-10-02","2026-10-02","","","cumulative","2024-10-02"
"aligned","KR","etf","069500","day","KRW","credit","2025-09-02","","%","한국투자증권 · 신용잔고 일별추이 [0476]","","","","2026-10-03T13:36:02.430Z","","","true","봉 기간의 마지막 유효 관측값","","","","not-configured","일부 거래일 누락","true","false","2024-10-02","2026-10-02","","","cumulative","2024-10-02"
"aligned","KR","etf","069500","day","KRW","credit","2025-09-03","","%","한국투자증권 · 신용잔고 일별추이 [0476]","","","","2026-10-03T13:36:02.430Z","","","true","봉 기간의 마지막 유효 관측값","","","","not-configured","일부 거래일 누락","true","false","2024-10-02","2026-10-02","","","cumulative","2024-10-02"
"aligned","KR","etf","069500","day","KRW","credit","2025-09-04","","%","한국투자증권 · 신용잔고 일별추이 [0476]","","","","2026-10-03T13:36:02.430Z","","","true","봉 기간의 마지막 유효 관측값","","","","not-configured","일부 거래일 누락","true","false","2024-10-02","2026-10-02","","","cumulative","2024-10-02"
"aligned","KR","etf","069500","day","KRW","credit","2025-09-05","","%","한국투자증권 · 신용잔고 일별추이 [0476]","","","","2026-10-03T13:36:02.430Z","","","true","봉 기간의 마지막 유효 관측값","","","","not-configured","일부 거래일 누락","true","false","2024-10-02","2026-10-02","","","cumulative","2024-10-02"
"aligned","KR","etf","069500","day","KRW","credit","2025-09-08","","%","한국투자증권 · 신용잔고 일별추이 [0476]","","","","2026-10-03T13:36:02.430Z","","","true","봉 기간의 마지막 유효 관측값","","","","not-configured","일부 거래일 누락","true","false","2024-10-02","2026-10-02","","","cumulative","2024-10-02"
"aligned","KR","etf","069500","day","KRW","credit","2025-09-09","","%","한국투자증권 · 신용잔고 일별추이 [0476]","","","","2026-10-03T13:36:02.430Z","","","true","봉 기간의 마지막 유효 관측값","","","","not-configured","일부 거래일 누락","true","false","2024-10-02","2026-10-02","","","cumulative","2024-10-02"
"aligned","KR","etf","069500","day","KRW","credit","2025-09-10","","%","한국투자증권 · 신용잔고 일별추이 [0476]","","","","2026-10-03T13:36:02.430Z","","","true","봉 기간의 마지막 유효 관측값","","","","not-configured","일부 거래일 누락","true","false","2024-10-02","2026-10-02","","","cumulative","2024-10-02"
"aligned","KR","etf","069500","day","KRW","credit","2025-09-11","","%","한국투자증권 · 신용잔고 일별추이 [0476]","","","","2026-10-03T13:36:02.430Z","","","true","봉 기간의 마지막 유효 관측값","","","","not-configured","일부 거래일 누락","true","false","2024-10-02","2026-10-02","","","cumulative","2024-10-02"
"aligned","KR","etf","069500","day","KRW","credit","2025-09-12","","%","한국투자증권 · 신용잔고 일별추이 [0476]","","","","2026-10-03T13:36:02.430Z","","","true","봉 기간의 마지막 유효 관측값","","","","not-configured","일부 거래일 누락","true","false","2024-10-02","2026-10-02","","","cumulative","2024-10-02"
"aligned","KR","etf","069500","day","KRW","credit","2025-09-15","","%","한국투자증권 · 신용잔고 일별추이 [0476]","","","","2026-10-03T13:36:02.430Z","","","true","봉 기간의 마지막 유효 관측값","","","","not-configured","일부 거래일 누락","true","false","2024-10-02","2026-10-02","","","cumulative","2024-10-02"
"aligned","KR","etf","069500","day","KRW","credit","2025-09-16","","%","한국투자증권 · 신용잔고 일별추이 [0476]","","","","2026-10-03T13:36:02.430Z","","","true","봉 기간의 마지막 유효 관측값","","","","not-configured","일부 거래일 누락","true","false","2024-10-02","2026-10-02","","","cumulative","2024-10-02"
"aligned","KR","etf","069500","day","KRW","credit","2025-09-17","","%","한국투자증권 · 신용잔고 일별추이 [0476]","","","","2026-10-03T13:36:02.430Z","","","true","봉 기간의 마지막 유효 관측값","","","","not-configured","일부 거래일 누락","true","false","2024-10-02","2026-10-02","","","cumulative","2024-10-02"
"aligned","KR","etf","069500","day","KRW","credit","2025-09-18","","%","한국투자증권 · 신용잔고 일별추이 [0476]","","","","2026-10-03T13:36:02.430Z","","","true","봉 기간의 마지막 유효 관측값","","","","not-configured","일부 거래일 누락","true","false","2024-10-02","2026-10-02","","","cumulative","2024-10-02"
"aligned","KR","etf","069500","day","KRW","credit","2025-09-19","","%","한국투자증권 · 신용잔고 일별추이 [0476]","","","","2026-10-03T13:36:02.430Z","","","true","봉 기간의 마지막 유효 관측값","","","","not-configured","일부 거래일 누락","true","false","2024-10-02","2026-10-02","","","cumulative","2024-10-02"
"aligned","KR","etf","069500","day","KRW","credit","2025-09-22","","%","한국투자증권 · 신용잔고 일별추이 [0476]","","","","2026-10-03T13:36:02.430Z","","","true","봉 기간의 마지막 유효 관측값","","","","not-configured","일부 거래일 누락","true","false","2024-10-02","2026-10-02","","","cumulative","2024-10-02"
"aligned","KR","etf","069500","day","KRW","credit","2025-09-23","","%","한국투자증권 · 신용잔고 일별추이 [0476]","","","","2026-10-03T13:36:02.430Z","","","true","봉 기간의 마지막 유효 관측값","","","","not-configured","일부 거래일 누락","true","false","2024-10-02","2026-10-02","","","cumulative","2024-10-02"
"aligned","KR","etf","069500","day","KRW","credit","2025-09-24","","%","한국투자증권 · 신용잔고 일별추이 [0476]","","","","2026-10-03T13:36:02.430Z","","","true","봉 기간의 마지막 유효 관측값","","","","not-configured","일부 거래일 누락","true","false","2024-10-02","2026-10-02","","","cumulative","2024-10-02"
"aligned","KR","etf","069500","day","KRW","credit","2025-09-25","","%","한국투자증권 · 신용잔고 일별추이 [0476]","","","","2026-10-03T13:36:02.430Z","","","true","봉 기간의 마지막 유효 관측값","","","","not-configured","일부 거래일 누락","true","false","2024-10-02","2026-10-02","","","cumulative","2024-10-02"
"aligned","KR","etf","069500","day","KRW","credit","2025-09-26","","%","한국투자증권 · 신용잔고 일별추이 [0476]","","","","2026-10-03T13:36:02.430Z","","","true","봉 기간의 마지막 유효 관측값","","","","not-configured","일부 거래일 누락","true","false","2024-10-02","2026-10-02","","","cumulative","2024-10-02"
"aligned","KR","etf","069500","day","KRW","credit","2025-09-29","","%","한국투자증권 · 신용잔고 일별추이 [0476]","","","","2026-10-03T13:36:02.430Z","","","true","봉 기간의 마지막 유효 관측값","","","","not-configured","일부 거래일 누락","true","false","2024-10-02","2026-10-02","","","cumulative","2024-10-02"
"aligned","KR","etf","069500","day","KRW","credit","2025-09-30","","%","한국투자증권 · 신용잔고 일별추이 [0476]","","","","2026-10-03T13:36:02.430Z","","","true","봉 기간의 마지막 유효 관측값","","","","not-configured","일부 거래일 누락","true","false","2024-10-02","2026-10-02","","","cumulative","2024-10-02"
"aligned","KR","etf","069500","day","KRW","credit","2025-10-01","","%","한국투자증권 · 신용잔고 일별추이 [0476]","","","","2026-10-03T13:36:02.430Z","","","true","봉 기간의 마지막 유효 관측값","","","","not-configured","일부 거래일 누락","true","false","2024-10-02","2026-10-02","","","cumulative","2024-10-02"
"aligned","KR","etf","069500","day","KRW","credit","2025-10-02","","%","한국투자증권 · 신용잔고 일별추이 [0476]","","","","2026-10-03T13:36:02.430Z","","","true","봉 기간의 마지막 유효 관측값","","","","not-configured","일부 거래일 누락","true","false","2024-10-02","2026-10-02","","","cumulative","2024-10-02"
"aligned","KR","etf","069500","day","KRW","credit","2025-10-10","","%","한국투자증권 · 신용잔고 일별추이 [0476]","","","","2026-10-03T13:36:02.430Z","","","true","봉 기간의 마지막 유효 관측값","","","","not-configured","일부 거래일 누락","true","false","2024-10-02","2026-10-02","","","cumulative","2024-10-02"
"aligned","KR","etf","069500","day","KRW","credit","2025-10-13","","%","한국투자증권 · 신용잔고 일별추이 [0476]","","","","2026-10-03T13:36:02.430Z","","","true","봉 기간의 마지막 유효 관측값","","","","not-configured","일부 거래일 누락","true","false","2024-10-02","2026-10-02","","","cumulative","2024-10-02"
"aligned","KR","etf","069500","day","KRW","credit","2025-10-14","","%","한국투자증권 · 신용잔고 일별추이 [0476]","","","","2026-10-03T13:36:02.430Z","","","true","봉 기간의 마지막 유효 관측값","","","","not-configured","일부 거래일 누락","true","false","2024-10-02","2026-10-02","","","cumulative","2024-10-02"
"aligned","KR","etf","069500","day","KRW","credit","2025-10-15","","%","한국투자증권 · 신용잔고 일별추이 [0476]","","","","2026-10-03T13:36:02.430Z","","","true","봉 기간의 마지막 유효 관측값","","","","not-configured","일부 거래일 누락","true","false","2024-10-02","2026-10-02","","","cumulative","2024-10-02"
"aligned","KR","etf","069500","day","KRW","credit","2025-10-16","","%","한국투자증권 · 신용잔고 일별추이 [0476]","","","","2026-10-03T13:36:02.430Z","","","true","봉 기간의 마지막 유효 관측값","","","","not-configured","일부 거래일 누락","true","false","2024-10-02","2026-10-02","","","cumulative","2024-10-02"
"aligned","KR","etf","069500","day","KRW","credit","2025-10-17","","%","한국투자증권 · 신용잔고 일별추이 [0476]","","","","2026-10-03T13:36:02.430Z","","","true","봉 기간의 마지막 유효 관측값","","","","not-configured","일부 거래일 누락","true","false","2024-10-02","2026-10-02","","","cumulative","2024-10-02"
"aligned","KR","etf","069500","day","KRW","credit","2025-10-20","","%","한국투자증권 · 신용잔고 일별추이 [0476]","","","","2026-10-03T13:36:02.430Z","","","true","봉 기간의 마지막 유효 관측값","","","","not-configured","일부 거래일 누락","true","false","2024-10-02","2026-10-02","","","cumulative","2024-10-02"
"aligned","KR","etf","069500","day","KRW","credit","2025-10-21","","%","한국투자증권 · 신용잔고 일별추이 [0476]","","","","2026-10-03T13:36:02.430Z","","","true","봉 기간의 마지막 유효 관측값","","","","not-configured","일부 거래일 누락","true","false","2024-10-02","2026-10-02","","","cumulative","2024-10-02"
"aligned","KR","etf","069500","day","KRW","credit","2025-10-22","","%","한국투자증권 · 신용잔고 일별추이 [0476]","","","","2026-10-03T13:36:02.430Z","","","true","봉 기간의 마지막 유효 관측값","","","","not-configured","일부 거래일 누락","true","false","2024-10-02","2026-10-02","","","cumulative","2024-10-02"
"aligned","KR","etf","069500","day","KRW","credit","2025-10-23","","%","한국투자증권 · 신용잔고 일별추이 [0476]","","","","2026-10-03T13:36:02.430Z","","","true","봉 기간의 마지막 유효 관측값","","","","not-configured","일부 거래일 누락","true","false","2024-10-02","2026-10-02","","","cumulative","2024-10-02"
"aligned","KR","etf","069500","day","KRW","credit","2025-10-24","","%","한국투자증권 · 신용잔고 일별추이 [0476]","","","","2026-10-03T13:36:02.430Z","","","true","봉 기간의 마지막 유효 관측값","","","","not-configured","일부 거래일 누락","true","false","2024-10-02","2026-10-02","","","cumulative","2024-10-02"
"aligned","KR","etf","069500","day","KRW","credit","2025-10-27","","%","한국투자증권 · 신용잔고 일별추이 [0476]","","","","2026-10-03T13:36:02.430Z","","","true","봉 기간의 마지막 유효 관측값","","","","not-configured","일부 거래일 누락","true","false","2024-10-02","2026-10-02","","","cumulative","2024-10-02"
"aligned","KR","etf","069500","day","KRW","credit","2025-10-28","","%","한국투자증권 · 신용잔고 일별추이 [0476]","","","","2026-10-03T13:36:02.430Z","","","true","봉 기간의 마지막 유효 관측값","","","","not-configured","일부 거래일 누락","true","false","2024-10-02","2026-10-02","","","cumulative","2024-10-02"
"aligned","KR","etf","069500","day","KRW","credit","2025-10-29","","%","한국투자증권 · 신용잔고 일별추이 [0476]","","","","2026-10-03T13:36:02.430Z","","","true","봉 기간의 마지막 유효 관측값","","","","not-configured","일부 거래일 누락","true","false","2024-10-02","2026-10-02","","","cumulative","2024-10-02"
"aligned","KR","etf","069500","day","KRW","credit","2025-10-30","","%","한국투자증권 · 신용잔고 일별추이 [0476]","","","","2026-10-03T13:36:02.430Z","","","true","봉 기간의 마지막 유효 관측값","","","","not-configured","일부 거래일 누락","true","false","2024-10-02","2026-10-02","","","cumulative","2024-10-02"
"aligned","KR","etf","069500","day","KRW","credit","2025-10-31","","%","한국투자증권 · 신용잔고 일별추이 [0476]","","","","2026-10-03T13:36:02.430Z","","","true","봉 기간의 마지막 유효 관측값","","","","not-configured","일부 거래일 누락","true","false","2024-10-02","2026-10-02","","","cumulative","2024-10-02"
"aligned","KR","etf","069500","day","KRW","credit","2025-11-03","","%","한국투자증권 · 신용잔고 일별추이 [0476]","","","","2026-10-03T13:36:02.430Z","","","true","봉 기간의 마지막 유효 관측값","","","","not-configured","일부 거래일 누락","true","false","2024-10-02","2026-10-02","","","cumulative","2024-10-02"
"aligned","KR","etf","069500","day","KRW","credit","2025-11-04","","%","한국투자증권 · 신용잔고 일별추이 [0476]","","","","2026-10-03T13:36:02.430Z","","","true","봉 기간의 마지막 유효 관측값","","","","not-configured","일부 거래일 누락","true","false","2024-10-02","2026-10-02","","","cumulative","2024-10-02"
"aligned","KR","etf","069500","day","KRW","credit","2025-11-05","","%","한국투자증권 · 신용잔고 일별추이 [0476]","","","","2026-10-03T13:36:02.430Z","","","true","봉 기간의 마지막 유효 관측값","","","","not-configured","일부 거래일 누락","true","false","2024-10-02","2026-10-02","","","cumulative","2024-10-02"
"aligned","KR","etf","069500","day","KRW","credit","2025-11-06","","%","한국투자증권 · 신용잔고 일별추이 [0476]","","","","2026-10-03T13:36:02.430Z","","","true","봉 기간의 마지막 유효 관측값","","","","not-configured","일부 거래일 누락","true","false","2024-10-02","2026-10-02","","","cumulative","2024-10-02"
"aligned","KR","etf","069500","day","KRW","credit","2025-11-07","","%","한국투자증권 · 신용잔고 일별추이 [0476]","","","","2026-10-03T13:36:02.430Z","","","true","봉 기간의 마지막 유효 관측값","","","","not-configured","일부 거래일 누락","true","false","2024-10-02","2026-10-02","","","cumulative","2024-10-02"
"aligned","KR","etf","069500","day","KRW","credit","2025-11-10","","%","한국투자증권 · 신용잔고 일별추이 [0476]","","","","2026-10-03T13:36:02.430Z","","","true","봉 기간의 마지막 유효 관측값","","","","not-configured","일부 거래일 누락","true","false","2024-10-02","2026-10-02","","","cumulative","2024-10-02"
"aligned","KR","etf","069500","day","KRW","credit","2025-11-11","","%","한국투자증권 · 신용잔고 일별추이 [0476]","","","","2026-10-03T13:36:02.430Z","","","true","봉 기간의 마지막 유효 관측값","","","","not-configured","일부 거래일 누락","true","false","2024-10-02","2026-10-02","","","cumulative","2024-10-02"
"aligned","KR","etf","069500","day","KRW","credit","2025-11-12","","%","한국투자증권 · 신용잔고 일별추이 [0476]","","","","2026-10-03T13:36:02.430Z","","","true","봉 기간의 마지막 유효 관측값","","","","not-configured","일부 거래일 누락","true","false","2024-10-02","2026-10-02","","","cumulative","2024-10-02"
"aligned","KR","etf","069500","day","KRW","credit","2025-11-13","","%","한국투자증권 · 신용잔고 일별추이 [0476]","","","","2026-10-03T13:36:02.430Z","","","true","봉 기간의 마지막 유효 관측값","","","","not-configured","일부 거래일 누락","true","false","2024-10-02","2026-10-02","","","cumulative","2024-10-02"
"aligned","KR","etf","069500","day","KRW","credit","2025-11-14","","%","한국투자증권 · 신용잔고 일별추이 [0476]","","","","2026-10-03T13:36:02.430Z","","","true","봉 기간의 마지막 유효 관측값","","","","not-configured","일부 거래일 누락","true","false","2024-10-02","2026-10-02","","","cumulative","2024-10-02"
"aligned","KR","etf","069500","day","KRW","credit","2025-11-17","","%","한국투자증권 · 신용잔고 일별추이 [0476]","","","","2026-10-03T13:36:02.430Z","","","true","봉 기간의 마지막 유효 관측값","","","","not-configured","일부 거래일 누락","true","false","2024-10-02","2026-10-02","","","cumulative","2024-10-02"
"aligned","KR","etf","069500","day","KRW","credit","2025-11-18","","%","한국투자증권 · 신용잔고 일별추이 [0476]","","","","2026-10-03T13:36:02.430Z","","","true","봉 기간의 마지막 유효 관측값","","","","not-configured","일부 거래일 누락","true","false","2024-10-02","2026-10-02","","","cumulative","2024-10-02"
"aligned","KR","etf","069500","day","KRW","credit","2025-11-19","","%","한국투자증권 · 신용잔고 일별추이 [0476]","","","","2026-10-03T13:36:02.430Z","","","true","봉 기간의 마지막 유효 관측값","","","","not-configured","일부 거래일 누락","true","false","2024-10-02","2026-10-02","","","cumulative","2024-10-02"
"aligned","KR","etf","069500","day","KRW","credit","2025-11-20","","%","한국투자증권 · 신용잔고 일별추이 [0476]","","","","2026-10-03T13:36:02.430Z","","","true","봉 기간의 마지막 유효 관측값","","","","not-configured","일부 거래일 누락","true","false","2024-10-02","2026-10-02","","","cumulative","2024-10-02"
"aligned","KR","etf","069500","day","KRW","credit","2025-11-21","","%","한국투자증권 · 신용잔고 일별추이 [0476]","","","","2026-10-03T13:36:02.430Z","","","true","봉 기간의 마지막 유효 관측값","","","","not-configured","일부 거래일 누락","true","false","2024-10-02","2026-10-02","","","cumulative","2024-10-02"
"aligned","KR","etf","069500","day","KRW","credit","2025-11-24","","%","한국투자증권 · 신용잔고 일별추이 [0476]","","","","2026-10-03T13:36:02.430Z","","","true","봉 기간의 마지막 유효 관측값","","","","not-configured","일부 거래일 누락","true","false","2024-10-02","2026-10-02","","","cumulative","2024-10-02"
"aligned","KR","etf","069500","day","KRW","credit","2025-11-25","","%","한국투자증권 · 신용잔고 일별추이 [0476]","","","","2026-10-03T13:36:02.430Z","","","true","봉 기간의 마지막 유효 관측값","","","","not-configured","일부 거래일 누락","true","false","2024-10-02","2026-10-02","","","cumulative","2024-10-02"
"aligned","KR","etf","069500","day","KRW","credit","2025-11-26","","%","한국투자증권 · 신용잔고 일별추이 [0476]","","","","2026-10-03T13:36:02.430Z","","","true","봉 기간의 마지막 유효 관측값","","","","not-configured","일부 거래일 누락","true","false","2024-10-02","2026-10-02","","","cumulative","2024-10-02"
"aligned","KR","etf","069500","day","KRW","credit","2025-11-27","","%","한국투자증권 · 신용잔고 일별추이 [0476]","","","","2026-10-03T13:36:02.430Z","","","true","봉 기간의 마지막 유효 관측값","","","","not-configured","일부 거래일 누락","true","false","2024-10-02","2026-10-02","","","cumulative","2024-10-02"
"aligned","KR","etf","069500","day","KRW","credit","2025-11-28","","%","한국투자증권 · 신용잔고 일별추이 [0476]","","","","2026-10-03T13:36:02.430Z","","","true","봉 기간의 마지막 유효 관측값","","","","not-configured","일부 거래일 누락","true","false","2024-10-02","2026-10-02","","","cumulative","2024-10-02"
"aligned","KR","etf","069500","day","KRW","credit","2025-12-01","","%","한국투자증권 · 신용잔고 일별추이 [0476]","","","","2026-10-03T13:36:02.430Z","","","true","봉 기간의 마지막 유효 관측값","","","","not-configured","일부 거래일 누락","true","false","2024-10-02","2026-10-02","","","cumulative","2024-10-02"
"aligned","KR","etf","069500","day","KRW","credit","2025-12-02","","%","한국투자증권 · 신용잔고 일별추이 [0476]","","","","2026-10-03T13:36:02.430Z","","","true","봉 기간의 마지막 유효 관측값","","","","not-configured","일부 거래일 누락","true","false","2024-10-02","2026-10-02","","","cumulative","2024-10-02"
"aligned","KR","etf","069500","day","KRW","credit","2025-12-03","","%","한국투자증권 · 신용잔고 일별추이 [0476]","","","","2026-10-03T13:36:02.430Z","","","true","봉 기간의 마지막 유효 관측값","","","","not-configured","일부 거래일 누락","true","false","2024-10-02","2026-10-02","","","cumulative","2024-10-02"
"aligned","KR","etf","069500","day","KRW","credit","2025-12-04","","%","한국투자증권 · 신용잔고 일별추이 [0476]","","","","2026-10-03T13:36:02.430Z","","","true","봉 기간의 마지막 유효 관측값","","","","not-configured","일부 거래일 누락","true","false","2024-10-02","2026-10-02","","","cumulative","2024-10-02"
"aligned","KR","etf","069500","day","KRW","credit","2025-12-05","","%","한국투자증권 · 신용잔고 일별추이 [0476]","","","","2026-10-03T13:36:02.430Z","","","true","봉 기간의 마지막 유효 관측값","","","","not-configured","일부 거래일 누락","true","false","2024-10-02","2026-10-02","","","cumulative","2024-10-02"
"aligned","KR","etf","069500","day","KRW","credit","2025-12-08","","%","한국투자증권 · 신용잔고 일별추이 [0476]","","","","2026-10-03T13:36:02.430Z","","","true","봉 기간의 마지막 유효 관측값","","","","not-configured","일부 거래일 누락","true","false","2024-10-02","2026-10-02","","","cumulative","2024-10-02"
"aligned","KR","etf","069500","day","KRW","credit","2025-12-09","","%","한국투자증권 · 신용잔고 일별추이 [0476]","","","","2026-10-03T13:36:02.430Z","","","true","봉 기간의 마지막 유효 관측값","","","","not-configured","일부 거래일 누락","true","false","2024-10-02","2026-10-02","","","cumulative","2024-10-02"
"aligned","KR","etf","069500","day","KRW","credit","2025-12-10","","%","한국투자증권 · 신용잔고 일별추이 [0476]","","","","2026-10-03T13:36:02.430Z","","","true","봉 기간의 마지막 유효 관측값","","","","not-configured","일부 거래일 누락","true","false","2024-10-02","2026-10-02","","","cumulative","2024-10-02"
"aligned","KR","etf","069500","day","KRW","credit","2025-12-11","","%","한국투자증권 · 신용잔고 일별추이 [0476]","","","","2026-10-03T13:36:02.430Z","","","true","봉 기간의 마지막 유효 관측값","","","","not-configured","일부 거래일 누락","true","false","2024-10-02","2026-10-02","","","cumulative","2024-10-02"
"aligned","KR","etf","069500","day","KRW","credit","2025-12-12","","%","한국투자증권 · 신용잔고 일별추이 [0476]","","","","2026-10-03T13:36:02.430Z","","","true","봉 기간의 마지막 유효 관측값","","","","not-configured","일부 거래일 누락","true","false","2024-10-02","2026-10-02","","","cumulative","2024-10-02"
"aligned","KR","etf","069500","day","KRW","credit","2025-12-15","","%","한국투자증권 · 신용잔고 일별추이 [0476]","","","","2026-10-03T13:36:02.430Z","","","true","봉 기간의 마지막 유효 관측값","","","","not-configured","일부 거래일 누락","true","false","2024-10-02","2026-10-02","","","cumulative","2024-10-02"
"aligned","KR","etf","069500","day","KRW","credit","2025-12-16","","%","한국투자증권 · 신용잔고 일별추이 [0476]","","","","2026-10-03T13:36:02.430Z","","","true","봉 기간의 마지막 유효 관측값","","","","not-configured","일부 거래일 누락","true","false","2024-10-02","2026-10-02","","","cumulative","2024-10-02"
"aligned","KR","etf","069500","day","KRW","credit","2025-12-17","","%","한국투자증권 · 신용잔고 일별추이 [0476]","","","","2026-10-03T13:36:02.430Z","","","true","봉 기간의 마지막 유효 관측값","","","","not-configured","일부 거래일 누락","true","false","2024-10-02","2026-10-02","","","cumulative","2024-10-02"
"aligned","KR","etf","069500","day","KRW","credit","2025-12-18","","%","한국투자증권 · 신용잔고 일별추이 [0476]","","","","2026-10-03T13:36:02.430Z","","","true","봉 기간의 마지막 유효 관측값","","","","not-configured","일부 거래일 누락","true","false","2024-10-02","2026-10-02","","","cumulative","2024-10-02"
"aligned","KR","etf","069500","day","KRW","credit","2025-12-19","","%","한국투자증권 · 신용잔고 일별추이 [0476]","","","","2026-10-03T13:36:02.430Z","","","true","봉 기간의 마지막 유효 관측값","","","","not-configured","일부 거래일 누락","true","false","2024-10-02","2026-10-02","","","cumulative","2024-10-02"
"aligned","KR","etf","069500","day","KRW","credit","2025-12-22","","%","한국투자증권 · 신용잔고 일별추이 [0476]","","","","2026-10-03T13:36:02.430Z","","","true","봉 기간의 마지막 유효 관측값","","","","not-configured","일부 거래일 누락","true","false","2024-10-02","2026-10-02","","","cumulative","2024-10-02"
"aligned","KR","etf","069500","day","KRW","credit","2025-12-23","","%","한국투자증권 · 신용잔고 일별추이 [0476]","","","","2026-10-03T13:36:02.430Z","","","true","봉 기간의 마지막 유효 관측값","","","","not-configured","일부 거래일 누락","true","false","2024-10-02","2026-10-02","","","cumulative","2024-10-02"
"aligned","KR","etf","069500","day","KRW","credit","2025-12-24","","%","한국투자증권 · 신용잔고 일별추이 [0476]","","","","2026-10-03T13:36:02.430Z","","","true","봉 기간의 마지막 유효 관측값","","","","not-configured","일부 거래일 누락","true","false","2024-10-02","2026-10-02","","","cumulative","2024-10-02"
"aligned","KR","etf","069500","day","KRW","credit","2025-12-26","","%","한국투자증권 · 신용잔고 일별추이 [0476]","","","","2026-10-03T13:36:02.430Z","","","true","봉 기간의 마지막 유효 관측값","","","","not-configured","일부 거래일 누락","true","false","2024-10-02","2026-10-02","","","cumulative","2024-10-02"
"aligned","KR","etf","069500","day","KRW","credit","2025-12-29","","%","한국투자증권 · 신용잔고 일별추이 [0476]","","","","2026-10-03T13:36:02.430Z","","","true","봉 기간의 마지막 유효 관측값","","","","not-configured","일부 거래일 누락","true","false","2024-10-02","2026-10-02","","","cumulative","2024-10-02"
"aligned","KR","etf","069500","day","KRW","credit","2025-12-30","","%","한국투자증권 · 신용잔고 일별추이 [0476]","","","","2026-10-03T13:36:02.430Z","","","true","봉 기간의 마지막 유효 관측값","","","","not-configured","일부 거래일 누락","true","false","2024-10-02","2026-10-02","","","cumulative","2024-10-02"
"aligned","KR","etf","069500","day","KRW","credit","2026-01-02","","%","한국투자증권 · 신용잔고 일별추이 [0476]","","","","2026-10-03T13:36:02.430Z","","","true","봉 기간의 마지막 유효 관측값","","","","not-configured","일부 거래일 누락","true","false","2024-10-02","2026-10-02","","","cumulative","2024-10-02"
"aligned","KR","etf","069500","day","KRW","credit","2026-01-05","","%","한국투자증권 · 신용잔고 일별추이 [0476]","","","","2026-10-03T13:36:02.430Z","","","true","봉 기간의 마지막 유효 관측값","","","","not-configured","일부 거래일 누락","true","false","2024-10-02","2026-10-02","","","cumulative","2024-10-02"
"aligned","KR","etf","069500","day","KRW","credit","2026-01-06","","%","한국투자증권 · 신용잔고 일별추이 [0476]","","","","2026-10-03T13:36:02.430Z","","","true","봉 기간의 마지막 유효 관측값","","","","not-configured","일부 거래일 누락","true","false","2024-10-02","2026-10-02","","","cumulative","2024-10-02"
"aligned","KR","etf","069500","day","KRW","credit","2026-01-07","","%","한국투자증권 · 신용잔고 일별추이 [0476]","","","","2026-10-03T13:36:02.430Z","","","true","봉 기간의 마지막 유효 관측값","","","","not-configured","일부 거래일 누락","true","false","2024-10-02","2026-10-02","","","cumulative","2024-10-02"
"aligned","KR","etf","069500","day","KRW","credit","2026-01-08","","%","한국투자증권 · 신용잔고 일별추이 [0476]","","","","2026-10-03T13:36:02.430Z","","","true","봉 기간의 마지막 유효 관측값","","","","not-configured","일부 거래일 누락","true","false","2024-10-02","2026-10-02","","","cumulative","2024-10-02"
"aligned","KR","etf","069500","day","KRW","credit","2026-01-09","","%","한국투자증권 · 신용잔고 일별추이 [0476]","","","","2026-10-03T13:36:02.430Z","","","true","봉 기간의 마지막 유효 관측값","","","","not-configured","일부 거래일 누락","true","false","2024-10-02","2026-10-02","","","cumulative","2024-10-02"
"aligned","KR","etf","069500","day","KRW","credit","2026-01-12","","%","한국투자증권 · 신용잔고 일별추이 [0476]","","","","2026-10-03T13:36:02.430Z","","","true","봉 기간의 마지막 유효 관측값","","","","not-configured","일부 거래일 누락","true","false","2024-10-02","2026-10-02","","","cumulative","2024-10-02"
"aligned","KR","etf","069500","day","KRW","credit","2026-01-13","","%","한국투자증권 · 신용잔고 일별추이 [0476]","","","","2026-10-03T13:36:02.430Z","","","true","봉 기간의 마지막 유효 관측값","","","","not-configured","일부 거래일 누락","true","false","2024-10-02","2026-10-02","","","cumulative","2024-10-02"
"aligned","KR","etf","069500","day","KRW","credit","2026-01-14","","%","한국투자증권 · 신용잔고 일별추이 [0476]","","","","2026-10-03T13:36:02.430Z","","","true","봉 기간의 마지막 유효 관측값","","","","not-configured","일부 거래일 누락","true","false","2024-10-02","2026-10-02","","","cumulative","2024-10-02"
"aligned","KR","etf","069500","day","KRW","credit","2026-01-15","","%","한국투자증권 · 신용잔고 일별추이 [0476]","","","","2026-10-03T13:36:02.430Z","","","true","봉 기간의 마지막 유효 관측값","","","","not-configured","일부 거래일 누락","true","false","2024-10-02","2026-10-02","","","cumulative","2024-10-02"
"aligned","KR","etf","069500","day","KRW","credit","2026-01-16","","%","한국투자증권 · 신용잔고 일별추이 [0476]","","","","2026-10-03T13:36:02.430Z","","","true","봉 기간의 마지막 유효 관측값","","","","not-configured","일부 거래일 누락","true","false","2024-10-02","2026-10-02","","","cumulative","2024-10-02"
"aligned","KR","etf","069500","day","KRW","credit","2026-01-19","","%","한국투자증권 · 신용잔고 일별추이 [0476]","","","","2026-10-03T13:36:02.430Z","","","true","봉 기간의 마지막 유효 관측값","","","","not-configured","일부 거래일 누락","true","false","2024-10-02","2026-10-02","","","cumulative","2024-10-02"
"aligned","KR","etf","069500","day","KRW","credit","2026-01-20","","%","한국투자증권 · 신용잔고 일별추이 [0476]","","","","2026-10-03T13:36:02.430Z","","","true","봉 기간의 마지막 유효 관측값","","","","not-configured","일부 거래일 누락","true","false","2024-10-02","2026-10-02","","","cumulative","2024-10-02"
"aligned","KR","etf","069500","day","KRW","credit","2026-01-21","","%","한국투자증권 · 신용잔고 일별추이 [0476]","","","","2026-10-03T13:36:02.430Z","","","true","봉 기간의 마지막 유효 관측값","","","","not-configured","일부 거래일 누락","true","false","2024-10-02","2026-10-02","","","cumulative","2024-10-02"
"aligned","KR","etf","069500","day","KRW","credit","2026-01-22","","%","한국투자증권 · 신용잔고 일별추이 [0476]","","","","2026-10-03T13:36:02.430Z","","","true","봉 기간의 마지막 유효 관측값","","","","not-configured","일부 거래일 누락","true","false","2024-10-02","2026-10-02","","","cumulative","2024-10-02"
"aligned","KR","etf","069500","day","KRW","credit","2026-01-23","","%","한국투자증권 · 신용잔고 일별추이 [0476]","","","","2026-10-03T13:36:02.430Z","","","true","봉 기간의 마지막 유효 관측값","","","","not-configured","일부 거래일 누락","true","false","2024-10-02","2026-10-02","","","cumulative","2024-10-02"
"aligned","KR","etf","069500","day","KRW","credit","2026-01-26","","%","한국투자증권 · 신용잔고 일별추이 [0476]","","","","2026-10-03T13:36:02.430Z","","","true","봉 기간의 마지막 유효 관측값","","","","not-configured","일부 거래일 누락","true","false","2024-10-02","2026-10-02","","","cumulative","2024-10-02"
"aligned","KR","etf","069500","day","KRW","credit","2026-01-27","","%","한국투자증권 · 신용잔고 일별추이 [0476]","","","","2026-10-03T13:36:02.430Z","","","true","봉 기간의 마지막 유효 관측값","","","","not-configured","일부 거래일 누락","true","false","2024-10-02","2026-10-02","","","cumulative","2024-10-02"
"aligned","KR","etf","069500","day","KRW","credit","2026-01-28","","%","한국투자증권 · 신용잔고 일별추이 [0476]","","","","2026-10-03T13:36:02.430Z","","","true","봉 기간의 마지막 유효 관측값","","","","not-configured","일부 거래일 누락","true","false","2024-10-02","2026-10-02","","","cumulative","2024-10-02"
"aligned","KR","etf","069500","day","KRW","credit","2026-01-29","","%","한국투자증권 · 신용잔고 일별추이 [0476]","","","","2026-10-03T13:36:02.430Z","","","true","봉 기간의 마지막 유효 관측값","","","","not-configured","일부 거래일 누락","true","false","2024-10-02","2026-10-02","","","cumulative","2024-10-02"
"aligned","KR","etf","069500","day","KRW","credit","2026-01-30","","%","한국투자증권 · 신용잔고 일별추이 [0476]","","","","2026-10-03T13:36:02.430Z","","","true","봉 기간의 마지막 유효 관측값","","","","not-configured","일부 거래일 누락","true","false","2024-10-02","2026-10-02","","","cumulative","2024-10-02"
"aligned","KR","etf","069500","day","KRW","credit","2026-02-02","","%","한국투자증권 · 신용잔고 일별추이 [0476]","","","","2026-10-03T13:36:02.430Z","","","true","봉 기간의 마지막 유효 관측값","","","","not-configured","일부 거래일 누락","true","false","2024-10-02","2026-10-02","","","cumulative","2024-10-02"
"aligned","KR","etf","069500","day","KRW","credit","2026-02-03","","%","한국투자증권 · 신용잔고 일별추이 [0476]","","","","2026-10-03T13:36:02.430Z","","","true","봉 기간의 마지막 유효 관측값","","","","not-configured","일부 거래일 누락","true","false","2024-10-02","2026-10-02","","","cumulative","2024-10-02"
"aligned","KR","etf","069500","day","KRW","credit","2026-02-04","","%","한국투자증권 · 신용잔고 일별추이 [0476]","","","","2026-10-03T13:36:02.430Z","","","true","봉 기간의 마지막 유효 관측값","","","","not-configured","일부 거래일 누락","true","false","2024-10-02","2026-10-02","","","cumulative","2024-10-02"
"aligned","KR","etf","069500","day","KRW","credit","2026-02-05","","%","한국투자증권 · 신용잔고 일별추이 [0476]","","","","2026-10-03T13:36:02.430Z","","","true","봉 기간의 마지막 유효 관측값","","","","not-configured","일부 거래일 누락","true","false","2024-10-02","2026-10-02","","","cumulative","2024-10-02"
"aligned","KR","etf","069500","day","KRW","credit","2026-02-06","","%","한국투자증권 · 신용잔고 일별추이 [0476]","","","","2026-10-03T13:36:02.430Z","","","true","봉 기간의 마지막 유효 관측값","","","","not-configured","일부 거래일 누락","true","false","2024-10-02","2026-10-02","","","cumulative","2024-10-02"
"aligned","KR","etf","069500","day","KRW","credit","2026-02-09","","%","한국투자증권 · 신용잔고 일별추이 [0476]","","","","2026-10-03T13:36:02.430Z","","","true","봉 기간의 마지막 유효 관측값","","","","not-configured","일부 거래일 누락","true","false","2024-10-02","2026-10-02","","","cumulative","2024-10-02"
"aligned","KR","etf","069500","day","KRW","credit","2026-02-10","","%","한국투자증권 · 신용잔고 일별추이 [0476]","","","","2026-10-03T13:36:02.430Z","","","true","봉 기간의 마지막 유효 관측값","","","","not-configured","일부 거래일 누락","true","false","2024-10-02","2026-10-02","","","cumulative","2024-10-02"
"aligned","KR","etf","069500","day","KRW","credit","2026-02-11","","%","한국투자증권 · 신용잔고 일별추이 [0476]","","","","2026-10-03T13:36:02.430Z","","","true","봉 기간의 마지막 유효 관측값","","","","not-configured","일부 거래일 누락","true","false","2024-10-02","2026-10-02","","","cumulative","2024-10-02"
"aligned","KR","etf","069500","day","KRW","credit","2026-02-12","","%","한국투자증권 · 신용잔고 일별추이 [0476]","","","","2026-10-03T13:36:02.430Z","","","true","봉 기간의 마지막 유효 관측값","","","","not-configured","일부 거래일 누락","true","false","2024-10-02","2026-10-02","","","cumulative","2024-10-02"
"aligned","KR","etf","069500","day","KRW","credit","2026-02-13","","%","한국투자증권 · 신용잔고 일별추이 [0476]","","","","2026-10-03T13:36:02.430Z","","","true","봉 기간의 마지막 유효 관측값","","","","not-configured","일부 거래일 누락","true","false","2024-10-02","2026-10-02","","","cumulative","2024-10-02"
"aligned","KR","etf","069500","day","KRW","credit","2026-02-19","","%","한국투자증권 · 신용잔고 일별추이 [0476]","","","","2026-10-03T13:36:02.430Z","","","true","봉 기간의 마지막 유효 관측값","","","","not-configured","일부 거래일 누락","true","false","2024-10-02","2026-10-02","","","cumulative","2024-10-02"
"aligned","KR","etf","069500","day","KRW","credit","2026-02-20","","%","한국투자증권 · 신용잔고 일별추이 [0476]","","","","2026-10-03T13:36:02.430Z","","","true","봉 기간의 마지막 유효 관측값","","","","not-configured","일부 거래일 누락","true","false","2024-10-02","2026-10-02","","","cumulative","2024-10-02"
"aligned","KR","etf","069500","day","KRW","credit","2026-02-23","","%","한국투자증권 · 신용잔고 일별추이 [0476]","","","","2026-10-03T13:36:02.430Z","","","true","봉 기간의 마지막 유효 관측값","","","","not-configured","일부 거래일 누락","true","false","2024-10-02","2026-10-02","","","cumulative","2024-10-02"
"aligned","KR","etf","069500","day","KRW","credit","2026-02-24","","%","한국투자증권 · 신용잔고 일별추이 [0476]","","","","2026-10-03T13:36:02.430Z","","","true","봉 기간의 마지막 유효 관측값","","","","not-configured","일부 거래일 누락","true","false","2024-10-02","2026-10-02","","","cumulative","2024-10-02"
"aligned","KR","etf","069500","day","KRW","credit","2026-02-25","","%","한국투자증권 · 신용잔고 일별추이 [0476]","","","","2026-10-03T13:36:02.430Z","","","true","봉 기간의 마지막 유효 관측값","","","","not-configured","일부 거래일 누락","true","false","2024-10-02","2026-10-02","","","cumulative","2024-10-02"
"aligned","KR","etf","069500","day","KRW","credit","2026-02-26","","%","한국투자증권 · 신용잔고 일별추이 [0476]","","","","2026-10-03T13:36:02.430Z","","","true","봉 기간의 마지막 유효 관측값","","","","not-configured","일부 거래일 누락","true","false","2024-10-02","2026-10-02","","","cumulative","2024-10-02"
"aligned","KR","etf","069500","day","KRW","credit","2026-02-27","","%","한국투자증권 · 신용잔고 일별추이 [0476]","","","","2026-10-03T13:36:02.430Z","","","true","봉 기간의 마지막 유효 관측값","","","","not-configured","일부 거래일 누락","true","false","2024-10-02","2026-10-02","","","cumulative","2024-10-02"
"aligned","KR","etf","069500","day","KRW","credit","2026-03-03","","%","한국투자증권 · 신용잔고 일별추이 [0476]","","","","2026-10-03T13:36:02.430Z","","","true","봉 기간의 마지막 유효 관측값","","","","not-configured","일부 거래일 누락","true","false","2024-10-02","2026-10-02","","","cumulative","2024-10-02"
"aligned","KR","etf","069500","day","KRW","credit","2026-03-04","","%","한국투자증권 · 신용잔고 일별추이 [0476]","","","","2026-10-03T13:36:02.430Z","","","true","봉 기간의 마지막 유효 관측값","","","","not-configured","일부 거래일 누락","true","false","2024-10-02","2026-10-02","","","cumulative","2024-10-02"
"aligned","KR","etf","069500","day","KRW","credit","2026-03-05","","%","한국투자증권 · 신용잔고 일별추이 [0476]","","","","2026-10-03T13:36:02.430Z","","","true","봉 기간의 마지막 유효 관측값","","","","not-configured","일부 거래일 누락","true","false","2024-10-02","2026-10-02","","","cumulative","2024-10-02"
"aligned","KR","etf","069500","day","KRW","credit","2026-03-06","","%","한국투자증권 · 신용잔고 일별추이 [0476]","","","","2026-10-03T13:36:02.430Z","","","true","봉 기간의 마지막 유효 관측값","","","","not-configured","일부 거래일 누락","true","false","2024-10-02","2026-10-02","","","cumulative","2024-10-02"
"aligned","KR","etf","069500","day","KRW","credit","2026-03-09","","%","한국투자증권 · 신용잔고 일별추이 [0476]","","","","2026-10-03T13:36:02.430Z","","","true","봉 기간의 마지막 유효 관측값","","","","not-configured","일부 거래일 누락","true","false","2024-10-02","2026-10-02","","","cumulative","2024-10-02"
"aligned","KR","etf","069500","day","KRW","credit","2026-03-10","","%","한국투자증권 · 신용잔고 일별추이 [0476]","","","","2026-10-03T13:36:02.430Z","","","true","봉 기간의 마지막 유효 관측값","","","","not-configured","일부 거래일 누락","true","false","2024-10-02","2026-10-02","","","cumulative","2024-10-02"
"aligned","KR","etf","069500","day","KRW","credit","2026-03-11","","%","한국투자증권 · 신용잔고 일별추이 [0476]","","","","2026-10-03T13:36:02.430Z","","","true","봉 기간의 마지막 유효 관측값","","","","not-configured","일부 거래일 누락","true","false","2024-10-02","2026-10-02","","","cumulative","2024-10-02"
"aligned","KR","etf","069500","day","KRW","credit","2026-03-12","","%","한국투자증권 · 신용잔고 일별추이 [0476]","","","","2026-10-03T13:36:02.430Z","","","true","봉 기간의 마지막 유효 관측값","","","","not-configured","일부 거래일 누락","true","false","2024-10-02","2026-10-02","","","cumulative","2024-10-02"
"aligned","KR","etf","069500","day","KRW","credit","2026-03-13","","%","한국투자증권 · 신용잔고 일별추이 [0476]","","","","2026-10-03T13:36:02.430Z","","","true","봉 기간의 마지막 유효 관측값","","","","not-configured","일부 거래일 누락","true","false","2024-10-02","2026-10-02","","","cumulative","2024-10-02"
"aligned","KR","etf","069500","day","KRW","credit","2026-03-16","","%","한국투자증권 · 신용잔고 일별추이 [0476]","","","","2026-10-03T13:36:02.430Z","","","true","봉 기간의 마지막 유효 관측값","","","","not-configured","일부 거래일 누락","true","false","2024-10-02","2026-10-02","","","cumulative","2024-10-02"
"aligned","KR","etf","069500","day","KRW","credit","2026-03-17","","%","한국투자증권 · 신용잔고 일별추이 [0476]","","","","2026-10-03T13:36:02.430Z","","","true","봉 기간의 마지막 유효 관측값","","","","not-configured","일부 거래일 누락","true","false","2024-10-02","2026-10-02","","","cumulative","2024-10-02"
"aligned","KR","etf","069500","day","KRW","credit","2026-03-18","","%","한국투자증권 · 신용잔고 일별추이 [0476]","","","","2026-10-03T13:36:02.430Z","","","true","봉 기간의 마지막 유효 관측값","","","","not-configured","일부 거래일 누락","true","false","2024-10-02","2026-10-02","","","cumulative","2024-10-02"
"aligned","KR","etf","069500","day","KRW","credit","2026-03-19","","%","한국투자증권 · 신용잔고 일별추이 [0476]","","","","2026-10-03T13:36:02.430Z","","","true","봉 기간의 마지막 유효 관측값","","","","not-configured","일부 거래일 누락","true","false","2024-10-02","2026-10-02","","","cumulative","2024-10-02"
"aligned","KR","etf","069500","day","KRW","credit","2026-03-20","","%","한국투자증권 · 신용잔고 일별추이 [0476]","","","","2026-10-03T13:36:02.430Z","","","true","봉 기간의 마지막 유효 관측값","","","","not-configured","일부 거래일 누락","true","false","2024-10-02","2026-10-02","","","cumulative","2024-10-02"
"aligned","KR","etf","069500","day","KRW","credit","2026-03-23","","%","한국투자증권 · 신용잔고 일별추이 [0476]","","","","2026-10-03T13:36:02.430Z","","","true","봉 기간의 마지막 유효 관측값","","","","not-configured","일부 거래일 누락","true","false","2024-10-02","2026-10-02","","","cumulative","2024-10-02"
"aligned","KR","etf","069500","day","KRW","credit","2026-03-24","","%","한국투자증권 · 신용잔고 일별추이 [0476]","","","","2026-10-03T13:36:02.430Z","","","true","봉 기간의 마지막 유효 관측값","","","","not-configured","일부 거래일 누락","true","false","2024-10-02","2026-10-02","","","cumulative","2024-10-02"
"aligned","KR","etf","069500","day","KRW","credit","2026-03-25","","%","한국투자증권 · 신용잔고 일별추이 [0476]","","","","2026-10-03T13:36:02.430Z","","","true","봉 기간의 마지막 유효 관측값","","","","not-configured","일부 거래일 누락","true","false","2024-10-02","2026-10-02","","","cumulative","2024-10-02"
"aligned","KR","etf","069500","day","KRW","credit","2026-03-26","","%","한국투자증권 · 신용잔고 일별추이 [0476]","","","","2026-10-03T13:36:02.430Z","","","true","봉 기간의 마지막 유효 관측값","","","","not-configured","일부 거래일 누락","true","false","2024-10-02","2026-10-02","","","cumulative","2024-10-02"
"aligned","KR","etf","069500","day","KRW","credit","2026-03-27","","%","한국투자증권 · 신용잔고 일별추이 [0476]","","","","2026-10-03T13:36:02.430Z","","","true","봉 기간의 마지막 유효 관측값","","","","not-configured","일부 거래일 누락","true","false","2024-10-02","2026-10-02","","","cumulative","2024-10-02"
"aligned","KR","etf","069500","day","KRW","credit","2026-03-30","","%","한국투자증권 · 신용잔고 일별추이 [0476]","","","","2026-10-03T13:36:02.430Z","","","true","봉 기간의 마지막 유효 관측값","","","","not-configured","일부 거래일 누락","true","false","2024-10-02","2026-10-02","","","cumulative","2024-10-02"
"aligned","KR","etf","069500","day","KRW","credit","2026-03-31","","%","한국투자증권 · 신용잔고 일별추이 [0476]","","","","2026-10-03T13:36:02.430Z","","","true","봉 기간의 마지막 유효 관측값","","","","not-configured","일부 거래일 누락","true","false","2024-10-02","2026-10-02","","","cumulative","2024-10-02"
"aligned","KR","etf","069500","day","KRW","credit","2026-04-01","","%","한국투자증권 · 신용잔고 일별추이 [0476]","","","","2026-10-03T13:36:02.430Z","","","true","봉 기간의 마지막 유효 관측값","","","","not-configured","일부 거래일 누락","true","false","2024-10-02","2026-10-02","","","cumulative","2024-10-02"
"aligned","KR","etf","069500","day","KRW","credit","2026-04-02","","%","한국투자증권 · 신용잔고 일별추이 [0476]","","","","2026-10-03T13:36:02.430Z","","","true","봉 기간의 마지막 유효 관측값","","","","not-configured","일부 거래일 누락","true","false","2024-10-02","2026-10-02","","","cumulative","2024-10-02"
"aligned","KR","etf","069500","day","KRW","credit","2026-04-03","","%","한국투자증권 · 신용잔고 일별추이 [0476]","","","","2026-10-03T13:36:02.430Z","","","true","봉 기간의 마지막 유효 관측값","","","","not-configured","일부 거래일 누락","true","false","2024-10-02","2026-10-02","","","cumulative","2024-10-02"
"aligned","KR","etf","069500","day","KRW","credit","2026-04-06","","%","한국투자증권 · 신용잔고 일별추이 [0476]","","","","2026-10-03T13:36:02.430Z","","","true","봉 기간의 마지막 유효 관측값","","","","not-configured","일부 거래일 누락","true","false","2024-10-02","2026-10-02","","","cumulative","2024-10-02"
"aligned","KR","etf","069500","day","KRW","credit","2026-04-07","","%","한국투자증권 · 신용잔고 일별추이 [0476]","","","","2026-10-03T13:36:02.430Z","","","true","봉 기간의 마지막 유효 관측값","","","","not-configured","일부 거래일 누락","true","false","2024-10-02","2026-10-02","","","cumulative","2024-10-02"
"aligned","KR","etf","069500","day","KRW","credit","2026-04-08","","%","한국투자증권 · 신용잔고 일별추이 [0476]","","","","2026-10-03T13:36:02.430Z","","","true","봉 기간의 마지막 유효 관측값","","","","not-configured","일부 거래일 누락","true","false","2024-10-02","2026-10-02","","","cumulative","2024-10-02"
"aligned","KR","etf","069500","day","KRW","credit","2026-04-09","","%","한국투자증권 · 신용잔고 일별추이 [0476]","","","","2026-10-03T13:36:02.430Z","","","true","봉 기간의 마지막 유효 관측값","","","","not-configured","일부 거래일 누락","true","false","2024-10-02","2026-10-02","","","cumulative","2024-10-02"
"aligned","KR","etf","069500","day","KRW","credit","2026-04-10","","%","한국투자증권 · 신용잔고 일별추이 [0476]","","","","2026-10-03T13:36:02.430Z","","","true","봉 기간의 마지막 유효 관측값","","","","not-configured","일부 거래일 누락","true","false","2024-10-02","2026-10-02","","","cumulative","2024-10-02"
"aligned","KR","etf","069500","day","KRW","credit","2026-04-13","","%","한국투자증권 · 신용잔고 일별추이 [0476]","","","","2026-10-03T13:36:02.430Z","","","true","봉 기간의 마지막 유효 관측값","","","","not-configured","일부 거래일 누락","true","false","2024-10-02","2026-10-02","","","cumulative","2024-10-02"
"aligned","KR","etf","069500","day","KRW","credit","2026-04-14","","%","한국투자증권 · 신용잔고 일별추이 [0476]","","","","2026-10-03T13:36:02.430Z","","","true","봉 기간의 마지막 유효 관측값","","","","not-configured","일부 거래일 누락","true","false","2024-10-02","2026-10-02","","","cumulative","2024-10-02"
"aligned","KR","etf","069500","day","KRW","credit","2026-04-15","","%","한국투자증권 · 신용잔고 일별추이 [0476]","","","","2026-10-03T13:36:02.430Z","","","true","봉 기간의 마지막 유효 관측값","","","","not-configured","일부 거래일 누락","true","false","2024-10-02","2026-10-02","","","cumulative","2024-10-02"
"aligned","KR","etf","069500","day","KRW","credit","2026-04-16","","%","한국투자증권 · 신용잔고 일별추이 [0476]","","","","2026-10-03T13:36:02.430Z","","","true","봉 기간의 마지막 유효 관측값","","","","not-configured","일부 거래일 누락","true","false","2024-10-02","2026-10-02","","","cumulative","2024-10-02"
"aligned","KR","etf","069500","day","KRW","credit","2026-04-17","","%","한국투자증권 · 신용잔고 일별추이 [0476]","","","","2026-10-03T13:36:02.430Z","","","true","봉 기간의 마지막 유효 관측값","","","","not-configured","일부 거래일 누락","true","false","2024-10-02","2026-10-02","","","cumulative","2024-10-02"
"aligned","KR","etf","069500","day","KRW","credit","2026-04-20","","%","한국투자증권 · 신용잔고 일별추이 [0476]","","","","2026-10-03T13:36:02.430Z","","","true","봉 기간의 마지막 유효 관측값","","","","not-configured","일부 거래일 누락","true","false","2024-10-02","2026-10-02","","","cumulative","2024-10-02"
"aligned","KR","etf","069500","day","KRW","credit","2026-04-21","","%","한국투자증권 · 신용잔고 일별추이 [0476]","","","","2026-10-03T13:36:02.430Z","","","true","봉 기간의 마지막 유효 관측값","","","","not-configured","일부 거래일 누락","true","false","2024-10-02","2026-10-02","","","cumulative","2024-10-02"
"aligned","KR","etf","069500","day","KRW","credit","2026-04-22","","%","한국투자증권 · 신용잔고 일별추이 [0476]","","","","2026-10-03T13:36:02.430Z","","","true","봉 기간의 마지막 유효 관측값","","","","not-configured","일부 거래일 누락","true","false","2024-10-02","2026-10-02","","","cumulative","2024-10-02"
"aligned","KR","etf","069500","day","KRW","credit","2026-04-23","","%","한국투자증권 · 신용잔고 일별추이 [0476]","","","","2026-10-03T13:36:02.430Z","","","true","봉 기간의 마지막 유효 관측값","","","","not-configured","일부 거래일 누락","true","false","2024-10-02","2026-10-02","","","cumulative","2024-10-02"
"aligned","KR","etf","069500","day","KRW","credit","2026-04-24","","%","한국투자증권 · 신용잔고 일별추이 [0476]","","","","2026-10-03T13:36:02.430Z","","","true","봉 기간의 마지막 유효 관측값","","","","not-configured","일부 거래일 누락","true","false","2024-10-02","2026-10-02","","","cumulative","2024-10-02"
"aligned","KR","etf","069500","day","KRW","credit","2026-04-27","","%","한국투자증권 · 신용잔고 일별추이 [0476]","","","","2026-10-03T13:36:02.430Z","","","true","봉 기간의 마지막 유효 관측값","","","","not-configured","일부 거래일 누락","true","false","2024-10-02","2026-10-02","","","cumulative","2024-10-02"
"aligned","KR","etf","069500","day","KRW","credit","2026-04-28","","%","한국투자증권 · 신용잔고 일별추이 [0476]","","","","2026-10-03T13:36:02.430Z","","","true","봉 기간의 마지막 유효 관측값","","","","not-configured","일부 거래일 누락","true","false","2024-10-02","2026-10-02","","","cumulative","2024-10-02"
"aligned","KR","etf","069500","day","KRW","credit","2026-04-29","","%","한국투자증권 · 신용잔고 일별추이 [0476]","","","","2026-10-03T13:36:02.430Z","","","true","봉 기간의 마지막 유효 관측값","","","","not-configured","일부 거래일 누락","true","false","2024-10-02","2026-10-02","","","cumulative","2024-10-02"
"aligned","KR","etf","069500","day","KRW","credit","2026-04-30","","%","한국투자증권 · 신용잔고 일별추이 [0476]","","","","2026-10-03T13:36:02.430Z","","","true","봉 기간의 마지막 유효 관측값","","","","not-configured","일부 거래일 누락","true","false","2024-10-02","2026-10-02","","","cumulative","2024-10-02"
"aligned","KR","etf","069500","day","KRW","credit","2026-05-04","","%","한국투자증권 · 신용잔고 일별추이 [0476]","","","","2026-10-03T13:36:02.430Z","","","true","봉 기간의 마지막 유효 관측값","","","","not-configured","일부 거래일 누락","true","false","2024-10-02","2026-10-02","","","cumulative","2024-10-02"
"aligned","KR","etf","069500","day","KRW","credit","2026-05-06","","%","한국투자증권 · 신용잔고 일별추이 [0476]","","","","2026-10-03T13:36:02.430Z","","","true","봉 기간의 마지막 유효 관측값","","","","not-configured","일부 거래일 누락","true","false","2024-10-02","2026-10-02","","","cumulative","2024-10-02"
"aligned","KR","etf","069500","day","KRW","credit","2026-05-07","","%","한국투자증권 · 신용잔고 일별추이 [0476]","","","","2026-10-03T13:36:02.430Z","","","true","봉 기간의 마지막 유효 관측값","","","","not-configured","일부 거래일 누락","true","false","2024-10-02","2026-10-02","","","cumulative","2024-10-02"
"aligned","KR","etf","069500","day","KRW","credit","2026-05-08","","%","한국투자증권 · 신용잔고 일별추이 [0476]","","","","2026-10-03T13:36:02.430Z","","","true","봉 기간의 마지막 유효 관측값","","","","not-configured","일부 거래일 누락","true","false","2024-10-02","2026-10-02","","","cumulative","2024-10-02"
"aligned","KR","etf","069500","day","KRW","credit","2026-05-11","","%","한국투자증권 · 신용잔고 일별추이 [0476]","","","","2026-10-03T13:36:02.430Z","","","true","봉 기간의 마지막 유효 관측값","","","","not-configured","일부 거래일 누락","true","false","2024-10-02","2026-10-02","","","cumulative","2024-10-02"
"aligned","KR","etf","069500","day","KRW","credit","2026-05-12","","%","한국투자증권 · 신용잔고 일별추이 [0476]","","","","2026-10-03T13:36:02.430Z","","","true","봉 기간의 마지막 유효 관측값","","","","not-configured","일부 거래일 누락","true","false","2024-10-02","2026-10-02","","","cumulative","2024-10-02"
"aligned","KR","etf","069500","day","KRW","credit","2026-05-13","","%","한국투자증권 · 신용잔고 일별추이 [0476]","","","","2026-10-03T13:36:02.430Z","","","true","봉 기간의 마지막 유효 관측값","","","","not-configured","일부 거래일 누락","true","false","2024-10-02","2026-10-02","","","cumulative","2024-10-02"
"aligned","KR","etf","069500","day","KRW","credit","2026-05-14","","%","한국투자증권 · 신용잔고 일별추이 [0476]","","","","2026-10-03T13:36:02.430Z","","","true","봉 기간의 마지막 유효 관측값","","","","not-configured","일부 거래일 누락","true","false","2024-10-02","2026-10-02","","","cumulative","2024-10-02"
"aligned","KR","etf","069500","day","KRW","credit","2026-05-15","","%","한국투자증권 · 신용잔고 일별추이 [0476]","","","","2026-10-03T13:36:02.430Z","","","true","봉 기간의 마지막 유효 관측값","","","","not-configured","일부 거래일 누락","true","false","2024-10-02","2026-10-02","","","cumulative","2024-10-02"
"aligned","KR","etf","069500","day","KRW","credit","2026-05-18","","%","한국투자증권 · 신용잔고 일별추이 [0476]","","","","2026-10-03T13:36:02.430Z","","","true","봉 기간의 마지막 유효 관측값","","","","not-configured","일부 거래일 누락","true","false","2024-10-02","2026-10-02","","","cumulative","2024-10-02"
"aligned","KR","etf","069500","day","KRW","credit","2026-05-19","","%","한국투자증권 · 신용잔고 일별추이 [0476]","","","","2026-10-03T13:36:02.430Z","","","true","봉 기간의 마지막 유효 관측값","","","","not-configured","일부 거래일 누락","true","false","2024-10-02","2026-10-02","","","cumulative","2024-10-02"
"aligned","KR","etf","069500","day","KRW","credit","2026-05-20","","%","한국투자증권 · 신용잔고 일별추이 [0476]","","","","2026-10-03T13:36:02.430Z","","","true","봉 기간의 마지막 유효 관측값","","","","not-configured","일부 거래일 누락","true","false","2024-10-02","2026-10-02","","","cumulative","2024-10-02"
"aligned","KR","etf","069500","day","KRW","credit","2026-05-21","","%","한국투자증권 · 신용잔고 일별추이 [0476]","","","","2026-10-03T13:36:02.430Z","","","true","봉 기간의 마지막 유효 관측값","","","","not-configured","일부 거래일 누락","true","false","2024-10-02","2026-10-02","","","cumulative","2024-10-02"
"aligned","KR","etf","069500","day","KRW","credit","2026-05-22","","%","한국투자증권 · 신용잔고 일별추이 [0476]","","","","2026-10-03T13:36:02.430Z","","","true","봉 기간의 마지막 유효 관측값","","","","not-configured","일부 거래일 누락","true","false","2024-10-02","2026-10-02","","","cumulative","2024-10-02"
"aligned","KR","etf","069500","day","KRW","credit","2026-05-26","","%","한국투자증권 · 신용잔고 일별추이 [0476]","","","","2026-10-03T13:36:02.430Z","","","true","봉 기간의 마지막 유효 관측값","","","","not-configured","일부 거래일 누락","true","false","2024-10-02","2026-10-02","","","cumulative","2024-10-02"
"aligned","KR","etf","069500","day","KRW","credit","2026-05-27","","%","한국투자증권 · 신용잔고 일별추이 [0476]","","","","2026-10-03T13:36:02.430Z","","","true","봉 기간의 마지막 유효 관측값","","","","not-configured","일부 거래일 누락","true","false","2024-10-02","2026-10-02","","","cumulative","2024-10-02"
"aligned","KR","etf","069500","day","KRW","credit","2026-05-28","","%","한국투자증권 · 신용잔고 일별추이 [0476]","","","","2026-10-03T13:36:02.430Z","","","true","봉 기간의 마지막 유효 관측값","","","","not-configured","일부 거래일 누락","true","false","2024-10-02","2026-10-02","","","cumulative","2024-10-02"
"aligned","KR","etf","069500","day","KRW","credit","2026-05-29","","%","한국투자증권 · 신용잔고 일별추이 [0476]","","","","2026-10-03T13:36:02.430Z","","","true","봉 기간의 마지막 유효 관측값","","","","not-configured","일부 거래일 누락","true","false","2024-10-02","2026-10-02","","","cumulative","2024-10-02"
"aligned","KR","etf","069500","day","KRW","credit","2026-06-01","","%","한국투자증권 · 신용잔고 일별추이 [0476]","","","","2026-10-03T13:36:02.430Z","","","true","봉 기간의 마지막 유효 관측값","","","","not-configured","일부 거래일 누락","true","false","2024-10-02","2026-10-02","","","cumulative","2024-10-02"
"aligned","KR","etf","069500","day","KRW","credit","2026-06-02","","%","한국투자증권 · 신용잔고 일별추이 [0476]","","","","2026-10-03T13:36:02.430Z","","","true","봉 기간의 마지막 유효 관측값","","","","not-configured","일부 거래일 누락","true","false","2024-10-02","2026-10-02","","","cumulative","2024-10-02"
"aligned","KR","etf","069500","day","KRW","credit","2026-06-04","","%","한국투자증권 · 신용잔고 일별추이 [0476]","","","","2026-10-03T13:36:02.430Z","","","true","봉 기간의 마지막 유효 관측값","","","","not-configured","일부 거래일 누락","true","false","2024-10-02","2026-10-02","","","cumulative","2024-10-02"
"aligned","KR","etf","069500","day","KRW","credit","2026-06-05","","%","한국투자증권 · 신용잔고 일별추이 [0476]","","","","2026-10-03T13:36:02.430Z","","","true","봉 기간의 마지막 유효 관측값","","","","not-configured","일부 거래일 누락","true","false","2024-10-02","2026-10-02","","","cumulative","2024-10-02"
"aligned","KR","etf","069500","day","KRW","credit","2026-06-08","","%","한국투자증권 · 신용잔고 일별추이 [0476]","","","","2026-10-03T13:36:02.430Z","","","true","봉 기간의 마지막 유효 관측값","","","","not-configured","일부 거래일 누락","true","false","2024-10-02","2026-10-02","","","cumulative","2024-10-02"
"aligned","KR","etf","069500","day","KRW","credit","2026-06-09","","%","한국투자증권 · 신용잔고 일별추이 [0476]","","","","2026-10-03T13:36:02.430Z","","","true","봉 기간의 마지막 유효 관측값","","","","not-configured","일부 거래일 누락","true","false","2024-10-02","2026-10-02","","","cumulative","2024-10-02"
"aligned","KR","etf","069500","day","KRW","credit","2026-06-10","","%","한국투자증권 · 신용잔고 일별추이 [0476]","","","","2026-10-03T13:36:02.430Z","","","true","봉 기간의 마지막 유효 관측값","","","","not-configured","일부 거래일 누락","true","false","2024-10-02","2026-10-02","","","cumulative","2024-10-02"
"aligned","KR","etf","069500","day","KRW","credit","2026-06-11","","%","한국투자증권 · 신용잔고 일별추이 [0476]","","","","2026-10-03T13:36:02.430Z","","","true","봉 기간의 마지막 유효 관측값","","","","not-configured","일부 거래일 누락","true","false","2024-10-02","2026-10-02","","","cumulative","2024-10-02"
"aligned","KR","etf","069500","day","KRW","credit","2026-06-12","","%","한국투자증권 · 신용잔고 일별추이 [0476]","","","","2026-10-03T13:36:02.430Z","","","true","봉 기간의 마지막 유효 관측값","","","","not-configured","일부 거래일 누락","true","false","2024-10-02","2026-10-02","","","cumulative","2024-10-02"
"aligned","KR","etf","069500","day","KRW","credit","2026-06-15","","%","한국투자증권 · 신용잔고 일별추이 [0476]","","","","2026-10-03T13:36:02.430Z","","","true","봉 기간의 마지막 유효 관측값","","","","not-configured","일부 거래일 누락","true","false","2024-10-02","2026-10-02","","","cumulative","2024-10-02"
"aligned","KR","etf","069500","day","KRW","credit","2026-06-16","","%","한국투자증권 · 신용잔고 일별추이 [0476]","","","","2026-10-03T13:36:02.430Z","","","true","봉 기간의 마지막 유효 관측값","","","","not-configured","일부 거래일 누락","true","false","2024-10-02","2026-10-02","","","cumulative","2024-10-02"
"aligned","KR","etf","069500","day","KRW","credit","2026-06-17","","%","한국투자증권 · 신용잔고 일별추이 [0476]","","","","2026-10-03T13:36:02.430Z","","","true","봉 기간의 마지막 유효 관측값","","","","not-configured","일부 거래일 누락","true","false","2024-10-02","2026-10-02","","","cumulative","2024-10-02"
"aligned","KR","etf","069500","day","KRW","credit","2026-06-18","","%","한국투자증권 · 신용잔고 일별추이 [0476]","","","","2026-10-03T13:36:02.430Z","","","true","봉 기간의 마지막 유효 관측값","","","","not-configured","일부 거래일 누락","true","false","2024-10-02","2026-10-02","","","cumulative","2024-10-02"
"aligned","KR","etf","069500","day","KRW","credit","2026-06-19","","%","한국투자증권 · 신용잔고 일별추이 [0476]","","","","2026-10-03T13:36:02.430Z","","","true","봉 기간의 마지막 유효 관측값","","","","not-configured","일부 거래일 누락","true","false","2024-10-02","2026-10-02","","","cumulative","2024-10-02"
"aligned","KR","etf","069500","day","KRW","credit","2026-06-22","","%","한국투자증권 · 신용잔고 일별추이 [0476]","","","","2026-10-03T13:36:02.430Z","","","true","봉 기간의 마지막 유효 관측값","","","","not-configured","일부 거래일 누락","true","false","2024-10-02","2026-10-02","","","cumulative","2024-10-02"
"aligned","KR","etf","069500","day","KRW","credit","2026-06-23","","%","한국투자증권 · 신용잔고 일별추이 [0476]","","","","2026-10-03T13:36:02.430Z","","","true","봉 기간의 마지막 유효 관측값","","","","not-configured","일부 거래일 누락","true","false","2024-10-02","2026-10-02","","","cumulative","2024-10-02"
"aligned","KR","etf","069500","day","KRW","credit","2026-06-24","","%","한국투자증권 · 신용잔고 일별추이 [0476]","","","","2026-10-03T13:36:02.430Z","","","true","봉 기간의 마지막 유효 관측값","","","","not-configured","일부 거래일 누락","true","false","2024-10-02","2026-10-02","","","cumulative","2024-10-02"
"aligned","KR","etf","069500","day","KRW","credit","2026-06-25","","%","한국투자증권 · 신용잔고 일별추이 [0476]","","","","2026-10-03T13:36:02.430Z","","","true","봉 기간의 마지막 유효 관측값","","","","not-configured","일부 거래일 누락","true","false","2024-10-02","2026-10-02","","","cumulative","2024-10-02"
"aligned","KR","etf","069500","day","KRW","credit","2026-06-26","","%","한국투자증권 · 신용잔고 일별추이 [0476]","","","","2026-10-03T13:36:02.430Z","","","true","봉 기간의 마지막 유효 관측값","","","","not-configured","일부 거래일 누락","true","false","2024-10-02","2026-10-02","","","cumulative","2024-10-02"
"aligned","KR","etf","069500","day","KRW","credit","2026-06-29","","%","한국투자증권 · 신용잔고 일별추이 [0476]","","","","2026-10-03T13:36:02.430Z","","","true","봉 기간의 마지막 유효 관측값","","","","not-configured","일부 거래일 누락","true","false","2024-10-02","2026-10-02","","","cumulative","2024-10-02"
"aligned","KR","etf","069500","day","KRW","credit","2026-06-30","","%","한국투자증권 · 신용잔고 일별추이 [0476]","","","","2026-10-03T13:36:02.430Z","","","true","봉 기간의 마지막 유효 관측값","","","","not-configured","일부 거래일 누락","true","false","2024-10-02","2026-10-02","","","cumulative","2024-10-02"
"aligned","KR","etf","069500","day","KRW","credit","2026-07-01","","%","한국투자증권 · 신용잔고 일별추이 [0476]","","","","2026-10-03T13:36:02.430Z","","","true","봉 기간의 마지막 유효 관측값","","","","not-configured","일부 거래일 누락","true","false","2024-10-02","2026-10-02","","","cumulative","2024-10-02"
"aligned","KR","etf","069500","day","KRW","credit","2026-07-02","","%","한국투자증권 · 신용잔고 일별추이 [0476]","","","","2026-10-03T13:36:02.430Z","","","true","봉 기간의 마지막 유효 관측값","","","","not-configured","일부 거래일 누락","true","false","2024-10-02","2026-10-02","","","cumulative","2024-10-02"
"aligned","KR","etf","069500","day","KRW","credit","2026-07-03","","%","한국투자증권 · 신용잔고 일별추이 [0476]","","","","2026-10-03T13:36:02.430Z","","","true","봉 기간의 마지막 유효 관측값","","","","not-configured","일부 거래일 누락","true","false","2024-10-02","2026-10-02","","","cumulative","2024-10-02"
"aligned","KR","etf","069500","day","KRW","credit","2026-07-06","","%","한국투자증권 · 신용잔고 일별추이 [0476]","","","","2026-10-03T13:36:02.430Z","","","true","봉 기간의 마지막 유효 관측값","","","","not-configured","일부 거래일 누락","true","false","2024-10-02","2026-10-02","","","cumulative","2024-10-02"
"aligned","KR","etf","069500","day","KRW","credit","2026-07-07","","%","한국투자증권 · 신용잔고 일별추이 [0476]","","","","2026-10-03T13:36:02.430Z","","","true","봉 기간의 마지막 유효 관측값","","","","not-configured","일부 거래일 누락","true","false","2024-10-02","2026-10-02","","","cumulative","2024-10-02"
"aligned","KR","etf","069500","day","KRW","credit","2026-07-08","","%","한국투자증권 · 신용잔고 일별추이 [0476]","","","","2026-10-03T13:36:02.430Z","","","true","봉 기간의 마지막 유효 관측값","","","","not-configured","일부 거래일 누락","true","false","2024-10-02","2026-10-02","","","cumulative","2024-10-02"
"aligned","KR","etf","069500","day","KRW","credit","2026-07-09","","%","한국투자증권 · 신용잔고 일별추이 [0476]","","","","2026-10-03T13:36:02.430Z","","","true","봉 기간의 마지막 유효 관측값","","","","not-configured","일부 거래일 누락","true","false","2024-10-02","2026-10-02","","","cumulative","2024-10-02"
"aligned","KR","etf","069500","day","KRW","credit","2026-07-10","","%","한국투자증권 · 신용잔고 일별추이 [0476]","","","","2026-10-03T13:36:02.430Z","","","true","봉 기간의 마지막 유효 관측값","","","","not-configured","일부 거래일 누락","true","false","2024-10-02","2026-10-02","","","cumulative","2024-10-02"
"aligned","KR","etf","069500","day","KRW","credit","2026-07-13","","%","한국투자증권 · 신용잔고 일별추이 [0476]","","","","2026-10-03T13:36:02.430Z","","","true","봉 기간의 마지막 유효 관측값","","","","not-configured","일부 거래일 누락","true","false","2024-10-02","2026-10-02","","","cumulative","2024-10-02"
"aligned","KR","etf","069500","day","KRW","credit","2026-07-14","","%","한국투자증권 · 신용잔고 일별추이 [0476]","","","","2026-10-03T13:36:02.430Z","","","true","봉 기간의 마지막 유효 관측값","","","","not-configured","일부 거래일 누락","true","false","2024-10-02","2026-10-02","","","cumulative","2024-10-02"
"aligned","KR","etf","069500","day","KRW","credit","2026-07-15","","%","한국투자증권 · 신용잔고 일별추이 [0476]","","","","2026-10-03T13:36:02.430Z","","","true","봉 기간의 마지막 유효 관측값","","","","not-configured","일부 거래일 누락","true","false","2024-10-02","2026-10-02","","","cumulative","2024-10-02"
"aligned","KR","etf","069500","day","KRW","credit","2026-07-16","","%","한국투자증권 · 신용잔고 일별추이 [0476]","","","","2026-10-03T13:36:02.430Z","","","true","봉 기간의 마지막 유효 관측값","","","","not-configured","일부 거래일 누락","true","false","2024-10-02","2026-10-02","","","cumulative","2024-10-02"
"aligned","KR","etf","069500","day","KRW","credit","2026-07-20","","%","한국투자증권 · 신용잔고 일별추이 [0476]","","","","2026-10-03T13:36:02.430Z","","","true","봉 기간의 마지막 유효 관측값","","","","not-configured","일부 거래일 누락","true","false","2024-10-02","2026-10-02","","","cumulative","2024-10-02"
"aligned","KR","etf","069500","day","KRW","credit","2026-07-21","","%","한국투자증권 · 신용잔고 일별추이 [0476]","","","","2026-10-03T13:36:02.430Z","","","true","봉 기간의 마지막 유효 관측값","","","","not-configured","일부 거래일 누락","true","false","2024-10-02","2026-10-02","","","cumulative","2024-10-02"
"aligned","KR","etf","069500","day","KRW","credit","2026-07-22","","%","한국투자증권 · 신용잔고 일별추이 [0476]","","","","2026-10-03T13:36:02.430Z","","","true","봉 기간의 마지막 유효 관측값","","","","not-configured","일부 거래일 누락","true","false","2024-10-02","2026-10-02","","","cumulative","2024-10-02"
"aligned","KR","etf","069500","day","KRW","credit","2026-07-23","","%","한국투자증권 · 신용잔고 일별추이 [0476]","","","","2026-10-03T13:36:02.430Z","","","true","봉 기간의 마지막 유효 관측값","","","","not-configured","일부 거래일 누락","true","false","2024-10-02","2026-10-02","","","cumulative","2024-10-02"
"aligned","KR","etf","069500","day","KRW","credit","2026-07-24","","%","한국투자증권 · 신용잔고 일별추이 [0476]","","","","2026-10-03T13:36:02.430Z","","","true","봉 기간의 마지막 유효 관측값","","","","not-configured","일부 거래일 누락","true","false","2024-10-02","2026-10-02","","","cumulative","2024-10-02"
"aligned","KR","etf","069500","day","KRW","credit","2026-07-27","","%","한국투자증권 · 신용잔고 일별추이 [0476]","","","","2026-10-03T13:36:02.430Z","","","true","봉 기간의 마지막 유효 관측값","","","","not-configured","일부 거래일 누락","true","false","2024-10-02","2026-10-02","","","cumulative","2024-10-02"
"aligned","KR","etf","069500","day","KRW","credit","2026-07-28","","%","한국투자증권 · 신용잔고 일별추이 [0476]","","","","2026-10-03T13:36:02.430Z","","","true","봉 기간의 마지막 유효 관측값","","","","not-configured","일부 거래일 누락","true","false","2024-10-02","2026-10-02","","","cumulative","2024-10-02"
"aligned","KR","etf","069500","day","KRW","credit","2026-07-29","","%","한국투자증권 · 신용잔고 일별추이 [0476]","","","","2026-10-03T13:36:02.430Z","","","true","봉 기간의 마지막 유효 관측값","","","","not-configured","일부 거래일 누락","true","false","2024-10-02","2026-10-02","","","cumulative","2024-10-02"
"aligned","KR","etf","069500","day","KRW","credit","2026-07-30","","%","한국투자증권 · 신용잔고 일별추이 [0476]","","","","2026-10-03T13:36:02.430Z","","","true","봉 기간의 마지막 유효 관측값","","","","not-configured","일부 거래일 누락","true","false","2024-10-02","2026-10-02","","","cumulative","2024-10-02"
"aligned","KR","etf","069500","day","KRW","credit","2026-07-31","","%","한국투자증권 · 신용잔고 일별추이 [0476]","","","","2026-10-03T13:36:02.430Z","","","true","봉 기간의 마지막 유효 관측값","","","","not-configured","일부 거래일 누락","true","false","2024-10-02","2026-10-02","","","cumulative","2024-10-02"
"aligned","KR","etf","069500","day","KRW","credit","2026-08-03","","%","한국투자증권 · 신용잔고 일별추이 [0476]","","","","2026-10-03T13:36:02.430Z","","","true","봉 기간의 마지막 유효 관측값","","","","not-configured","일부 거래일 누락","true","false","2024-10-02","2026-10-02","","","cumulative","2024-10-02"
"aligned","KR","etf","069500","day","KRW","credit","2026-08-04","","%","한국투자증권 · 신용잔고 일별추이 [0476]","","","","2026-10-03T13:36:02.430Z","","","true","봉 기간의 마지막 유효 관측값","","","","not-configured","일부 거래일 누락","true","false","2024-10-02","2026-10-02","","","cumulative","2024-10-02"
"aligned","KR","etf","069500","day","KRW","credit","2026-08-05","","%","한국투자증권 · 신용잔고 일별추이 [0476]","","","","2026-10-03T13:36:02.430Z","","","true","봉 기간의 마지막 유효 관측값","","","","not-configured","일부 거래일 누락","true","false","2024-10-02","2026-10-02","","","cumulative","2024-10-02"
"aligned","KR","etf","069500","day","KRW","credit","2026-08-06","","%","한국투자증권 · 신용잔고 일별추이 [0476]","","","","2026-10-03T13:36:02.430Z","","","true","봉 기간의 마지막 유효 관측값","","","","not-configured","일부 거래일 누락","true","false","2024-10-02","2026-10-02","","","cumulative","2024-10-02"
"aligned","KR","etf","069500","day","KRW","credit","2026-08-07","","%","한국투자증권 · 신용잔고 일별추이 [0476]","","","","2026-10-03T13:36:02.430Z","","","true","봉 기간의 마지막 유효 관측값","","","","not-configured","일부 거래일 누락","true","false","2024-10-02","2026-10-02","","","cumulative","2024-10-02"
"aligned","KR","etf","069500","day","KRW","credit","2026-08-10","","%","한국투자증권 · 신용잔고 일별추이 [0476]","","","","2026-10-03T13:36:02.430Z","","","true","봉 기간의 마지막 유효 관측값","","","","not-configured","일부 거래일 누락","true","false","2024-10-02","2026-10-02","","","cumulative","2024-10-02"
"aligned","KR","etf","069500","day","KRW","credit","2026-08-11","","%","한국투자증권 · 신용잔고 일별추이 [0476]","","","","2026-10-03T13:36:02.430Z","","","true","봉 기간의 마지막 유효 관측값","","","","not-configured","일부 거래일 누락","true","false","2024-10-02","2026-10-02","","","cumulative","2024-10-02"
"aligned","KR","etf","069500","day","KRW","credit","2026-08-12","","%","한국투자증권 · 신용잔고 일별추이 [0476]","","","","2026-10-03T13:36:02.430Z","","","true","봉 기간의 마지막 유효 관측값","","","","not-configured","일부 거래일 누락","true","false","2024-10-02","2026-10-02","","","cumulative","2024-10-02"
"aligned","KR","etf","069500","day","KRW","credit","2026-08-13","","%","한국투자증권 · 신용잔고 일별추이 [0476]","","","","2026-10-03T13:36:02.430Z","","","true","봉 기간의 마지막 유효 관측값","","","","not-configured","일부 거래일 누락","true","false","2024-10-02","2026-10-02","","","cumulative","2024-10-02"
"aligned","KR","etf","069500","day","KRW","credit","2026-08-14","","%","한국투자증권 · 신용잔고 일별추이 [0476]","","","","2026-10-03T13:36:02.430Z","","","true","봉 기간의 마지막 유효 관측값","","","","not-configured","일부 거래일 누락","true","false","2024-10-02","2026-10-02","","","cumulative","2024-10-02"
"aligned","KR","etf","069500","day","KRW","credit","2026-08-18","","%","한국투자증권 · 신용잔고 일별추이 [0476]","","","","2026-10-03T13:36:02.430Z","","","true","봉 기간의 마지막 유효 관측값","","","","not-configured","일부 거래일 누락","true","false","2024-10-02","2026-10-02","","","cumulative","2024-10-02"
"aligned","KR","etf","069500","day","KRW","credit","2026-08-19","","%","한국투자증권 · 신용잔고 일별추이 [0476]","","","","2026-10-03T13:36:02.430Z","","","true","봉 기간의 마지막 유효 관측값","","","","not-configured","일부 거래일 누락","true","false","2024-10-02","2026-10-02","","","cumulative","2024-10-02"
"aligned","KR","etf","069500","day","KRW","credit","2026-08-20","","%","한국투자증권 · 신용잔고 일별추이 [0476]","","","","2026-10-03T13:36:02.430Z","","","true","봉 기간의 마지막 유효 관측값","","","","not-configured","일부 거래일 누락","true","false","2024-10-02","2026-10-02","","","cumulative","2024-10-02"
"aligned","KR","etf","069500","day","KRW","credit","2026-08-21","","%","한국투자증권 · 신용잔고 일별추이 [0476]","","","","2026-10-03T13:36:02.430Z","","","true","봉 기간의 마지막 유효 관측값","","","","not-configured","일부 거래일 누락","true","false","2024-10-02","2026-10-02","","","cumulative","2024-10-02"
"aligned","KR","etf","069500","day","KRW","credit","2026-08-24","","%","한국투자증권 · 신용잔고 일별추이 [0476]","","","","2026-10-03T13:36:02.430Z","","","true","봉 기간의 마지막 유효 관측값","","","","not-configured","일부 거래일 누락","true","false","2024-10-02","2026-10-02","","","cumulative","2024-10-02"
"aligned","KR","etf","069500","day","KRW","credit","2026-08-25","","%","한국투자증권 · 신용잔고 일별추이 [0476]","","","","2026-10-03T13:36:02.430Z","","","true","봉 기간의 마지막 유효 관측값","","","","not-configured","일부 거래일 누락","true","false","2024-10-02","2026-10-02","","","cumulative","2024-10-02"
"aligned","KR","etf","069500","day","KRW","credit","2026-08-26","","%","한국투자증권 · 신용잔고 일별추이 [0476]","","","","2026-10-03T13:36:02.430Z","","","true","봉 기간의 마지막 유효 관측값","","","","not-configured","일부 거래일 누락","true","false","2024-10-02","2026-10-02","","","cumulative","2024-10-02"
"aligned","KR","etf","069500","day","KRW","credit","2026-08-27","","%","한국투자증권 · 신용잔고 일별추이 [0476]","","","","2026-10-03T13:36:02.430Z","","","true","봉 기간의 마지막 유효 관측값","","","","not-configured","일부 거래일 누락","true","false","2024-10-02","2026-10-02","","","cumulative","2024-10-02"
"aligned","KR","etf","069500","day","KRW","credit","2026-08-28","","%","한국투자증권 · 신용잔고 일별추이 [0476]","","","","2026-10-03T13:36:02.430Z","","","true","봉 기간의 마지막 유효 관측값","","","","not-configured","일부 거래일 누락","true","false","2024-10-02","2026-10-02","","","cumulative","2024-10-02"
"aligned","KR","etf","069500","day","KRW","credit","2026-08-31","","%","한국투자증권 · 신용잔고 일별추이 [0476]","","","","2026-10-03T13:36:02.430Z","","","true","봉 기간의 마지막 유효 관측값","","","","not-configured","일부 거래일 누락","true","false","2024-10-02","2026-10-02","","","cumulative","2024-10-02"
"aligned","KR","etf","069500","day","KRW","credit","2026-09-01","","%","한국투자증권 · 신용잔고 일별추이 [0476]","","","","2026-10-03T13:36:02.430Z","","","true","봉 기간의 마지막 유효 관측값","","","","not-configured","일부 거래일 누락","true","false","2024-10-02","2026-10-02","","","cumulative","2024-10-02"
"aligned","KR","etf","069500","day","KRW","credit","2026-09-02","","%","한국투자증권 · 신용잔고 일별추이 [0476]","","","","2026-10-03T13:36:02.430Z","","","true","봉 기간의 마지막 유효 관측값","","","","not-configured","일부 거래일 누락","true","false","2024-10-02","2026-10-02","","","cumulative","2024-10-02"
"aligned","KR","etf","069500","day","KRW","credit","2026-09-03","","%","한국투자증권 · 신용잔고 일별추이 [0476]","","","","2026-10-03T13:36:02.430Z","","","true","봉 기간의 마지막 유효 관측값","","","","not-configured","일부 거래일 누락","true","false","2024-10-02","2026-10-02","","","cumulative","2024-10-02"
"aligned","KR","etf","069500","day","KRW","credit","2026-09-04","","%","한국투자증권 · 신용잔고 일별추이 [0476]","","","","2026-10-03T13:36:02.430Z","","","true","봉 기간의 마지막 유효 관측값","","","","not-configured","일부 거래일 누락","true","false","2024-10-02","2026-10-02","","","cumulative","2024-10-02"
"aligned","KR","etf","069500","day","KRW","credit","2026-09-07","","%","한국투자증권 · 신용잔고 일별추이 [0476]","","","","2026-10-03T13:36:02.430Z","","","true","봉 기간의 마지막 유효 관측값","","","","not-configured","일부 거래일 누락","true","false","2024-10-02","2026-10-02","","","cumulative","2024-10-02"
"aligned","KR","etf","069500","day","KRW","credit","2026-09-08","","%","한국투자증권 · 신용잔고 일별추이 [0476]","","","","2026-10-03T13:36:02.430Z","","","true","봉 기간의 마지막 유효 관측값","","","","not-configured","일부 거래일 누락","true","false","2024-10-02","2026-10-02","","","cumulative","2024-10-02"
"aligned","KR","etf","069500","day","KRW","credit","2026-09-09","","%","한국투자증권 · 신용잔고 일별추이 [0476]","","","","2026-10-03T13:36:02.430Z","","","true","봉 기간의 마지막 유효 관측값","","","","not-configured","일부 거래일 누락","true","false","2024-10-02","2026-10-02","","","cumulative","2024-10-02"
"aligned","KR","etf","069500","day","KRW","credit","2026-09-10","","%","한국투자증권 · 신용잔고 일별추이 [0476]","","","","2026-10-03T13:36:02.430Z","","","true","봉 기간의 마지막 유효 관측값","","","","not-configured","일부 거래일 누락","true","false","2024-10-02","2026-10-02","","","cumulative","2024-10-02"
"aligned","KR","etf","069500","day","KRW","credit","2026-09-11","","%","한국투자증권 · 신용잔고 일별추이 [0476]","","","","2026-10-03T13:36:02.430Z","","","true","봉 기간의 마지막 유효 관측값","","","","not-configured","일부 거래일 누락","true","false","2024-10-02","2026-10-02","","","cumulative","2024-10-02"
"aligned","KR","etf","069500","day","KRW","credit","2026-09-14","","%","한국투자증권 · 신용잔고 일별추이 [0476]","","","","2026-10-03T13:36:02.430Z","","","true","봉 기간의 마지막 유효 관측값","","","","not-configured","일부 거래일 누락","true","false","2024-10-02","2026-10-02","","","cumulative","2024-10-02"
"aligned","KR","etf","069500","day","KRW","credit","2026-09-15","","%","한국투자증권 · 신용잔고 일별추이 [0476]","","","","2026-10-03T13:36:02.430Z","","","true","봉 기간의 마지막 유효 관측값","","","","not-configured","일부 거래일 누락","true","false","2024-10-02","2026-10-02","","","cumulative","2024-10-02"
"aligned","KR","etf","069500","day","KRW","credit","2026-09-16","","%","한국투자증권 · 신용잔고 일별추이 [0476]","","","","2026-10-03T13:36:02.430Z","","","true","봉 기간의 마지막 유효 관측값","","","","not-configured","일부 거래일 누락","true","false","2024-10-02","2026-10-02","","","cumulative","2024-10-02"
"aligned","KR","etf","069500","day","KRW","credit","2026-09-17","","%","한국투자증권 · 신용잔고 일별추이 [0476]","","","","2026-10-03T13:36:02.430Z","","","true","봉 기간의 마지막 유효 관측값","","","","not-configured","일부 거래일 누락","true","false","2024-10-02","2026-10-02","","","cumulative","2024-10-02"
"aligned","KR","etf","069500","day","KRW","credit","2026-09-18","","%","한국투자증권 · 신용잔고 일별추이 [0476]","","","","2026-10-03T13:36:02.430Z","","","true","봉 기간의 마지막 유효 관측값","","","","not-configured","일부 거래일 누락","true","false","2024-10-02","2026-10-02","","","cumulative","2024-10-02"
"aligned","KR","etf","069500","day","KRW","credit","2026-09-21","","%","한국투자증권 · 신용잔고 일별추이 [0476]","","","","2026-10-03T13:36:02.430Z","","","true","봉 기간의 마지막 유효 관측값","","","","not-configured","일부 거래일 누락","true","false","2024-10-02","2026-10-02","","","cumulative","2024-10-02"
"aligned","KR","etf","069500","day","KRW","credit","2026-09-22","","%","한국투자증권 · 신용잔고 일별추이 [0476]","","","","2026-10-03T13:36:02.430Z","","","true","봉 기간의 마지막 유효 관측값","","","","not-configured","일부 거래일 누락","true","false","2024-10-02","2026-10-02","","","cumulative","2024-10-02"
"aligned","KR","etf","069500","day","KRW","credit","2026-09-23","","%","한국투자증권 · 신용잔고 일별추이 [0476]","","","","2026-10-03T13:36:02.430Z","","","true","봉 기간의 마지막 유효 관측값","","","","not-configured","일부 거래일 누락","true","false","2024-10-02","2026-10-02","","","cumulative","2024-10-02"
"aligned","KR","etf","069500","day","KRW","credit","2026-09-28","","%","한국투자증권 · 신용잔고 일별추이 [0476]","","","","2026-10-03T13:36:02.430Z","","","true","봉 기간의 마지막 유효 관측값","","","","not-configured","일부 거래일 누락","true","false","2024-10-02","2026-10-02","","","cumulative","2024-10-02"
"aligned","KR","etf","069500","day","KRW","credit","2026-09-29","","%","한국투자증권 · 신용잔고 일별추이 [0476]","","","","2026-10-03T13:36:02.430Z","","","true","봉 기간의 마지막 유효 관측값","","","","not-configured","일부 거래일 누락","true","false","2024-10-02","2026-10-02","","","cumulative","2024-10-02"
"aligned","KR","etf","069500","day","KRW","credit","2026-09-30","","%","한국투자증권 · 신용잔고 일별추이 [0476]","","","","2026-10-03T13:36:02.430Z","","","true","봉 기간의 마지막 유효 관측값","","","","not-configured","일부 거래일 누락","true","false","2024-10-02","2026-10-02","","","cumulative","2024-10-02"
"aligned","KR","etf","069500","day","KRW","credit","2026-10-01","","%","한국투자증권 · 신용잔고 일별추이 [0476]","","","","2026-10-03T13:36:02.430Z","","","true","봉 기간의 마지막 유효 관측값","","","","not-configured","일부 거래일 누락","true","false","2024-10-02","2026-10-02","","","cumulative","2024-10-02"
"aligned","KR","etf","069500","day","KRW","credit","2026-10-02","","%","한국투자증권 · 신용잔고 일별추이 [0476]","","","","2026-10-03T13:36:02.430Z","","","true","봉 기간의 마지막 유효 관측값","","","","not-configured","일부 거래일 누락","true","false","2024-10-02","2026-10-02","","","cumulative","2024-10-02"
"raw","KR","etf","069500","day","KRW","foreign","2026-09-17","22.09","%","네이버 금융 · 종목 투자자 동향","foreignerHoldRatio","2026-09-17","trade-date","2026-10-03T13:36:02.430Z","","","false","","","","","partial","요청 범위 중 일부 날짜만 제공 · 공표 시각/확정 여부 미확인","true","false","2024-10-02","2026-10-02","2026-09-17","2026-10-02","cumulative","2024-10-02"
"raw","KR","etf","069500","day","KRW","foreign","2026-09-18","22.04","%","네이버 금융 · 종목 투자자 동향","foreignerHoldRatio","2026-09-18","trade-date","2026-10-03T13:36:02.430Z","","","false","","","","","partial","요청 범위 중 일부 날짜만 제공 · 공표 시각/확정 여부 미확인","true","false","2024-10-02","2026-10-02","2026-09-17","2026-10-02","cumulative","2024-10-02"
"raw","KR","etf","069500","day","KRW","foreign","2026-09-21","21.96","%","네이버 금융 · 종목 투자자 동향","foreignerHoldRatio","2026-09-21","trade-date","2026-10-03T13:36:02.430Z","","","false","","","","","partial","요청 범위 중 일부 날짜만 제공 · 공표 시각/확정 여부 미확인","true","false","2024-10-02","2026-10-02","2026-09-17","2026-10-02","cumulative","2024-10-02"
"raw","KR","etf","069500","day","KRW","foreign","2026-09-22","21.99","%","네이버 금융 · 종목 투자자 동향","foreignerHoldRatio","2026-09-22","trade-date","2026-10-03T13:36:02.430Z","","","false","","","","","partial","요청 범위 중 일부 날짜만 제공 · 공표 시각/확정 여부 미확인","true","false","2024-10-02","2026-10-02","2026-09-17","2026-10-02","cumulative","2024-10-02"
"raw","KR","etf","069500","day","KRW","foreign","2026-09-23","22.06","%","네이버 금융 · 종목 투자자 동향","foreignerHoldRatio","2026-09-23","trade-date","2026-10-03T13:36:02.430Z","","","false","","","","","partial","요청 범위 중 일부 날짜만 제공 · 공표 시각/확정 여부 미확인","true","false","2024-10-02","2026-10-02","2026-09-17","2026-10-02","cumulative","2024-10-02"
"raw","KR","etf","069500","day","KRW","foreign","2026-09-28","22.44","%","네이버 금융 · 종목 투자자 동향","foreignerHoldRatio","2026-09-28","trade-date","2026-10-03T13:36:02.430Z","","","false","","","","","partial","요청 범위 중 일부 날짜만 제공 · 공표 시각/확정 여부 미확인","true","false","2024-10-02","2026-10-02","2026-09-17","2026-10-02","cumulative","2024-10-02"
"raw","KR","etf","069500","day","KRW","foreign","2026-09-29","22.58","%","네이버 금융 · 종목 투자자 동향","foreignerHoldRatio","2026-09-29","trade-date","2026-10-03T13:36:02.430Z","","","false","","","","","partial","요청 범위 중 일부 날짜만 제공 · 공표 시각/확정 여부 미확인","true","false","2024-10-02","2026-10-02","2026-09-17","2026-10-02","cumulative","2024-10-02"
"raw","KR","etf","069500","day","KRW","foreign","2026-09-30","22.73","%","네이버 금융 · 종목 투자자 동향","foreignerHoldRatio","2026-09-30","trade-date","2026-10-03T13:36:02.430Z","","","false","","","","","partial","요청 범위 중 일부 날짜만 제공 · 공표 시각/확정 여부 미확인","true","false","2024-10-02","2026-10-02","2026-09-17","2026-10-02","cumulative","2024-10-02"
"raw","KR","etf","069500","day","KRW","foreign","2026-10-01","22.39","%","네이버 금융 · 종목 투자자 동향","foreignerHoldRatio","2026-10-01","trade-date","2026-10-03T13:36:02.430Z","","","false","","","","","partial","요청 범위 중 일부 날짜만 제공 · 공표 시각/확정 여부 미확인","true","false","2024-10-02","2026-10-02","2026-09-17","2026-10-02","cumulative","2024-10-02"
"raw","KR","etf","069500","day","KRW","foreign","2026-10-02","22.24","%","네이버 금융 · 종목 투자자 동향","foreignerHoldRatio","2026-10-02","trade-date","2026-10-03T13:36:02.430Z","","","false","","","","","partial","요청 범위 중 일부 날짜만 제공 · 공표 시각/확정 여부 미확인","true","false","2024-10-02","2026-10-02","2026-09-17","2026-10-02","cumulative","2024-10-02"
"aligned","KR","etf","069500","day","KRW","foreign","2024-10-02","","%","네이버 금융 · 종목 투자자 동향","","","","2026-10-03T13:36:02.430Z","","","true","봉 기간의 마지막 유효 관측값","","","","partial","일부 거래일 누락","true","false","2024-10-02","2026-10-02","2026-09-17","2026-10-02","cumulative","2024-10-02"
"aligned","KR","etf","069500","day","KRW","foreign","2024-10-04","","%","네이버 금융 · 종목 투자자 동향","","","","2026-10-03T13:36:02.430Z","","","true","봉 기간의 마지막 유효 관측값","","","","partial","일부 거래일 누락","true","false","2024-10-02","2026-10-02","2026-09-17","2026-10-02","cumulative","2024-10-02"
"aligned","KR","etf","069500","day","KRW","foreign","2024-10-07","","%","네이버 금융 · 종목 투자자 동향","","","","2026-10-03T13:36:02.430Z","","","true","봉 기간의 마지막 유효 관측값","","","","partial","일부 거래일 누락","true","false","2024-10-02","2026-10-02","2026-09-17","2026-10-02","cumulative","2024-10-02"
"aligned","KR","etf","069500","day","KRW","foreign","2024-10-08","","%","네이버 금융 · 종목 투자자 동향","","","","2026-10-03T13:36:02.430Z","","","true","봉 기간의 마지막 유효 관측값","","","","partial","일부 거래일 누락","true","false","2024-10-02","2026-10-02","2026-09-17","2026-10-02","cumulative","2024-10-02"
"aligned","KR","etf","069500","day","KRW","foreign","2024-10-10","","%","네이버 금융 · 종목 투자자 동향","","","","2026-10-03T13:36:02.430Z","","","true","봉 기간의 마지막 유효 관측값","","","","partial","일부 거래일 누락","true","false","2024-10-02","2026-10-02","2026-09-17","2026-10-02","cumulative","2024-10-02"
"aligned","KR","etf","069500","day","KRW","foreign","2024-10-11","","%","네이버 금융 · 종목 투자자 동향","","","","2026-10-03T13:36:02.430Z","","","true","봉 기간의 마지막 유효 관측값","","","","partial","일부 거래일 누락","true","false","2024-10-02","2026-10-02","2026-09-17","2026-10-02","cumulative","2024-10-02"
"aligned","KR","etf","069500","day","KRW","foreign","2024-10-14","","%","네이버 금융 · 종목 투자자 동향","","","","2026-10-03T13:36:02.430Z","","","true","봉 기간의 마지막 유효 관측값","","","","partial","일부 거래일 누락","true","false","2024-10-02","2026-10-02","2026-09-17","2026-10-02","cumulative","2024-10-02"
"aligned","KR","etf","069500","day","KRW","foreign","2024-10-15","","%","네이버 금융 · 종목 투자자 동향","","","","2026-10-03T13:36:02.430Z","","","true","봉 기간의 마지막 유효 관측값","","","","partial","일부 거래일 누락","true","false","2024-10-02","2026-10-02","2026-09-17","2026-10-02","cumulative","2024-10-02"
"aligned","KR","etf","069500","day","KRW","foreign","2024-10-16","","%","네이버 금융 · 종목 투자자 동향","","","","2026-10-03T13:36:02.430Z","","","true","봉 기간의 마지막 유효 관측값","","","","partial","일부 거래일 누락","true","false","2024-10-02","2026-10-02","2026-09-17","2026-10-02","cumulative","2024-10-02"
"aligned","KR","etf","069500","day","KRW","foreign","2024-10-17","","%","네이버 금융 · 종목 투자자 동향","","","","2026-10-03T13:36:02.430Z","","","true","봉 기간의 마지막 유효 관측값","","","","partial","일부 거래일 누락","true","false","2024-10-02","2026-10-02","2026-09-17","2026-10-02","cumulative","2024-10-02"
"aligned","KR","etf","069500","day","KRW","foreign","2024-10-18","","%","네이버 금융 · 종목 투자자 동향","","","","2026-10-03T13:36:02.430Z","","","true","봉 기간의 마지막 유효 관측값","","","","partial","일부 거래일 누락","true","false","2024-10-02","2026-10-02","2026-09-17","2026-10-02","cumulative","2024-10-02"
"aligned","KR","etf","069500","day","KRW","foreign","2024-10-21","","%","네이버 금융 · 종목 투자자 동향","","","","2026-10-03T13:36:02.430Z","","","true","봉 기간의 마지막 유효 관측값","","","","partial","일부 거래일 누락","true","false","2024-10-02","2026-10-02","2026-09-17","2026-10-02","cumulative","2024-10-02"
"aligned","KR","etf","069500","day","KRW","foreign","2024-10-22","","%","네이버 금융 · 종목 투자자 동향","","","","2026-10-03T13:36:02.430Z","","","true","봉 기간의 마지막 유효 관측값","","","","partial","일부 거래일 누락","true","false","2024-10-02","2026-10-02","2026-09-17","2026-10-02","cumulative","2024-10-02"
"aligned","KR","etf","069500","day","KRW","foreign","2024-10-23","","%","네이버 금융 · 종목 투자자 동향","","","","2026-10-03T13:36:02.430Z","","","true","봉 기간의 마지막 유효 관측값","","","","partial","일부 거래일 누락","true","false","2024-10-02","2026-10-02","2026-09-17","2026-10-02","cumulative","2024-10-02"
"aligned","KR","etf","069500","day","KRW","foreign","2024-10-24","","%","네이버 금융 · 종목 투자자 동향","","","","2026-10-03T13:36:02.430Z","","","true","봉 기간의 마지막 유효 관측값","","","","partial","일부 거래일 누락","true","false","2024-10-02","2026-10-02","2026-09-17","2026-10-02","cumulative","2024-10-02"
"aligned","KR","etf","069500","day","KRW","foreign","2024-10-25","","%","네이버 금융 · 종목 투자자 동향","","","","2026-10-03T13:36:02.430Z","","","true","봉 기간의 마지막 유효 관측값","","","","partial","일부 거래일 누락","true","false","2024-10-02","2026-10-02","2026-09-17","2026-10-02","cumulative","2024-10-02"
"aligned","KR","etf","069500","day","KRW","foreign","2024-10-28","","%","네이버 금융 · 종목 투자자 동향","","","","2026-10-03T13:36:02.430Z","","","true","봉 기간의 마지막 유효 관측값","","","","partial","일부 거래일 누락","true","false","2024-10-02","2026-10-02","2026-09-17","2026-10-02","cumulative","2024-10-02"
"aligned","KR","etf","069500","day","KRW","foreign","2024-10-29","","%","네이버 금융 · 종목 투자자 동향","","","","2026-10-03T13:36:02.430Z","","","true","봉 기간의 마지막 유효 관측값","","","","partial","일부 거래일 누락","true","false","2024-10-02","2026-10-02","2026-09-17","2026-10-02","cumulative","2024-10-02"
"aligned","KR","etf","069500","day","KRW","foreign","2024-10-31","","%","네이버 금융 · 종목 투자자 동향","","","","2026-10-03T13:36:02.430Z","","","true","봉 기간의 마지막 유효 관측값","","","","partial","일부 거래일 누락","true","false","2024-10-02","2026-10-02","2026-09-17","2026-10-02","cumulative","2024-10-02"
"aligned","KR","etf","069500","day","KRW","foreign","2024-11-01","","%","네이버 금융 · 종목 투자자 동향","","","","2026-10-03T13:36:02.430Z","","","true","봉 기간의 마지막 유효 관측값","","","","partial","일부 거래일 누락","true","false","2024-10-02","2026-10-02","2026-09-17","2026-10-02","cumulative","2024-10-02"
"aligned","KR","etf","069500","day","KRW","foreign","2024-11-04","","%","네이버 금융 · 종목 투자자 동향","","","","2026-10-03T13:36:02.430Z","","","true","봉 기간의 마지막 유효 관측값","","","","partial","일부 거래일 누락","true","false","2024-10-02","2026-10-02","2026-09-17","2026-10-02","cumulative","2024-10-02"
"aligned","KR","etf","069500","day","KRW","foreign","2024-11-06","","%","네이버 금융 · 종목 투자자 동향","","","","2026-10-03T13:36:02.430Z","","","true","봉 기간의 마지막 유효 관측값","","","","partial","일부 거래일 누락","true","false","2024-10-02","2026-10-02","2026-09-17","2026-10-02","cumulative","2024-10-02"
"aligned","KR","etf","069500","day","KRW","foreign","2024-11-07","","%","네이버 금융 · 종목 투자자 동향","","","","2026-10-03T13:36:02.430Z","","","true","봉 기간의 마지막 유효 관측값","","","","partial","일부 거래일 누락","true","false","2024-10-02","2026-10-02","2026-09-17","2026-10-02","cumulative","2024-10-02"
"aligned","KR","etf","069500","day","KRW","foreign","2024-11-08","","%","네이버 금융 · 종목 투자자 동향","","","","2026-10-03T13:36:02.430Z","","","true","봉 기간의 마지막 유효 관측값","","","","partial","일부 거래일 누락","true","false","2024-10-02","2026-10-02","2026-09-17","2026-10-02","cumulative","2024-10-02"
"aligned","KR","etf","069500","day","KRW","foreign","2024-11-11","","%","네이버 금융 · 종목 투자자 동향","","","","2026-10-03T13:36:02.430Z","","","true","봉 기간의 마지막 유효 관측값","","","","partial","일부 거래일 누락","true","false","2024-10-02","2026-10-02","2026-09-17","2026-10-02","cumulative","2024-10-02"
"aligned","KR","etf","069500","day","KRW","foreign","2024-11-12","","%","네이버 금융 · 종목 투자자 동향","","","","2026-10-03T13:36:02.430Z","","","true","봉 기간의 마지막 유효 관측값","","","","partial","일부 거래일 누락","true","false","2024-10-02","2026-10-02","2026-09-17","2026-10-02","cumulative","2024-10-02"
"aligned","KR","etf","069500","day","KRW","foreign","2024-11-13","","%","네이버 금융 · 종목 투자자 동향","","","","2026-10-03T13:36:02.430Z","","","true","봉 기간의 마지막 유효 관측값","","","","partial","일부 거래일 누락","true","false","2024-10-02","2026-10-02","2026-09-17","2026-10-02","cumulative","2024-10-02"
"aligned","KR","etf","069500","day","KRW","foreign","2024-11-14","","%","네이버 금융 · 종목 투자자 동향","","","","2026-10-03T13:36:02.430Z","","","true","봉 기간의 마지막 유효 관측값","","","","partial","일부 거래일 누락","true","false","2024-10-02","2026-10-02","2026-09-17","2026-10-02","cumulative","2024-10-02"
"aligned","KR","etf","069500","day","KRW","foreign","2024-11-15","","%","네이버 금융 · 종목 투자자 동향","","","","2026-10-03T13:36:02.430Z","","","true","봉 기간의 마지막 유효 관측값","","","","partial","일부 거래일 누락","true","false","2024-10-02","2026-10-02","2026-09-17","2026-10-02","cumulative","2024-10-02"
"aligned","KR","etf","069500","day","KRW","foreign","2024-11-18","","%","네이버 금융 · 종목 투자자 동향","","","","2026-10-03T13:36:02.430Z","","","true","봉 기간의 마지막 유효 관측값","","","","partial","일부 거래일 누락","true","false","2024-10-02","2026-10-02","2026-09-17","2026-10-02","cumulative","2024-10-02"
"aligned","KR","etf","069500","day","KRW","foreign","2024-11-19","","%","네이버 금융 · 종목 투자자 동향","","","","2026-10-03T13:36:02.430Z","","","true","봉 기간의 마지막 유효 관측값","","","","partial","일부 거래일 누락","true","false","2024-10-02","2026-10-02","2026-09-17","2026-10-02","cumulative","2024-10-02"
"aligned","KR","etf","069500","day","KRW","foreign","2024-11-20","","%","네이버 금융 · 종목 투자자 동향","","","","2026-10-03T13:36:02.430Z","","","true","봉 기간의 마지막 유효 관측값","","","","partial","일부 거래일 누락","true","false","2024-10-02","2026-10-02","2026-09-17","2026-10-02","cumulative","2024-10-02"
"aligned","KR","etf","069500","day","KRW","foreign","2024-11-21","","%","네이버 금융 · 종목 투자자 동향","","","","2026-10-03T13:36:02.430Z","","","true","봉 기간의 마지막 유효 관측값","","","","partial","일부 거래일 누락","true","false","2024-10-02","2026-10-02","2026-09-17","2026-10-02","cumulative","2024-10-02"
"aligned","KR","etf","069500","day","KRW","foreign","2024-11-22","","%","네이버 금융 · 종목 투자자 동향","","","","2026-10-03T13:36:02.430Z","","","true","봉 기간의 마지막 유효 관측값","","","","partial","일부 거래일 누락","true","false","2024-10-02","2026-10-02","2026-09-17","2026-10-02","cumulative","2024-10-02"
"aligned","KR","etf","069500","day","KRW","foreign","2024-11-25","","%","네이버 금융 · 종목 투자자 동향","","","","2026-10-03T13:36:02.430Z","","","true","봉 기간의 마지막 유효 관측값","","","","partial","일부 거래일 누락","true","false","2024-10-02","2026-10-02","2026-09-17","2026-10-02","cumulative","2024-10-02"
"aligned","KR","etf","069500","day","KRW","foreign","2024-11-26","","%","네이버 금융 · 종목 투자자 동향","","","","2026-10-03T13:36:02.430Z","","","true","봉 기간의 마지막 유효 관측값","","","","partial","일부 거래일 누락","true","false","2024-10-02","2026-10-02","2026-09-17","2026-10-02","cumulative","2024-10-02"
"aligned","KR","etf","069500","day","KRW","foreign","2024-11-27","","%","네이버 금융 · 종목 투자자 동향","","","","2026-10-03T13:36:02.430Z","","","true","봉 기간의 마지막 유효 관측값","","","","partial","일부 거래일 누락","true","false","2024-10-02","2026-10-02","2026-09-17","2026-10-02","cumulative","2024-10-02"
"aligned","KR","etf","069500","day","KRW","foreign","2024-11-28","","%","네이버 금융 · 종목 투자자 동향","","","","2026-10-03T13:36:02.430Z","","","true","봉 기간의 마지막 유효 관측값","","","","partial","일부 거래일 누락","true","false","2024-10-02","2026-10-02","2026-09-17","2026-10-02","cumulative","2024-10-02"
"aligned","KR","etf","069500","day","KRW","foreign","2024-11-29","","%","네이버 금융 · 종목 투자자 동향","","","","2026-10-03T13:36:02.430Z","","","true","봉 기간의 마지막 유효 관측값","","","","partial","일부 거래일 누락","true","false","2024-10-02","2026-10-02","2026-09-17","2026-10-02","cumulative","2024-10-02"
"aligned","KR","etf","069500","day","KRW","foreign","2024-12-02","","%","네이버 금융 · 종목 투자자 동향","","","","2026-10-03T13:36:02.430Z","","","true","봉 기간의 마지막 유효 관측값","","","","partial","일부 거래일 누락","true","false","2024-10-02","2026-10-02","2026-09-17","2026-10-02","cumulative","2024-10-02"
"aligned","KR","etf","069500","day","KRW","foreign","2024-12-03","","%","네이버 금융 · 종목 투자자 동향","","","","2026-10-03T13:36:02.430Z","","","true","봉 기간의 마지막 유효 관측값","","","","partial","일부 거래일 누락","true","false","2024-10-02","2026-10-02","2026-09-17","2026-10-02","cumulative","2024-10-02"
"aligned","KR","etf","069500","day","KRW","foreign","2024-12-04","","%","네이버 금융 · 종목 투자자 동향","","","","2026-10-03T13:36:02.430Z","","","true","봉 기간의 마지막 유효 관측값","","","","partial","일부 거래일 누락","true","false","2024-10-02","2026-10-02","2026-09-17","2026-10-02","cumulative","2024-10-02"
"aligned","KR","etf","069500","day","KRW","foreign","2024-12-05","","%","네이버 금융 · 종목 투자자 동향","","","","2026-10-03T13:36:02.430Z","","","true","봉 기간의 마지막 유효 관측값","","","","partial","일부 거래일 누락","true","false","2024-10-02","2026-10-02","2026-09-17","2026-10-02","cumulative","2024-10-02"
"aligned","KR","etf","069500","day","KRW","foreign","2024-12-06","","%","네이버 금융 · 종목 투자자 동향","","","","2026-10-03T13:36:02.430Z","","","true","봉 기간의 마지막 유효 관측값","","","","partial","일부 거래일 누락","true","false","2024-10-02","2026-10-02","2026-09-17","2026-10-02","cumulative","2024-10-02"
"aligned","KR","etf","069500","day","KRW","foreign","2024-12-09","","%","네이버 금융 · 종목 투자자 동향","","","","2026-10-03T13:36:02.430Z","","","true","봉 기간의 마지막 유효 관측값","","","","partial","일부 거래일 누락","true","false","2024-10-02","2026-10-02","2026-09-17","2026-10-02","cumulative","2024-10-02"
"aligned","KR","etf","069500","day","KRW","foreign","2024-12-10","","%","네이버 금융 · 종목 투자자 동향","","","","2026-10-03T13:36:02.430Z","","","true","봉 기간의 마지막 유효 관측값","","","","partial","일부 거래일 누락","true","false","2024-10-02","2026-10-02","2026-09-17","2026-10-02","cumulative","2024-10-02"
"aligned","KR","etf","069500","day","KRW","foreign","2024-12-11","","%","네이버 금융 · 종목 투자자 동향","","","","2026-10-03T13:36:02.430Z","","","true","봉 기간의 마지막 유효 관측값","","","","partial","일부 거래일 누락","true","false","2024-10-02","2026-10-02","2026-09-17","2026-10-02","cumulative","2024-10-02"
"aligned","KR","etf","069500","day","KRW","foreign","2024-12-12","","%","네이버 금융 · 종목 투자자 동향","","","","2026-10-03T13:36:02.430Z","","","true","봉 기간의 마지막 유효 관측값","","","","partial","일부 거래일 누락","true","false","2024-10-02","2026-10-02","2026-09-17","2026-10-02","cumulative","2024-10-02"
"aligned","KR","etf","069500","day","KRW","foreign","2024-12-13","","%","네이버 금융 · 종목 투자자 동향","","","","2026-10-03T13:36:02.430Z","","","true","봉 기간의 마지막 유효 관측값","","","","partial","일부 거래일 누락","true","false","2024-10-02","2026-10-02","2026-09-17","2026-10-02","cumulative","2024-10-02"
"aligned","KR","etf","069500","day","KRW","foreign","2024-12-16","","%","네이버 금융 · 종목 투자자 동향","","","","2026-10-03T13:36:02.430Z","","","true","봉 기간의 마지막 유효 관측값","","","","partial","일부 거래일 누락","true","false","2024-10-02","2026-10-02","2026-09-17","2026-10-02","cumulative","2024-10-02"
"aligned","KR","etf","069500","day","KRW","foreign","2024-12-17","","%","네이버 금융 · 종목 투자자 동향","","","","2026-10-03T13:36:02.430Z","","","true","봉 기간의 마지막 유효 관측값","","","","partial","일부 거래일 누락","true","false","2024-10-02","2026-10-02","2026-09-17","2026-10-02","cumulative","2024-10-02"
"aligned","KR","etf","069500","day","KRW","foreign","2024-12-18","","%","네이버 금융 · 종목 투자자 동향","","","","2026-10-03T13:36:02.430Z","","","true","봉 기간의 마지막 유효 관측값","","","","partial","일부 거래일 누락","true","false","2024-10-02","2026-10-02","2026-09-17","2026-10-02","cumulative","2024-10-02"
"aligned","KR","etf","069500","day","KRW","foreign","2024-12-19","","%","네이버 금융 · 종목 투자자 동향","","","","2026-10-03T13:36:02.430Z","","","true","봉 기간의 마지막 유효 관측값","","","","partial","일부 거래일 누락","true","false","2024-10-02","2026-10-02","2026-09-17","2026-10-02","cumulative","2024-10-02"
"aligned","KR","etf","069500","day","KRW","foreign","2024-12-20","","%","네이버 금융 · 종목 투자자 동향","","","","2026-10-03T13:36:02.430Z","","","true","봉 기간의 마지막 유효 관측값","","","","partial","일부 거래일 누락","true","false","2024-10-02","2026-10-02","2026-09-17","2026-10-02","cumulative","2024-10-02"
"aligned","KR","etf","069500","day","KRW","foreign","2024-12-23","","%","네이버 금융 · 종목 투자자 동향","","","","2026-10-03T13:36:02.430Z","","","true","봉 기간의 마지막 유효 관측값","","","","partial","일부 거래일 누락","true","false","2024-10-02","2026-10-02","2026-09-17","2026-10-02","cumulative","2024-10-02"
"aligned","KR","etf","069500","day","KRW","foreign","2024-12-24","","%","네이버 금융 · 종목 투자자 동향","","","","2026-10-03T13:36:02.430Z","","","true","봉 기간의 마지막 유효 관측값","","","","partial","일부 거래일 누락","true","false","2024-10-02","2026-10-02","2026-09-17","2026-10-02","cumulative","2024-10-02"
"aligned","KR","etf","069500","day","KRW","foreign","2024-12-26","","%","네이버 금융 · 종목 투자자 동향","","","","2026-10-03T13:36:02.430Z","","","true","봉 기간의 마지막 유효 관측값","","","","partial","일부 거래일 누락","true","false","2024-10-02","2026-10-02","2026-09-17","2026-10-02","cumulative","2024-10-02"
"aligned","KR","etf","069500","day","KRW","foreign","2024-12-27","","%","네이버 금융 · 종목 투자자 동향","","","","2026-10-03T13:36:02.430Z","","","true","봉 기간의 마지막 유효 관측값","","","","partial","일부 거래일 누락","true","false","2024-10-02","2026-10-02","2026-09-17","2026-10-02","cumulative","2024-10-02"
"aligned","KR","etf","069500","day","KRW","foreign","2024-12-30","","%","네이버 금융 · 종목 투자자 동향","","","","2026-10-03T13:36:02.430Z","","","true","봉 기간의 마지막 유효 관측값","","","","partial","일부 거래일 누락","true","false","2024-10-02","2026-10-02","2026-09-17","2026-10-02","cumulative","2024-10-02"
"aligned","KR","etf","069500","day","KRW","foreign","2025-01-02","","%","네이버 금융 · 종목 투자자 동향","","","","2026-10-03T13:36:02.430Z","","","true","봉 기간의 마지막 유효 관측값","","","","partial","일부 거래일 누락","true","false","2024-10-02","2026-10-02","2026-09-17","2026-10-02","cumulative","2024-10-02"
"aligned","KR","etf","069500","day","KRW","foreign","2025-01-03","","%","네이버 금융 · 종목 투자자 동향","","","","2026-10-03T13:36:02.430Z","","","true","봉 기간의 마지막 유효 관측값","","","","partial","일부 거래일 누락","true","false","2024-10-02","2026-10-02","2026-09-17","2026-10-02","cumulative","2024-10-02"
"aligned","KR","etf","069500","day","KRW","foreign","2025-01-06","","%","네이버 금융 · 종목 투자자 동향","","","","2026-10-03T13:36:02.430Z","","","true","봉 기간의 마지막 유효 관측값","","","","partial","일부 거래일 누락","true","false","2024-10-02","2026-10-02","2026-09-17","2026-10-02","cumulative","2024-10-02"
"aligned","KR","etf","069500","day","KRW","foreign","2025-01-07","","%","네이버 금융 · 종목 투자자 동향","","","","2026-10-03T13:36:02.430Z","","","true","봉 기간의 마지막 유효 관측값","","","","partial","일부 거래일 누락","true","false","2024-10-02","2026-10-02","2026-09-17","2026-10-02","cumulative","2024-10-02"
"aligned","KR","etf","069500","day","KRW","foreign","2025-01-08","","%","네이버 금융 · 종목 투자자 동향","","","","2026-10-03T13:36:02.430Z","","","true","봉 기간의 마지막 유효 관측값","","","","partial","일부 거래일 누락","true","false","2024-10-02","2026-10-02","2026-09-17","2026-10-02","cumulative","2024-10-02"
"aligned","KR","etf","069500","day","KRW","foreign","2025-01-09","","%","네이버 금융 · 종목 투자자 동향","","","","2026-10-03T13:36:02.430Z","","","true","봉 기간의 마지막 유효 관측값","","","","partial","일부 거래일 누락","true","false","2024-10-02","2026-10-02","2026-09-17","2026-10-02","cumulative","2024-10-02"
"aligned","KR","etf","069500","day","KRW","foreign","2025-01-10","","%","네이버 금융 · 종목 투자자 동향","","","","2026-10-03T13:36:02.430Z","","","true","봉 기간의 마지막 유효 관측값","","","","partial","일부 거래일 누락","true","false","2024-10-02","2026-10-02","2026-09-17","2026-10-02","cumulative","2024-10-02"
"aligned","KR","etf","069500","day","KRW","foreign","2025-01-13","","%","네이버 금융 · 종목 투자자 동향","","","","2026-10-03T13:36:02.430Z","","","true","봉 기간의 마지막 유효 관측값","","","","partial","일부 거래일 누락","true","false","2024-10-02","2026-10-02","2026-09-17","2026-10-02","cumulative","2024-10-02"
"aligned","KR","etf","069500","day","KRW","foreign","2025-01-14","","%","네이버 금융 · 종목 투자자 동향","","","","2026-10-03T13:36:02.430Z","","","true","봉 기간의 마지막 유효 관측값","","","","partial","일부 거래일 누락","true","false","2024-10-02","2026-10-02","2026-09-17","2026-10-02","cumulative","2024-10-02"
"aligned","KR","etf","069500","day","KRW","foreign","2025-01-15","","%","네이버 금융 · 종목 투자자 동향","","","","2026-10-03T13:36:02.430Z","","","true","봉 기간의 마지막 유효 관측값","","","","partial","일부 거래일 누락","true","false","2024-10-02","2026-10-02","2026-09-17","2026-10-02","cumulative","2024-10-02"
"aligned","KR","etf","069500","day","KRW","foreign","2025-01-16","","%","네이버 금융 · 종목 투자자 동향","","","","2026-10-03T13:36:02.430Z","","","true","봉 기간의 마지막 유효 관측값","","","","partial","일부 거래일 누락","true","false","2024-10-02","2026-10-02","2026-09-17","2026-10-02","cumulative","2024-10-02"
"aligned","KR","etf","069500","day","KRW","foreign","2025-01-17","","%","네이버 금융 · 종목 투자자 동향","","","","2026-10-03T13:36:02.430Z","","","true","봉 기간의 마지막 유효 관측값","","","","partial","일부 거래일 누락","true","false","2024-10-02","2026-10-02","2026-09-17","2026-10-02","cumulative","2024-10-02"
"aligned","KR","etf","069500","day","KRW","foreign","2025-01-20","","%","네이버 금융 · 종목 투자자 동향","","","","2026-10-03T13:36:02.430Z","","","true","봉 기간의 마지막 유효 관측값","","","","partial","일부 거래일 누락","true","false","2024-10-02","2026-10-02","2026-09-17","2026-10-02","cumulative","2024-10-02"
"aligned","KR","etf","069500","day","KRW","foreign","2025-01-21","","%","네이버 금융 · 종목 투자자 동향","","","","2026-10-03T13:36:02.430Z","","","true","봉 기간의 마지막 유효 관측값","","","","partial","일부 거래일 누락","true","false","2024-10-02","2026-10-02","2026-09-17","2026-10-02","cumulative","2024-10-02"
"aligned","KR","etf","069500","day","KRW","foreign","2025-01-22","","%","네이버 금융 · 종목 투자자 동향","","","","2026-10-03T13:36:02.430Z","","","true","봉 기간의 마지막 유효 관측값","","","","partial","일부 거래일 누락","true","false","2024-10-02","2026-10-02","2026-09-17","2026-10-02","cumulative","2024-10-02"
"aligned","KR","etf","069500","day","KRW","foreign","2025-01-23","","%","네이버 금융 · 종목 투자자 동향","","","","2026-10-03T13:36:02.430Z","","","true","봉 기간의 마지막 유효 관측값","","","","partial","일부 거래일 누락","true","false","2024-10-02","2026-10-02","2026-09-17","2026-10-02","cumulative","2024-10-02"
"aligned","KR","etf","069500","day","KRW","foreign","2025-01-24","","%","네이버 금융 · 종목 투자자 동향","","","","2026-10-03T13:36:02.430Z","","","true","봉 기간의 마지막 유효 관측값","","","","partial","일부 거래일 누락","true","false","2024-10-02","2026-10-02","2026-09-17","2026-10-02","cumulative","2024-10-02"
"aligned","KR","etf","069500","day","KRW","foreign","2025-01-31","","%","네이버 금융 · 종목 투자자 동향","","","","2026-10-03T13:36:02.430Z","","","true","봉 기간의 마지막 유효 관측값","","","","partial","일부 거래일 누락","true","false","2024-10-02","2026-10-02","2026-09-17","2026-10-02","cumulative","2024-10-02"
"aligned","KR","etf","069500","day","KRW","foreign","2025-02-03","","%","네이버 금융 · 종목 투자자 동향","","","","2026-10-03T13:36:02.430Z","","","true","봉 기간의 마지막 유효 관측값","","","","partial","일부 거래일 누락","true","false","2024-10-02","2026-10-02","2026-09-17","2026-10-02","cumulative","2024-10-02"
"aligned","KR","etf","069500","day","KRW","foreign","2025-02-04","","%","네이버 금융 · 종목 투자자 동향","","","","2026-10-03T13:36:02.430Z","","","true","봉 기간의 마지막 유효 관측값","","","","partial","일부 거래일 누락","true","false","2024-10-02","2026-10-02","2026-09-17","2026-10-02","cumulative","2024-10-02"
"aligned","KR","etf","069500","day","KRW","foreign","2025-02-05","","%","네이버 금융 · 종목 투자자 동향","","","","2026-10-03T13:36:02.430Z","","","true","봉 기간의 마지막 유효 관측값","","","","partial","일부 거래일 누락","true","false","2024-10-02","2026-10-02","2026-09-17","2026-10-02","cumulative","2024-10-02"
"aligned","KR","etf","069500","day","KRW","foreign","2025-02-06","","%","네이버 금융 · 종목 투자자 동향","","","","2026-10-03T13:36:02.430Z","","","true","봉 기간의 마지막 유효 관측값","","","","partial","일부 거래일 누락","true","false","2024-10-02","2026-10-02","2026-09-17","2026-10-02","cumulative","2024-10-02"
"aligned","KR","etf","069500","day","KRW","foreign","2025-02-07","","%","네이버 금융 · 종목 투자자 동향","","","","2026-10-03T13:36:02.430Z","","","true","봉 기간의 마지막 유효 관측값","","","","partial","일부 거래일 누락","true","false","2024-10-02","2026-10-02","2026-09-17","2026-10-02","cumulative","2024-10-02"
"aligned","KR","etf","069500","day","KRW","foreign","2025-02-10","","%","네이버 금융 · 종목 투자자 동향","","","","2026-10-03T13:36:02.430Z","","","true","봉 기간의 마지막 유효 관측값","","","","partial","일부 거래일 누락","true","false","2024-10-02","2026-10-02","2026-09-17","2026-10-02","cumulative","2024-10-02"
"aligned","KR","etf","069500","day","KRW","foreign","2025-02-11","","%","네이버 금융 · 종목 투자자 동향","","","","2026-10-03T13:36:02.430Z","","","true","봉 기간의 마지막 유효 관측값","","","","partial","일부 거래일 누락","true","false","2024-10-02","2026-10-02","2026-09-17","2026-10-02","cumulative","2024-10-02"
"aligned","KR","etf","069500","day","KRW","foreign","2025-02-12","","%","네이버 금융 · 종목 투자자 동향","","","","2026-10-03T13:36:02.430Z","","","true","봉 기간의 마지막 유효 관측값","","","","partial","일부 거래일 누락","true","false","2024-10-02","2026-10-02","2026-09-17","2026-10-02","cumulative","2024-10-02"
"aligned","KR","etf","069500","day","KRW","foreign","2025-02-13","","%","네이버 금융 · 종목 투자자 동향","","","","2026-10-03T13:36:02.430Z","","","true","봉 기간의 마지막 유효 관측값","","","","partial","일부 거래일 누락","true","false","2024-10-02","2026-10-02","2026-09-17","2026-10-02","cumulative","2024-10-02"
"aligned","KR","etf","069500","day","KRW","foreign","2025-02-14","","%","네이버 금융 · 종목 투자자 동향","","","","2026-10-03T13:36:02.430Z","","","true","봉 기간의 마지막 유효 관측값","","","","partial","일부 거래일 누락","true","false","2024-10-02","2026-10-02","2026-09-17","2026-10-02","cumulative","2024-10-02"
"aligned","KR","etf","069500","day","KRW","foreign","2025-02-17","","%","네이버 금융 · 종목 투자자 동향","","","","2026-10-03T13:36:02.430Z","","","true","봉 기간의 마지막 유효 관측값","","","","partial","일부 거래일 누락","true","false","2024-10-02","2026-10-02","2026-09-17","2026-10-02","cumulative","2024-10-02"
"aligned","KR","etf","069500","day","KRW","foreign","2025-02-18","","%","네이버 금융 · 종목 투자자 동향","","","","2026-10-03T13:36:02.430Z","","","true","봉 기간의 마지막 유효 관측값","","","","partial","일부 거래일 누락","true","false","2024-10-02","2026-10-02","2026-09-17","2026-10-02","cumulative","2024-10-02"
"aligned","KR","etf","069500","day","KRW","foreign","2025-02-19","","%","네이버 금융 · 종목 투자자 동향","","","","2026-10-03T13:36:02.430Z","","","true","봉 기간의 마지막 유효 관측값","","","","partial","일부 거래일 누락","true","false","2024-10-02","2026-10-02","2026-09-17","2026-10-02","cumulative","2024-10-02"
"aligned","KR","etf","069500","day","KRW","foreign","2025-02-20","","%","네이버 금융 · 종목 투자자 동향","","","","2026-10-03T13:36:02.430Z","","","true","봉 기간의 마지막 유효 관측값","","","","partial","일부 거래일 누락","true","false","2024-10-02","2026-10-02","2026-09-17","2026-10-02","cumulative","2024-10-02"
"aligned","KR","etf","069500","day","KRW","foreign","2025-02-21","","%","네이버 금융 · 종목 투자자 동향","","","","2026-10-03T13:36:02.430Z","","","true","봉 기간의 마지막 유효 관측값","","","","partial","일부 거래일 누락","true","false","2024-10-02","2026-10-02","2026-09-17","2026-10-02","cumulative","2024-10-02"
"aligned","KR","etf","069500","day","KRW","foreign","2025-02-24","","%","네이버 금융 · 종목 투자자 동향","","","","2026-10-03T13:36:02.430Z","","","true","봉 기간의 마지막 유효 관측값","","","","partial","일부 거래일 누락","true","false","2024-10-02","2026-10-02","2026-09-17","2026-10-02","cumulative","2024-10-02"
"aligned","KR","etf","069500","day","KRW","foreign","2025-02-25","","%","네이버 금융 · 종목 투자자 동향","","","","2026-10-03T13:36:02.430Z","","","true","봉 기간의 마지막 유효 관측값","","","","partial","일부 거래일 누락","true","false","2024-10-02","2026-10-02","2026-09-17","2026-10-02","cumulative","2024-10-02"
"aligned","KR","etf","069500","day","KRW","foreign","2025-02-26","","%","네이버 금융 · 종목 투자자 동향","","","","2026-10-03T13:36:02.430Z","","","true","봉 기간의 마지막 유효 관측값","","","","partial","일부 거래일 누락","true","false","2024-10-02","2026-10-02","2026-09-17","2026-10-02","cumulative","2024-10-02"
"aligned","KR","etf","069500","day","KRW","foreign","2025-02-27","","%","네이버 금융 · 종목 투자자 동향","","","","2026-10-03T13:36:02.430Z","","","true","봉 기간의 마지막 유효 관측값","","","","partial","일부 거래일 누락","true","false","2024-10-02","2026-10-02","2026-09-17","2026-10-02","cumulative","2024-10-02"
"aligned","KR","etf","069500","day","KRW","foreign","2025-02-28","","%","네이버 금융 · 종목 투자자 동향","","","","2026-10-03T13:36:02.430Z","","","true","봉 기간의 마지막 유효 관측값","","","","partial","일부 거래일 누락","true","false","2024-10-02","2026-10-02","2026-09-17","2026-10-02","cumulative","2024-10-02"
"aligned","KR","etf","069500","day","KRW","foreign","2025-03-04","","%","네이버 금융 · 종목 투자자 동향","","","","2026-10-03T13:36:02.430Z","","","true","봉 기간의 마지막 유효 관측값","","","","partial","일부 거래일 누락","true","false","2024-10-02","2026-10-02","2026-09-17","2026-10-02","cumulative","2024-10-02"
"aligned","KR","etf","069500","day","KRW","foreign","2025-03-05","","%","네이버 금융 · 종목 투자자 동향","","","","2026-10-03T13:36:02.430Z","","","true","봉 기간의 마지막 유효 관측값","","","","partial","일부 거래일 누락","true","false","2024-10-02","2026-10-02","2026-09-17","2026-10-02","cumulative","2024-10-02"
"aligned","KR","etf","069500","day","KRW","foreign","2025-03-06","","%","네이버 금융 · 종목 투자자 동향","","","","2026-10-03T13:36:02.430Z","","","true","봉 기간의 마지막 유효 관측값","","","","partial","일부 거래일 누락","true","false","2024-10-02","2026-10-02","2026-09-17","2026-10-02","cumulative","2024-10-02"
"aligned","KR","etf","069500","day","KRW","foreign","2025-03-07","","%","네이버 금융 · 종목 투자자 동향","","","","2026-10-03T13:36:02.430Z","","","true","봉 기간의 마지막 유효 관측값","","","","partial","일부 거래일 누락","true","false","2024-10-02","2026-10-02","2026-09-17","2026-10-02","cumulative","2024-10-02"
"aligned","KR","etf","069500","day","KRW","foreign","2025-03-10","","%","네이버 금융 · 종목 투자자 동향","","","","2026-10-03T13:36:02.430Z","","","true","봉 기간의 마지막 유효 관측값","","","","partial","일부 거래일 누락","true","false","2024-10-02","2026-10-02","2026-09-17","2026-10-02","cumulative","2024-10-02"
"aligned","KR","etf","069500","day","KRW","foreign","2025-03-11","","%","네이버 금융 · 종목 투자자 동향","","","","2026-10-03T13:36:02.430Z","","","true","봉 기간의 마지막 유효 관측값","","","","partial","일부 거래일 누락","true","false","2024-10-02","2026-10-02","2026-09-17","2026-10-02","cumulative","2024-10-02"
"aligned","KR","etf","069500","day","KRW","foreign","2025-03-12","","%","네이버 금융 · 종목 투자자 동향","","","","2026-10-03T13:36:02.430Z","","","true","봉 기간의 마지막 유효 관측값","","","","partial","일부 거래일 누락","true","false","2024-10-02","2026-10-02","2026-09-17","2026-10-02","cumulative","2024-10-02"
"aligned","KR","etf","069500","day","KRW","foreign","2025-03-13","","%","네이버 금융 · 종목 투자자 동향","","","","2026-10-03T13:36:02.430Z","","","true","봉 기간의 마지막 유효 관측값","","","","partial","일부 거래일 누락","true","false","2024-10-02","2026-10-02","2026-09-17","2026-10-02","cumulative","2024-10-02"
"aligned","KR","etf","069500","day","KRW","foreign","2025-03-14","","%","네이버 금융 · 종목 투자자 동향","","","","2026-10-03T13:36:02.430Z","","","true","봉 기간의 마지막 유효 관측값","","","","partial","일부 거래일 누락","true","false","2024-10-02","2026-10-02","2026-09-17","2026-10-02","cumulative","2024-10-02"
"aligned","KR","etf","069500","day","KRW","foreign","2025-03-17","","%","네이버 금융 · 종목 투자자 동향","","","","2026-10-03T13:36:02.430Z","","","true","봉 기간의 마지막 유효 관측값","","","","partial","일부 거래일 누락","true","false","2024-10-02","2026-10-02","2026-09-17","2026-10-02","cumulative","2024-10-02"
"aligned","KR","etf","069500","day","KRW","foreign","2025-03-18","","%","네이버 금융 · 종목 투자자 동향","","","","2026-10-03T13:36:02.430Z","","","true","봉 기간의 마지막 유효 관측값","","","","partial","일부 거래일 누락","true","false","2024-10-02","2026-10-02","2026-09-17","2026-10-02","cumulative","2024-10-02"
"aligned","KR","etf","069500","day","KRW","foreign","2025-03-19","","%","네이버 금융 · 종목 투자자 동향","","","","2026-10-03T13:36:02.430Z","","","true","봉 기간의 마지막 유효 관측값","","","","partial","일부 거래일 누락","true","false","2024-10-02","2026-10-02","2026-09-17","2026-10-02","cumulative","2024-10-02"
"aligned","KR","etf","069500","day","KRW","foreign","2025-03-20","","%","네이버 금융 · 종목 투자자 동향","","","","2026-10-03T13:36:02.430Z","","","true","봉 기간의 마지막 유효 관측값","","","","partial","일부 거래일 누락","true","false","2024-10-02","2026-10-02","2026-09-17","2026-10-02","cumulative","2024-10-02"
"aligned","KR","etf","069500","day","KRW","foreign","2025-03-21","","%","네이버 금융 · 종목 투자자 동향","","","","2026-10-03T13:36:02.430Z","","","true","봉 기간의 마지막 유효 관측값","","","","partial","일부 거래일 누락","true","false","2024-10-02","2026-10-02","2026-09-17","2026-10-02","cumulative","2024-10-02"
"aligned","KR","etf","069500","day","KRW","foreign","2025-03-24","","%","네이버 금융 · 종목 투자자 동향","","","","2026-10-03T13:36:02.430Z","","","true","봉 기간의 마지막 유효 관측값","","","","partial","일부 거래일 누락","true","false","2024-10-02","2026-10-02","2026-09-17","2026-10-02","cumulative","2024-10-02"
"aligned","KR","etf","069500","day","KRW","foreign","2025-03-25","","%","네이버 금융 · 종목 투자자 동향","","","","2026-10-03T13:36:02.430Z","","","true","봉 기간의 마지막 유효 관측값","","","","partial","일부 거래일 누락","true","false","2024-10-02","2026-10-02","2026-09-17","2026-10-02","cumulative","2024-10-02"
"aligned","KR","etf","069500","day","KRW","foreign","2025-03-26","","%","네이버 금융 · 종목 투자자 동향","","","","2026-10-03T13:36:02.430Z","","","true","봉 기간의 마지막 유효 관측값","","","","partial","일부 거래일 누락","true","false","2024-10-02","2026-10-02","2026-09-17","2026-10-02","cumulative","2024-10-02"
"aligned","KR","etf","069500","day","KRW","foreign","2025-03-27","","%","네이버 금융 · 종목 투자자 동향","","","","2026-10-03T13:36:02.430Z","","","true","봉 기간의 마지막 유효 관측값","","","","partial","일부 거래일 누락","true","false","2024-10-02","2026-10-02","2026-09-17","2026-10-02","cumulative","2024-10-02"
"aligned","KR","etf","069500","day","KRW","foreign","2025-03-28","","%","네이버 금융 · 종목 투자자 동향","","","","2026-10-03T13:36:02.430Z","","","true","봉 기간의 마지막 유효 관측값","","","","partial","일부 거래일 누락","true","false","2024-10-02","2026-10-02","2026-09-17","2026-10-02","cumulative","2024-10-02"
"aligned","KR","etf","069500","day","KRW","foreign","2025-03-31","","%","네이버 금융 · 종목 투자자 동향","","","","2026-10-03T13:36:02.430Z","","","true","봉 기간의 마지막 유효 관측값","","","","partial","일부 거래일 누락","true","false","2024-10-02","2026-10-02","2026-09-17","2026-10-02","cumulative","2024-10-02"
"aligned","KR","etf","069500","day","KRW","foreign","2025-04-01","","%","네이버 금융 · 종목 투자자 동향","","","","2026-10-03T13:36:02.430Z","","","true","봉 기간의 마지막 유효 관측값","","","","partial","일부 거래일 누락","true","false","2024-10-02","2026-10-02","2026-09-17","2026-10-02","cumulative","2024-10-02"
"aligned","KR","etf","069500","day","KRW","foreign","2025-04-02","","%","네이버 금융 · 종목 투자자 동향","","","","2026-10-03T13:36:02.430Z","","","true","봉 기간의 마지막 유효 관측값","","","","partial","일부 거래일 누락","true","false","2024-10-02","2026-10-02","2026-09-17","2026-10-02","cumulative","2024-10-02"
"aligned","KR","etf","069500","day","KRW","foreign","2025-04-03","","%","네이버 금융 · 종목 투자자 동향","","","","2026-10-03T13:36:02.430Z","","","true","봉 기간의 마지막 유효 관측값","","","","partial","일부 거래일 누락","true","false","2024-10-02","2026-10-02","2026-09-17","2026-10-02","cumulative","2024-10-02"
"aligned","KR","etf","069500","day","KRW","foreign","2025-04-04","","%","네이버 금융 · 종목 투자자 동향","","","","2026-10-03T13:36:02.430Z","","","true","봉 기간의 마지막 유효 관측값","","","","partial","일부 거래일 누락","true","false","2024-10-02","2026-10-02","2026-09-17","2026-10-02","cumulative","2024-10-02"
"aligned","KR","etf","069500","day","KRW","foreign","2025-04-07","","%","네이버 금융 · 종목 투자자 동향","","","","2026-10-03T13:36:02.430Z","","","true","봉 기간의 마지막 유효 관측값","","","","partial","일부 거래일 누락","true","false","2024-10-02","2026-10-02","2026-09-17","2026-10-02","cumulative","2024-10-02"
"aligned","KR","etf","069500","day","KRW","foreign","2025-04-08","","%","네이버 금융 · 종목 투자자 동향","","","","2026-10-03T13:36:02.430Z","","","true","봉 기간의 마지막 유효 관측값","","","","partial","일부 거래일 누락","true","false","2024-10-02","2026-10-02","2026-09-17","2026-10-02","cumulative","2024-10-02"
"aligned","KR","etf","069500","day","KRW","foreign","2025-04-09","","%","네이버 금융 · 종목 투자자 동향","","","","2026-10-03T13:36:02.430Z","","","true","봉 기간의 마지막 유효 관측값","","","","partial","일부 거래일 누락","true","false","2024-10-02","2026-10-02","2026-09-17","2026-10-02","cumulative","2024-10-02"
"aligned","KR","etf","069500","day","KRW","foreign","2025-04-10","","%","네이버 금융 · 종목 투자자 동향","","","","2026-10-03T13:36:02.430Z","","","true","봉 기간의 마지막 유효 관측값","","","","partial","일부 거래일 누락","true","false","2024-10-02","2026-10-02","2026-09-17","2026-10-02","cumulative","2024-10-02"
"aligned","KR","etf","069500","day","KRW","foreign","2025-04-11","","%","네이버 금융 · 종목 투자자 동향","","","","2026-10-03T13:36:02.430Z","","","true","봉 기간의 마지막 유효 관측값","","","","partial","일부 거래일 누락","true","false","2024-10-02","2026-10-02","2026-09-17","2026-10-02","cumulative","2024-10-02"
"aligned","KR","etf","069500","day","KRW","foreign","2025-04-14","","%","네이버 금융 · 종목 투자자 동향","","","","2026-10-03T13:36:02.430Z","","","true","봉 기간의 마지막 유효 관측값","","","","partial","일부 거래일 누락","true","false","2024-10-02","2026-10-02","2026-09-17","2026-10-02","cumulative","2024-10-02"
"aligned","KR","etf","069500","day","KRW","foreign","2025-04-15","","%","네이버 금융 · 종목 투자자 동향","","","","2026-10-03T13:36:02.430Z","","","true","봉 기간의 마지막 유효 관측값","","","","partial","일부 거래일 누락","true","false","2024-10-02","2026-10-02","2026-09-17","2026-10-02","cumulative","2024-10-02"
"aligned","KR","etf","069500","day","KRW","foreign","2025-04-16","","%","네이버 금융 · 종목 투자자 동향","","","","2026-10-03T13:36:02.430Z","","","true","봉 기간의 마지막 유효 관측값","","","","partial","일부 거래일 누락","true","false","2024-10-02","2026-10-02","2026-09-17","2026-10-02","cumulative","2024-10-02"
"aligned","KR","etf","069500","day","KRW","foreign","2025-04-17","","%","네이버 금융 · 종목 투자자 동향","","","","2026-10-03T13:36:02.430Z","","","true","봉 기간의 마지막 유효 관측값","","","","partial","일부 거래일 누락","true","false","2024-10-02","2026-10-02","2026-09-17","2026-10-02","cumulative","2024-10-02"
"aligned","KR","etf","069500","day","KRW","foreign","2025-04-18","","%","네이버 금융 · 종목 투자자 동향","","","","2026-10-03T13:36:02.430Z","","","true","봉 기간의 마지막 유효 관측값","","","","partial","일부 거래일 누락","true","false","2024-10-02","2026-10-02","2026-09-17","2026-10-02","cumulative","2024-10-02"
"aligned","KR","etf","069500","day","KRW","foreign","2025-04-21","","%","네이버 금융 · 종목 투자자 동향","","","","2026-10-03T13:36:02.430Z","","","true","봉 기간의 마지막 유효 관측값","","","","partial","일부 거래일 누락","true","false","2024-10-02","2026-10-02","2026-09-17","2026-10-02","cumulative","2024-10-02"
"aligned","KR","etf","069500","day","KRW","foreign","2025-04-22","","%","네이버 금융 · 종목 투자자 동향","","","","2026-10-03T13:36:02.430Z","","","true","봉 기간의 마지막 유효 관측값","","","","partial","일부 거래일 누락","true","false","2024-10-02","2026-10-02","2026-09-17","2026-10-02","cumulative","2024-10-02"
"aligned","KR","etf","069500","day","KRW","foreign","2025-04-23","","%","네이버 금융 · 종목 투자자 동향","","","","2026-10-03T13:36:02.430Z","","","true","봉 기간의 마지막 유효 관측값","","","","partial","일부 거래일 누락","true","false","2024-10-02","2026-10-02","2026-09-17","2026-10-02","cumulative","2024-10-02"
"aligned","KR","etf","069500","day","KRW","foreign","2025-04-24","","%","네이버 금융 · 종목 투자자 동향","","","","2026-10-03T13:36:02.430Z","","","true","봉 기간의 마지막 유효 관측값","","","","partial","일부 거래일 누락","true","false","2024-10-02","2026-10-02","2026-09-17","2026-10-02","cumulative","2024-10-02"
"aligned","KR","etf","069500","day","KRW","foreign","2025-04-25","","%","네이버 금융 · 종목 투자자 동향","","","","2026-10-03T13:36:02.430Z","","","true","봉 기간의 마지막 유효 관측값","","","","partial","일부 거래일 누락","true","false","2024-10-02","2026-10-02","2026-09-17","2026-10-02","cumulative","2024-10-02"
"aligned","KR","etf","069500","day","KRW","foreign","2025-04-28","","%","네이버 금융 · 종목 투자자 동향","","","","2026-10-03T13:36:02.430Z","","","true","봉 기간의 마지막 유효 관측값","","","","partial","일부 거래일 누락","true","false","2024-10-02","2026-10-02","2026-09-17","2026-10-02","cumulative","2024-10-02"
"aligned","KR","etf","069500","day","KRW","foreign","2025-04-29","","%","네이버 금융 · 종목 투자자 동향","","","","2026-10-03T13:36:02.430Z","","","true","봉 기간의 마지막 유효 관측값","","","","partial","일부 거래일 누락","true","false","2024-10-02","2026-10-02","2026-09-17","2026-10-02","cumulative","2024-10-02"
"aligned","KR","etf","069500","day","KRW","foreign","2025-04-30","","%","네이버 금융 · 종목 투자자 동향","","","","2026-10-03T13:36:02.430Z","","","true","봉 기간의 마지막 유효 관측값","","","","partial","일부 거래일 누락","true","false","2024-10-02","2026-10-02","2026-09-17","2026-10-02","cumulative","2024-10-02"
"aligned","KR","etf","069500","day","KRW","foreign","2025-05-02","","%","네이버 금융 · 종목 투자자 동향","","","","2026-10-03T13:36:02.430Z","","","true","봉 기간의 마지막 유효 관측값","","","","partial","일부 거래일 누락","true","false","2024-10-02","2026-10-02","2026-09-17","2026-10-02","cumulative","2024-10-02"
"aligned","KR","etf","069500","day","KRW","foreign","2025-05-07","","%","네이버 금융 · 종목 투자자 동향","","","","2026-10-03T13:36:02.430Z","","","true","봉 기간의 마지막 유효 관측값","","","","partial","일부 거래일 누락","true","false","2024-10-02","2026-10-02","2026-09-17","2026-10-02","cumulative","2024-10-02"
"aligned","KR","etf","069500","day","KRW","foreign","2025-05-08","","%","네이버 금융 · 종목 투자자 동향","","","","2026-10-03T13:36:02.430Z","","","true","봉 기간의 마지막 유효 관측값","","","","partial","일부 거래일 누락","true","false","2024-10-02","2026-10-02","2026-09-17","2026-10-02","cumulative","2024-10-02"
"aligned","KR","etf","069500","day","KRW","foreign","2025-05-09","","%","네이버 금융 · 종목 투자자 동향","","","","2026-10-03T13:36:02.430Z","","","true","봉 기간의 마지막 유효 관측값","","","","partial","일부 거래일 누락","true","false","2024-10-02","2026-10-02","2026-09-17","2026-10-02","cumulative","2024-10-02"
"aligned","KR","etf","069500","day","KRW","foreign","2025-05-12","","%","네이버 금융 · 종목 투자자 동향","","","","2026-10-03T13:36:02.430Z","","","true","봉 기간의 마지막 유효 관측값","","","","partial","일부 거래일 누락","true","false","2024-10-02","2026-10-02","2026-09-17","2026-10-02","cumulative","2024-10-02"
"aligned","KR","etf","069500","day","KRW","foreign","2025-05-13","","%","네이버 금융 · 종목 투자자 동향","","","","2026-10-03T13:36:02.430Z","","","true","봉 기간의 마지막 유효 관측값","","","","partial","일부 거래일 누락","true","false","2024-10-02","2026-10-02","2026-09-17","2026-10-02","cumulative","2024-10-02"
"aligned","KR","etf","069500","day","KRW","foreign","2025-05-14","","%","네이버 금융 · 종목 투자자 동향","","","","2026-10-03T13:36:02.430Z","","","true","봉 기간의 마지막 유효 관측값","","","","partial","일부 거래일 누락","true","false","2024-10-02","2026-10-02","2026-09-17","2026-10-02","cumulative","2024-10-02"
"aligned","KR","etf","069500","day","KRW","foreign","2025-05-15","","%","네이버 금융 · 종목 투자자 동향","","","","2026-10-03T13:36:02.430Z","","","true","봉 기간의 마지막 유효 관측값","","","","partial","일부 거래일 누락","true","false","2024-10-02","2026-10-02","2026-09-17","2026-10-02","cumulative","2024-10-02"
"aligned","KR","etf","069500","day","KRW","foreign","2025-05-16","","%","네이버 금융 · 종목 투자자 동향","","","","2026-10-03T13:36:02.430Z","","","true","봉 기간의 마지막 유효 관측값","","","","partial","일부 거래일 누락","true","false","2024-10-02","2026-10-02","2026-09-17","2026-10-02","cumulative","2024-10-02"
"aligned","KR","etf","069500","day","KRW","foreign","2025-05-19","","%","네이버 금융 · 종목 투자자 동향","","","","2026-10-03T13:36:02.430Z","","","true","봉 기간의 마지막 유효 관측값","","","","partial","일부 거래일 누락","true","false","2024-10-02","2026-10-02","2026-09-17","2026-10-02","cumulative","2024-10-02"
"aligned","KR","etf","069500","day","KRW","foreign","2025-05-20","","%","네이버 금융 · 종목 투자자 동향","","","","2026-10-03T13:36:02.430Z","","","true","봉 기간의 마지막 유효 관측값","","","","partial","일부 거래일 누락","true","false","2024-10-02","2026-10-02","2026-09-17","2026-10-02","cumulative","2024-10-02"
"aligned","KR","etf","069500","day","KRW","foreign","2025-05-21","","%","네이버 금융 · 종목 투자자 동향","","","","2026-10-03T13:36:02.430Z","","","true","봉 기간의 마지막 유효 관측값","","","","partial","일부 거래일 누락","true","false","2024-10-02","2026-10-02","2026-09-17","2026-10-02","cumulative","2024-10-02"
"aligned","KR","etf","069500","day","KRW","foreign","2025-05-22","","%","네이버 금융 · 종목 투자자 동향","","","","2026-10-03T13:36:02.430Z","","","true","봉 기간의 마지막 유효 관측값","","","","partial","일부 거래일 누락","true","false","2024-10-02","2026-10-02","2026-09-17","2026-10-02","cumulative","2024-10-02"
"aligned","KR","etf","069500","day","KRW","foreign","2025-05-23","","%","네이버 금융 · 종목 투자자 동향","","","","2026-10-03T13:36:02.430Z","","","true","봉 기간의 마지막 유효 관측값","","","","partial","일부 거래일 누락","true","false","2024-10-02","2026-10-02","2026-09-17","2026-10-02","cumulative","2024-10-02"
"aligned","KR","etf","069500","day","KRW","foreign","2025-05-26","","%","네이버 금융 · 종목 투자자 동향","","","","2026-10-03T13:36:02.430Z","","","true","봉 기간의 마지막 유효 관측값","","","","partial","일부 거래일 누락","true","false","2024-10-02","2026-10-02","2026-09-17","2026-10-02","cumulative","2024-10-02"
"aligned","KR","etf","069500","day","KRW","foreign","2025-05-27","","%","네이버 금융 · 종목 투자자 동향","","","","2026-10-03T13:36:02.430Z","","","true","봉 기간의 마지막 유효 관측값","","","","partial","일부 거래일 누락","true","false","2024-10-02","2026-10-02","2026-09-17","2026-10-02","cumulative","2024-10-02"
"aligned","KR","etf","069500","day","KRW","foreign","2025-05-28","","%","네이버 금융 · 종목 투자자 동향","","","","2026-10-03T13:36:02.430Z","","","true","봉 기간의 마지막 유효 관측값","","","","partial","일부 거래일 누락","true","false","2024-10-02","2026-10-02","2026-09-17","2026-10-02","cumulative","2024-10-02"
"aligned","KR","etf","069500","day","KRW","foreign","2025-05-29","","%","네이버 금융 · 종목 투자자 동향","","","","2026-10-03T13:36:02.430Z","","","true","봉 기간의 마지막 유효 관측값","","","","partial","일부 거래일 누락","true","false","2024-10-02","2026-10-02","2026-09-17","2026-10-02","cumulative","2024-10-02"
"aligned","KR","etf","069500","day","KRW","foreign","2025-05-30","","%","네이버 금융 · 종목 투자자 동향","","","","2026-10-03T13:36:02.430Z","","","true","봉 기간의 마지막 유효 관측값","","","","partial","일부 거래일 누락","true","false","2024-10-02","2026-10-02","2026-09-17","2026-10-02","cumulative","2024-10-02"
"aligned","KR","etf","069500","day","KRW","foreign","2025-06-02","","%","네이버 금융 · 종목 투자자 동향","","","","2026-10-03T13:36:02.430Z","","","true","봉 기간의 마지막 유효 관측값","","","","partial","일부 거래일 누락","true","false","2024-10-02","2026-10-02","2026-09-17","2026-10-02","cumulative","2024-10-02"
"aligned","KR","etf","069500","day","KRW","foreign","2025-06-04","","%","네이버 금융 · 종목 투자자 동향","","","","2026-10-03T13:36:02.430Z","","","true","봉 기간의 마지막 유효 관측값","","","","partial","일부 거래일 누락","true","false","2024-10-02","2026-10-02","2026-09-17","2026-10-02","cumulative","2024-10-02"
"aligned","KR","etf","069500","day","KRW","foreign","2025-06-05","","%","네이버 금융 · 종목 투자자 동향","","","","2026-10-03T13:36:02.430Z","","","true","봉 기간의 마지막 유효 관측값","","","","partial","일부 거래일 누락","true","false","2024-10-02","2026-10-02","2026-09-17","2026-10-02","cumulative","2024-10-02"
"aligned","KR","etf","069500","day","KRW","foreign","2025-06-09","","%","네이버 금융 · 종목 투자자 동향","","","","2026-10-03T13:36:02.430Z","","","true","봉 기간의 마지막 유효 관측값","","","","partial","일부 거래일 누락","true","false","2024-10-02","2026-10-02","2026-09-17","2026-10-02","cumulative","2024-10-02"
"aligned","KR","etf","069500","day","KRW","foreign","2025-06-10","","%","네이버 금융 · 종목 투자자 동향","","","","2026-10-03T13:36:02.430Z","","","true","봉 기간의 마지막 유효 관측값","","","","partial","일부 거래일 누락","true","false","2024-10-02","2026-10-02","2026-09-17","2026-10-02","cumulative","2024-10-02"
"aligned","KR","etf","069500","day","KRW","foreign","2025-06-11","","%","네이버 금융 · 종목 투자자 동향","","","","2026-10-03T13:36:02.430Z","","","true","봉 기간의 마지막 유효 관측값","","","","partial","일부 거래일 누락","true","false","2024-10-02","2026-10-02","2026-09-17","2026-10-02","cumulative","2024-10-02"
"aligned","KR","etf","069500","day","KRW","foreign","2025-06-12","","%","네이버 금융 · 종목 투자자 동향","","","","2026-10-03T13:36:02.430Z","","","true","봉 기간의 마지막 유효 관측값","","","","partial","일부 거래일 누락","true","false","2024-10-02","2026-10-02","2026-09-17","2026-10-02","cumulative","2024-10-02"
"aligned","KR","etf","069500","day","KRW","foreign","2025-06-13","","%","네이버 금융 · 종목 투자자 동향","","","","2026-10-03T13:36:02.430Z","","","true","봉 기간의 마지막 유효 관측값","","","","partial","일부 거래일 누락","true","false","2024-10-02","2026-10-02","2026-09-17","2026-10-02","cumulative","2024-10-02"
"aligned","KR","etf","069500","day","KRW","foreign","2025-06-16","","%","네이버 금융 · 종목 투자자 동향","","","","2026-10-03T13:36:02.430Z","","","true","봉 기간의 마지막 유효 관측값","","","","partial","일부 거래일 누락","true","false","2024-10-02","2026-10-02","2026-09-17","2026-10-02","cumulative","2024-10-02"
"aligned","KR","etf","069500","day","KRW","foreign","2025-06-17","","%","네이버 금융 · 종목 투자자 동향","","","","2026-10-03T13:36:02.430Z","","","true","봉 기간의 마지막 유효 관측값","","","","partial","일부 거래일 누락","true","false","2024-10-02","2026-10-02","2026-09-17","2026-10-02","cumulative","2024-10-02"
"aligned","KR","etf","069500","day","KRW","foreign","2025-06-18","","%","네이버 금융 · 종목 투자자 동향","","","","2026-10-03T13:36:02.430Z","","","true","봉 기간의 마지막 유효 관측값","","","","partial","일부 거래일 누락","true","false","2024-10-02","2026-10-02","2026-09-17","2026-10-02","cumulative","2024-10-02"
"aligned","KR","etf","069500","day","KRW","foreign","2025-06-19","","%","네이버 금융 · 종목 투자자 동향","","","","2026-10-03T13:36:02.430Z","","","true","봉 기간의 마지막 유효 관측값","","","","partial","일부 거래일 누락","true","false","2024-10-02","2026-10-02","2026-09-17","2026-10-02","cumulative","2024-10-02"
"aligned","KR","etf","069500","day","KRW","foreign","2025-06-20","","%","네이버 금융 · 종목 투자자 동향","","","","2026-10-03T13:36:02.430Z","","","true","봉 기간의 마지막 유효 관측값","","","","partial","일부 거래일 누락","true","false","2024-10-02","2026-10-02","2026-09-17","2026-10-02","cumulative","2024-10-02"
"aligned","KR","etf","069500","day","KRW","foreign","2025-06-23","","%","네이버 금융 · 종목 투자자 동향","","","","2026-10-03T13:36:02.430Z","","","true","봉 기간의 마지막 유효 관측값","","","","partial","일부 거래일 누락","true","false","2024-10-02","2026-10-02","2026-09-17","2026-10-02","cumulative","2024-10-02"
"aligned","KR","etf","069500","day","KRW","foreign","2025-06-24","","%","네이버 금융 · 종목 투자자 동향","","","","2026-10-03T13:36:02.430Z","","","true","봉 기간의 마지막 유효 관측값","","","","partial","일부 거래일 누락","true","false","2024-10-02","2026-10-02","2026-09-17","2026-10-02","cumulative","2024-10-02"
"aligned","KR","etf","069500","day","KRW","foreign","2025-06-25","","%","네이버 금융 · 종목 투자자 동향","","","","2026-10-03T13:36:02.430Z","","","true","봉 기간의 마지막 유효 관측값","","","","partial","일부 거래일 누락","true","false","2024-10-02","2026-10-02","2026-09-17","2026-10-02","cumulative","2024-10-02"
"aligned","KR","etf","069500","day","KRW","foreign","2025-06-26","","%","네이버 금융 · 종목 투자자 동향","","","","2026-10-03T13:36:02.430Z","","","true","봉 기간의 마지막 유효 관측값","","","","partial","일부 거래일 누락","true","false","2024-10-02","2026-10-02","2026-09-17","2026-10-02","cumulative","2024-10-02"
"aligned","KR","etf","069500","day","KRW","foreign","2025-06-27","","%","네이버 금융 · 종목 투자자 동향","","","","2026-10-03T13:36:02.430Z","","","true","봉 기간의 마지막 유효 관측값","","","","partial","일부 거래일 누락","true","false","2024-10-02","2026-10-02","2026-09-17","2026-10-02","cumulative","2024-10-02"
"aligned","KR","etf","069500","day","KRW","foreign","2025-06-30","","%","네이버 금융 · 종목 투자자 동향","","","","2026-10-03T13:36:02.430Z","","","true","봉 기간의 마지막 유효 관측값","","","","partial","일부 거래일 누락","true","false","2024-10-02","2026-10-02","2026-09-17","2026-10-02","cumulative","2024-10-02"
"aligned","KR","etf","069500","day","KRW","foreign","2025-07-01","","%","네이버 금융 · 종목 투자자 동향","","","","2026-10-03T13:36:02.430Z","","","true","봉 기간의 마지막 유효 관측값","","","","partial","일부 거래일 누락","true","false","2024-10-02","2026-10-02","2026-09-17","2026-10-02","cumulative","2024-10-02"
"aligned","KR","etf","069500","day","KRW","foreign","2025-07-02","","%","네이버 금융 · 종목 투자자 동향","","","","2026-10-03T13:36:02.430Z","","","true","봉 기간의 마지막 유효 관측값","","","","partial","일부 거래일 누락","true","false","2024-10-02","2026-10-02","2026-09-17","2026-10-02","cumulative","2024-10-02"
"aligned","KR","etf","069500","day","KRW","foreign","2025-07-03","","%","네이버 금융 · 종목 투자자 동향","","","","2026-10-03T13:36:02.430Z","","","true","봉 기간의 마지막 유효 관측값","","","","partial","일부 거래일 누락","true","false","2024-10-02","2026-10-02","2026-09-17","2026-10-02","cumulative","2024-10-02"
"aligned","KR","etf","069500","day","KRW","foreign","2025-07-04","","%","네이버 금융 · 종목 투자자 동향","","","","2026-10-03T13:36:02.430Z","","","true","봉 기간의 마지막 유효 관측값","","","","partial","일부 거래일 누락","true","false","2024-10-02","2026-10-02","2026-09-17","2026-10-02","cumulative","2024-10-02"
"aligned","KR","etf","069500","day","KRW","foreign","2025-07-07","","%","네이버 금융 · 종목 투자자 동향","","","","2026-10-03T13:36:02.430Z","","","true","봉 기간의 마지막 유효 관측값","","","","partial","일부 거래일 누락","true","false","2024-10-02","2026-10-02","2026-09-17","2026-10-02","cumulative","2024-10-02"
"aligned","KR","etf","069500","day","KRW","foreign","2025-07-08","","%","네이버 금융 · 종목 투자자 동향","","","","2026-10-03T13:36:02.430Z","","","true","봉 기간의 마지막 유효 관측값","","","","partial","일부 거래일 누락","true","false","2024-10-02","2026-10-02","2026-09-17","2026-10-02","cumulative","2024-10-02"
"aligned","KR","etf","069500","day","KRW","foreign","2025-07-09","","%","네이버 금융 · 종목 투자자 동향","","","","2026-10-03T13:36:02.430Z","","","true","봉 기간의 마지막 유효 관측값","","","","partial","일부 거래일 누락","true","false","2024-10-02","2026-10-02","2026-09-17","2026-10-02","cumulative","2024-10-02"
"aligned","KR","etf","069500","day","KRW","foreign","2025-07-10","","%","네이버 금융 · 종목 투자자 동향","","","","2026-10-03T13:36:02.430Z","","","true","봉 기간의 마지막 유효 관측값","","","","partial","일부 거래일 누락","true","false","2024-10-02","2026-10-02","2026-09-17","2026-10-02","cumulative","2024-10-02"
"aligned","KR","etf","069500","day","KRW","foreign","2025-07-11","","%","네이버 금융 · 종목 투자자 동향","","","","2026-10-03T13:36:02.430Z","","","true","봉 기간의 마지막 유효 관측값","","","","partial","일부 거래일 누락","true","false","2024-10-02","2026-10-02","2026-09-17","2026-10-02","cumulative","2024-10-02"
"aligned","KR","etf","069500","day","KRW","foreign","2025-07-14","","%","네이버 금융 · 종목 투자자 동향","","","","2026-10-03T13:36:02.430Z","","","true","봉 기간의 마지막 유효 관측값","","","","partial","일부 거래일 누락","true","false","2024-10-02","2026-10-02","2026-09-17","2026-10-02","cumulative","2024-10-02"
"aligned","KR","etf","069500","day","KRW","foreign","2025-07-15","","%","네이버 금융 · 종목 투자자 동향","","","","2026-10-03T13:36:02.430Z","","","true","봉 기간의 마지막 유효 관측값","","","","partial","일부 거래일 누락","true","false","2024-10-02","2026-10-02","2026-09-17","2026-10-02","cumulative","2024-10-02"
"aligned","KR","etf","069500","day","KRW","foreign","2025-07-16","","%","네이버 금융 · 종목 투자자 동향","","","","2026-10-03T13:36:02.430Z","","","true","봉 기간의 마지막 유효 관측값","","","","partial","일부 거래일 누락","true","false","2024-10-02","2026-10-02","2026-09-17","2026-10-02","cumulative","2024-10-02"
"aligned","KR","etf","069500","day","KRW","foreign","2025-07-17","","%","네이버 금융 · 종목 투자자 동향","","","","2026-10-03T13:36:02.430Z","","","true","봉 기간의 마지막 유효 관측값","","","","partial","일부 거래일 누락","true","false","2024-10-02","2026-10-02","2026-09-17","2026-10-02","cumulative","2024-10-02"
"aligned","KR","etf","069500","day","KRW","foreign","2025-07-18","","%","네이버 금융 · 종목 투자자 동향","","","","2026-10-03T13:36:02.430Z","","","true","봉 기간의 마지막 유효 관측값","","","","partial","일부 거래일 누락","true","false","2024-10-02","2026-10-02","2026-09-17","2026-10-02","cumulative","2024-10-02"
"aligned","KR","etf","069500","day","KRW","foreign","2025-07-21","","%","네이버 금융 · 종목 투자자 동향","","","","2026-10-03T13:36:02.430Z","","","true","봉 기간의 마지막 유효 관측값","","","","partial","일부 거래일 누락","true","false","2024-10-02","2026-10-02","2026-09-17","2026-10-02","cumulative","2024-10-02"
"aligned","KR","etf","069500","day","KRW","foreign","2025-07-22","","%","네이버 금융 · 종목 투자자 동향","","","","2026-10-03T13:36:02.430Z","","","true","봉 기간의 마지막 유효 관측값","","","","partial","일부 거래일 누락","true","false","2024-10-02","2026-10-02","2026-09-17","2026-10-02","cumulative","2024-10-02"
"aligned","KR","etf","069500","day","KRW","foreign","2025-07-23","","%","네이버 금융 · 종목 투자자 동향","","","","2026-10-03T13:36:02.430Z","","","true","봉 기간의 마지막 유효 관측값","","","","partial","일부 거래일 누락","true","false","2024-10-02","2026-10-02","2026-09-17","2026-10-02","cumulative","2024-10-02"
"aligned","KR","etf","069500","day","KRW","foreign","2025-07-24","","%","네이버 금융 · 종목 투자자 동향","","","","2026-10-03T13:36:02.430Z","","","true","봉 기간의 마지막 유효 관측값","","","","partial","일부 거래일 누락","true","false","2024-10-02","2026-10-02","2026-09-17","2026-10-02","cumulative","2024-10-02"
"aligned","KR","etf","069500","day","KRW","foreign","2025-07-25","","%","네이버 금융 · 종목 투자자 동향","","","","2026-10-03T13:36:02.430Z","","","true","봉 기간의 마지막 유효 관측값","","","","partial","일부 거래일 누락","true","false","2024-10-02","2026-10-02","2026-09-17","2026-10-02","cumulative","2024-10-02"
"aligned","KR","etf","069500","day","KRW","foreign","2025-07-28","","%","네이버 금융 · 종목 투자자 동향","","","","2026-10-03T13:36:02.430Z","","","true","봉 기간의 마지막 유효 관측값","","","","partial","일부 거래일 누락","true","false","2024-10-02","2026-10-02","2026-09-17","2026-10-02","cumulative","2024-10-02"
"aligned","KR","etf","069500","day","KRW","foreign","2025-07-29","","%","네이버 금융 · 종목 투자자 동향","","","","2026-10-03T13:36:02.430Z","","","true","봉 기간의 마지막 유효 관측값","","","","partial","일부 거래일 누락","true","false","2024-10-02","2026-10-02","2026-09-17","2026-10-02","cumulative","2024-10-02"
"aligned","KR","etf","069500","day","KRW","foreign","2025-07-30","","%","네이버 금융 · 종목 투자자 동향","","","","2026-10-03T13:36:02.430Z","","","true","봉 기간의 마지막 유효 관측값","","","","partial","일부 거래일 누락","true","false","2024-10-02","2026-10-02","2026-09-17","2026-10-02","cumulative","2024-10-02"
"aligned","KR","etf","069500","day","KRW","foreign","2025-07-31","","%","네이버 금융 · 종목 투자자 동향","","","","2026-10-03T13:36:02.430Z","","","true","봉 기간의 마지막 유효 관측값","","","","partial","일부 거래일 누락","true","false","2024-10-02","2026-10-02","2026-09-17","2026-10-02","cumulative","2024-10-02"
"aligned","KR","etf","069500","day","KRW","foreign","2025-08-01","","%","네이버 금융 · 종목 투자자 동향","","","","2026-10-03T13:36:02.430Z","","","true","봉 기간의 마지막 유효 관측값","","","","partial","일부 거래일 누락","true","false","2024-10-02","2026-10-02","2026-09-17","2026-10-02","cumulative","2024-10-02"
"aligned","KR","etf","069500","day","KRW","foreign","2025-08-04","","%","네이버 금융 · 종목 투자자 동향","","","","2026-10-03T13:36:02.430Z","","","true","봉 기간의 마지막 유효 관측값","","","","partial","일부 거래일 누락","true","false","2024-10-02","2026-10-02","2026-09-17","2026-10-02","cumulative","2024-10-02"
"aligned","KR","etf","069500","day","KRW","foreign","2025-08-05","","%","네이버 금융 · 종목 투자자 동향","","","","2026-10-03T13:36:02.430Z","","","true","봉 기간의 마지막 유효 관측값","","","","partial","일부 거래일 누락","true","false","2024-10-02","2026-10-02","2026-09-17","2026-10-02","cumulative","2024-10-02"
"aligned","KR","etf","069500","day","KRW","foreign","2025-08-06","","%","네이버 금융 · 종목 투자자 동향","","","","2026-10-03T13:36:02.430Z","","","true","봉 기간의 마지막 유효 관측값","","","","partial","일부 거래일 누락","true","false","2024-10-02","2026-10-02","2026-09-17","2026-10-02","cumulative","2024-10-02"
"aligned","KR","etf","069500","day","KRW","foreign","2025-08-07","","%","네이버 금융 · 종목 투자자 동향","","","","2026-10-03T13:36:02.430Z","","","true","봉 기간의 마지막 유효 관측값","","","","partial","일부 거래일 누락","true","false","2024-10-02","2026-10-02","2026-09-17","2026-10-02","cumulative","2024-10-02"
"aligned","KR","etf","069500","day","KRW","foreign","2025-08-08","","%","네이버 금융 · 종목 투자자 동향","","","","2026-10-03T13:36:02.430Z","","","true","봉 기간의 마지막 유효 관측값","","","","partial","일부 거래일 누락","true","false","2024-10-02","2026-10-02","2026-09-17","2026-10-02","cumulative","2024-10-02"
"aligned","KR","etf","069500","day","KRW","foreign","2025-08-11","","%","네이버 금융 · 종목 투자자 동향","","","","2026-10-03T13:36:02.430Z","","","true","봉 기간의 마지막 유효 관측값","","","","partial","일부 거래일 누락","true","false","2024-10-02","2026-10-02","2026-09-17","2026-10-02","cumulative","2024-10-02"
"aligned","KR","etf","069500","day","KRW","foreign","2025-08-12","","%","네이버 금융 · 종목 투자자 동향","","","","2026-10-03T13:36:02.430Z","","","true","봉 기간의 마지막 유효 관측값","","","","partial","일부 거래일 누락","true","false","2024-10-02","2026-10-02","2026-09-17","2026-10-02","cumulative","2024-10-02"
"aligned","KR","etf","069500","day","KRW","foreign","2025-08-13","","%","네이버 금융 · 종목 투자자 동향","","","","2026-10-03T13:36:02.430Z","","","true","봉 기간의 마지막 유효 관측값","","","","partial","일부 거래일 누락","true","false","2024-10-02","2026-10-02","2026-09-17","2026-10-02","cumulative","2024-10-02"
"aligned","KR","etf","069500","day","KRW","foreign","2025-08-14","","%","네이버 금융 · 종목 투자자 동향","","","","2026-10-03T13:36:02.430Z","","","true","봉 기간의 마지막 유효 관측값","","","","partial","일부 거래일 누락","true","false","2024-10-02","2026-10-02","2026-09-17","2026-10-02","cumulative","2024-10-02"
"aligned","KR","etf","069500","day","KRW","foreign","2025-08-18","","%","네이버 금융 · 종목 투자자 동향","","","","2026-10-03T13:36:02.430Z","","","true","봉 기간의 마지막 유효 관측값","","","","partial","일부 거래일 누락","true","false","2024-10-02","2026-10-02","2026-09-17","2026-10-02","cumulative","2024-10-02"
"aligned","KR","etf","069500","day","KRW","foreign","2025-08-19","","%","네이버 금융 · 종목 투자자 동향","","","","2026-10-03T13:36:02.430Z","","","true","봉 기간의 마지막 유효 관측값","","","","partial","일부 거래일 누락","true","false","2024-10-02","2026-10-02","2026-09-17","2026-10-02","cumulative","2024-10-02"
"aligned","KR","etf","069500","day","KRW","foreign","2025-08-20","","%","네이버 금융 · 종목 투자자 동향","","","","2026-10-03T13:36:02.430Z","","","true","봉 기간의 마지막 유효 관측값","","","","partial","일부 거래일 누락","true","false","2024-10-02","2026-10-02","2026-09-17","2026-10-02","cumulative","2024-10-02"
"aligned","KR","etf","069500","day","KRW","foreign","2025-08-21","","%","네이버 금융 · 종목 투자자 동향","","","","2026-10-03T13:36:02.430Z","","","true","봉 기간의 마지막 유효 관측값","","","","partial","일부 거래일 누락","true","false","2024-10-02","2026-10-02","2026-09-17","2026-10-02","cumulative","2024-10-02"
"aligned","KR","etf","069500","day","KRW","foreign","2025-08-22","","%","네이버 금융 · 종목 투자자 동향","","","","2026-10-03T13:36:02.430Z","","","true","봉 기간의 마지막 유효 관측값","","","","partial","일부 거래일 누락","true","false","2024-10-02","2026-10-02","2026-09-17","2026-10-02","cumulative","2024-10-02"
"aligned","KR","etf","069500","day","KRW","foreign","2025-08-25","","%","네이버 금융 · 종목 투자자 동향","","","","2026-10-03T13:36:02.430Z","","","true","봉 기간의 마지막 유효 관측값","","","","partial","일부 거래일 누락","true","false","2024-10-02","2026-10-02","2026-09-17","2026-10-02","cumulative","2024-10-02"
"aligned","KR","etf","069500","day","KRW","foreign","2025-08-26","","%","네이버 금융 · 종목 투자자 동향","","","","2026-10-03T13:36:02.430Z","","","true","봉 기간의 마지막 유효 관측값","","","","partial","일부 거래일 누락","true","false","2024-10-02","2026-10-02","2026-09-17","2026-10-02","cumulative","2024-10-02"
"aligned","KR","etf","069500","day","KRW","foreign","2025-08-27","","%","네이버 금융 · 종목 투자자 동향","","","","2026-10-03T13:36:02.430Z","","","true","봉 기간의 마지막 유효 관측값","","","","partial","일부 거래일 누락","true","false","2024-10-02","2026-10-02","2026-09-17","2026-10-02","cumulative","2024-10-02"
"aligned","KR","etf","069500","day","KRW","foreign","2025-08-28","","%","네이버 금융 · 종목 투자자 동향","","","","2026-10-03T13:36:02.430Z","","","true","봉 기간의 마지막 유효 관측값","","","","partial","일부 거래일 누락","true","false","2024-10-02","2026-10-02","2026-09-17","2026-10-02","cumulative","2024-10-02"
"aligned","KR","etf","069500","day","KRW","foreign","2025-08-29","","%","네이버 금융 · 종목 투자자 동향","","","","2026-10-03T13:36:02.430Z","","","true","봉 기간의 마지막 유효 관측값","","","","partial","일부 거래일 누락","true","false","2024-10-02","2026-10-02","2026-09-17","2026-10-02","cumulative","2024-10-02"
"aligned","KR","etf","069500","day","KRW","foreign","2025-09-01","","%","네이버 금융 · 종목 투자자 동향","","","","2026-10-03T13:36:02.430Z","","","true","봉 기간의 마지막 유효 관측값","","","","partial","일부 거래일 누락","true","false","2024-10-02","2026-10-02","2026-09-17","2026-10-02","cumulative","2024-10-02"
"aligned","KR","etf","069500","day","KRW","foreign","2025-09-02","","%","네이버 금융 · 종목 투자자 동향","","","","2026-10-03T13:36:02.430Z","","","true","봉 기간의 마지막 유효 관측값","","","","partial","일부 거래일 누락","true","false","2024-10-02","2026-10-02","2026-09-17","2026-10-02","cumulative","2024-10-02"
"aligned","KR","etf","069500","day","KRW","foreign","2025-09-03","","%","네이버 금융 · 종목 투자자 동향","","","","2026-10-03T13:36:02.430Z","","","true","봉 기간의 마지막 유효 관측값","","","","partial","일부 거래일 누락","true","false","2024-10-02","2026-10-02","2026-09-17","2026-10-02","cumulative","2024-10-02"
"aligned","KR","etf","069500","day","KRW","foreign","2025-09-04","","%","네이버 금융 · 종목 투자자 동향","","","","2026-10-03T13:36:02.430Z","","","true","봉 기간의 마지막 유효 관측값","","","","partial","일부 거래일 누락","true","false","2024-10-02","2026-10-02","2026-09-17","2026-10-02","cumulative","2024-10-02"
"aligned","KR","etf","069500","day","KRW","foreign","2025-09-05","","%","네이버 금융 · 종목 투자자 동향","","","","2026-10-03T13:36:02.430Z","","","true","봉 기간의 마지막 유효 관측값","","","","partial","일부 거래일 누락","true","false","2024-10-02","2026-10-02","2026-09-17","2026-10-02","cumulative","2024-10-02"
"aligned","KR","etf","069500","day","KRW","foreign","2025-09-08","","%","네이버 금융 · 종목 투자자 동향","","","","2026-10-03T13:36:02.430Z","","","true","봉 기간의 마지막 유효 관측값","","","","partial","일부 거래일 누락","true","false","2024-10-02","2026-10-02","2026-09-17","2026-10-02","cumulative","2024-10-02"
"aligned","KR","etf","069500","day","KRW","foreign","2025-09-09","","%","네이버 금융 · 종목 투자자 동향","","","","2026-10-03T13:36:02.430Z","","","true","봉 기간의 마지막 유효 관측값","","","","partial","일부 거래일 누락","true","false","2024-10-02","2026-10-02","2026-09-17","2026-10-02","cumulative","2024-10-02"
"aligned","KR","etf","069500","day","KRW","foreign","2025-09-10","","%","네이버 금융 · 종목 투자자 동향","","","","2026-10-03T13:36:02.430Z","","","true","봉 기간의 마지막 유효 관측값","","","","partial","일부 거래일 누락","true","false","2024-10-02","2026-10-02","2026-09-17","2026-10-02","cumulative","2024-10-02"
"aligned","KR","etf","069500","day","KRW","foreign","2025-09-11","","%","네이버 금융 · 종목 투자자 동향","","","","2026-10-03T13:36:02.430Z","","","true","봉 기간의 마지막 유효 관측값","","","","partial","일부 거래일 누락","true","false","2024-10-02","2026-10-02","2026-09-17","2026-10-02","cumulative","2024-10-02"
"aligned","KR","etf","069500","day","KRW","foreign","2025-09-12","","%","네이버 금융 · 종목 투자자 동향","","","","2026-10-03T13:36:02.430Z","","","true","봉 기간의 마지막 유효 관측값","","","","partial","일부 거래일 누락","true","false","2024-10-02","2026-10-02","2026-09-17","2026-10-02","cumulative","2024-10-02"
"aligned","KR","etf","069500","day","KRW","foreign","2025-09-15","","%","네이버 금융 · 종목 투자자 동향","","","","2026-10-03T13:36:02.430Z","","","true","봉 기간의 마지막 유효 관측값","","","","partial","일부 거래일 누락","true","false","2024-10-02","2026-10-02","2026-09-17","2026-10-02","cumulative","2024-10-02"
"aligned","KR","etf","069500","day","KRW","foreign","2025-09-16","","%","네이버 금융 · 종목 투자자 동향","","","","2026-10-03T13:36:02.430Z","","","true","봉 기간의 마지막 유효 관측값","","","","partial","일부 거래일 누락","true","false","2024-10-02","2026-10-02","2026-09-17","2026-10-02","cumulative","2024-10-02"
"aligned","KR","etf","069500","day","KRW","foreign","2025-09-17","","%","네이버 금융 · 종목 투자자 동향","","","","2026-10-03T13:36:02.430Z","","","true","봉 기간의 마지막 유효 관측값","","","","partial","일부 거래일 누락","true","false","2024-10-02","2026-10-02","2026-09-17","2026-10-02","cumulative","2024-10-02"
"aligned","KR","etf","069500","day","KRW","foreign","2025-09-18","","%","네이버 금융 · 종목 투자자 동향","","","","2026-10-03T13:36:02.430Z","","","true","봉 기간의 마지막 유효 관측값","","","","partial","일부 거래일 누락","true","false","2024-10-02","2026-10-02","2026-09-17","2026-10-02","cumulative","2024-10-02"
"aligned","KR","etf","069500","day","KRW","foreign","2025-09-19","","%","네이버 금융 · 종목 투자자 동향","","","","2026-10-03T13:36:02.430Z","","","true","봉 기간의 마지막 유효 관측값","","","","partial","일부 거래일 누락","true","false","2024-10-02","2026-10-02","2026-09-17","2026-10-02","cumulative","2024-10-02"
"aligned","KR","etf","069500","day","KRW","foreign","2025-09-22","","%","네이버 금융 · 종목 투자자 동향","","","","2026-10-03T13:36:02.430Z","","","true","봉 기간의 마지막 유효 관측값","","","","partial","일부 거래일 누락","true","false","2024-10-02","2026-10-02","2026-09-17","2026-10-02","cumulative","2024-10-02"
"aligned","KR","etf","069500","day","KRW","foreign","2025-09-23","","%","네이버 금융 · 종목 투자자 동향","","","","2026-10-03T13:36:02.430Z","","","true","봉 기간의 마지막 유효 관측값","","","","partial","일부 거래일 누락","true","false","2024-10-02","2026-10-02","2026-09-17","2026-10-02","cumulative","2024-10-02"
"aligned","KR","etf","069500","day","KRW","foreign","2025-09-24","","%","네이버 금융 · 종목 투자자 동향","","","","2026-10-03T13:36:02.430Z","","","true","봉 기간의 마지막 유효 관측값","","","","partial","일부 거래일 누락","true","false","2024-10-02","2026-10-02","2026-09-17","2026-10-02","cumulative","2024-10-02"
"aligned","KR","etf","069500","day","KRW","foreign","2025-09-25","","%","네이버 금융 · 종목 투자자 동향","","","","2026-10-03T13:36:02.430Z","","","true","봉 기간의 마지막 유효 관측값","","","","partial","일부 거래일 누락","true","false","2024-10-02","2026-10-02","2026-09-17","2026-10-02","cumulative","2024-10-02"
"aligned","KR","etf","069500","day","KRW","foreign","2025-09-26","","%","네이버 금융 · 종목 투자자 동향","","","","2026-10-03T13:36:02.430Z","","","true","봉 기간의 마지막 유효 관측값","","","","partial","일부 거래일 누락","true","false","2024-10-02","2026-10-02","2026-09-17","2026-10-02","cumulative","2024-10-02"
"aligned","KR","etf","069500","day","KRW","foreign","2025-09-29","","%","네이버 금융 · 종목 투자자 동향","","","","2026-10-03T13:36:02.430Z","","","true","봉 기간의 마지막 유효 관측값","","","","partial","일부 거래일 누락","true","false","2024-10-02","2026-10-02","2026-09-17","2026-10-02","cumulative","2024-10-02"
"aligned","KR","etf","069500","day","KRW","foreign","2025-09-30","","%","네이버 금융 · 종목 투자자 동향","","","","2026-10-03T13:36:02.430Z","","","true","봉 기간의 마지막 유효 관측값","","","","partial","일부 거래일 누락","true","false","2024-10-02","2026-10-02","2026-09-17","2026-10-02","cumulative","2024-10-02"
"aligned","KR","etf","069500","day","KRW","foreign","2025-10-01","","%","네이버 금융 · 종목 투자자 동향","","","","2026-10-03T13:36:02.430Z","","","true","봉 기간의 마지막 유효 관측값","","","","partial","일부 거래일 누락","true","false","2024-10-02","2026-10-02","2026-09-17","2026-10-02","cumulative","2024-10-02"
"aligned","KR","etf","069500","day","KRW","foreign","2025-10-02","","%","네이버 금융 · 종목 투자자 동향","","","","2026-10-03T13:36:02.430Z","","","true","봉 기간의 마지막 유효 관측값","","","","partial","일부 거래일 누락","true","false","2024-10-02","2026-10-02","2026-09-17","2026-10-02","cumulative","2024-10-02"
"aligned","KR","etf","069500","day","KRW","foreign","2025-10-10","","%","네이버 금융 · 종목 투자자 동향","","","","2026-10-03T13:36:02.430Z","","","true","봉 기간의 마지막 유효 관측값","","","","partial","일부 거래일 누락","true","false","2024-10-02","2026-10-02","2026-09-17","2026-10-02","cumulative","2024-10-02"
"aligned","KR","etf","069500","day","KRW","foreign","2025-10-13","","%","네이버 금융 · 종목 투자자 동향","","","","2026-10-03T13:36:02.430Z","","","true","봉 기간의 마지막 유효 관측값","","","","partial","일부 거래일 누락","true","false","2024-10-02","2026-10-02","2026-09-17","2026-10-02","cumulative","2024-10-02"
"aligned","KR","etf","069500","day","KRW","foreign","2025-10-14","","%","네이버 금융 · 종목 투자자 동향","","","","2026-10-03T13:36:02.430Z","","","true","봉 기간의 마지막 유효 관측값","","","","partial","일부 거래일 누락","true","false","2024-10-02","2026-10-02","2026-09-17","2026-10-02","cumulative","2024-10-02"
"aligned","KR","etf","069500","day","KRW","foreign","2025-10-15","","%","네이버 금융 · 종목 투자자 동향","","","","2026-10-03T13:36:02.430Z","","","true","봉 기간의 마지막 유효 관측값","","","","partial","일부 거래일 누락","true","false","2024-10-02","2026-10-02","2026-09-17","2026-10-02","cumulative","2024-10-02"
"aligned","KR","etf","069500","day","KRW","foreign","2025-10-16","","%","네이버 금융 · 종목 투자자 동향","","","","2026-10-03T13:36:02.430Z","","","true","봉 기간의 마지막 유효 관측값","","","","partial","일부 거래일 누락","true","false","2024-10-02","2026-10-02","2026-09-17","2026-10-02","cumulative","2024-10-02"
"aligned","KR","etf","069500","day","KRW","foreign","2025-10-17","","%","네이버 금융 · 종목 투자자 동향","","","","2026-10-03T13:36:02.430Z","","","true","봉 기간의 마지막 유효 관측값","","","","partial","일부 거래일 누락","true","false","2024-10-02","2026-10-02","2026-09-17","2026-10-02","cumulative","2024-10-02"
"aligned","KR","etf","069500","day","KRW","foreign","2025-10-20","","%","네이버 금융 · 종목 투자자 동향","","","","2026-10-03T13:36:02.430Z","","","true","봉 기간의 마지막 유효 관측값","","","","partial","일부 거래일 누락","true","false","2024-10-02","2026-10-02","2026-09-17","2026-10-02","cumulative","2024-10-02"
"aligned","KR","etf","069500","day","KRW","foreign","2025-10-21","","%","네이버 금융 · 종목 투자자 동향","","","","2026-10-03T13:36:02.430Z","","","true","봉 기간의 마지막 유효 관측값","","","","partial","일부 거래일 누락","true","false","2024-10-02","2026-10-02","2026-09-17","2026-10-02","cumulative","2024-10-02"
"aligned","KR","etf","069500","day","KRW","foreign","2025-10-22","","%","네이버 금융 · 종목 투자자 동향","","","","2026-10-03T13:36:02.430Z","","","true","봉 기간의 마지막 유효 관측값","","","","partial","일부 거래일 누락","true","false","2024-10-02","2026-10-02","2026-09-17","2026-10-02","cumulative","2024-10-02"
"aligned","KR","etf","069500","day","KRW","foreign","2025-10-23","","%","네이버 금융 · 종목 투자자 동향","","","","2026-10-03T13:36:02.430Z","","","true","봉 기간의 마지막 유효 관측값","","","","partial","일부 거래일 누락","true","false","2024-10-02","2026-10-02","2026-09-17","2026-10-02","cumulative","2024-10-02"
"aligned","KR","etf","069500","day","KRW","foreign","2025-10-24","","%","네이버 금융 · 종목 투자자 동향","","","","2026-10-03T13:36:02.430Z","","","true","봉 기간의 마지막 유효 관측값","","","","partial","일부 거래일 누락","true","false","2024-10-02","2026-10-02","2026-09-17","2026-10-02","cumulative","2024-10-02"
"aligned","KR","etf","069500","day","KRW","foreign","2025-10-27","","%","네이버 금융 · 종목 투자자 동향","","","","2026-10-03T13:36:02.430Z","","","true","봉 기간의 마지막 유효 관측값","","","","partial","일부 거래일 누락","true","false","2024-10-02","2026-10-02","2026-09-17","2026-10-02","cumulative","2024-10-02"
"aligned","KR","etf","069500","day","KRW","foreign","2025-10-28","","%","네이버 금융 · 종목 투자자 동향","","","","2026-10-03T13:36:02.430Z","","","true","봉 기간의 마지막 유효 관측값","","","","partial","일부 거래일 누락","true","false","2024-10-02","2026-10-02","2026-09-17","2026-10-02","cumulative","2024-10-02"
"aligned","KR","etf","069500","day","KRW","foreign","2025-10-29","","%","네이버 금융 · 종목 투자자 동향","","","","2026-10-03T13:36:02.430Z","","","true","봉 기간의 마지막 유효 관측값","","","","partial","일부 거래일 누락","true","false","2024-10-02","2026-10-02","2026-09-17","2026-10-02","cumulative","2024-10-02"
"aligned","KR","etf","069500","day","KRW","foreign","2025-10-30","","%","네이버 금융 · 종목 투자자 동향","","","","2026-10-03T13:36:02.430Z","","","true","봉 기간의 마지막 유효 관측값","","","","partial","일부 거래일 누락","true","false","2024-10-02","2026-10-02","2026-09-17","2026-10-02","cumulative","2024-10-02"
"aligned","KR","etf","069500","day","KRW","foreign","2025-10-31","","%","네이버 금융 · 종목 투자자 동향","","","","2026-10-03T13:36:02.430Z","","","true","봉 기간의 마지막 유효 관측값","","","","partial","일부 거래일 누락","true","false","2024-10-02","2026-10-02","2026-09-17","2026-10-02","cumulative","2024-10-02"
"aligned","KR","etf","069500","day","KRW","foreign","2025-11-03","","%","네이버 금융 · 종목 투자자 동향","","","","2026-10-03T13:36:02.430Z","","","true","봉 기간의 마지막 유효 관측값","","","","partial","일부 거래일 누락","true","false","2024-10-02","2026-10-02","2026-09-17","2026-10-02","cumulative","2024-10-02"
"aligned","KR","etf","069500","day","KRW","foreign","2025-11-04","","%","네이버 금융 · 종목 투자자 동향","","","","2026-10-03T13:36:02.430Z","","","true","봉 기간의 마지막 유효 관측값","","","","partial","일부 거래일 누락","true","false","2024-10-02","2026-10-02","2026-09-17","2026-10-02","cumulative","2024-10-02"
"aligned","KR","etf","069500","day","KRW","foreign","2025-11-05","","%","네이버 금융 · 종목 투자자 동향","","","","2026-10-03T13:36:02.430Z","","","true","봉 기간의 마지막 유효 관측값","","","","partial","일부 거래일 누락","true","false","2024-10-02","2026-10-02","2026-09-17","2026-10-02","cumulative","2024-10-02"
"aligned","KR","etf","069500","day","KRW","foreign","2025-11-06","","%","네이버 금융 · 종목 투자자 동향","","","","2026-10-03T13:36:02.430Z","","","true","봉 기간의 마지막 유효 관측값","","","","partial","일부 거래일 누락","true","false","2024-10-02","2026-10-02","2026-09-17","2026-10-02","cumulative","2024-10-02"
"aligned","KR","etf","069500","day","KRW","foreign","2025-11-07","","%","네이버 금융 · 종목 투자자 동향","","","","2026-10-03T13:36:02.430Z","","","true","봉 기간의 마지막 유효 관측값","","","","partial","일부 거래일 누락","true","false","2024-10-02","2026-10-02","2026-09-17","2026-10-02","cumulative","2024-10-02"
"aligned","KR","etf","069500","day","KRW","foreign","2025-11-10","","%","네이버 금융 · 종목 투자자 동향","","","","2026-10-03T13:36:02.430Z","","","true","봉 기간의 마지막 유효 관측값","","","","partial","일부 거래일 누락","true","false","2024-10-02","2026-10-02","2026-09-17","2026-10-02","cumulative","2024-10-02"
"aligned","KR","etf","069500","day","KRW","foreign","2025-11-11","","%","네이버 금융 · 종목 투자자 동향","","","","2026-10-03T13:36:02.430Z","","","true","봉 기간의 마지막 유효 관측값","","","","partial","일부 거래일 누락","true","false","2024-10-02","2026-10-02","2026-09-17","2026-10-02","cumulative","2024-10-02"
"aligned","KR","etf","069500","day","KRW","foreign","2025-11-12","","%","네이버 금융 · 종목 투자자 동향","","","","2026-10-03T13:36:02.430Z","","","true","봉 기간의 마지막 유효 관측값","","","","partial","일부 거래일 누락","true","false","2024-10-02","2026-10-02","2026-09-17","2026-10-02","cumulative","2024-10-02"
"aligned","KR","etf","069500","day","KRW","foreign","2025-11-13","","%","네이버 금융 · 종목 투자자 동향","","","","2026-10-03T13:36:02.430Z","","","true","봉 기간의 마지막 유효 관측값","","","","partial","일부 거래일 누락","true","false","2024-10-02","2026-10-02","2026-09-17","2026-10-02","cumulative","2024-10-02"
"aligned","KR","etf","069500","day","KRW","foreign","2025-11-14","","%","네이버 금융 · 종목 투자자 동향","","","","2026-10-03T13:36:02.430Z","","","true","봉 기간의 마지막 유효 관측값","","","","partial","일부 거래일 누락","true","false","2024-10-02","2026-10-02","2026-09-17","2026-10-02","cumulative","2024-10-02"
"aligned","KR","etf","069500","day","KRW","foreign","2025-11-17","","%","네이버 금융 · 종목 투자자 동향","","","","2026-10-03T13:36:02.430Z","","","true","봉 기간의 마지막 유효 관측값","","","","partial","일부 거래일 누락","true","false","2024-10-02","2026-10-02","2026-09-17","2026-10-02","cumulative","2024-10-02"
"aligned","KR","etf","069500","day","KRW","foreign","2025-11-18","","%","네이버 금융 · 종목 투자자 동향","","","","2026-10-03T13:36:02.430Z","","","true","봉 기간의 마지막 유효 관측값","","","","partial","일부 거래일 누락","true","false","2024-10-02","2026-10-02","2026-09-17","2026-10-02","cumulative","2024-10-02"
"aligned","KR","etf","069500","day","KRW","foreign","2025-11-19","","%","네이버 금융 · 종목 투자자 동향","","","","2026-10-03T13:36:02.430Z","","","true","봉 기간의 마지막 유효 관측값","","","","partial","일부 거래일 누락","true","false","2024-10-02","2026-10-02","2026-09-17","2026-10-02","cumulative","2024-10-02"
"aligned","KR","etf","069500","day","KRW","foreign","2025-11-20","","%","네이버 금융 · 종목 투자자 동향","","","","2026-10-03T13:36:02.430Z","","","true","봉 기간의 마지막 유효 관측값","","","","partial","일부 거래일 누락","true","false","2024-10-02","2026-10-02","2026-09-17","2026-10-02","cumulative","2024-10-02"
"aligned","KR","etf","069500","day","KRW","foreign","2025-11-21","","%","네이버 금융 · 종목 투자자 동향","","","","2026-10-03T13:36:02.430Z","","","true","봉 기간의 마지막 유효 관측값","","","","partial","일부 거래일 누락","true","false","2024-10-02","2026-10-02","2026-09-17","2026-10-02","cumulative","2024-10-02"
"aligned","KR","etf","069500","day","KRW","foreign","2025-11-24","","%","네이버 금융 · 종목 투자자 동향","","","","2026-10-03T13:36:02.430Z","","","true","봉 기간의 마지막 유효 관측값","","","","partial","일부 거래일 누락","true","false","2024-10-02","2026-10-02","2026-09-17","2026-10-02","cumulative","2024-10-02"
"aligned","KR","etf","069500","day","KRW","foreign","2025-11-25","","%","네이버 금융 · 종목 투자자 동향","","","","2026-10-03T13:36:02.430Z","","","true","봉 기간의 마지막 유효 관측값","","","","partial","일부 거래일 누락","true","false","2024-10-02","2026-10-02","2026-09-17","2026-10-02","cumulative","2024-10-02"
"aligned","KR","etf","069500","day","KRW","foreign","2025-11-26","","%","네이버 금융 · 종목 투자자 동향","","","","2026-10-03T13:36:02.430Z","","","true","봉 기간의 마지막 유효 관측값","","","","partial","일부 거래일 누락","true","false","2024-10-02","2026-10-02","2026-09-17","2026-10-02","cumulative","2024-10-02"
"aligned","KR","etf","069500","day","KRW","foreign","2025-11-27","","%","네이버 금융 · 종목 투자자 동향","","","","2026-10-03T13:36:02.430Z","","","true","봉 기간의 마지막 유효 관측값","","","","partial","일부 거래일 누락","true","false","2024-10-02","2026-10-02","2026-09-17","2026-10-02","cumulative","2024-10-02"
"aligned","KR","etf","069500","day","KRW","foreign","2025-11-28","","%","네이버 금융 · 종목 투자자 동향","","","","2026-10-03T13:36:02.430Z","","","true","봉 기간의 마지막 유효 관측값","","","","partial","일부 거래일 누락","true","false","2024-10-02","2026-10-02","2026-09-17","2026-10-02","cumulative","2024-10-02"
"aligned","KR","etf","069500","day","KRW","foreign","2025-12-01","","%","네이버 금융 · 종목 투자자 동향","","","","2026-10-03T13:36:02.430Z","","","true","봉 기간의 마지막 유효 관측값","","","","partial","일부 거래일 누락","true","false","2024-10-02","2026-10-02","2026-09-17","2026-10-02","cumulative","2024-10-02"
"aligned","KR","etf","069500","day","KRW","foreign","2025-12-02","","%","네이버 금융 · 종목 투자자 동향","","","","2026-10-03T13:36:02.430Z","","","true","봉 기간의 마지막 유효 관측값","","","","partial","일부 거래일 누락","true","false","2024-10-02","2026-10-02","2026-09-17","2026-10-02","cumulative","2024-10-02"
"aligned","KR","etf","069500","day","KRW","foreign","2025-12-03","","%","네이버 금융 · 종목 투자자 동향","","","","2026-10-03T13:36:02.430Z","","","true","봉 기간의 마지막 유효 관측값","","","","partial","일부 거래일 누락","true","false","2024-10-02","2026-10-02","2026-09-17","2026-10-02","cumulative","2024-10-02"
"aligned","KR","etf","069500","day","KRW","foreign","2025-12-04","","%","네이버 금융 · 종목 투자자 동향","","","","2026-10-03T13:36:02.430Z","","","true","봉 기간의 마지막 유효 관측값","","","","partial","일부 거래일 누락","true","false","2024-10-02","2026-10-02","2026-09-17","2026-10-02","cumulative","2024-10-02"
"aligned","KR","etf","069500","day","KRW","foreign","2025-12-05","","%","네이버 금융 · 종목 투자자 동향","","","","2026-10-03T13:36:02.430Z","","","true","봉 기간의 마지막 유효 관측값","","","","partial","일부 거래일 누락","true","false","2024-10-02","2026-10-02","2026-09-17","2026-10-02","cumulative","2024-10-02"
"aligned","KR","etf","069500","day","KRW","foreign","2025-12-08","","%","네이버 금융 · 종목 투자자 동향","","","","2026-10-03T13:36:02.430Z","","","true","봉 기간의 마지막 유효 관측값","","","","partial","일부 거래일 누락","true","false","2024-10-02","2026-10-02","2026-09-17","2026-10-02","cumulative","2024-10-02"
"aligned","KR","etf","069500","day","KRW","foreign","2025-12-09","","%","네이버 금융 · 종목 투자자 동향","","","","2026-10-03T13:36:02.430Z","","","true","봉 기간의 마지막 유효 관측값","","","","partial","일부 거래일 누락","true","false","2024-10-02","2026-10-02","2026-09-17","2026-10-02","cumulative","2024-10-02"
"aligned","KR","etf","069500","day","KRW","foreign","2025-12-10","","%","네이버 금융 · 종목 투자자 동향","","","","2026-10-03T13:36:02.430Z","","","true","봉 기간의 마지막 유효 관측값","","","","partial","일부 거래일 누락","true","false","2024-10-02","2026-10-02","2026-09-17","2026-10-02","cumulative","2024-10-02"
"aligned","KR","etf","069500","day","KRW","foreign","2025-12-11","","%","네이버 금융 · 종목 투자자 동향","","","","2026-10-03T13:36:02.430Z","","","true","봉 기간의 마지막 유효 관측값","","","","partial","일부 거래일 누락","true","false","2024-10-02","2026-10-02","2026-09-17","2026-10-02","cumulative","2024-10-02"
"aligned","KR","etf","069500","day","KRW","foreign","2025-12-12","","%","네이버 금융 · 종목 투자자 동향","","","","2026-10-03T13:36:02.430Z","","","true","봉 기간의 마지막 유효 관측값","","","","partial","일부 거래일 누락","true","false","2024-10-02","2026-10-02","2026-09-17","2026-10-02","cumulative","2024-10-02"
"aligned","KR","etf","069500","day","KRW","foreign","2025-12-15","","%","네이버 금융 · 종목 투자자 동향","","","","2026-10-03T13:36:02.430Z","","","true","봉 기간의 마지막 유효 관측값","","","","partial","일부 거래일 누락","true","false","2024-10-02","2026-10-02","2026-09-17","2026-10-02","cumulative","2024-10-02"
"aligned","KR","etf","069500","day","KRW","foreign","2025-12-16","","%","네이버 금융 · 종목 투자자 동향","","","","2026-10-03T13:36:02.430Z","","","true","봉 기간의 마지막 유효 관측값","","","","partial","일부 거래일 누락","true","false","2024-10-02","2026-10-02","2026-09-17","2026-10-02","cumulative","2024-10-02"
"aligned","KR","etf","069500","day","KRW","foreign","2025-12-17","","%","네이버 금융 · 종목 투자자 동향","","","","2026-10-03T13:36:02.430Z","","","true","봉 기간의 마지막 유효 관측값","","","","partial","일부 거래일 누락","true","false","2024-10-02","2026-10-02","2026-09-17","2026-10-02","cumulative","2024-10-02"
"aligned","KR","etf","069500","day","KRW","foreign","2025-12-18","","%","네이버 금융 · 종목 투자자 동향","","","","2026-10-03T13:36:02.430Z","","","true","봉 기간의 마지막 유효 관측값","","","","partial","일부 거래일 누락","true","false","2024-10-02","2026-10-02","2026-09-17","2026-10-02","cumulative","2024-10-02"
"aligned","KR","etf","069500","day","KRW","foreign","2025-12-19","","%","네이버 금융 · 종목 투자자 동향","","","","2026-10-03T13:36:02.430Z","","","true","봉 기간의 마지막 유효 관측값","","","","partial","일부 거래일 누락","true","false","2024-10-02","2026-10-02","2026-09-17","2026-10-02","cumulative","2024-10-02"
"aligned","KR","etf","069500","day","KRW","foreign","2025-12-22","","%","네이버 금융 · 종목 투자자 동향","","","","2026-10-03T13:36:02.430Z","","","true","봉 기간의 마지막 유효 관측값","","","","partial","일부 거래일 누락","true","false","2024-10-02","2026-10-02","2026-09-17","2026-10-02","cumulative","2024-10-02"
"aligned","KR","etf","069500","day","KRW","foreign","2025-12-23","","%","네이버 금융 · 종목 투자자 동향","","","","2026-10-03T13:36:02.430Z","","","true","봉 기간의 마지막 유효 관측값","","","","partial","일부 거래일 누락","true","false","2024-10-02","2026-10-02","2026-09-17","2026-10-02","cumulative","2024-10-02"
"aligned","KR","etf","069500","day","KRW","foreign","2025-12-24","","%","네이버 금융 · 종목 투자자 동향","","","","2026-10-03T13:36:02.430Z","","","true","봉 기간의 마지막 유효 관측값","","","","partial","일부 거래일 누락","true","false","2024-10-02","2026-10-02","2026-09-17","2026-10-02","cumulative","2024-10-02"
"aligned","KR","etf","069500","day","KRW","foreign","2025-12-26","","%","네이버 금융 · 종목 투자자 동향","","","","2026-10-03T13:36:02.430Z","","","true","봉 기간의 마지막 유효 관측값","","","","partial","일부 거래일 누락","true","false","2024-10-02","2026-10-02","2026-09-17","2026-10-02","cumulative","2024-10-02"
"aligned","KR","etf","069500","day","KRW","foreign","2025-12-29","","%","네이버 금융 · 종목 투자자 동향","","","","2026-10-03T13:36:02.430Z","","","true","봉 기간의 마지막 유효 관측값","","","","partial","일부 거래일 누락","true","false","2024-10-02","2026-10-02","2026-09-17","2026-10-02","cumulative","2024-10-02"
"aligned","KR","etf","069500","day","KRW","foreign","2025-12-30","","%","네이버 금융 · 종목 투자자 동향","","","","2026-10-03T13:36:02.430Z","","","true","봉 기간의 마지막 유효 관측값","","","","partial","일부 거래일 누락","true","false","2024-10-02","2026-10-02","2026-09-17","2026-10-02","cumulative","2024-10-02"
"aligned","KR","etf","069500","day","KRW","foreign","2026-01-02","","%","네이버 금융 · 종목 투자자 동향","","","","2026-10-03T13:36:02.430Z","","","true","봉 기간의 마지막 유효 관측값","","","","partial","일부 거래일 누락","true","false","2024-10-02","2026-10-02","2026-09-17","2026-10-02","cumulative","2024-10-02"
"aligned","KR","etf","069500","day","KRW","foreign","2026-01-05","","%","네이버 금융 · 종목 투자자 동향","","","","2026-10-03T13:36:02.430Z","","","true","봉 기간의 마지막 유효 관측값","","","","partial","일부 거래일 누락","true","false","2024-10-02","2026-10-02","2026-09-17","2026-10-02","cumulative","2024-10-02"
"aligned","KR","etf","069500","day","KRW","foreign","2026-01-06","","%","네이버 금융 · 종목 투자자 동향","","","","2026-10-03T13:36:02.430Z","","","true","봉 기간의 마지막 유효 관측값","","","","partial","일부 거래일 누락","true","false","2024-10-02","2026-10-02","2026-09-17","2026-10-02","cumulative","2024-10-02"
"aligned","KR","etf","069500","day","KRW","foreign","2026-01-07","","%","네이버 금융 · 종목 투자자 동향","","","","2026-10-03T13:36:02.430Z","","","true","봉 기간의 마지막 유효 관측값","","","","partial","일부 거래일 누락","true","false","2024-10-02","2026-10-02","2026-09-17","2026-10-02","cumulative","2024-10-02"
"aligned","KR","etf","069500","day","KRW","foreign","2026-01-08","","%","네이버 금융 · 종목 투자자 동향","","","","2026-10-03T13:36:02.430Z","","","true","봉 기간의 마지막 유효 관측값","","","","partial","일부 거래일 누락","true","false","2024-10-02","2026-10-02","2026-09-17","2026-10-02","cumulative","2024-10-02"
"aligned","KR","etf","069500","day","KRW","foreign","2026-01-09","","%","네이버 금융 · 종목 투자자 동향","","","","2026-10-03T13:36:02.430Z","","","true","봉 기간의 마지막 유효 관측값","","","","partial","일부 거래일 누락","true","false","2024-10-02","2026-10-02","2026-09-17","2026-10-02","cumulative","2024-10-02"
"aligned","KR","etf","069500","day","KRW","foreign","2026-01-12","","%","네이버 금융 · 종목 투자자 동향","","","","2026-10-03T13:36:02.430Z","","","true","봉 기간의 마지막 유효 관측값","","","","partial","일부 거래일 누락","true","false","2024-10-02","2026-10-02","2026-09-17","2026-10-02","cumulative","2024-10-02"
"aligned","KR","etf","069500","day","KRW","foreign","2026-01-13","","%","네이버 금융 · 종목 투자자 동향","","","","2026-10-03T13:36:02.430Z","","","true","봉 기간의 마지막 유효 관측값","","","","partial","일부 거래일 누락","true","false","2024-10-02","2026-10-02","2026-09-17","2026-10-02","cumulative","2024-10-02"
"aligned","KR","etf","069500","day","KRW","foreign","2026-01-14","","%","네이버 금융 · 종목 투자자 동향","","","","2026-10-03T13:36:02.430Z","","","true","봉 기간의 마지막 유효 관측값","","","","partial","일부 거래일 누락","true","false","2024-10-02","2026-10-02","2026-09-17","2026-10-02","cumulative","2024-10-02"
"aligned","KR","etf","069500","day","KRW","foreign","2026-01-15","","%","네이버 금융 · 종목 투자자 동향","","","","2026-10-03T13:36:02.430Z","","","true","봉 기간의 마지막 유효 관측값","","","","partial","일부 거래일 누락","true","false","2024-10-02","2026-10-02","2026-09-17","2026-10-02","cumulative","2024-10-02"
"aligned","KR","etf","069500","day","KRW","foreign","2026-01-16","","%","네이버 금융 · 종목 투자자 동향","","","","2026-10-03T13:36:02.430Z","","","true","봉 기간의 마지막 유효 관측값","","","","partial","일부 거래일 누락","true","false","2024-10-02","2026-10-02","2026-09-17","2026-10-02","cumulative","2024-10-02"
"aligned","KR","etf","069500","day","KRW","foreign","2026-01-19","","%","네이버 금융 · 종목 투자자 동향","","","","2026-10-03T13:36:02.430Z","","","true","봉 기간의 마지막 유효 관측값","","","","partial","일부 거래일 누락","true","false","2024-10-02","2026-10-02","2026-09-17","2026-10-02","cumulative","2024-10-02"
"aligned","KR","etf","069500","day","KRW","foreign","2026-01-20","","%","네이버 금융 · 종목 투자자 동향","","","","2026-10-03T13:36:02.430Z","","","true","봉 기간의 마지막 유효 관측값","","","","partial","일부 거래일 누락","true","false","2024-10-02","2026-10-02","2026-09-17","2026-10-02","cumulative","2024-10-02"
"aligned","KR","etf","069500","day","KRW","foreign","2026-01-21","","%","네이버 금융 · 종목 투자자 동향","","","","2026-10-03T13:36:02.430Z","","","true","봉 기간의 마지막 유효 관측값","","","","partial","일부 거래일 누락","true","false","2024-10-02","2026-10-02","2026-09-17","2026-10-02","cumulative","2024-10-02"
"aligned","KR","etf","069500","day","KRW","foreign","2026-01-22","","%","네이버 금융 · 종목 투자자 동향","","","","2026-10-03T13:36:02.430Z","","","true","봉 기간의 마지막 유효 관측값","","","","partial","일부 거래일 누락","true","false","2024-10-02","2026-10-02","2026-09-17","2026-10-02","cumulative","2024-10-02"
"aligned","KR","etf","069500","day","KRW","foreign","2026-01-23","","%","네이버 금융 · 종목 투자자 동향","","","","2026-10-03T13:36:02.430Z","","","true","봉 기간의 마지막 유효 관측값","","","","partial","일부 거래일 누락","true","false","2024-10-02","2026-10-02","2026-09-17","2026-10-02","cumulative","2024-10-02"
"aligned","KR","etf","069500","day","KRW","foreign","2026-01-26","","%","네이버 금융 · 종목 투자자 동향","","","","2026-10-03T13:36:02.430Z","","","true","봉 기간의 마지막 유효 관측값","","","","partial","일부 거래일 누락","true","false","2024-10-02","2026-10-02","2026-09-17","2026-10-02","cumulative","2024-10-02"
"aligned","KR","etf","069500","day","KRW","foreign","2026-01-27","","%","네이버 금융 · 종목 투자자 동향","","","","2026-10-03T13:36:02.430Z","","","true","봉 기간의 마지막 유효 관측값","","","","partial","일부 거래일 누락","true","false","2024-10-02","2026-10-02","2026-09-17","2026-10-02","cumulative","2024-10-02"
"aligned","KR","etf","069500","day","KRW","foreign","2026-01-28","","%","네이버 금융 · 종목 투자자 동향","","","","2026-10-03T13:36:02.430Z","","","true","봉 기간의 마지막 유효 관측값","","","","partial","일부 거래일 누락","true","false","2024-10-02","2026-10-02","2026-09-17","2026-10-02","cumulative","2024-10-02"
"aligned","KR","etf","069500","day","KRW","foreign","2026-01-29","","%","네이버 금융 · 종목 투자자 동향","","","","2026-10-03T13:36:02.430Z","","","true","봉 기간의 마지막 유효 관측값","","","","partial","일부 거래일 누락","true","false","2024-10-02","2026-10-02","2026-09-17","2026-10-02","cumulative","2024-10-02"
"aligned","KR","etf","069500","day","KRW","foreign","2026-01-30","","%","네이버 금융 · 종목 투자자 동향","","","","2026-10-03T13:36:02.430Z","","","true","봉 기간의 마지막 유효 관측값","","","","partial","일부 거래일 누락","true","false","2024-10-02","2026-10-02","2026-09-17","2026-10-02","cumulative","2024-10-02"
"aligned","KR","etf","069500","day","KRW","foreign","2026-02-02","","%","네이버 금융 · 종목 투자자 동향","","","","2026-10-03T13:36:02.430Z","","","true","봉 기간의 마지막 유효 관측값","","","","partial","일부 거래일 누락","true","false","2024-10-02","2026-10-02","2026-09-17","2026-10-02","cumulative","2024-10-02"
"aligned","KR","etf","069500","day","KRW","foreign","2026-02-03","","%","네이버 금융 · 종목 투자자 동향","","","","2026-10-03T13:36:02.430Z","","","true","봉 기간의 마지막 유효 관측값","","","","partial","일부 거래일 누락","true","false","2024-10-02","2026-10-02","2026-09-17","2026-10-02","cumulative","2024-10-02"
"aligned","KR","etf","069500","day","KRW","foreign","2026-02-04","","%","네이버 금융 · 종목 투자자 동향","","","","2026-10-03T13:36:02.430Z","","","true","봉 기간의 마지막 유효 관측값","","","","partial","일부 거래일 누락","true","false","2024-10-02","2026-10-02","2026-09-17","2026-10-02","cumulative","2024-10-02"
"aligned","KR","etf","069500","day","KRW","foreign","2026-02-05","","%","네이버 금융 · 종목 투자자 동향","","","","2026-10-03T13:36:02.430Z","","","true","봉 기간의 마지막 유효 관측값","","","","partial","일부 거래일 누락","true","false","2024-10-02","2026-10-02","2026-09-17","2026-10-02","cumulative","2024-10-02"
"aligned","KR","etf","069500","day","KRW","foreign","2026-02-06","","%","네이버 금융 · 종목 투자자 동향","","","","2026-10-03T13:36:02.430Z","","","true","봉 기간의 마지막 유효 관측값","","","","partial","일부 거래일 누락","true","false","2024-10-02","2026-10-02","2026-09-17","2026-10-02","cumulative","2024-10-02"
"aligned","KR","etf","069500","day","KRW","foreign","2026-02-09","","%","네이버 금융 · 종목 투자자 동향","","","","2026-10-03T13:36:02.430Z","","","true","봉 기간의 마지막 유효 관측값","","","","partial","일부 거래일 누락","true","false","2024-10-02","2026-10-02","2026-09-17","2026-10-02","cumulative","2024-10-02"
"aligned","KR","etf","069500","day","KRW","foreign","2026-02-10","","%","네이버 금융 · 종목 투자자 동향","","","","2026-10-03T13:36:02.430Z","","","true","봉 기간의 마지막 유효 관측값","","","","partial","일부 거래일 누락","true","false","2024-10-02","2026-10-02","2026-09-17","2026-10-02","cumulative","2024-10-02"
"aligned","KR","etf","069500","day","KRW","foreign","2026-02-11","","%","네이버 금융 · 종목 투자자 동향","","","","2026-10-03T13:36:02.430Z","","","true","봉 기간의 마지막 유효 관측값","","","","partial","일부 거래일 누락","true","false","2024-10-02","2026-10-02","2026-09-17","2026-10-02","cumulative","2024-10-02"
"aligned","KR","etf","069500","day","KRW","foreign","2026-02-12","","%","네이버 금융 · 종목 투자자 동향","","","","2026-10-03T13:36:02.430Z","","","true","봉 기간의 마지막 유효 관측값","","","","partial","일부 거래일 누락","true","false","2024-10-02","2026-10-02","2026-09-17","2026-10-02","cumulative","2024-10-02"
"aligned","KR","etf","069500","day","KRW","foreign","2026-02-13","","%","네이버 금융 · 종목 투자자 동향","","","","2026-10-03T13:36:02.430Z","","","true","봉 기간의 마지막 유효 관측값","","","","partial","일부 거래일 누락","true","false","2024-10-02","2026-10-02","2026-09-17","2026-10-02","cumulative","2024-10-02"
"aligned","KR","etf","069500","day","KRW","foreign","2026-02-19","","%","네이버 금융 · 종목 투자자 동향","","","","2026-10-03T13:36:02.430Z","","","true","봉 기간의 마지막 유효 관측값","","","","partial","일부 거래일 누락","true","false","2024-10-02","2026-10-02","2026-09-17","2026-10-02","cumulative","2024-10-02"
"aligned","KR","etf","069500","day","KRW","foreign","2026-02-20","","%","네이버 금융 · 종목 투자자 동향","","","","2026-10-03T13:36:02.430Z","","","true","봉 기간의 마지막 유효 관측값","","","","partial","일부 거래일 누락","true","false","2024-10-02","2026-10-02","2026-09-17","2026-10-02","cumulative","2024-10-02"
"aligned","KR","etf","069500","day","KRW","foreign","2026-02-23","","%","네이버 금융 · 종목 투자자 동향","","","","2026-10-03T13:36:02.430Z","","","true","봉 기간의 마지막 유효 관측값","","","","partial","일부 거래일 누락","true","false","2024-10-02","2026-10-02","2026-09-17","2026-10-02","cumulative","2024-10-02"
"aligned","KR","etf","069500","day","KRW","foreign","2026-02-24","","%","네이버 금융 · 종목 투자자 동향","","","","2026-10-03T13:36:02.430Z","","","true","봉 기간의 마지막 유효 관측값","","","","partial","일부 거래일 누락","true","false","2024-10-02","2026-10-02","2026-09-17","2026-10-02","cumulative","2024-10-02"
"aligned","KR","etf","069500","day","KRW","foreign","2026-02-25","","%","네이버 금융 · 종목 투자자 동향","","","","2026-10-03T13:36:02.430Z","","","true","봉 기간의 마지막 유효 관측값","","","","partial","일부 거래일 누락","true","false","2024-10-02","2026-10-02","2026-09-17","2026-10-02","cumulative","2024-10-02"
"aligned","KR","etf","069500","day","KRW","foreign","2026-02-26","","%","네이버 금융 · 종목 투자자 동향","","","","2026-10-03T13:36:02.430Z","","","true","봉 기간의 마지막 유효 관측값","","","","partial","일부 거래일 누락","true","false","2024-10-02","2026-10-02","2026-09-17","2026-10-02","cumulative","2024-10-02"
"aligned","KR","etf","069500","day","KRW","foreign","2026-02-27","","%","네이버 금융 · 종목 투자자 동향","","","","2026-10-03T13:36:02.430Z","","","true","봉 기간의 마지막 유효 관측값","","","","partial","일부 거래일 누락","true","false","2024-10-02","2026-10-02","2026-09-17","2026-10-02","cumulative","2024-10-02"
"aligned","KR","etf","069500","day","KRW","foreign","2026-03-03","","%","네이버 금융 · 종목 투자자 동향","","","","2026-10-03T13:36:02.430Z","","","true","봉 기간의 마지막 유효 관측값","","","","partial","일부 거래일 누락","true","false","2024-10-02","2026-10-02","2026-09-17","2026-10-02","cumulative","2024-10-02"
"aligned","KR","etf","069500","day","KRW","foreign","2026-03-04","","%","네이버 금융 · 종목 투자자 동향","","","","2026-10-03T13:36:02.430Z","","","true","봉 기간의 마지막 유효 관측값","","","","partial","일부 거래일 누락","true","false","2024-10-02","2026-10-02","2026-09-17","2026-10-02","cumulative","2024-10-02"
"aligned","KR","etf","069500","day","KRW","foreign","2026-03-05","","%","네이버 금융 · 종목 투자자 동향","","","","2026-10-03T13:36:02.430Z","","","true","봉 기간의 마지막 유효 관측값","","","","partial","일부 거래일 누락","true","false","2024-10-02","2026-10-02","2026-09-17","2026-10-02","cumulative","2024-10-02"
"aligned","KR","etf","069500","day","KRW","foreign","2026-03-06","","%","네이버 금융 · 종목 투자자 동향","","","","2026-10-03T13:36:02.430Z","","","true","봉 기간의 마지막 유효 관측값","","","","partial","일부 거래일 누락","true","false","2024-10-02","2026-10-02","2026-09-17","2026-10-02","cumulative","2024-10-02"
"aligned","KR","etf","069500","day","KRW","foreign","2026-03-09","","%","네이버 금융 · 종목 투자자 동향","","","","2026-10-03T13:36:02.430Z","","","true","봉 기간의 마지막 유효 관측값","","","","partial","일부 거래일 누락","true","false","2024-10-02","2026-10-02","2026-09-17","2026-10-02","cumulative","2024-10-02"
"aligned","KR","etf","069500","day","KRW","foreign","2026-03-10","","%","네이버 금융 · 종목 투자자 동향","","","","2026-10-03T13:36:02.430Z","","","true","봉 기간의 마지막 유효 관측값","","","","partial","일부 거래일 누락","true","false","2024-10-02","2026-10-02","2026-09-17","2026-10-02","cumulative","2024-10-02"
"aligned","KR","etf","069500","day","KRW","foreign","2026-03-11","","%","네이버 금융 · 종목 투자자 동향","","","","2026-10-03T13:36:02.430Z","","","true","봉 기간의 마지막 유효 관측값","","","","partial","일부 거래일 누락","true","false","2024-10-02","2026-10-02","2026-09-17","2026-10-02","cumulative","2024-10-02"
"aligned","KR","etf","069500","day","KRW","foreign","2026-03-12","","%","네이버 금융 · 종목 투자자 동향","","","","2026-10-03T13:36:02.430Z","","","true","봉 기간의 마지막 유효 관측값","","","","partial","일부 거래일 누락","true","false","2024-10-02","2026-10-02","2026-09-17","2026-10-02","cumulative","2024-10-02"
"aligned","KR","etf","069500","day","KRW","foreign","2026-03-13","","%","네이버 금융 · 종목 투자자 동향","","","","2026-10-03T13:36:02.430Z","","","true","봉 기간의 마지막 유효 관측값","","","","partial","일부 거래일 누락","true","false","2024-10-02","2026-10-02","2026-09-17","2026-10-02","cumulative","2024-10-02"
"aligned","KR","etf","069500","day","KRW","foreign","2026-03-16","","%","네이버 금융 · 종목 투자자 동향","","","","2026-10-03T13:36:02.430Z","","","true","봉 기간의 마지막 유효 관측값","","","","partial","일부 거래일 누락","true","false","2024-10-02","2026-10-02","2026-09-17","2026-10-02","cumulative","2024-10-02"
"aligned","KR","etf","069500","day","KRW","foreign","2026-03-17","","%","네이버 금융 · 종목 투자자 동향","","","","2026-10-03T13:36:02.430Z","","","true","봉 기간의 마지막 유효 관측값","","","","partial","일부 거래일 누락","true","false","2024-10-02","2026-10-02","2026-09-17","2026-10-02","cumulative","2024-10-02"
"aligned","KR","etf","069500","day","KRW","foreign","2026-03-18","","%","네이버 금융 · 종목 투자자 동향","","","","2026-10-03T13:36:02.430Z","","","true","봉 기간의 마지막 유효 관측값","","","","partial","일부 거래일 누락","true","false","2024-10-02","2026-10-02","2026-09-17","2026-10-02","cumulative","2024-10-02"
"aligned","KR","etf","069500","day","KRW","foreign","2026-03-19","","%","네이버 금융 · 종목 투자자 동향","","","","2026-10-03T13:36:02.430Z","","","true","봉 기간의 마지막 유효 관측값","","","","partial","일부 거래일 누락","true","false","2024-10-02","2026-10-02","2026-09-17","2026-10-02","cumulative","2024-10-02"
"aligned","KR","etf","069500","day","KRW","foreign","2026-03-20","","%","네이버 금융 · 종목 투자자 동향","","","","2026-10-03T13:36:02.430Z","","","true","봉 기간의 마지막 유효 관측값","","","","partial","일부 거래일 누락","true","false","2024-10-02","2026-10-02","2026-09-17","2026-10-02","cumulative","2024-10-02"
"aligned","KR","etf","069500","day","KRW","foreign","2026-03-23","","%","네이버 금융 · 종목 투자자 동향","","","","2026-10-03T13:36:02.430Z","","","true","봉 기간의 마지막 유효 관측값","","","","partial","일부 거래일 누락","true","false","2024-10-02","2026-10-02","2026-09-17","2026-10-02","cumulative","2024-10-02"
"aligned","KR","etf","069500","day","KRW","foreign","2026-03-24","","%","네이버 금융 · 종목 투자자 동향","","","","2026-10-03T13:36:02.430Z","","","true","봉 기간의 마지막 유효 관측값","","","","partial","일부 거래일 누락","true","false","2024-10-02","2026-10-02","2026-09-17","2026-10-02","cumulative","2024-10-02"
"aligned","KR","etf","069500","day","KRW","foreign","2026-03-25","","%","네이버 금융 · 종목 투자자 동향","","","","2026-10-03T13:36:02.430Z","","","true","봉 기간의 마지막 유효 관측값","","","","partial","일부 거래일 누락","true","false","2024-10-02","2026-10-02","2026-09-17","2026-10-02","cumulative","2024-10-02"
"aligned","KR","etf","069500","day","KRW","foreign","2026-03-26","","%","네이버 금융 · 종목 투자자 동향","","","","2026-10-03T13:36:02.430Z","","","true","봉 기간의 마지막 유효 관측값","","","","partial","일부 거래일 누락","true","false","2024-10-02","2026-10-02","2026-09-17","2026-10-02","cumulative","2024-10-02"
"aligned","KR","etf","069500","day","KRW","foreign","2026-03-27","","%","네이버 금융 · 종목 투자자 동향","","","","2026-10-03T13:36:02.430Z","","","true","봉 기간의 마지막 유효 관측값","","","","partial","일부 거래일 누락","true","false","2024-10-02","2026-10-02","2026-09-17","2026-10-02","cumulative","2024-10-02"
"aligned","KR","etf","069500","day","KRW","foreign","2026-03-30","","%","네이버 금융 · 종목 투자자 동향","","","","2026-10-03T13:36:02.430Z","","","true","봉 기간의 마지막 유효 관측값","","","","partial","일부 거래일 누락","true","false","2024-10-02","2026-10-02","2026-09-17","2026-10-02","cumulative","2024-10-02"
"aligned","KR","etf","069500","day","KRW","foreign","2026-03-31","","%","네이버 금융 · 종목 투자자 동향","","","","2026-10-03T13:36:02.430Z","","","true","봉 기간의 마지막 유효 관측값","","","","partial","일부 거래일 누락","true","false","2024-10-02","2026-10-02","2026-09-17","2026-10-02","cumulative","2024-10-02"
"aligned","KR","etf","069500","day","KRW","foreign","2026-04-01","","%","네이버 금융 · 종목 투자자 동향","","","","2026-10-03T13:36:02.430Z","","","true","봉 기간의 마지막 유효 관측값","","","","partial","일부 거래일 누락","true","false","2024-10-02","2026-10-02","2026-09-17","2026-10-02","cumulative","2024-10-02"
"aligned","KR","etf","069500","day","KRW","foreign","2026-04-02","","%","네이버 금융 · 종목 투자자 동향","","","","2026-10-03T13:36:02.430Z","","","true","봉 기간의 마지막 유효 관측값","","","","partial","일부 거래일 누락","true","false","2024-10-02","2026-10-02","2026-09-17","2026-10-02","cumulative","2024-10-02"
"aligned","KR","etf","069500","day","KRW","foreign","2026-04-03","","%","네이버 금융 · 종목 투자자 동향","","","","2026-10-03T13:36:02.430Z","","","true","봉 기간의 마지막 유효 관측값","","","","partial","일부 거래일 누락","true","false","2024-10-02","2026-10-02","2026-09-17","2026-10-02","cumulative","2024-10-02"
"aligned","KR","etf","069500","day","KRW","foreign","2026-04-06","","%","네이버 금융 · 종목 투자자 동향","","","","2026-10-03T13:36:02.430Z","","","true","봉 기간의 마지막 유효 관측값","","","","partial","일부 거래일 누락","true","false","2024-10-02","2026-10-02","2026-09-17","2026-10-02","cumulative","2024-10-02"
"aligned","KR","etf","069500","day","KRW","foreign","2026-04-07","","%","네이버 금융 · 종목 투자자 동향","","","","2026-10-03T13:36:02.430Z","","","true","봉 기간의 마지막 유효 관측값","","","","partial","일부 거래일 누락","true","false","2024-10-02","2026-10-02","2026-09-17","2026-10-02","cumulative","2024-10-02"
"aligned","KR","etf","069500","day","KRW","foreign","2026-04-08","","%","네이버 금융 · 종목 투자자 동향","","","","2026-10-03T13:36:02.430Z","","","true","봉 기간의 마지막 유효 관측값","","","","partial","일부 거래일 누락","true","false","2024-10-02","2026-10-02","2026-09-17","2026-10-02","cumulative","2024-10-02"
"aligned","KR","etf","069500","day","KRW","foreign","2026-04-09","","%","네이버 금융 · 종목 투자자 동향","","","","2026-10-03T13:36:02.430Z","","","true","봉 기간의 마지막 유효 관측값","","","","partial","일부 거래일 누락","true","false","2024-10-02","2026-10-02","2026-09-17","2026-10-02","cumulative","2024-10-02"
"aligned","KR","etf","069500","day","KRW","foreign","2026-04-10","","%","네이버 금융 · 종목 투자자 동향","","","","2026-10-03T13:36:02.430Z","","","true","봉 기간의 마지막 유효 관측값","","","","partial","일부 거래일 누락","true","false","2024-10-02","2026-10-02","2026-09-17","2026-10-02","cumulative","2024-10-02"
"aligned","KR","etf","069500","day","KRW","foreign","2026-04-13","","%","네이버 금융 · 종목 투자자 동향","","","","2026-10-03T13:36:02.430Z","","","true","봉 기간의 마지막 유효 관측값","","","","partial","일부 거래일 누락","true","false","2024-10-02","2026-10-02","2026-09-17","2026-10-02","cumulative","2024-10-02"
"aligned","KR","etf","069500","day","KRW","foreign","2026-04-14","","%","네이버 금융 · 종목 투자자 동향","","","","2026-10-03T13:36:02.430Z","","","true","봉 기간의 마지막 유효 관측값","","","","partial","일부 거래일 누락","true","false","2024-10-02","2026-10-02","2026-09-17","2026-10-02","cumulative","2024-10-02"
"aligned","KR","etf","069500","day","KRW","foreign","2026-04-15","","%","네이버 금융 · 종목 투자자 동향","","","","2026-10-03T13:36:02.430Z","","","true","봉 기간의 마지막 유효 관측값","","","","partial","일부 거래일 누락","true","false","2024-10-02","2026-10-02","2026-09-17","2026-10-02","cumulative","2024-10-02"
"aligned","KR","etf","069500","day","KRW","foreign","2026-04-16","","%","네이버 금융 · 종목 투자자 동향","","","","2026-10-03T13:36:02.430Z","","","true","봉 기간의 마지막 유효 관측값","","","","partial","일부 거래일 누락","true","false","2024-10-02","2026-10-02","2026-09-17","2026-10-02","cumulative","2024-10-02"
"aligned","KR","etf","069500","day","KRW","foreign","2026-04-17","","%","네이버 금융 · 종목 투자자 동향","","","","2026-10-03T13:36:02.430Z","","","true","봉 기간의 마지막 유효 관측값","","","","partial","일부 거래일 누락","true","false","2024-10-02","2026-10-02","2026-09-17","2026-10-02","cumulative","2024-10-02"
"aligned","KR","etf","069500","day","KRW","foreign","2026-04-20","","%","네이버 금융 · 종목 투자자 동향","","","","2026-10-03T13:36:02.430Z","","","true","봉 기간의 마지막 유효 관측값","","","","partial","일부 거래일 누락","true","false","2024-10-02","2026-10-02","2026-09-17","2026-10-02","cumulative","2024-10-02"
"aligned","KR","etf","069500","day","KRW","foreign","2026-04-21","","%","네이버 금융 · 종목 투자자 동향","","","","2026-10-03T13:36:02.430Z","","","true","봉 기간의 마지막 유효 관측값","","","","partial","일부 거래일 누락","true","false","2024-10-02","2026-10-02","2026-09-17","2026-10-02","cumulative","2024-10-02"
"aligned","KR","etf","069500","day","KRW","foreign","2026-04-22","","%","네이버 금융 · 종목 투자자 동향","","","","2026-10-03T13:36:02.430Z","","","true","봉 기간의 마지막 유효 관측값","","","","partial","일부 거래일 누락","true","false","2024-10-02","2026-10-02","2026-09-17","2026-10-02","cumulative","2024-10-02"
"aligned","KR","etf","069500","day","KRW","foreign","2026-04-23","","%","네이버 금융 · 종목 투자자 동향","","","","2026-10-03T13:36:02.430Z","","","true","봉 기간의 마지막 유효 관측값","","","","partial","일부 거래일 누락","true","false","2024-10-02","2026-10-02","2026-09-17","2026-10-02","cumulative","2024-10-02"
"aligned","KR","etf","069500","day","KRW","foreign","2026-04-24","","%","네이버 금융 · 종목 투자자 동향","","","","2026-10-03T13:36:02.430Z","","","true","봉 기간의 마지막 유효 관측값","","","","partial","일부 거래일 누락","true","false","2024-10-02","2026-10-02","2026-09-17","2026-10-02","cumulative","2024-10-02"
"aligned","KR","etf","069500","day","KRW","foreign","2026-04-27","","%","네이버 금융 · 종목 투자자 동향","","","","2026-10-03T13:36:02.430Z","","","true","봉 기간의 마지막 유효 관측값","","","","partial","일부 거래일 누락","true","false","2024-10-02","2026-10-02","2026-09-17","2026-10-02","cumulative","2024-10-02"
"aligned","KR","etf","069500","day","KRW","foreign","2026-04-28","","%","네이버 금융 · 종목 투자자 동향","","","","2026-10-03T13:36:02.430Z","","","true","봉 기간의 마지막 유효 관측값","","","","partial","일부 거래일 누락","true","false","2024-10-02","2026-10-02","2026-09-17","2026-10-02","cumulative","2024-10-02"
"aligned","KR","etf","069500","day","KRW","foreign","2026-04-29","","%","네이버 금융 · 종목 투자자 동향","","","","2026-10-03T13:36:02.430Z","","","true","봉 기간의 마지막 유효 관측값","","","","partial","일부 거래일 누락","true","false","2024-10-02","2026-10-02","2026-09-17","2026-10-02","cumulative","2024-10-02"
"aligned","KR","etf","069500","day","KRW","foreign","2026-04-30","","%","네이버 금융 · 종목 투자자 동향","","","","2026-10-03T13:36:02.430Z","","","true","봉 기간의 마지막 유효 관측값","","","","partial","일부 거래일 누락","true","false","2024-10-02","2026-10-02","2026-09-17","2026-10-02","cumulative","2024-10-02"
"aligned","KR","etf","069500","day","KRW","foreign","2026-05-04","","%","네이버 금융 · 종목 투자자 동향","","","","2026-10-03T13:36:02.430Z","","","true","봉 기간의 마지막 유효 관측값","","","","partial","일부 거래일 누락","true","false","2024-10-02","2026-10-02","2026-09-17","2026-10-02","cumulative","2024-10-02"
"aligned","KR","etf","069500","day","KRW","foreign","2026-05-06","","%","네이버 금융 · 종목 투자자 동향","","","","2026-10-03T13:36:02.430Z","","","true","봉 기간의 마지막 유효 관측값","","","","partial","일부 거래일 누락","true","false","2024-10-02","2026-10-02","2026-09-17","2026-10-02","cumulative","2024-10-02"
"aligned","KR","etf","069500","day","KRW","foreign","2026-05-07","","%","네이버 금융 · 종목 투자자 동향","","","","2026-10-03T13:36:02.430Z","","","true","봉 기간의 마지막 유효 관측값","","","","partial","일부 거래일 누락","true","false","2024-10-02","2026-10-02","2026-09-17","2026-10-02","cumulative","2024-10-02"
"aligned","KR","etf","069500","day","KRW","foreign","2026-05-08","","%","네이버 금융 · 종목 투자자 동향","","","","2026-10-03T13:36:02.430Z","","","true","봉 기간의 마지막 유효 관측값","","","","partial","일부 거래일 누락","true","false","2024-10-02","2026-10-02","2026-09-17","2026-10-02","cumulative","2024-10-02"
"aligned","KR","etf","069500","day","KRW","foreign","2026-05-11","","%","네이버 금융 · 종목 투자자 동향","","","","2026-10-03T13:36:02.430Z","","","true","봉 기간의 마지막 유효 관측값","","","","partial","일부 거래일 누락","true","false","2024-10-02","2026-10-02","2026-09-17","2026-10-02","cumulative","2024-10-02"
"aligned","KR","etf","069500","day","KRW","foreign","2026-05-12","","%","네이버 금융 · 종목 투자자 동향","","","","2026-10-03T13:36:02.430Z","","","true","봉 기간의 마지막 유효 관측값","","","","partial","일부 거래일 누락","true","false","2024-10-02","2026-10-02","2026-09-17","2026-10-02","cumulative","2024-10-02"
"aligned","KR","etf","069500","day","KRW","foreign","2026-05-13","","%","네이버 금융 · 종목 투자자 동향","","","","2026-10-03T13:36:02.430Z","","","true","봉 기간의 마지막 유효 관측값","","","","partial","일부 거래일 누락","true","false","2024-10-02","2026-10-02","2026-09-17","2026-10-02","cumulative","2024-10-02"
"aligned","KR","etf","069500","day","KRW","foreign","2026-05-14","","%","네이버 금융 · 종목 투자자 동향","","","","2026-10-03T13:36:02.430Z","","","true","봉 기간의 마지막 유효 관측값","","","","partial","일부 거래일 누락","true","false","2024-10-02","2026-10-02","2026-09-17","2026-10-02","cumulative","2024-10-02"
"aligned","KR","etf","069500","day","KRW","foreign","2026-05-15","","%","네이버 금융 · 종목 투자자 동향","","","","2026-10-03T13:36:02.430Z","","","true","봉 기간의 마지막 유효 관측값","","","","partial","일부 거래일 누락","true","false","2024-10-02","2026-10-02","2026-09-17","2026-10-02","cumulative","2024-10-02"
"aligned","KR","etf","069500","day","KRW","foreign","2026-05-18","","%","네이버 금융 · 종목 투자자 동향","","","","2026-10-03T13:36:02.430Z","","","true","봉 기간의 마지막 유효 관측값","","","","partial","일부 거래일 누락","true","false","2024-10-02","2026-10-02","2026-09-17","2026-10-02","cumulative","2024-10-02"
"aligned","KR","etf","069500","day","KRW","foreign","2026-05-19","","%","네이버 금융 · 종목 투자자 동향","","","","2026-10-03T13:36:02.430Z","","","true","봉 기간의 마지막 유효 관측값","","","","partial","일부 거래일 누락","true","false","2024-10-02","2026-10-02","2026-09-17","2026-10-02","cumulative","2024-10-02"
"aligned","KR","etf","069500","day","KRW","foreign","2026-05-20","","%","네이버 금융 · 종목 투자자 동향","","","","2026-10-03T13:36:02.430Z","","","true","봉 기간의 마지막 유효 관측값","","","","partial","일부 거래일 누락","true","false","2024-10-02","2026-10-02","2026-09-17","2026-10-02","cumulative","2024-10-02"
"aligned","KR","etf","069500","day","KRW","foreign","2026-05-21","","%","네이버 금융 · 종목 투자자 동향","","","","2026-10-03T13:36:02.430Z","","","true","봉 기간의 마지막 유효 관측값","","","","partial","일부 거래일 누락","true","false","2024-10-02","2026-10-02","2026-09-17","2026-10-02","cumulative","2024-10-02"
"aligned","KR","etf","069500","day","KRW","foreign","2026-05-22","","%","네이버 금융 · 종목 투자자 동향","","","","2026-10-03T13:36:02.430Z","","","true","봉 기간의 마지막 유효 관측값","","","","partial","일부 거래일 누락","true","false","2024-10-02","2026-10-02","2026-09-17","2026-10-02","cumulative","2024-10-02"
"aligned","KR","etf","069500","day","KRW","foreign","2026-05-26","","%","네이버 금융 · 종목 투자자 동향","","","","2026-10-03T13:36:02.430Z","","","true","봉 기간의 마지막 유효 관측값","","","","partial","일부 거래일 누락","true","false","2024-10-02","2026-10-02","2026-09-17","2026-10-02","cumulative","2024-10-02"
"aligned","KR","etf","069500","day","KRW","foreign","2026-05-27","","%","네이버 금융 · 종목 투자자 동향","","","","2026-10-03T13:36:02.430Z","","","true","봉 기간의 마지막 유효 관측값","","","","partial","일부 거래일 누락","true","false","2024-10-02","2026-10-02","2026-09-17","2026-10-02","cumulative","2024-10-02"
"aligned","KR","etf","069500","day","KRW","foreign","2026-05-28","","%","네이버 금융 · 종목 투자자 동향","","","","2026-10-03T13:36:02.430Z","","","true","봉 기간의 마지막 유효 관측값","","","","partial","일부 거래일 누락","true","false","2024-10-02","2026-10-02","2026-09-17","2026-10-02","cumulative","2024-10-02"
"aligned","KR","etf","069500","day","KRW","foreign","2026-05-29","","%","네이버 금융 · 종목 투자자 동향","","","","2026-10-03T13:36:02.430Z","","","true","봉 기간의 마지막 유효 관측값","","","","partial","일부 거래일 누락","true","false","2024-10-02","2026-10-02","2026-09-17","2026-10-02","cumulative","2024-10-02"
"aligned","KR","etf","069500","day","KRW","foreign","2026-06-01","","%","네이버 금융 · 종목 투자자 동향","","","","2026-10-03T13:36:02.430Z","","","true","봉 기간의 마지막 유효 관측값","","","","partial","일부 거래일 누락","true","false","2024-10-02","2026-10-02","2026-09-17","2026-10-02","cumulative","2024-10-02"
"aligned","KR","etf","069500","day","KRW","foreign","2026-06-02","","%","네이버 금융 · 종목 투자자 동향","","","","2026-10-03T13:36:02.430Z","","","true","봉 기간의 마지막 유효 관측값","","","","partial","일부 거래일 누락","true","false","2024-10-02","2026-10-02","2026-09-17","2026-10-02","cumulative","2024-10-02"
"aligned","KR","etf","069500","day","KRW","foreign","2026-06-04","","%","네이버 금융 · 종목 투자자 동향","","","","2026-10-03T13:36:02.430Z","","","true","봉 기간의 마지막 유효 관측값","","","","partial","일부 거래일 누락","true","false","2024-10-02","2026-10-02","2026-09-17","2026-10-02","cumulative","2024-10-02"
"aligned","KR","etf","069500","day","KRW","foreign","2026-06-05","","%","네이버 금융 · 종목 투자자 동향","","","","2026-10-03T13:36:02.430Z","","","true","봉 기간의 마지막 유효 관측값","","","","partial","일부 거래일 누락","true","false","2024-10-02","2026-10-02","2026-09-17","2026-10-02","cumulative","2024-10-02"
"aligned","KR","etf","069500","day","KRW","foreign","2026-06-08","","%","네이버 금융 · 종목 투자자 동향","","","","2026-10-03T13:36:02.430Z","","","true","봉 기간의 마지막 유효 관측값","","","","partial","일부 거래일 누락","true","false","2024-10-02","2026-10-02","2026-09-17","2026-10-02","cumulative","2024-10-02"
"aligned","KR","etf","069500","day","KRW","foreign","2026-06-09","","%","네이버 금융 · 종목 투자자 동향","","","","2026-10-03T13:36:02.430Z","","","true","봉 기간의 마지막 유효 관측값","","","","partial","일부 거래일 누락","true","false","2024-10-02","2026-10-02","2026-09-17","2026-10-02","cumulative","2024-10-02"
"aligned","KR","etf","069500","day","KRW","foreign","2026-06-10","","%","네이버 금융 · 종목 투자자 동향","","","","2026-10-03T13:36:02.430Z","","","true","봉 기간의 마지막 유효 관측값","","","","partial","일부 거래일 누락","true","false","2024-10-02","2026-10-02","2026-09-17","2026-10-02","cumulative","2024-10-02"
"aligned","KR","etf","069500","day","KRW","foreign","2026-06-11","","%","네이버 금융 · 종목 투자자 동향","","","","2026-10-03T13:36:02.430Z","","","true","봉 기간의 마지막 유효 관측값","","","","partial","일부 거래일 누락","true","false","2024-10-02","2026-10-02","2026-09-17","2026-10-02","cumulative","2024-10-02"
"aligned","KR","etf","069500","day","KRW","foreign","2026-06-12","","%","네이버 금융 · 종목 투자자 동향","","","","2026-10-03T13:36:02.430Z","","","true","봉 기간의 마지막 유효 관측값","","","","partial","일부 거래일 누락","true","false","2024-10-02","2026-10-02","2026-09-17","2026-10-02","cumulative","2024-10-02"
"aligned","KR","etf","069500","day","KRW","foreign","2026-06-15","","%","네이버 금융 · 종목 투자자 동향","","","","2026-10-03T13:36:02.430Z","","","true","봉 기간의 마지막 유효 관측값","","","","partial","일부 거래일 누락","true","false","2024-10-02","2026-10-02","2026-09-17","2026-10-02","cumulative","2024-10-02"
"aligned","KR","etf","069500","day","KRW","foreign","2026-06-16","","%","네이버 금융 · 종목 투자자 동향","","","","2026-10-03T13:36:02.430Z","","","true","봉 기간의 마지막 유효 관측값","","","","partial","일부 거래일 누락","true","false","2024-10-02","2026-10-02","2026-09-17","2026-10-02","cumulative","2024-10-02"
"aligned","KR","etf","069500","day","KRW","foreign","2026-06-17","","%","네이버 금융 · 종목 투자자 동향","","","","2026-10-03T13:36:02.430Z","","","true","봉 기간의 마지막 유효 관측값","","","","partial","일부 거래일 누락","true","false","2024-10-02","2026-10-02","2026-09-17","2026-10-02","cumulative","2024-10-02"
"aligned","KR","etf","069500","day","KRW","foreign","2026-06-18","","%","네이버 금융 · 종목 투자자 동향","","","","2026-10-03T13:36:02.430Z","","","true","봉 기간의 마지막 유효 관측값","","","","partial","일부 거래일 누락","true","false","2024-10-02","2026-10-02","2026-09-17","2026-10-02","cumulative","2024-10-02"
"aligned","KR","etf","069500","day","KRW","foreign","2026-06-19","","%","네이버 금융 · 종목 투자자 동향","","","","2026-10-03T13:36:02.430Z","","","true","봉 기간의 마지막 유효 관측값","","","","partial","일부 거래일 누락","true","false","2024-10-02","2026-10-02","2026-09-17","2026-10-02","cumulative","2024-10-02"
"aligned","KR","etf","069500","day","KRW","foreign","2026-06-22","","%","네이버 금융 · 종목 투자자 동향","","","","2026-10-03T13:36:02.430Z","","","true","봉 기간의 마지막 유효 관측값","","","","partial","일부 거래일 누락","true","false","2024-10-02","2026-10-02","2026-09-17","2026-10-02","cumulative","2024-10-02"
"aligned","KR","etf","069500","day","KRW","foreign","2026-06-23","","%","네이버 금융 · 종목 투자자 동향","","","","2026-10-03T13:36:02.430Z","","","true","봉 기간의 마지막 유효 관측값","","","","partial","일부 거래일 누락","true","false","2024-10-02","2026-10-02","2026-09-17","2026-10-02","cumulative","2024-10-02"
"aligned","KR","etf","069500","day","KRW","foreign","2026-06-24","","%","네이버 금융 · 종목 투자자 동향","","","","2026-10-03T13:36:02.430Z","","","true","봉 기간의 마지막 유효 관측값","","","","partial","일부 거래일 누락","true","false","2024-10-02","2026-10-02","2026-09-17","2026-10-02","cumulative","2024-10-02"
"aligned","KR","etf","069500","day","KRW","foreign","2026-06-25","","%","네이버 금융 · 종목 투자자 동향","","","","2026-10-03T13:36:02.430Z","","","true","봉 기간의 마지막 유효 관측값","","","","partial","일부 거래일 누락","true","false","2024-10-02","2026-10-02","2026-09-17","2026-10-02","cumulative","2024-10-02"
"aligned","KR","etf","069500","day","KRW","foreign","2026-06-26","","%","네이버 금융 · 종목 투자자 동향","","","","2026-10-03T13:36:02.430Z","","","true","봉 기간의 마지막 유효 관측값","","","","partial","일부 거래일 누락","true","false","2024-10-02","2026-10-02","2026-09-17","2026-10-02","cumulative","2024-10-02"
"aligned","KR","etf","069500","day","KRW","foreign","2026-06-29","","%","네이버 금융 · 종목 투자자 동향","","","","2026-10-03T13:36:02.430Z","","","true","봉 기간의 마지막 유효 관측값","","","","partial","일부 거래일 누락","true","false","2024-10-02","2026-10-02","2026-09-17","2026-10-02","cumulative","2024-10-02"
"aligned","KR","etf","069500","day","KRW","foreign","2026-06-30","","%","네이버 금융 · 종목 투자자 동향","","","","2026-10-03T13:36:02.430Z","","","true","봉 기간의 마지막 유효 관측값","","","","partial","일부 거래일 누락","true","false","2024-10-02","2026-10-02","2026-09-17","2026-10-02","cumulative","2024-10-02"
"aligned","KR","etf","069500","day","KRW","foreign","2026-07-01","","%","네이버 금융 · 종목 투자자 동향","","","","2026-10-03T13:36:02.430Z","","","true","봉 기간의 마지막 유효 관측값","","","","partial","일부 거래일 누락","true","false","2024-10-02","2026-10-02","2026-09-17","2026-10-02","cumulative","2024-10-02"
"aligned","KR","etf","069500","day","KRW","foreign","2026-07-02","","%","네이버 금융 · 종목 투자자 동향","","","","2026-10-03T13:36:02.430Z","","","true","봉 기간의 마지막 유효 관측값","","","","partial","일부 거래일 누락","true","false","2024-10-02","2026-10-02","2026-09-17","2026-10-02","cumulative","2024-10-02"
"aligned","KR","etf","069500","day","KRW","foreign","2026-07-03","","%","네이버 금융 · 종목 투자자 동향","","","","2026-10-03T13:36:02.430Z","","","true","봉 기간의 마지막 유효 관측값","","","","partial","일부 거래일 누락","true","false","2024-10-02","2026-10-02","2026-09-17","2026-10-02","cumulative","2024-10-02"
"aligned","KR","etf","069500","day","KRW","foreign","2026-07-06","","%","네이버 금융 · 종목 투자자 동향","","","","2026-10-03T13:36:02.430Z","","","true","봉 기간의 마지막 유효 관측값","","","","partial","일부 거래일 누락","true","false","2024-10-02","2026-10-02","2026-09-17","2026-10-02","cumulative","2024-10-02"
"aligned","KR","etf","069500","day","KRW","foreign","2026-07-07","","%","네이버 금융 · 종목 투자자 동향","","","","2026-10-03T13:36:02.430Z","","","true","봉 기간의 마지막 유효 관측값","","","","partial","일부 거래일 누락","true","false","2024-10-02","2026-10-02","2026-09-17","2026-10-02","cumulative","2024-10-02"
"aligned","KR","etf","069500","day","KRW","foreign","2026-07-08","","%","네이버 금융 · 종목 투자자 동향","","","","2026-10-03T13:36:02.430Z","","","true","봉 기간의 마지막 유효 관측값","","","","partial","일부 거래일 누락","true","false","2024-10-02","2026-10-02","2026-09-17","2026-10-02","cumulative","2024-10-02"
"aligned","KR","etf","069500","day","KRW","foreign","2026-07-09","","%","네이버 금융 · 종목 투자자 동향","","","","2026-10-03T13:36:02.430Z","","","true","봉 기간의 마지막 유효 관측값","","","","partial","일부 거래일 누락","true","false","2024-10-02","2026-10-02","2026-09-17","2026-10-02","cumulative","2024-10-02"
"aligned","KR","etf","069500","day","KRW","foreign","2026-07-10","","%","네이버 금융 · 종목 투자자 동향","","","","2026-10-03T13:36:02.430Z","","","true","봉 기간의 마지막 유효 관측값","","","","partial","일부 거래일 누락","true","false","2024-10-02","2026-10-02","2026-09-17","2026-10-02","cumulative","2024-10-02"
"aligned","KR","etf","069500","day","KRW","foreign","2026-07-13","","%","네이버 금융 · 종목 투자자 동향","","","","2026-10-03T13:36:02.430Z","","","true","봉 기간의 마지막 유효 관측값","","","","partial","일부 거래일 누락","true","false","2024-10-02","2026-10-02","2026-09-17","2026-10-02","cumulative","2024-10-02"
"aligned","KR","etf","069500","day","KRW","foreign","2026-07-14","","%","네이버 금융 · 종목 투자자 동향","","","","2026-10-03T13:36:02.430Z","","","true","봉 기간의 마지막 유효 관측값","","","","partial","일부 거래일 누락","true","false","2024-10-02","2026-10-02","2026-09-17","2026-10-02","cumulative","2024-10-02"
"aligned","KR","etf","069500","day","KRW","foreign","2026-07-15","","%","네이버 금융 · 종목 투자자 동향","","","","2026-10-03T13:36:02.430Z","","","true","봉 기간의 마지막 유효 관측값","","","","partial","일부 거래일 누락","true","false","2024-10-02","2026-10-02","2026-09-17","2026-10-02","cumulative","2024-10-02"
"aligned","KR","etf","069500","day","KRW","foreign","2026-07-16","","%","네이버 금융 · 종목 투자자 동향","","","","2026-10-03T13:36:02.430Z","","","true","봉 기간의 마지막 유효 관측값","","","","partial","일부 거래일 누락","true","false","2024-10-02","2026-10-02","2026-09-17","2026-10-02","cumulative","2024-10-02"
"aligned","KR","etf","069500","day","KRW","foreign","2026-07-20","","%","네이버 금융 · 종목 투자자 동향","","","","2026-10-03T13:36:02.430Z","","","true","봉 기간의 마지막 유효 관측값","","","","partial","일부 거래일 누락","true","false","2024-10-02","2026-10-02","2026-09-17","2026-10-02","cumulative","2024-10-02"
"aligned","KR","etf","069500","day","KRW","foreign","2026-07-21","","%","네이버 금융 · 종목 투자자 동향","","","","2026-10-03T13:36:02.430Z","","","true","봉 기간의 마지막 유효 관측값","","","","partial","일부 거래일 누락","true","false","2024-10-02","2026-10-02","2026-09-17","2026-10-02","cumulative","2024-10-02"
"aligned","KR","etf","069500","day","KRW","foreign","2026-07-22","","%","네이버 금융 · 종목 투자자 동향","","","","2026-10-03T13:36:02.430Z","","","true","봉 기간의 마지막 유효 관측값","","","","partial","일부 거래일 누락","true","false","2024-10-02","2026-10-02","2026-09-17","2026-10-02","cumulative","2024-10-02"
"aligned","KR","etf","069500","day","KRW","foreign","2026-07-23","","%","네이버 금융 · 종목 투자자 동향","","","","2026-10-03T13:36:02.430Z","","","true","봉 기간의 마지막 유효 관측값","","","","partial","일부 거래일 누락","true","false","2024-10-02","2026-10-02","2026-09-17","2026-10-02","cumulative","2024-10-02"
"aligned","KR","etf","069500","day","KRW","foreign","2026-07-24","","%","네이버 금융 · 종목 투자자 동향","","","","2026-10-03T13:36:02.430Z","","","true","봉 기간의 마지막 유효 관측값","","","","partial","일부 거래일 누락","true","false","2024-10-02","2026-10-02","2026-09-17","2026-10-02","cumulative","2024-10-02"
"aligned","KR","etf","069500","day","KRW","foreign","2026-07-27","","%","네이버 금융 · 종목 투자자 동향","","","","2026-10-03T13:36:02.430Z","","","true","봉 기간의 마지막 유효 관측값","","","","partial","일부 거래일 누락","true","false","2024-10-02","2026-10-02","2026-09-17","2026-10-02","cumulative","2024-10-02"
"aligned","KR","etf","069500","day","KRW","foreign","2026-07-28","","%","네이버 금융 · 종목 투자자 동향","","","","2026-10-03T13:36:02.430Z","","","true","봉 기간의 마지막 유효 관측값","","","","partial","일부 거래일 누락","true","false","2024-10-02","2026-10-02","2026-09-17","2026-10-02","cumulative","2024-10-02"
"aligned","KR","etf","069500","day","KRW","foreign","2026-07-29","","%","네이버 금융 · 종목 투자자 동향","","","","2026-10-03T13:36:02.430Z","","","true","봉 기간의 마지막 유효 관측값","","","","partial","일부 거래일 누락","true","false","2024-10-02","2026-10-02","2026-09-17","2026-10-02","cumulative","2024-10-02"
"aligned","KR","etf","069500","day","KRW","foreign","2026-07-30","","%","네이버 금융 · 종목 투자자 동향","","","","2026-10-03T13:36:02.430Z","","","true","봉 기간의 마지막 유효 관측값","","","","partial","일부 거래일 누락","true","false","2024-10-02","2026-10-02","2026-09-17","2026-10-02","cumulative","2024-10-02"
"aligned","KR","etf","069500","day","KRW","foreign","2026-07-31","","%","네이버 금융 · 종목 투자자 동향","","","","2026-10-03T13:36:02.430Z","","","true","봉 기간의 마지막 유효 관측값","","","","partial","일부 거래일 누락","true","false","2024-10-02","2026-10-02","2026-09-17","2026-10-02","cumulative","2024-10-02"
"aligned","KR","etf","069500","day","KRW","foreign","2026-08-03","","%","네이버 금융 · 종목 투자자 동향","","","","2026-10-03T13:36:02.430Z","","","true","봉 기간의 마지막 유효 관측값","","","","partial","일부 거래일 누락","true","false","2024-10-02","2026-10-02","2026-09-17","2026-10-02","cumulative","2024-10-02"
"aligned","KR","etf","069500","day","KRW","foreign","2026-08-04","","%","네이버 금융 · 종목 투자자 동향","","","","2026-10-03T13:36:02.430Z","","","true","봉 기간의 마지막 유효 관측값","","","","partial","일부 거래일 누락","true","false","2024-10-02","2026-10-02","2026-09-17","2026-10-02","cumulative","2024-10-02"
"aligned","KR","etf","069500","day","KRW","foreign","2026-08-05","","%","네이버 금융 · 종목 투자자 동향","","","","2026-10-03T13:36:02.430Z","","","true","봉 기간의 마지막 유효 관측값","","","","partial","일부 거래일 누락","true","false","2024-10-02","2026-10-02","2026-09-17","2026-10-02","cumulative","2024-10-02"
"aligned","KR","etf","069500","day","KRW","foreign","2026-08-06","","%","네이버 금융 · 종목 투자자 동향","","","","2026-10-03T13:36:02.430Z","","","true","봉 기간의 마지막 유효 관측값","","","","partial","일부 거래일 누락","true","false","2024-10-02","2026-10-02","2026-09-17","2026-10-02","cumulative","2024-10-02"
"aligned","KR","etf","069500","day","KRW","foreign","2026-08-07","","%","네이버 금융 · 종목 투자자 동향","","","","2026-10-03T13:36:02.430Z","","","true","봉 기간의 마지막 유효 관측값","","","","partial","일부 거래일 누락","true","false","2024-10-02","2026-10-02","2026-09-17","2026-10-02","cumulative","2024-10-02"
"aligned","KR","etf","069500","day","KRW","foreign","2026-08-10","","%","네이버 금융 · 종목 투자자 동향","","","","2026-10-03T13:36:02.430Z","","","true","봉 기간의 마지막 유효 관측값","","","","partial","일부 거래일 누락","true","false","2024-10-02","2026-10-02","2026-09-17","2026-10-02","cumulative","2024-10-02"
"aligned","KR","etf","069500","day","KRW","foreign","2026-08-11","","%","네이버 금융 · 종목 투자자 동향","","","","2026-10-03T13:36:02.430Z","","","true","봉 기간의 마지막 유효 관측값","","","","partial","일부 거래일 누락","true","false","2024-10-02","2026-10-02","2026-09-17","2026-10-02","cumulative","2024-10-02"
"aligned","KR","etf","069500","day","KRW","foreign","2026-08-12","","%","네이버 금융 · 종목 투자자 동향","","","","2026-10-03T13:36:02.430Z","","","true","봉 기간의 마지막 유효 관측값","","","","partial","일부 거래일 누락","true","false","2024-10-02","2026-10-02","2026-09-17","2026-10-02","cumulative","2024-10-02"
"aligned","KR","etf","069500","day","KRW","foreign","2026-08-13","","%","네이버 금융 · 종목 투자자 동향","","","","2026-10-03T13:36:02.430Z","","","true","봉 기간의 마지막 유효 관측값","","","","partial","일부 거래일 누락","true","false","2024-10-02","2026-10-02","2026-09-17","2026-10-02","cumulative","2024-10-02"
"aligned","KR","etf","069500","day","KRW","foreign","2026-08-14","","%","네이버 금융 · 종목 투자자 동향","","","","2026-10-03T13:36:02.430Z","","","true","봉 기간의 마지막 유효 관측값","","","","partial","일부 거래일 누락","true","false","2024-10-02","2026-10-02","2026-09-17","2026-10-02","cumulative","2024-10-02"
"aligned","KR","etf","069500","day","KRW","foreign","2026-08-18","","%","네이버 금융 · 종목 투자자 동향","","","","2026-10-03T13:36:02.430Z","","","true","봉 기간의 마지막 유효 관측값","","","","partial","일부 거래일 누락","true","false","2024-10-02","2026-10-02","2026-09-17","2026-10-02","cumulative","2024-10-02"
"aligned","KR","etf","069500","day","KRW","foreign","2026-08-19","","%","네이버 금융 · 종목 투자자 동향","","","","2026-10-03T13:36:02.430Z","","","true","봉 기간의 마지막 유효 관측값","","","","partial","일부 거래일 누락","true","false","2024-10-02","2026-10-02","2026-09-17","2026-10-02","cumulative","2024-10-02"
"aligned","KR","etf","069500","day","KRW","foreign","2026-08-20","","%","네이버 금융 · 종목 투자자 동향","","","","2026-10-03T13:36:02.430Z","","","true","봉 기간의 마지막 유효 관측값","","","","partial","일부 거래일 누락","true","false","2024-10-02","2026-10-02","2026-09-17","2026-10-02","cumulative","2024-10-02"
"aligned","KR","etf","069500","day","KRW","foreign","2026-08-21","","%","네이버 금융 · 종목 투자자 동향","","","","2026-10-03T13:36:02.430Z","","","true","봉 기간의 마지막 유효 관측값","","","","partial","일부 거래일 누락","true","false","2024-10-02","2026-10-02","2026-09-17","2026-10-02","cumulative","2024-10-02"
"aligned","KR","etf","069500","day","KRW","foreign","2026-08-24","","%","네이버 금융 · 종목 투자자 동향","","","","2026-10-03T13:36:02.430Z","","","true","봉 기간의 마지막 유효 관측값","","","","partial","일부 거래일 누락","true","false","2024-10-02","2026-10-02","2026-09-17","2026-10-02","cumulative","2024-10-02"
"aligned","KR","etf","069500","day","KRW","foreign","2026-08-25","","%","네이버 금융 · 종목 투자자 동향","","","","2026-10-03T13:36:02.430Z","","","true","봉 기간의 마지막 유효 관측값","","","","partial","일부 거래일 누락","true","false","2024-10-02","2026-10-02","2026-09-17","2026-10-02","cumulative","2024-10-02"
"aligned","KR","etf","069500","day","KRW","foreign","2026-08-26","","%","네이버 금융 · 종목 투자자 동향","","","","2026-10-03T13:36:02.430Z","","","true","봉 기간의 마지막 유효 관측값","","","","partial","일부 거래일 누락","true","false","2024-10-02","2026-10-02","2026-09-17","2026-10-02","cumulative","2024-10-02"
"aligned","KR","etf","069500","day","KRW","foreign","2026-08-27","","%","네이버 금융 · 종목 투자자 동향","","","","2026-10-03T13:36:02.430Z","","","true","봉 기간의 마지막 유효 관측값","","","","partial","일부 거래일 누락","true","false","2024-10-02","2026-10-02","2026-09-17","2026-10-02","cumulative","2024-10-02"
"aligned","KR","etf","069500","day","KRW","foreign","2026-08-28","","%","네이버 금융 · 종목 투자자 동향","","","","2026-10-03T13:36:02.430Z","","","true","봉 기간의 마지막 유효 관측값","","","","partial","일부 거래일 누락","true","false","2024-10-02","2026-10-02","2026-09-17","2026-10-02","cumulative","2024-10-02"
"aligned","KR","etf","069500","day","KRW","foreign","2026-08-31","","%","네이버 금융 · 종목 투자자 동향","","","","2026-10-03T13:36:02.430Z","","","true","봉 기간의 마지막 유효 관측값","","","","partial","일부 거래일 누락","true","false","2024-10-02","2026-10-02","2026-09-17","2026-10-02","cumulative","2024-10-02"
"aligned","KR","etf","069500","day","KRW","foreign","2026-09-01","","%","네이버 금융 · 종목 투자자 동향","","","","2026-10-03T13:36:02.430Z","","","true","봉 기간의 마지막 유효 관측값","","","","partial","일부 거래일 누락","true","false","2024-10-02","2026-10-02","2026-09-17","2026-10-02","cumulative","2024-10-02"
"aligned","KR","etf","069500","day","KRW","foreign","2026-09-02","","%","네이버 금융 · 종목 투자자 동향","","","","2026-10-03T13:36:02.430Z","","","true","봉 기간의 마지막 유효 관측값","","","","partial","일부 거래일 누락","true","false","2024-10-02","2026-10-02","2026-09-17","2026-10-02","cumulative","2024-10-02"
"aligned","KR","etf","069500","day","KRW","foreign","2026-09-03","","%","네이버 금융 · 종목 투자자 동향","","","","2026-10-03T13:36:02.430Z","","","true","봉 기간의 마지막 유효 관측값","","","","partial","일부 거래일 누락","true","false","2024-10-02","2026-10-02","2026-09-17","2026-10-02","cumulative","2024-10-02"
"aligned","KR","etf","069500","day","KRW","foreign","2026-09-04","","%","네이버 금융 · 종목 투자자 동향","","","","2026-10-03T13:36:02.430Z","","","true","봉 기간의 마지막 유효 관측값","","","","partial","일부 거래일 누락","true","false","2024-10-02","2026-10-02","2026-09-17","2026-10-02","cumulative","2024-10-02"
"aligned","KR","etf","069500","day","KRW","foreign","2026-09-07","","%","네이버 금융 · 종목 투자자 동향","","","","2026-10-03T13:36:02.430Z","","","true","봉 기간의 마지막 유효 관측값","","","","partial","일부 거래일 누락","true","false","2024-10-02","2026-10-02","2026-09-17","2026-10-02","cumulative","2024-10-02"
"aligned","KR","etf","069500","day","KRW","foreign","2026-09-08","","%","네이버 금융 · 종목 투자자 동향","","","","2026-10-03T13:36:02.430Z","","","true","봉 기간의 마지막 유효 관측값","","","","partial","일부 거래일 누락","true","false","2024-10-02","2026-10-02","2026-09-17","2026-10-02","cumulative","2024-10-02"
"aligned","KR","etf","069500","day","KRW","foreign","2026-09-09","","%","네이버 금융 · 종목 투자자 동향","","","","2026-10-03T13:36:02.430Z","","","true","봉 기간의 마지막 유효 관측값","","","","partial","일부 거래일 누락","true","false","2024-10-02","2026-10-02","2026-09-17","2026-10-02","cumulative","2024-10-02"
"aligned","KR","etf","069500","day","KRW","foreign","2026-09-10","","%","네이버 금융 · 종목 투자자 동향","","","","2026-10-03T13:36:02.430Z","","","true","봉 기간의 마지막 유효 관측값","","","","partial","일부 거래일 누락","true","false","2024-10-02","2026-10-02","2026-09-17","2026-10-02","cumulative","2024-10-02"
"aligned","KR","etf","069500","day","KRW","foreign","2026-09-11","","%","네이버 금융 · 종목 투자자 동향","","","","2026-10-03T13:36:02.430Z","","","true","봉 기간의 마지막 유효 관측값","","","","partial","일부 거래일 누락","true","false","2024-10-02","2026-10-02","2026-09-17","2026-10-02","cumulative","2024-10-02"
"aligned","KR","etf","069500","day","KRW","foreign","2026-09-14","","%","네이버 금융 · 종목 투자자 동향","","","","2026-10-03T13:36:02.430Z","","","true","봉 기간의 마지막 유효 관측값","","","","partial","일부 거래일 누락","true","false","2024-10-02","2026-10-02","2026-09-17","2026-10-02","cumulative","2024-10-02"
"aligned","KR","etf","069500","day","KRW","foreign","2026-09-15","","%","네이버 금융 · 종목 투자자 동향","","","","2026-10-03T13:36:02.430Z","","","true","봉 기간의 마지막 유효 관측값","","","","partial","일부 거래일 누락","true","false","2024-10-02","2026-10-02","2026-09-17","2026-10-02","cumulative","2024-10-02"
"aligned","KR","etf","069500","day","KRW","foreign","2026-09-16","","%","네이버 금융 · 종목 투자자 동향","","","","2026-10-03T13:36:02.430Z","","","true","봉 기간의 마지막 유효 관측값","","","","partial","일부 거래일 누락","true","false","2024-10-02","2026-10-02","2026-09-17","2026-10-02","cumulative","2024-10-02"
"aligned","KR","etf","069500","day","KRW","foreign","2026-09-17","22.09","%","네이버 금융 · 종목 투자자 동향","foreignerHoldRatio","2026-09-17","trade-date","2026-10-03T13:36:02.430Z","","","true","봉 기간의 마지막 유효 관측값","","","","partial","요청 범위 중 일부 날짜만 제공 · 공표 시각/확정 여부 미확인","false","false","2024-10-02","2026-10-02","2026-09-17","2026-10-02","cumulative","2024-10-02"
"aligned","KR","etf","069500","day","KRW","foreign","2026-09-18","22.04","%","네이버 금융 · 종목 투자자 동향","foreignerHoldRatio","2026-09-18","trade-date","2026-10-03T13:36:02.430Z","","","true","봉 기간의 마지막 유효 관측값","","","","partial","요청 범위 중 일부 날짜만 제공 · 공표 시각/확정 여부 미확인","false","false","2024-10-02","2026-10-02","2026-09-17","2026-10-02","cumulative","2024-10-02"
"aligned","KR","etf","069500","day","KRW","foreign","2026-09-21","21.96","%","네이버 금융 · 종목 투자자 동향","foreignerHoldRatio","2026-09-21","trade-date","2026-10-03T13:36:02.430Z","","","true","봉 기간의 마지막 유효 관측값","","","","partial","요청 범위 중 일부 날짜만 제공 · 공표 시각/확정 여부 미확인","false","false","2024-10-02","2026-10-02","2026-09-17","2026-10-02","cumulative","2024-10-02"
"aligned","KR","etf","069500","day","KRW","foreign","2026-09-22","21.99","%","네이버 금융 · 종목 투자자 동향","foreignerHoldRatio","2026-09-22","trade-date","2026-10-03T13:36:02.430Z","","","true","봉 기간의 마지막 유효 관측값","","","","partial","요청 범위 중 일부 날짜만 제공 · 공표 시각/확정 여부 미확인","false","false","2024-10-02","2026-10-02","2026-09-17","2026-10-02","cumulative","2024-10-02"
"aligned","KR","etf","069500","day","KRW","foreign","2026-09-23","22.06","%","네이버 금융 · 종목 투자자 동향","foreignerHoldRatio","2026-09-23","trade-date","2026-10-03T13:36:02.430Z","","","true","봉 기간의 마지막 유효 관측값","","","","partial","요청 범위 중 일부 날짜만 제공 · 공표 시각/확정 여부 미확인","false","false","2024-10-02","2026-10-02","2026-09-17","2026-10-02","cumulative","2024-10-02"
"aligned","KR","etf","069500","day","KRW","foreign","2026-09-28","22.44","%","네이버 금융 · 종목 투자자 동향","foreignerHoldRatio","2026-09-28","trade-date","2026-10-03T13:36:02.430Z","","","true","봉 기간의 마지막 유효 관측값","","","","partial","요청 범위 중 일부 날짜만 제공 · 공표 시각/확정 여부 미확인","false","false","2024-10-02","2026-10-02","2026-09-17","2026-10-02","cumulative","2024-10-02"
"aligned","KR","etf","069500","day","KRW","foreign","2026-09-29","22.58","%","네이버 금융 · 종목 투자자 동향","foreignerHoldRatio","2026-09-29","trade-date","2026-10-03T13:36:02.430Z","","","true","봉 기간의 마지막 유효 관측값","","","","partial","요청 범위 중 일부 날짜만 제공 · 공표 시각/확정 여부 미확인","false","false","2024-10-02","2026-10-02","2026-09-17","2026-10-02","cumulative","2024-10-02"
"aligned","KR","etf","069500","day","KRW","foreign","2026-09-30","22.73","%","네이버 금융 · 종목 투자자 동향","foreignerHoldRatio","2026-09-30","trade-date","2026-10-03T13:36:02.430Z","","","true","봉 기간의 마지막 유효 관측값","","","","partial","요청 범위 중 일부 날짜만 제공 · 공표 시각/확정 여부 미확인","false","false","2024-10-02","2026-10-02","2026-09-17","2026-10-02","cumulative","2024-10-02"
"aligned","KR","etf","069500","day","KRW","foreign","2026-10-01","22.39","%","네이버 금융 · 종목 투자자 동향","foreignerHoldRatio","2026-10-01","trade-date","2026-10-03T13:36:02.430Z","","","true","봉 기간의 마지막 유효 관측값","","","","partial","요청 범위 중 일부 날짜만 제공 · 공표 시각/확정 여부 미확인","false","false","2024-10-02","2026-10-02","2026-09-17","2026-10-02","cumulative","2024-10-02"
"aligned","KR","etf","069500","day","KRW","foreign","2026-10-02","22.24","%","네이버 금융 · 종목 투자자 동향","foreignerHoldRatio","2026-10-02","trade-date","2026-10-03T13:36:02.430Z","","","true","봉 기간의 마지막 유효 관측값","","","","partial","요청 범위 중 일부 날짜만 제공 · 공표 시각/확정 여부 미확인","false","false","2024-10-02","2026-10-02","2026-09-17","2026-10-02","cumulative","2024-10-02"
"status","KR","etf","069500","day","KRW","investmentTrust","","","주","한국투자증권 · 종목별 투자자매매동향(일별)","","","","2026-10-03T13:36:02.430Z","","","","","","","","not-configured","KIS_APP_KEY / KIS_APP_SECRET 인증 미설정 · 해당 종목 실응답 미검증","","false","2024-10-02","2026-10-02","","","cumulative","2024-10-02"
"aligned","KR","etf","069500","day","KRW","investmentTrust","2024-10-02","","주","한국투자증권 · 종목별 투자자매매동향(일별)","","2024-10-02","","2026-10-03T13:36:02.430Z","","","true","Σ dailyNet[2024-10-02..asOf]","","","","not-configured","기준일 이후 누락: 누적순매수 미확정","true","false","2024-10-02","2026-10-02","","","cumulative","2024-10-02"
"aligned","KR","etf","069500","day","KRW","investmentTrust","2024-10-04","","주","한국투자증권 · 종목별 투자자매매동향(일별)","","2024-10-04","","2026-10-03T13:36:02.430Z","","","true","Σ dailyNet[2024-10-02..asOf]","","","","not-configured","기준일 이후 누락: 누적순매수 미확정","true","false","2024-10-02","2026-10-02","","","cumulative","2024-10-02"
"aligned","KR","etf","069500","day","KRW","investmentTrust","2024-10-07","","주","한국투자증권 · 종목별 투자자매매동향(일별)","","2024-10-07","","2026-10-03T13:36:02.430Z","","","true","Σ dailyNet[2024-10-02..asOf]","","","","not-configured","기준일 이후 누락: 누적순매수 미확정","true","false","2024-10-02","2026-10-02","","","cumulative","2024-10-02"
"aligned","KR","etf","069500","day","KRW","investmentTrust","2024-10-08","","주","한국투자증권 · 종목별 투자자매매동향(일별)","","2024-10-08","","2026-10-03T13:36:02.430Z","","","true","Σ dailyNet[2024-10-02..asOf]","","","","not-configured","기준일 이후 누락: 누적순매수 미확정","true","false","2024-10-02","2026-10-02","","","cumulative","2024-10-02"
"aligned","KR","etf","069500","day","KRW","investmentTrust","2024-10-10","","주","한국투자증권 · 종목별 투자자매매동향(일별)","","2024-10-10","","2026-10-03T13:36:02.430Z","","","true","Σ dailyNet[2024-10-02..asOf]","","","","not-configured","기준일 이후 누락: 누적순매수 미확정","true","false","2024-10-02","2026-10-02","","","cumulative","2024-10-02"
"aligned","KR","etf","069500","day","KRW","investmentTrust","2024-10-11","","주","한국투자증권 · 종목별 투자자매매동향(일별)","","2024-10-11","","2026-10-03T13:36:02.430Z","","","true","Σ dailyNet[2024-10-02..asOf]","","","","not-configured","기준일 이후 누락: 누적순매수 미확정","true","false","2024-10-02","2026-10-02","","","cumulative","2024-10-02"
"aligned","KR","etf","069500","day","KRW","investmentTrust","2024-10-14","","주","한국투자증권 · 종목별 투자자매매동향(일별)","","2024-10-14","","2026-10-03T13:36:02.430Z","","","true","Σ dailyNet[2024-10-02..asOf]","","","","not-configured","기준일 이후 누락: 누적순매수 미확정","true","false","2024-10-02","2026-10-02","","","cumulative","2024-10-02"
"aligned","KR","etf","069500","day","KRW","investmentTrust","2024-10-15","","주","한국투자증권 · 종목별 투자자매매동향(일별)","","2024-10-15","","2026-10-03T13:36:02.430Z","","","true","Σ dailyNet[2024-10-02..asOf]","","","","not-configured","기준일 이후 누락: 누적순매수 미확정","true","false","2024-10-02","2026-10-02","","","cumulative","2024-10-02"
"aligned","KR","etf","069500","day","KRW","investmentTrust","2024-10-16","","주","한국투자증권 · 종목별 투자자매매동향(일별)","","2024-10-16","","2026-10-03T13:36:02.430Z","","","true","Σ dailyNet[2024-10-02..asOf]","","","","not-configured","기준일 이후 누락: 누적순매수 미확정","true","false","2024-10-02","2026-10-02","","","cumulative","2024-10-02"
"aligned","KR","etf","069500","day","KRW","investmentTrust","2024-10-17","","주","한국투자증권 · 종목별 투자자매매동향(일별)","","2024-10-17","","2026-10-03T13:36:02.430Z","","","true","Σ dailyNet[2024-10-02..asOf]","","","","not-configured","기준일 이후 누락: 누적순매수 미확정","true","false","2024-10-02","2026-10-02","","","cumulative","2024-10-02"
"aligned","KR","etf","069500","day","KRW","investmentTrust","2024-10-18","","주","한국투자증권 · 종목별 투자자매매동향(일별)","","2024-10-18","","2026-10-03T13:36:02.430Z","","","true","Σ dailyNet[2024-10-02..asOf]","","","","not-configured","기준일 이후 누락: 누적순매수 미확정","true","false","2024-10-02","2026-10-02","","","cumulative","2024-10-02"
"aligned","KR","etf","069500","day","KRW","investmentTrust","2024-10-21","","주","한국투자증권 · 종목별 투자자매매동향(일별)","","2024-10-21","","2026-10-03T13:36:02.430Z","","","true","Σ dailyNet[2024-10-02..asOf]","","","","not-configured","기준일 이후 누락: 누적순매수 미확정","true","false","2024-10-02","2026-10-02","","","cumulative","2024-10-02"
"aligned","KR","etf","069500","day","KRW","investmentTrust","2024-10-22","","주","한국투자증권 · 종목별 투자자매매동향(일별)","","2024-10-22","","2026-10-03T13:36:02.430Z","","","true","Σ dailyNet[2024-10-02..asOf]","","","","not-configured","기준일 이후 누락: 누적순매수 미확정","true","false","2024-10-02","2026-10-02","","","cumulative","2024-10-02"
"aligned","KR","etf","069500","day","KRW","investmentTrust","2024-10-23","","주","한국투자증권 · 종목별 투자자매매동향(일별)","","2024-10-23","","2026-10-03T13:36:02.430Z","","","true","Σ dailyNet[2024-10-02..asOf]","","","","not-configured","기준일 이후 누락: 누적순매수 미확정","true","false","2024-10-02","2026-10-02","","","cumulative","2024-10-02"
"aligned","KR","etf","069500","day","KRW","investmentTrust","2024-10-24","","주","한국투자증권 · 종목별 투자자매매동향(일별)","","2024-10-24","","2026-10-03T13:36:02.430Z","","","true","Σ dailyNet[2024-10-02..asOf]","","","","not-configured","기준일 이후 누락: 누적순매수 미확정","true","false","2024-10-02","2026-10-02","","","cumulative","2024-10-02"
"aligned","KR","etf","069500","day","KRW","investmentTrust","2024-10-25","","주","한국투자증권 · 종목별 투자자매매동향(일별)","","2024-10-25","","2026-10-03T13:36:02.430Z","","","true","Σ dailyNet[2024-10-02..asOf]","","","","not-configured","기준일 이후 누락: 누적순매수 미확정","true","false","2024-10-02","2026-10-02","","","cumulative","2024-10-02"
"aligned","KR","etf","069500","day","KRW","investmentTrust","2024-10-28","","주","한국투자증권 · 종목별 투자자매매동향(일별)","","2024-10-28","","2026-10-03T13:36:02.430Z","","","true","Σ dailyNet[2024-10-02..asOf]","","","","not-configured","기준일 이후 누락: 누적순매수 미확정","true","false","2024-10-02","2026-10-02","","","cumulative","2024-10-02"
"aligned","KR","etf","069500","day","KRW","investmentTrust","2024-10-29","","주","한국투자증권 · 종목별 투자자매매동향(일별)","","2024-10-29","","2026-10-03T13:36:02.430Z","","","true","Σ dailyNet[2024-10-02..asOf]","","","","not-configured","기준일 이후 누락: 누적순매수 미확정","true","false","2024-10-02","2026-10-02","","","cumulative","2024-10-02"
"aligned","KR","etf","069500","day","KRW","investmentTrust","2024-10-31","","주","한국투자증권 · 종목별 투자자매매동향(일별)","","2024-10-31","","2026-10-03T13:36:02.430Z","","","true","Σ dailyNet[2024-10-02..asOf]","","","","not-configured","기준일 이후 누락: 누적순매수 미확정","true","false","2024-10-02","2026-10-02","","","cumulative","2024-10-02"
"aligned","KR","etf","069500","day","KRW","investmentTrust","2024-11-01","","주","한국투자증권 · 종목별 투자자매매동향(일별)","","2024-11-01","","2026-10-03T13:36:02.430Z","","","true","Σ dailyNet[2024-10-02..asOf]","","","","not-configured","기준일 이후 누락: 누적순매수 미확정","true","false","2024-10-02","2026-10-02","","","cumulative","2024-10-02"
"aligned","KR","etf","069500","day","KRW","investmentTrust","2024-11-04","","주","한국투자증권 · 종목별 투자자매매동향(일별)","","2024-11-04","","2026-10-03T13:36:02.430Z","","","true","Σ dailyNet[2024-10-02..asOf]","","","","not-configured","기준일 이후 누락: 누적순매수 미확정","true","false","2024-10-02","2026-10-02","","","cumulative","2024-10-02"
"aligned","KR","etf","069500","day","KRW","investmentTrust","2024-11-06","","주","한국투자증권 · 종목별 투자자매매동향(일별)","","2024-11-06","","2026-10-03T13:36:02.430Z","","","true","Σ dailyNet[2024-10-02..asOf]","","","","not-configured","기준일 이후 누락: 누적순매수 미확정","true","false","2024-10-02","2026-10-02","","","cumulative","2024-10-02"
"aligned","KR","etf","069500","day","KRW","investmentTrust","2024-11-07","","주","한국투자증권 · 종목별 투자자매매동향(일별)","","2024-11-07","","2026-10-03T13:36:02.430Z","","","true","Σ dailyNet[2024-10-02..asOf]","","","","not-configured","기준일 이후 누락: 누적순매수 미확정","true","false","2024-10-02","2026-10-02","","","cumulative","2024-10-02"
"aligned","KR","etf","069500","day","KRW","investmentTrust","2024-11-08","","주","한국투자증권 · 종목별 투자자매매동향(일별)","","2024-11-08","","2026-10-03T13:36:02.430Z","","","true","Σ dailyNet[2024-10-02..asOf]","","","","not-configured","기준일 이후 누락: 누적순매수 미확정","true","false","2024-10-02","2026-10-02","","","cumulative","2024-10-02"
"aligned","KR","etf","069500","day","KRW","investmentTrust","2024-11-11","","주","한국투자증권 · 종목별 투자자매매동향(일별)","","2024-11-11","","2026-10-03T13:36:02.430Z","","","true","Σ dailyNet[2024-10-02..asOf]","","","","not-configured","기준일 이후 누락: 누적순매수 미확정","true","false","2024-10-02","2026-10-02","","","cumulative","2024-10-02"
"aligned","KR","etf","069500","day","KRW","investmentTrust","2024-11-12","","주","한국투자증권 · 종목별 투자자매매동향(일별)","","2024-11-12","","2026-10-03T13:36:02.430Z","","","true","Σ dailyNet[2024-10-02..asOf]","","","","not-configured","기준일 이후 누락: 누적순매수 미확정","true","false","2024-10-02","2026-10-02","","","cumulative","2024-10-02"
"aligned","KR","etf","069500","day","KRW","investmentTrust","2024-11-13","","주","한국투자증권 · 종목별 투자자매매동향(일별)","","2024-11-13","","2026-10-03T13:36:02.430Z","","","true","Σ dailyNet[2024-10-02..asOf]","","","","not-configured","기준일 이후 누락: 누적순매수 미확정","true","false","2024-10-02","2026-10-02","","","cumulative","2024-10-02"
"aligned","KR","etf","069500","day","KRW","investmentTrust","2024-11-14","","주","한국투자증권 · 종목별 투자자매매동향(일별)","","2024-11-14","","2026-10-03T13:36:02.430Z","","","true","Σ dailyNet[2024-10-02..asOf]","","","","not-configured","기준일 이후 누락: 누적순매수 미확정","true","false","2024-10-02","2026-10-02","","","cumulative","2024-10-02"
"aligned","KR","etf","069500","day","KRW","investmentTrust","2024-11-15","","주","한국투자증권 · 종목별 투자자매매동향(일별)","","2024-11-15","","2026-10-03T13:36:02.430Z","","","true","Σ dailyNet[2024-10-02..asOf]","","","","not-configured","기준일 이후 누락: 누적순매수 미확정","true","false","2024-10-02","2026-10-02","","","cumulative","2024-10-02"
"aligned","KR","etf","069500","day","KRW","investmentTrust","2024-11-18","","주","한국투자증권 · 종목별 투자자매매동향(일별)","","2024-11-18","","2026-10-03T13:36:02.430Z","","","true","Σ dailyNet[2024-10-02..asOf]","","","","not-configured","기준일 이후 누락: 누적순매수 미확정","true","false","2024-10-02","2026-10-02","","","cumulative","2024-10-02"
"aligned","KR","etf","069500","day","KRW","investmentTrust","2024-11-19","","주","한국투자증권 · 종목별 투자자매매동향(일별)","","2024-11-19","","2026-10-03T13:36:02.430Z","","","true","Σ dailyNet[2024-10-02..asOf]","","","","not-configured","기준일 이후 누락: 누적순매수 미확정","true","false","2024-10-02","2026-10-02","","","cumulative","2024-10-02"
"aligned","KR","etf","069500","day","KRW","investmentTrust","2024-11-20","","주","한국투자증권 · 종목별 투자자매매동향(일별)","","2024-11-20","","2026-10-03T13:36:02.430Z","","","true","Σ dailyNet[2024-10-02..asOf]","","","","not-configured","기준일 이후 누락: 누적순매수 미확정","true","false","2024-10-02","2026-10-02","","","cumulative","2024-10-02"
"aligned","KR","etf","069500","day","KRW","investmentTrust","2024-11-21","","주","한국투자증권 · 종목별 투자자매매동향(일별)","","2024-11-21","","2026-10-03T13:36:02.430Z","","","true","Σ dailyNet[2024-10-02..asOf]","","","","not-configured","기준일 이후 누락: 누적순매수 미확정","true","false","2024-10-02","2026-10-02","","","cumulative","2024-10-02"
"aligned","KR","etf","069500","day","KRW","investmentTrust","2024-11-22","","주","한국투자증권 · 종목별 투자자매매동향(일별)","","2024-11-22","","2026-10-03T13:36:02.430Z","","","true","Σ dailyNet[2024-10-02..asOf]","","","","not-configured","기준일 이후 누락: 누적순매수 미확정","true","false","2024-10-02","2026-10-02","","","cumulative","2024-10-02"
"aligned","KR","etf","069500","day","KRW","investmentTrust","2024-11-25","","주","한국투자증권 · 종목별 투자자매매동향(일별)","","2024-11-25","","2026-10-03T13:36:02.430Z","","","true","Σ dailyNet[2024-10-02..asOf]","","","","not-configured","기준일 이후 누락: 누적순매수 미확정","true","false","2024-10-02","2026-10-02","","","cumulative","2024-10-02"
"aligned","KR","etf","069500","day","KRW","investmentTrust","2024-11-26","","주","한국투자증권 · 종목별 투자자매매동향(일별)","","2024-11-26","","2026-10-03T13:36:02.430Z","","","true","Σ dailyNet[2024-10-02..asOf]","","","","not-configured","기준일 이후 누락: 누적순매수 미확정","true","false","2024-10-02","2026-10-02","","","cumulative","2024-10-02"
"aligned","KR","etf","069500","day","KRW","investmentTrust","2024-11-27","","주","한국투자증권 · 종목별 투자자매매동향(일별)","","2024-11-27","","2026-10-03T13:36:02.430Z","","","true","Σ dailyNet[2024-10-02..asOf]","","","","not-configured","기준일 이후 누락: 누적순매수 미확정","true","false","2024-10-02","2026-10-02","","","cumulative","2024-10-02"
"aligned","KR","etf","069500","day","KRW","investmentTrust","2024-11-28","","주","한국투자증권 · 종목별 투자자매매동향(일별)","","2024-11-28","","2026-10-03T13:36:02.430Z","","","true","Σ dailyNet[2024-10-02..asOf]","","","","not-configured","기준일 이후 누락: 누적순매수 미확정","true","false","2024-10-02","2026-10-02","","","cumulative","2024-10-02"
"aligned","KR","etf","069500","day","KRW","investmentTrust","2024-11-29","","주","한국투자증권 · 종목별 투자자매매동향(일별)","","2024-11-29","","2026-10-03T13:36:02.430Z","","","true","Σ dailyNet[2024-10-02..asOf]","","","","not-configured","기준일 이후 누락: 누적순매수 미확정","true","false","2024-10-02","2026-10-02","","","cumulative","2024-10-02"
"aligned","KR","etf","069500","day","KRW","investmentTrust","2024-12-02","","주","한국투자증권 · 종목별 투자자매매동향(일별)","","2024-12-02","","2026-10-03T13:36:02.430Z","","","true","Σ dailyNet[2024-10-02..asOf]","","","","not-configured","기준일 이후 누락: 누적순매수 미확정","true","false","2024-10-02","2026-10-02","","","cumulative","2024-10-02"
"aligned","KR","etf","069500","day","KRW","investmentTrust","2024-12-03","","주","한국투자증권 · 종목별 투자자매매동향(일별)","","2024-12-03","","2026-10-03T13:36:02.430Z","","","true","Σ dailyNet[2024-10-02..asOf]","","","","not-configured","기준일 이후 누락: 누적순매수 미확정","true","false","2024-10-02","2026-10-02","","","cumulative","2024-10-02"
"aligned","KR","etf","069500","day","KRW","investmentTrust","2024-12-04","","주","한국투자증권 · 종목별 투자자매매동향(일별)","","2024-12-04","","2026-10-03T13:36:02.430Z","","","true","Σ dailyNet[2024-10-02..asOf]","","","","not-configured","기준일 이후 누락: 누적순매수 미확정","true","false","2024-10-02","2026-10-02","","","cumulative","2024-10-02"
"aligned","KR","etf","069500","day","KRW","investmentTrust","2024-12-05","","주","한국투자증권 · 종목별 투자자매매동향(일별)","","2024-12-05","","2026-10-03T13:36:02.430Z","","","true","Σ dailyNet[2024-10-02..asOf]","","","","not-configured","기준일 이후 누락: 누적순매수 미확정","true","false","2024-10-02","2026-10-02","","","cumulative","2024-10-02"
"aligned","KR","etf","069500","day","KRW","investmentTrust","2024-12-06","","주","한국투자증권 · 종목별 투자자매매동향(일별)","","2024-12-06","","2026-10-03T13:36:02.430Z","","","true","Σ dailyNet[2024-10-02..asOf]","","","","not-configured","기준일 이후 누락: 누적순매수 미확정","true","false","2024-10-02","2026-10-02","","","cumulative","2024-10-02"
"aligned","KR","etf","069500","day","KRW","investmentTrust","2024-12-09","","주","한국투자증권 · 종목별 투자자매매동향(일별)","","2024-12-09","","2026-10-03T13:36:02.430Z","","","true","Σ dailyNet[2024-10-02..asOf]","","","","not-configured","기준일 이후 누락: 누적순매수 미확정","true","false","2024-10-02","2026-10-02","","","cumulative","2024-10-02"
"aligned","KR","etf","069500","day","KRW","investmentTrust","2024-12-10","","주","한국투자증권 · 종목별 투자자매매동향(일별)","","2024-12-10","","2026-10-03T13:36:02.430Z","","","true","Σ dailyNet[2024-10-02..asOf]","","","","not-configured","기준일 이후 누락: 누적순매수 미확정","true","false","2024-10-02","2026-10-02","","","cumulative","2024-10-02"
"aligned","KR","etf","069500","day","KRW","investmentTrust","2024-12-11","","주","한국투자증권 · 종목별 투자자매매동향(일별)","","2024-12-11","","2026-10-03T13:36:02.430Z","","","true","Σ dailyNet[2024-10-02..asOf]","","","","not-configured","기준일 이후 누락: 누적순매수 미확정","true","false","2024-10-02","2026-10-02","","","cumulative","2024-10-02"
"aligned","KR","etf","069500","day","KRW","investmentTrust","2024-12-12","","주","한국투자증권 · 종목별 투자자매매동향(일별)","","2024-12-12","","2026-10-03T13:36:02.430Z","","","true","Σ dailyNet[2024-10-02..asOf]","","","","not-configured","기준일 이후 누락: 누적순매수 미확정","true","false","2024-10-02","2026-10-02","","","cumulative","2024-10-02"
"aligned","KR","etf","069500","day","KRW","investmentTrust","2024-12-13","","주","한국투자증권 · 종목별 투자자매매동향(일별)","","2024-12-13","","2026-10-03T13:36:02.430Z","","","true","Σ dailyNet[2024-10-02..asOf]","","","","not-configured","기준일 이후 누락: 누적순매수 미확정","true","false","2024-10-02","2026-10-02","","","cumulative","2024-10-02"
"aligned","KR","etf","069500","day","KRW","investmentTrust","2024-12-16","","주","한국투자증권 · 종목별 투자자매매동향(일별)","","2024-12-16","","2026-10-03T13:36:02.430Z","","","true","Σ dailyNet[2024-10-02..asOf]","","","","not-configured","기준일 이후 누락: 누적순매수 미확정","true","false","2024-10-02","2026-10-02","","","cumulative","2024-10-02"
"aligned","KR","etf","069500","day","KRW","investmentTrust","2024-12-17","","주","한국투자증권 · 종목별 투자자매매동향(일별)","","2024-12-17","","2026-10-03T13:36:02.430Z","","","true","Σ dailyNet[2024-10-02..asOf]","","","","not-configured","기준일 이후 누락: 누적순매수 미확정","true","false","2024-10-02","2026-10-02","","","cumulative","2024-10-02"
"aligned","KR","etf","069500","day","KRW","investmentTrust","2024-12-18","","주","한국투자증권 · 종목별 투자자매매동향(일별)","","2024-12-18","","2026-10-03T13:36:02.430Z","","","true","Σ dailyNet[2024-10-02..asOf]","","","","not-configured","기준일 이후 누락: 누적순매수 미확정","true","false","2024-10-02","2026-10-02","","","cumulative","2024-10-02"
"aligned","KR","etf","069500","day","KRW","investmentTrust","2024-12-19","","주","한국투자증권 · 종목별 투자자매매동향(일별)","","2024-12-19","","2026-10-03T13:36:02.430Z","","","true","Σ dailyNet[2024-10-02..asOf]","","","","not-configured","기준일 이후 누락: 누적순매수 미확정","true","false","2024-10-02","2026-10-02","","","cumulative","2024-10-02"
"aligned","KR","etf","069500","day","KRW","investmentTrust","2024-12-20","","주","한국투자증권 · 종목별 투자자매매동향(일별)","","2024-12-20","","2026-10-03T13:36:02.430Z","","","true","Σ dailyNet[2024-10-02..asOf]","","","","not-configured","기준일 이후 누락: 누적순매수 미확정","true","false","2024-10-02","2026-10-02","","","cumulative","2024-10-02"
"aligned","KR","etf","069500","day","KRW","investmentTrust","2024-12-23","","주","한국투자증권 · 종목별 투자자매매동향(일별)","","2024-12-23","","2026-10-03T13:36:02.430Z","","","true","Σ dailyNet[2024-10-02..asOf]","","","","not-configured","기준일 이후 누락: 누적순매수 미확정","true","false","2024-10-02","2026-10-02","","","cumulative","2024-10-02"
"aligned","KR","etf","069500","day","KRW","investmentTrust","2024-12-24","","주","한국투자증권 · 종목별 투자자매매동향(일별)","","2024-12-24","","2026-10-03T13:36:02.430Z","","","true","Σ dailyNet[2024-10-02..asOf]","","","","not-configured","기준일 이후 누락: 누적순매수 미확정","true","false","2024-10-02","2026-10-02","","","cumulative","2024-10-02"
"aligned","KR","etf","069500","day","KRW","investmentTrust","2024-12-26","","주","한국투자증권 · 종목별 투자자매매동향(일별)","","2024-12-26","","2026-10-03T13:36:02.430Z","","","true","Σ dailyNet[2024-10-02..asOf]","","","","not-configured","기준일 이후 누락: 누적순매수 미확정","true","false","2024-10-02","2026-10-02","","","cumulative","2024-10-02"
"aligned","KR","etf","069500","day","KRW","investmentTrust","2024-12-27","","주","한국투자증권 · 종목별 투자자매매동향(일별)","","2024-12-27","","2026-10-03T13:36:02.430Z","","","true","Σ dailyNet[2024-10-02..asOf]","","","","not-configured","기준일 이후 누락: 누적순매수 미확정","true","false","2024-10-02","2026-10-02","","","cumulative","2024-10-02"
"aligned","KR","etf","069500","day","KRW","investmentTrust","2024-12-30","","주","한국투자증권 · 종목별 투자자매매동향(일별)","","2024-12-30","","2026-10-03T13:36:02.430Z","","","true","Σ dailyNet[2024-10-02..asOf]","","","","not-configured","기준일 이후 누락: 누적순매수 미확정","true","false","2024-10-02","2026-10-02","","","cumulative","2024-10-02"
"aligned","KR","etf","069500","day","KRW","investmentTrust","2025-01-02","","주","한국투자증권 · 종목별 투자자매매동향(일별)","","2025-01-02","","2026-10-03T13:36:02.430Z","","","true","Σ dailyNet[2024-10-02..asOf]","","","","not-configured","기준일 이후 누락: 누적순매수 미확정","true","false","2024-10-02","2026-10-02","","","cumulative","2024-10-02"
"aligned","KR","etf","069500","day","KRW","investmentTrust","2025-01-03","","주","한국투자증권 · 종목별 투자자매매동향(일별)","","2025-01-03","","2026-10-03T13:36:02.430Z","","","true","Σ dailyNet[2024-10-02..asOf]","","","","not-configured","기준일 이후 누락: 누적순매수 미확정","true","false","2024-10-02","2026-10-02","","","cumulative","2024-10-02"
"aligned","KR","etf","069500","day","KRW","investmentTrust","2025-01-06","","주","한국투자증권 · 종목별 투자자매매동향(일별)","","2025-01-06","","2026-10-03T13:36:02.430Z","","","true","Σ dailyNet[2024-10-02..asOf]","","","","not-configured","기준일 이후 누락: 누적순매수 미확정","true","false","2024-10-02","2026-10-02","","","cumulative","2024-10-02"
"aligned","KR","etf","069500","day","KRW","investmentTrust","2025-01-07","","주","한국투자증권 · 종목별 투자자매매동향(일별)","","2025-01-07","","2026-10-03T13:36:02.430Z","","","true","Σ dailyNet[2024-10-02..asOf]","","","","not-configured","기준일 이후 누락: 누적순매수 미확정","true","false","2024-10-02","2026-10-02","","","cumulative","2024-10-02"
"aligned","KR","etf","069500","day","KRW","investmentTrust","2025-01-08","","주","한국투자증권 · 종목별 투자자매매동향(일별)","","2025-01-08","","2026-10-03T13:36:02.430Z","","","true","Σ dailyNet[2024-10-02..asOf]","","","","not-configured","기준일 이후 누락: 누적순매수 미확정","true","false","2024-10-02","2026-10-02","","","cumulative","2024-10-02"
"aligned","KR","etf","069500","day","KRW","investmentTrust","2025-01-09","","주","한국투자증권 · 종목별 투자자매매동향(일별)","","2025-01-09","","2026-10-03T13:36:02.430Z","","","true","Σ dailyNet[2024-10-02..asOf]","","","","not-configured","기준일 이후 누락: 누적순매수 미확정","true","false","2024-10-02","2026-10-02","","","cumulative","2024-10-02"
"aligned","KR","etf","069500","day","KRW","investmentTrust","2025-01-10","","주","한국투자증권 · 종목별 투자자매매동향(일별)","","2025-01-10","","2026-10-03T13:36:02.430Z","","","true","Σ dailyNet[2024-10-02..asOf]","","","","not-configured","기준일 이후 누락: 누적순매수 미확정","true","false","2024-10-02","2026-10-02","","","cumulative","2024-10-02"
"aligned","KR","etf","069500","day","KRW","investmentTrust","2025-01-13","","주","한국투자증권 · 종목별 투자자매매동향(일별)","","2025-01-13","","2026-10-03T13:36:02.430Z","","","true","Σ dailyNet[2024-10-02..asOf]","","","","not-configured","기준일 이후 누락: 누적순매수 미확정","true","false","2024-10-02","2026-10-02","","","cumulative","2024-10-02"
"aligned","KR","etf","069500","day","KRW","investmentTrust","2025-01-14","","주","한국투자증권 · 종목별 투자자매매동향(일별)","","2025-01-14","","2026-10-03T13:36:02.430Z","","","true","Σ dailyNet[2024-10-02..asOf]","","","","not-configured","기준일 이후 누락: 누적순매수 미확정","true","false","2024-10-02","2026-10-02","","","cumulative","2024-10-02"
"aligned","KR","etf","069500","day","KRW","investmentTrust","2025-01-15","","주","한국투자증권 · 종목별 투자자매매동향(일별)","","2025-01-15","","2026-10-03T13:36:02.430Z","","","true","Σ dailyNet[2024-10-02..asOf]","","","","not-configured","기준일 이후 누락: 누적순매수 미확정","true","false","2024-10-02","2026-10-02","","","cumulative","2024-10-02"
"aligned","KR","etf","069500","day","KRW","investmentTrust","2025-01-16","","주","한국투자증권 · 종목별 투자자매매동향(일별)","","2025-01-16","","2026-10-03T13:36:02.430Z","","","true","Σ dailyNet[2024-10-02..asOf]","","","","not-configured","기준일 이후 누락: 누적순매수 미확정","true","false","2024-10-02","2026-10-02","","","cumulative","2024-10-02"
"aligned","KR","etf","069500","day","KRW","investmentTrust","2025-01-17","","주","한국투자증권 · 종목별 투자자매매동향(일별)","","2025-01-17","","2026-10-03T13:36:02.430Z","","","true","Σ dailyNet[2024-10-02..asOf]","","","","not-configured","기준일 이후 누락: 누적순매수 미확정","true","false","2024-10-02","2026-10-02","","","cumulative","2024-10-02"
"aligned","KR","etf","069500","day","KRW","investmentTrust","2025-01-20","","주","한국투자증권 · 종목별 투자자매매동향(일별)","","2025-01-20","","2026-10-03T13:36:02.430Z","","","true","Σ dailyNet[2024-10-02..asOf]","","","","not-configured","기준일 이후 누락: 누적순매수 미확정","true","false","2024-10-02","2026-10-02","","","cumulative","2024-10-02"
"aligned","KR","etf","069500","day","KRW","investmentTrust","2025-01-21","","주","한국투자증권 · 종목별 투자자매매동향(일별)","","2025-01-21","","2026-10-03T13:36:02.430Z","","","true","Σ dailyNet[2024-10-02..asOf]","","","","not-configured","기준일 이후 누락: 누적순매수 미확정","true","false","2024-10-02","2026-10-02","","","cumulative","2024-10-02"
"aligned","KR","etf","069500","day","KRW","investmentTrust","2025-01-22","","주","한국투자증권 · 종목별 투자자매매동향(일별)","","2025-01-22","","2026-10-03T13:36:02.430Z","","","true","Σ dailyNet[2024-10-02..asOf]","","","","not-configured","기준일 이후 누락: 누적순매수 미확정","true","false","2024-10-02","2026-10-02","","","cumulative","2024-10-02"
"aligned","KR","etf","069500","day","KRW","investmentTrust","2025-01-23","","주","한국투자증권 · 종목별 투자자매매동향(일별)","","2025-01-23","","2026-10-03T13:36:02.430Z","","","true","Σ dailyNet[2024-10-02..asOf]","","","","not-configured","기준일 이후 누락: 누적순매수 미확정","true","false","2024-10-02","2026-10-02","","","cumulative","2024-10-02"
"aligned","KR","etf","069500","day","KRW","investmentTrust","2025-01-24","","주","한국투자증권 · 종목별 투자자매매동향(일별)","","2025-01-24","","2026-10-03T13:36:02.430Z","","","true","Σ dailyNet[2024-10-02..asOf]","","","","not-configured","기준일 이후 누락: 누적순매수 미확정","true","false","2024-10-02","2026-10-02","","","cumulative","2024-10-02"
"aligned","KR","etf","069500","day","KRW","investmentTrust","2025-01-31","","주","한국투자증권 · 종목별 투자자매매동향(일별)","","2025-01-31","","2026-10-03T13:36:02.430Z","","","true","Σ dailyNet[2024-10-02..asOf]","","","","not-configured","기준일 이후 누락: 누적순매수 미확정","true","false","2024-10-02","2026-10-02","","","cumulative","2024-10-02"
"aligned","KR","etf","069500","day","KRW","investmentTrust","2025-02-03","","주","한국투자증권 · 종목별 투자자매매동향(일별)","","2025-02-03","","2026-10-03T13:36:02.430Z","","","true","Σ dailyNet[2024-10-02..asOf]","","","","not-configured","기준일 이후 누락: 누적순매수 미확정","true","false","2024-10-02","2026-10-02","","","cumulative","2024-10-02"
"aligned","KR","etf","069500","day","KRW","investmentTrust","2025-02-04","","주","한국투자증권 · 종목별 투자자매매동향(일별)","","2025-02-04","","2026-10-03T13:36:02.430Z","","","true","Σ dailyNet[2024-10-02..asOf]","","","","not-configured","기준일 이후 누락: 누적순매수 미확정","true","false","2024-10-02","2026-10-02","","","cumulative","2024-10-02"
"aligned","KR","etf","069500","day","KRW","investmentTrust","2025-02-05","","주","한국투자증권 · 종목별 투자자매매동향(일별)","","2025-02-05","","2026-10-03T13:36:02.430Z","","","true","Σ dailyNet[2024-10-02..asOf]","","","","not-configured","기준일 이후 누락: 누적순매수 미확정","true","false","2024-10-02","2026-10-02","","","cumulative","2024-10-02"
"aligned","KR","etf","069500","day","KRW","investmentTrust","2025-02-06","","주","한국투자증권 · 종목별 투자자매매동향(일별)","","2025-02-06","","2026-10-03T13:36:02.430Z","","","true","Σ dailyNet[2024-10-02..asOf]","","","","not-configured","기준일 이후 누락: 누적순매수 미확정","true","false","2024-10-02","2026-10-02","","","cumulative","2024-10-02"
"aligned","KR","etf","069500","day","KRW","investmentTrust","2025-02-07","","주","한국투자증권 · 종목별 투자자매매동향(일별)","","2025-02-07","","2026-10-03T13:36:02.430Z","","","true","Σ dailyNet[2024-10-02..asOf]","","","","not-configured","기준일 이후 누락: 누적순매수 미확정","true","false","2024-10-02","2026-10-02","","","cumulative","2024-10-02"
"aligned","KR","etf","069500","day","KRW","investmentTrust","2025-02-10","","주","한국투자증권 · 종목별 투자자매매동향(일별)","","2025-02-10","","2026-10-03T13:36:02.430Z","","","true","Σ dailyNet[2024-10-02..asOf]","","","","not-configured","기준일 이후 누락: 누적순매수 미확정","true","false","2024-10-02","2026-10-02","","","cumulative","2024-10-02"
"aligned","KR","etf","069500","day","KRW","investmentTrust","2025-02-11","","주","한국투자증권 · 종목별 투자자매매동향(일별)","","2025-02-11","","2026-10-03T13:36:02.430Z","","","true","Σ dailyNet[2024-10-02..asOf]","","","","not-configured","기준일 이후 누락: 누적순매수 미확정","true","false","2024-10-02","2026-10-02","","","cumulative","2024-10-02"
"aligned","KR","etf","069500","day","KRW","investmentTrust","2025-02-12","","주","한국투자증권 · 종목별 투자자매매동향(일별)","","2025-02-12","","2026-10-03T13:36:02.430Z","","","true","Σ dailyNet[2024-10-02..asOf]","","","","not-configured","기준일 이후 누락: 누적순매수 미확정","true","false","2024-10-02","2026-10-02","","","cumulative","2024-10-02"
"aligned","KR","etf","069500","day","KRW","investmentTrust","2025-02-13","","주","한국투자증권 · 종목별 투자자매매동향(일별)","","2025-02-13","","2026-10-03T13:36:02.430Z","","","true","Σ dailyNet[2024-10-02..asOf]","","","","not-configured","기준일 이후 누락: 누적순매수 미확정","true","false","2024-10-02","2026-10-02","","","cumulative","2024-10-02"
"aligned","KR","etf","069500","day","KRW","investmentTrust","2025-02-14","","주","한국투자증권 · 종목별 투자자매매동향(일별)","","2025-02-14","","2026-10-03T13:36:02.430Z","","","true","Σ dailyNet[2024-10-02..asOf]","","","","not-configured","기준일 이후 누락: 누적순매수 미확정","true","false","2024-10-02","2026-10-02","","","cumulative","2024-10-02"
"aligned","KR","etf","069500","day","KRW","investmentTrust","2025-02-17","","주","한국투자증권 · 종목별 투자자매매동향(일별)","","2025-02-17","","2026-10-03T13:36:02.430Z","","","true","Σ dailyNet[2024-10-02..asOf]","","","","not-configured","기준일 이후 누락: 누적순매수 미확정","true","false","2024-10-02","2026-10-02","","","cumulative","2024-10-02"
"aligned","KR","etf","069500","day","KRW","investmentTrust","2025-02-18","","주","한국투자증권 · 종목별 투자자매매동향(일별)","","2025-02-18","","2026-10-03T13:36:02.430Z","","","true","Σ dailyNet[2024-10-02..asOf]","","","","not-configured","기준일 이후 누락: 누적순매수 미확정","true","false","2024-10-02","2026-10-02","","","cumulative","2024-10-02"
"aligned","KR","etf","069500","day","KRW","investmentTrust","2025-02-19","","주","한국투자증권 · 종목별 투자자매매동향(일별)","","2025-02-19","","2026-10-03T13:36:02.430Z","","","true","Σ dailyNet[2024-10-02..asOf]","","","","not-configured","기준일 이후 누락: 누적순매수 미확정","true","false","2024-10-02","2026-10-02","","","cumulative","2024-10-02"
"aligned","KR","etf","069500","day","KRW","investmentTrust","2025-02-20","","주","한국투자증권 · 종목별 투자자매매동향(일별)","","2025-02-20","","2026-10-03T13:36:02.430Z","","","true","Σ dailyNet[2024-10-02..asOf]","","","","not-configured","기준일 이후 누락: 누적순매수 미확정","true","false","2024-10-02","2026-10-02","","","cumulative","2024-10-02"
"aligned","KR","etf","069500","day","KRW","investmentTrust","2025-02-21","","주","한국투자증권 · 종목별 투자자매매동향(일별)","","2025-02-21","","2026-10-03T13:36:02.430Z","","","true","Σ dailyNet[2024-10-02..asOf]","","","","not-configured","기준일 이후 누락: 누적순매수 미확정","true","false","2024-10-02","2026-10-02","","","cumulative","2024-10-02"
"aligned","KR","etf","069500","day","KRW","investmentTrust","2025-02-24","","주","한국투자증권 · 종목별 투자자매매동향(일별)","","2025-02-24","","2026-10-03T13:36:02.430Z","","","true","Σ dailyNet[2024-10-02..asOf]","","","","not-configured","기준일 이후 누락: 누적순매수 미확정","true","false","2024-10-02","2026-10-02","","","cumulative","2024-10-02"
"aligned","KR","etf","069500","day","KRW","investmentTrust","2025-02-25","","주","한국투자증권 · 종목별 투자자매매동향(일별)","","2025-02-25","","2026-10-03T13:36:02.430Z","","","true","Σ dailyNet[2024-10-02..asOf]","","","","not-configured","기준일 이후 누락: 누적순매수 미확정","true","false","2024-10-02","2026-10-02","","","cumulative","2024-10-02"
"aligned","KR","etf","069500","day","KRW","investmentTrust","2025-02-26","","주","한국투자증권 · 종목별 투자자매매동향(일별)","","2025-02-26","","2026-10-03T13:36:02.430Z","","","true","Σ dailyNet[2024-10-02..asOf]","","","","not-configured","기준일 이후 누락: 누적순매수 미확정","true","false","2024-10-02","2026-10-02","","","cumulative","2024-10-02"
"aligned","KR","etf","069500","day","KRW","investmentTrust","2025-02-27","","주","한국투자증권 · 종목별 투자자매매동향(일별)","","2025-02-27","","2026-10-03T13:36:02.430Z","","","true","Σ dailyNet[2024-10-02..asOf]","","","","not-configured","기준일 이후 누락: 누적순매수 미확정","true","false","2024-10-02","2026-10-02","","","cumulative","2024-10-02"
"aligned","KR","etf","069500","day","KRW","investmentTrust","2025-02-28","","주","한국투자증권 · 종목별 투자자매매동향(일별)","","2025-02-28","","2026-10-03T13:36:02.430Z","","","true","Σ dailyNet[2024-10-02..asOf]","","","","not-configured","기준일 이후 누락: 누적순매수 미확정","true","false","2024-10-02","2026-10-02","","","cumulative","2024-10-02"
"aligned","KR","etf","069500","day","KRW","investmentTrust","2025-03-04","","주","한국투자증권 · 종목별 투자자매매동향(일별)","","2025-03-04","","2026-10-03T13:36:02.430Z","","","true","Σ dailyNet[2024-10-02..asOf]","","","","not-configured","기준일 이후 누락: 누적순매수 미확정","true","false","2024-10-02","2026-10-02","","","cumulative","2024-10-02"
"aligned","KR","etf","069500","day","KRW","investmentTrust","2025-03-05","","주","한국투자증권 · 종목별 투자자매매동향(일별)","","2025-03-05","","2026-10-03T13:36:02.430Z","","","true","Σ dailyNet[2024-10-02..asOf]","","","","not-configured","기준일 이후 누락: 누적순매수 미확정","true","false","2024-10-02","2026-10-02","","","cumulative","2024-10-02"
"aligned","KR","etf","069500","day","KRW","investmentTrust","2025-03-06","","주","한국투자증권 · 종목별 투자자매매동향(일별)","","2025-03-06","","2026-10-03T13:36:02.430Z","","","true","Σ dailyNet[2024-10-02..asOf]","","","","not-configured","기준일 이후 누락: 누적순매수 미확정","true","false","2024-10-02","2026-10-02","","","cumulative","2024-10-02"
"aligned","KR","etf","069500","day","KRW","investmentTrust","2025-03-07","","주","한국투자증권 · 종목별 투자자매매동향(일별)","","2025-03-07","","2026-10-03T13:36:02.430Z","","","true","Σ dailyNet[2024-10-02..asOf]","","","","not-configured","기준일 이후 누락: 누적순매수 미확정","true","false","2024-10-02","2026-10-02","","","cumulative","2024-10-02"
"aligned","KR","etf","069500","day","KRW","investmentTrust","2025-03-10","","주","한국투자증권 · 종목별 투자자매매동향(일별)","","2025-03-10","","2026-10-03T13:36:02.430Z","","","true","Σ dailyNet[2024-10-02..asOf]","","","","not-configured","기준일 이후 누락: 누적순매수 미확정","true","false","2024-10-02","2026-10-02","","","cumulative","2024-10-02"
"aligned","KR","etf","069500","day","KRW","investmentTrust","2025-03-11","","주","한국투자증권 · 종목별 투자자매매동향(일별)","","2025-03-11","","2026-10-03T13:36:02.430Z","","","true","Σ dailyNet[2024-10-02..asOf]","","","","not-configured","기준일 이후 누락: 누적순매수 미확정","true","false","2024-10-02","2026-10-02","","","cumulative","2024-10-02"
"aligned","KR","etf","069500","day","KRW","investmentTrust","2025-03-12","","주","한국투자증권 · 종목별 투자자매매동향(일별)","","2025-03-12","","2026-10-03T13:36:02.430Z","","","true","Σ dailyNet[2024-10-02..asOf]","","","","not-configured","기준일 이후 누락: 누적순매수 미확정","true","false","2024-10-02","2026-10-02","","","cumulative","2024-10-02"
"aligned","KR","etf","069500","day","KRW","investmentTrust","2025-03-13","","주","한국투자증권 · 종목별 투자자매매동향(일별)","","2025-03-13","","2026-10-03T13:36:02.430Z","","","true","Σ dailyNet[2024-10-02..asOf]","","","","not-configured","기준일 이후 누락: 누적순매수 미확정","true","false","2024-10-02","2026-10-02","","","cumulative","2024-10-02"
"aligned","KR","etf","069500","day","KRW","investmentTrust","2025-03-14","","주","한국투자증권 · 종목별 투자자매매동향(일별)","","2025-03-14","","2026-10-03T13:36:02.430Z","","","true","Σ dailyNet[2024-10-02..asOf]","","","","not-configured","기준일 이후 누락: 누적순매수 미확정","true","false","2024-10-02","2026-10-02","","","cumulative","2024-10-02"
"aligned","KR","etf","069500","day","KRW","investmentTrust","2025-03-17","","주","한국투자증권 · 종목별 투자자매매동향(일별)","","2025-03-17","","2026-10-03T13:36:02.430Z","","","true","Σ dailyNet[2024-10-02..asOf]","","","","not-configured","기준일 이후 누락: 누적순매수 미확정","true","false","2024-10-02","2026-10-02","","","cumulative","2024-10-02"
"aligned","KR","etf","069500","day","KRW","investmentTrust","2025-03-18","","주","한국투자증권 · 종목별 투자자매매동향(일별)","","2025-03-18","","2026-10-03T13:36:02.430Z","","","true","Σ dailyNet[2024-10-02..asOf]","","","","not-configured","기준일 이후 누락: 누적순매수 미확정","true","false","2024-10-02","2026-10-02","","","cumulative","2024-10-02"
"aligned","KR","etf","069500","day","KRW","investmentTrust","2025-03-19","","주","한국투자증권 · 종목별 투자자매매동향(일별)","","2025-03-19","","2026-10-03T13:36:02.430Z","","","true","Σ dailyNet[2024-10-02..asOf]","","","","not-configured","기준일 이후 누락: 누적순매수 미확정","true","false","2024-10-02","2026-10-02","","","cumulative","2024-10-02"
"aligned","KR","etf","069500","day","KRW","investmentTrust","2025-03-20","","주","한국투자증권 · 종목별 투자자매매동향(일별)","","2025-03-20","","2026-10-03T13:36:02.430Z","","","true","Σ dailyNet[2024-10-02..asOf]","","","","not-configured","기준일 이후 누락: 누적순매수 미확정","true","false","2024-10-02","2026-10-02","","","cumulative","2024-10-02"
"aligned","KR","etf","069500","day","KRW","investmentTrust","2025-03-21","","주","한국투자증권 · 종목별 투자자매매동향(일별)","","2025-03-21","","2026-10-03T13:36:02.430Z","","","true","Σ dailyNet[2024-10-02..asOf]","","","","not-configured","기준일 이후 누락: 누적순매수 미확정","true","false","2024-10-02","2026-10-02","","","cumulative","2024-10-02"
"aligned","KR","etf","069500","day","KRW","investmentTrust","2025-03-24","","주","한국투자증권 · 종목별 투자자매매동향(일별)","","2025-03-24","","2026-10-03T13:36:02.430Z","","","true","Σ dailyNet[2024-10-02..asOf]","","","","not-configured","기준일 이후 누락: 누적순매수 미확정","true","false","2024-10-02","2026-10-02","","","cumulative","2024-10-02"
"aligned","KR","etf","069500","day","KRW","investmentTrust","2025-03-25","","주","한국투자증권 · 종목별 투자자매매동향(일별)","","2025-03-25","","2026-10-03T13:36:02.430Z","","","true","Σ dailyNet[2024-10-02..asOf]","","","","not-configured","기준일 이후 누락: 누적순매수 미확정","true","false","2024-10-02","2026-10-02","","","cumulative","2024-10-02"
"aligned","KR","etf","069500","day","KRW","investmentTrust","2025-03-26","","주","한국투자증권 · 종목별 투자자매매동향(일별)","","2025-03-26","","2026-10-03T13:36:02.430Z","","","true","Σ dailyNet[2024-10-02..asOf]","","","","not-configured","기준일 이후 누락: 누적순매수 미확정","true","false","2024-10-02","2026-10-02","","","cumulative","2024-10-02"
"aligned","KR","etf","069500","day","KRW","investmentTrust","2025-03-27","","주","한국투자증권 · 종목별 투자자매매동향(일별)","","2025-03-27","","2026-10-03T13:36:02.430Z","","","true","Σ dailyNet[2024-10-02..asOf]","","","","not-configured","기준일 이후 누락: 누적순매수 미확정","true","false","2024-10-02","2026-10-02","","","cumulative","2024-10-02"
"aligned","KR","etf","069500","day","KRW","investmentTrust","2025-03-28","","주","한국투자증권 · 종목별 투자자매매동향(일별)","","2025-03-28","","2026-10-03T13:36:02.430Z","","","true","Σ dailyNet[2024-10-02..asOf]","","","","not-configured","기준일 이후 누락: 누적순매수 미확정","true","false","2024-10-02","2026-10-02","","","cumulative","2024-10-02"
"aligned","KR","etf","069500","day","KRW","investmentTrust","2025-03-31","","주","한국투자증권 · 종목별 투자자매매동향(일별)","","2025-03-31","","2026-10-03T13:36:02.430Z","","","true","Σ dailyNet[2024-10-02..asOf]","","","","not-configured","기준일 이후 누락: 누적순매수 미확정","true","false","2024-10-02","2026-10-02","","","cumulative","2024-10-02"
"aligned","KR","etf","069500","day","KRW","investmentTrust","2025-04-01","","주","한국투자증권 · 종목별 투자자매매동향(일별)","","2025-04-01","","2026-10-03T13:36:02.430Z","","","true","Σ dailyNet[2024-10-02..asOf]","","","","not-configured","기준일 이후 누락: 누적순매수 미확정","true","false","2024-10-02","2026-10-02","","","cumulative","2024-10-02"
"aligned","KR","etf","069500","day","KRW","investmentTrust","2025-04-02","","주","한국투자증권 · 종목별 투자자매매동향(일별)","","2025-04-02","","2026-10-03T13:36:02.430Z","","","true","Σ dailyNet[2024-10-02..asOf]","","","","not-configured","기준일 이후 누락: 누적순매수 미확정","true","false","2024-10-02","2026-10-02","","","cumulative","2024-10-02"
"aligned","KR","etf","069500","day","KRW","investmentTrust","2025-04-03","","주","한국투자증권 · 종목별 투자자매매동향(일별)","","2025-04-03","","2026-10-03T13:36:02.430Z","","","true","Σ dailyNet[2024-10-02..asOf]","","","","not-configured","기준일 이후 누락: 누적순매수 미확정","true","false","2024-10-02","2026-10-02","","","cumulative","2024-10-02"
"aligned","KR","etf","069500","day","KRW","investmentTrust","2025-04-04","","주","한국투자증권 · 종목별 투자자매매동향(일별)","","2025-04-04","","2026-10-03T13:36:02.430Z","","","true","Σ dailyNet[2024-10-02..asOf]","","","","not-configured","기준일 이후 누락: 누적순매수 미확정","true","false","2024-10-02","2026-10-02","","","cumulative","2024-10-02"
"aligned","KR","etf","069500","day","KRW","investmentTrust","2025-04-07","","주","한국투자증권 · 종목별 투자자매매동향(일별)","","2025-04-07","","2026-10-03T13:36:02.430Z","","","true","Σ dailyNet[2024-10-02..asOf]","","","","not-configured","기준일 이후 누락: 누적순매수 미확정","true","false","2024-10-02","2026-10-02","","","cumulative","2024-10-02"
"aligned","KR","etf","069500","day","KRW","investmentTrust","2025-04-08","","주","한국투자증권 · 종목별 투자자매매동향(일별)","","2025-04-08","","2026-10-03T13:36:02.430Z","","","true","Σ dailyNet[2024-10-02..asOf]","","","","not-configured","기준일 이후 누락: 누적순매수 미확정","true","false","2024-10-02","2026-10-02","","","cumulative","2024-10-02"
"aligned","KR","etf","069500","day","KRW","investmentTrust","2025-04-09","","주","한국투자증권 · 종목별 투자자매매동향(일별)","","2025-04-09","","2026-10-03T13:36:02.430Z","","","true","Σ dailyNet[2024-10-02..asOf]","","","","not-configured","기준일 이후 누락: 누적순매수 미확정","true","false","2024-10-02","2026-10-02","","","cumulative","2024-10-02"
"aligned","KR","etf","069500","day","KRW","investmentTrust","2025-04-10","","주","한국투자증권 · 종목별 투자자매매동향(일별)","","2025-04-10","","2026-10-03T13:36:02.430Z","","","true","Σ dailyNet[2024-10-02..asOf]","","","","not-configured","기준일 이후 누락: 누적순매수 미확정","true","false","2024-10-02","2026-10-02","","","cumulative","2024-10-02"
"aligned","KR","etf","069500","day","KRW","investmentTrust","2025-04-11","","주","한국투자증권 · 종목별 투자자매매동향(일별)","","2025-04-11","","2026-10-03T13:36:02.430Z","","","true","Σ dailyNet[2024-10-02..asOf]","","","","not-configured","기준일 이후 누락: 누적순매수 미확정","true","false","2024-10-02","2026-10-02","","","cumulative","2024-10-02"
"aligned","KR","etf","069500","day","KRW","investmentTrust","2025-04-14","","주","한국투자증권 · 종목별 투자자매매동향(일별)","","2025-04-14","","2026-10-03T13:36:02.430Z","","","true","Σ dailyNet[2024-10-02..asOf]","","","","not-configured","기준일 이후 누락: 누적순매수 미확정","true","false","2024-10-02","2026-10-02","","","cumulative","2024-10-02"
"aligned","KR","etf","069500","day","KRW","investmentTrust","2025-04-15","","주","한국투자증권 · 종목별 투자자매매동향(일별)","","2025-04-15","","2026-10-03T13:36:02.430Z","","","true","Σ dailyNet[2024-10-02..asOf]","","","","not-configured","기준일 이후 누락: 누적순매수 미확정","true","false","2024-10-02","2026-10-02","","","cumulative","2024-10-02"
"aligned","KR","etf","069500","day","KRW","investmentTrust","2025-04-16","","주","한국투자증권 · 종목별 투자자매매동향(일별)","","2025-04-16","","2026-10-03T13:36:02.430Z","","","true","Σ dailyNet[2024-10-02..asOf]","","","","not-configured","기준일 이후 누락: 누적순매수 미확정","true","false","2024-10-02","2026-10-02","","","cumulative","2024-10-02"
"aligned","KR","etf","069500","day","KRW","investmentTrust","2025-04-17","","주","한국투자증권 · 종목별 투자자매매동향(일별)","","2025-04-17","","2026-10-03T13:36:02.430Z","","","true","Σ dailyNet[2024-10-02..asOf]","","","","not-configured","기준일 이후 누락: 누적순매수 미확정","true","false","2024-10-02","2026-10-02","","","cumulative","2024-10-02"
"aligned","KR","etf","069500","day","KRW","investmentTrust","2025-04-18","","주","한국투자증권 · 종목별 투자자매매동향(일별)","","2025-04-18","","2026-10-03T13:36:02.430Z","","","true","Σ dailyNet[2024-10-02..asOf]","","","","not-configured","기준일 이후 누락: 누적순매수 미확정","true","false","2024-10-02","2026-10-02","","","cumulative","2024-10-02"
"aligned","KR","etf","069500","day","KRW","investmentTrust","2025-04-21","","주","한국투자증권 · 종목별 투자자매매동향(일별)","","2025-04-21","","2026-10-03T13:36:02.430Z","","","true","Σ dailyNet[2024-10-02..asOf]","","","","not-configured","기준일 이후 누락: 누적순매수 미확정","true","false","2024-10-02","2026-10-02","","","cumulative","2024-10-02"
"aligned","KR","etf","069500","day","KRW","investmentTrust","2025-04-22","","주","한국투자증권 · 종목별 투자자매매동향(일별)","","2025-04-22","","2026-10-03T13:36:02.430Z","","","true","Σ dailyNet[2024-10-02..asOf]","","","","not-configured","기준일 이후 누락: 누적순매수 미확정","true","false","2024-10-02","2026-10-02","","","cumulative","2024-10-02"
"aligned","KR","etf","069500","day","KRW","investmentTrust","2025-04-23","","주","한국투자증권 · 종목별 투자자매매동향(일별)","","2025-04-23","","2026-10-03T13:36:02.430Z","","","true","Σ dailyNet[2024-10-02..asOf]","","","","not-configured","기준일 이후 누락: 누적순매수 미확정","true","false","2024-10-02","2026-10-02","","","cumulative","2024-10-02"
"aligned","KR","etf","069500","day","KRW","investmentTrust","2025-04-24","","주","한국투자증권 · 종목별 투자자매매동향(일별)","","2025-04-24","","2026-10-03T13:36:02.430Z","","","true","Σ dailyNet[2024-10-02..asOf]","","","","not-configured","기준일 이후 누락: 누적순매수 미확정","true","false","2024-10-02","2026-10-02","","","cumulative","2024-10-02"
"aligned","KR","etf","069500","day","KRW","investmentTrust","2025-04-25","","주","한국투자증권 · 종목별 투자자매매동향(일별)","","2025-04-25","","2026-10-03T13:36:02.430Z","","","true","Σ dailyNet[2024-10-02..asOf]","","","","not-configured","기준일 이후 누락: 누적순매수 미확정","true","false","2024-10-02","2026-10-02","","","cumulative","2024-10-02"
"aligned","KR","etf","069500","day","KRW","investmentTrust","2025-04-28","","주","한국투자증권 · 종목별 투자자매매동향(일별)","","2025-04-28","","2026-10-03T13:36:02.430Z","","","true","Σ dailyNet[2024-10-02..asOf]","","","","not-configured","기준일 이후 누락: 누적순매수 미확정","true","false","2024-10-02","2026-10-02","","","cumulative","2024-10-02"
"aligned","KR","etf","069500","day","KRW","investmentTrust","2025-04-29","","주","한국투자증권 · 종목별 투자자매매동향(일별)","","2025-04-29","","2026-10-03T13:36:02.430Z","","","true","Σ dailyNet[2024-10-02..asOf]","","","","not-configured","기준일 이후 누락: 누적순매수 미확정","true","false","2024-10-02","2026-10-02","","","cumulative","2024-10-02"
"aligned","KR","etf","069500","day","KRW","investmentTrust","2025-04-30","","주","한국투자증권 · 종목별 투자자매매동향(일별)","","2025-04-30","","2026-10-03T13:36:02.430Z","","","true","Σ dailyNet[2024-10-02..asOf]","","","","not-configured","기준일 이후 누락: 누적순매수 미확정","true","false","2024-10-02","2026-10-02","","","cumulative","2024-10-02"
"aligned","KR","etf","069500","day","KRW","investmentTrust","2025-05-02","","주","한국투자증권 · 종목별 투자자매매동향(일별)","","2025-05-02","","2026-10-03T13:36:02.430Z","","","true","Σ dailyNet[2024-10-02..asOf]","","","","not-configured","기준일 이후 누락: 누적순매수 미확정","true","false","2024-10-02","2026-10-02","","","cumulative","2024-10-02"
"aligned","KR","etf","069500","day","KRW","investmentTrust","2025-05-07","","주","한국투자증권 · 종목별 투자자매매동향(일별)","","2025-05-07","","2026-10-03T13:36:02.430Z","","","true","Σ dailyNet[2024-10-02..asOf]","","","","not-configured","기준일 이후 누락: 누적순매수 미확정","true","false","2024-10-02","2026-10-02","","","cumulative","2024-10-02"
"aligned","KR","etf","069500","day","KRW","investmentTrust","2025-05-08","","주","한국투자증권 · 종목별 투자자매매동향(일별)","","2025-05-08","","2026-10-03T13:36:02.430Z","","","true","Σ dailyNet[2024-10-02..asOf]","","","","not-configured","기준일 이후 누락: 누적순매수 미확정","true","false","2024-10-02","2026-10-02","","","cumulative","2024-10-02"
"aligned","KR","etf","069500","day","KRW","investmentTrust","2025-05-09","","주","한국투자증권 · 종목별 투자자매매동향(일별)","","2025-05-09","","2026-10-03T13:36:02.430Z","","","true","Σ dailyNet[2024-10-02..asOf]","","","","not-configured","기준일 이후 누락: 누적순매수 미확정","true","false","2024-10-02","2026-10-02","","","cumulative","2024-10-02"
"aligned","KR","etf","069500","day","KRW","investmentTrust","2025-05-12","","주","한국투자증권 · 종목별 투자자매매동향(일별)","","2025-05-12","","2026-10-03T13:36:02.430Z","","","true","Σ dailyNet[2024-10-02..asOf]","","","","not-configured","기준일 이후 누락: 누적순매수 미확정","true","false","2024-10-02","2026-10-02","","","cumulative","2024-10-02"
"aligned","KR","etf","069500","day","KRW","investmentTrust","2025-05-13","","주","한국투자증권 · 종목별 투자자매매동향(일별)","","2025-05-13","","2026-10-03T13:36:02.430Z","","","true","Σ dailyNet[2024-10-02..asOf]","","","","not-configured","기준일 이후 누락: 누적순매수 미확정","true","false","2024-10-02","2026-10-02","","","cumulative","2024-10-02"
"aligned","KR","etf","069500","day","KRW","investmentTrust","2025-05-14","","주","한국투자증권 · 종목별 투자자매매동향(일별)","","2025-05-14","","2026-10-03T13:36:02.430Z","","","true","Σ dailyNet[2024-10-02..asOf]","","","","not-configured","기준일 이후 누락: 누적순매수 미확정","true","false","2024-10-02","2026-10-02","","","cumulative","2024-10-02"
"aligned","KR","etf","069500","day","KRW","investmentTrust","2025-05-15","","주","한국투자증권 · 종목별 투자자매매동향(일별)","","2025-05-15","","2026-10-03T13:36:02.430Z","","","true","Σ dailyNet[2024-10-02..asOf]","","","","not-configured","기준일 이후 누락: 누적순매수 미확정","true","false","2024-10-02","2026-10-02","","","cumulative","2024-10-02"
"aligned","KR","etf","069500","day","KRW","investmentTrust","2025-05-16","","주","한국투자증권 · 종목별 투자자매매동향(일별)","","2025-05-16","","2026-10-03T13:36:02.430Z","","","true","Σ dailyNet[2024-10-02..asOf]","","","","not-configured","기준일 이후 누락: 누적순매수 미확정","true","false","2024-10-02","2026-10-02","","","cumulative","2024-10-02"
"aligned","KR","etf","069500","day","KRW","investmentTrust","2025-05-19","","주","한국투자증권 · 종목별 투자자매매동향(일별)","","2025-05-19","","2026-10-03T13:36:02.430Z","","","true","Σ dailyNet[2024-10-02..asOf]","","","","not-configured","기준일 이후 누락: 누적순매수 미확정","true","false","2024-10-02","2026-10-02","","","cumulative","2024-10-02"
"aligned","KR","etf","069500","day","KRW","investmentTrust","2025-05-20","","주","한국투자증권 · 종목별 투자자매매동향(일별)","","2025-05-20","","2026-10-03T13:36:02.430Z","","","true","Σ dailyNet[2024-10-02..asOf]","","","","not-configured","기준일 이후 누락: 누적순매수 미확정","true","false","2024-10-02","2026-10-02","","","cumulative","2024-10-02"
"aligned","KR","etf","069500","day","KRW","investmentTrust","2025-05-21","","주","한국투자증권 · 종목별 투자자매매동향(일별)","","2025-05-21","","2026-10-03T13:36:02.430Z","","","true","Σ dailyNet[2024-10-02..asOf]","","","","not-configured","기준일 이후 누락: 누적순매수 미확정","true","false","2024-10-02","2026-10-02","","","cumulative","2024-10-02"
"aligned","KR","etf","069500","day","KRW","investmentTrust","2025-05-22","","주","한국투자증권 · 종목별 투자자매매동향(일별)","","2025-05-22","","2026-10-03T13:36:02.430Z","","","true","Σ dailyNet[2024-10-02..asOf]","","","","not-configured","기준일 이후 누락: 누적순매수 미확정","true","false","2024-10-02","2026-10-02","","","cumulative","2024-10-02"
"aligned","KR","etf","069500","day","KRW","investmentTrust","2025-05-23","","주","한국투자증권 · 종목별 투자자매매동향(일별)","","2025-05-23","","2026-10-03T13:36:02.430Z","","","true","Σ dailyNet[2024-10-02..asOf]","","","","not-configured","기준일 이후 누락: 누적순매수 미확정","true","false","2024-10-02","2026-10-02","","","cumulative","2024-10-02"
"aligned","KR","etf","069500","day","KRW","investmentTrust","2025-05-26","","주","한국투자증권 · 종목별 투자자매매동향(일별)","","2025-05-26","","2026-10-03T13:36:02.430Z","","","true","Σ dailyNet[2024-10-02..asOf]","","","","not-configured","기준일 이후 누락: 누적순매수 미확정","true","false","2024-10-02","2026-10-02","","","cumulative","2024-10-02"
"aligned","KR","etf","069500","day","KRW","investmentTrust","2025-05-27","","주","한국투자증권 · 종목별 투자자매매동향(일별)","","2025-05-27","","2026-10-03T13:36:02.430Z","","","true","Σ dailyNet[2024-10-02..asOf]","","","","not-configured","기준일 이후 누락: 누적순매수 미확정","true","false","2024-10-02","2026-10-02","","","cumulative","2024-10-02"
"aligned","KR","etf","069500","day","KRW","investmentTrust","2025-05-28","","주","한국투자증권 · 종목별 투자자매매동향(일별)","","2025-05-28","","2026-10-03T13:36:02.430Z","","","true","Σ dailyNet[2024-10-02..asOf]","","","","not-configured","기준일 이후 누락: 누적순매수 미확정","true","false","2024-10-02","2026-10-02","","","cumulative","2024-10-02"
"aligned","KR","etf","069500","day","KRW","investmentTrust","2025-05-29","","주","한국투자증권 · 종목별 투자자매매동향(일별)","","2025-05-29","","2026-10-03T13:36:02.430Z","","","true","Σ dailyNet[2024-10-02..asOf]","","","","not-configured","기준일 이후 누락: 누적순매수 미확정","true","false","2024-10-02","2026-10-02","","","cumulative","2024-10-02"
"aligned","KR","etf","069500","day","KRW","investmentTrust","2025-05-30","","주","한국투자증권 · 종목별 투자자매매동향(일별)","","2025-05-30","","2026-10-03T13:36:02.430Z","","","true","Σ dailyNet[2024-10-02..asOf]","","","","not-configured","기준일 이후 누락: 누적순매수 미확정","true","false","2024-10-02","2026-10-02","","","cumulative","2024-10-02"
"aligned","KR","etf","069500","day","KRW","investmentTrust","2025-06-02","","주","한국투자증권 · 종목별 투자자매매동향(일별)","","2025-06-02","","2026-10-03T13:36:02.430Z","","","true","Σ dailyNet[2024-10-02..asOf]","","","","not-configured","기준일 이후 누락: 누적순매수 미확정","true","false","2024-10-02","2026-10-02","","","cumulative","2024-10-02"
"aligned","KR","etf","069500","day","KRW","investmentTrust","2025-06-04","","주","한국투자증권 · 종목별 투자자매매동향(일별)","","2025-06-04","","2026-10-03T13:36:02.430Z","","","true","Σ dailyNet[2024-10-02..asOf]","","","","not-configured","기준일 이후 누락: 누적순매수 미확정","true","false","2024-10-02","2026-10-02","","","cumulative","2024-10-02"
"aligned","KR","etf","069500","day","KRW","investmentTrust","2025-06-05","","주","한국투자증권 · 종목별 투자자매매동향(일별)","","2025-06-05","","2026-10-03T13:36:02.430Z","","","true","Σ dailyNet[2024-10-02..asOf]","","","","not-configured","기준일 이후 누락: 누적순매수 미확정","true","false","2024-10-02","2026-10-02","","","cumulative","2024-10-02"
"aligned","KR","etf","069500","day","KRW","investmentTrust","2025-06-09","","주","한국투자증권 · 종목별 투자자매매동향(일별)","","2025-06-09","","2026-10-03T13:36:02.430Z","","","true","Σ dailyNet[2024-10-02..asOf]","","","","not-configured","기준일 이후 누락: 누적순매수 미확정","true","false","2024-10-02","2026-10-02","","","cumulative","2024-10-02"
"aligned","KR","etf","069500","day","KRW","investmentTrust","2025-06-10","","주","한국투자증권 · 종목별 투자자매매동향(일별)","","2025-06-10","","2026-10-03T13:36:02.430Z","","","true","Σ dailyNet[2024-10-02..asOf]","","","","not-configured","기준일 이후 누락: 누적순매수 미확정","true","false","2024-10-02","2026-10-02","","","cumulative","2024-10-02"
"aligned","KR","etf","069500","day","KRW","investmentTrust","2025-06-11","","주","한국투자증권 · 종목별 투자자매매동향(일별)","","2025-06-11","","2026-10-03T13:36:02.430Z","","","true","Σ dailyNet[2024-10-02..asOf]","","","","not-configured","기준일 이후 누락: 누적순매수 미확정","true","false","2024-10-02","2026-10-02","","","cumulative","2024-10-02"
"aligned","KR","etf","069500","day","KRW","investmentTrust","2025-06-12","","주","한국투자증권 · 종목별 투자자매매동향(일별)","","2025-06-12","","2026-10-03T13:36:02.430Z","","","true","Σ dailyNet[2024-10-02..asOf]","","","","not-configured","기준일 이후 누락: 누적순매수 미확정","true","false","2024-10-02","2026-10-02","","","cumulative","2024-10-02"
"aligned","KR","etf","069500","day","KRW","investmentTrust","2025-06-13","","주","한국투자증권 · 종목별 투자자매매동향(일별)","","2025-06-13","","2026-10-03T13:36:02.430Z","","","true","Σ dailyNet[2024-10-02..asOf]","","","","not-configured","기준일 이후 누락: 누적순매수 미확정","true","false","2024-10-02","2026-10-02","","","cumulative","2024-10-02"
"aligned","KR","etf","069500","day","KRW","investmentTrust","2025-06-16","","주","한국투자증권 · 종목별 투자자매매동향(일별)","","2025-06-16","","2026-10-03T13:36:02.430Z","","","true","Σ dailyNet[2024-10-02..asOf]","","","","not-configured","기준일 이후 누락: 누적순매수 미확정","true","false","2024-10-02","2026-10-02","","","cumulative","2024-10-02"
"aligned","KR","etf","069500","day","KRW","investmentTrust","2025-06-17","","주","한국투자증권 · 종목별 투자자매매동향(일별)","","2025-06-17","","2026-10-03T13:36:02.430Z","","","true","Σ dailyNet[2024-10-02..asOf]","","","","not-configured","기준일 이후 누락: 누적순매수 미확정","true","false","2024-10-02","2026-10-02","","","cumulative","2024-10-02"
"aligned","KR","etf","069500","day","KRW","investmentTrust","2025-06-18","","주","한국투자증권 · 종목별 투자자매매동향(일별)","","2025-06-18","","2026-10-03T13:36:02.430Z","","","true","Σ dailyNet[2024-10-02..asOf]","","","","not-configured","기준일 이후 누락: 누적순매수 미확정","true","false","2024-10-02","2026-10-02","","","cumulative","2024-10-02"
"aligned","KR","etf","069500","day","KRW","investmentTrust","2025-06-19","","주","한국투자증권 · 종목별 투자자매매동향(일별)","","2025-06-19","","2026-10-03T13:36:02.430Z","","","true","Σ dailyNet[2024-10-02..asOf]","","","","not-configured","기준일 이후 누락: 누적순매수 미확정","true","false","2024-10-02","2026-10-02","","","cumulative","2024-10-02"
"aligned","KR","etf","069500","day","KRW","investmentTrust","2025-06-20","","주","한국투자증권 · 종목별 투자자매매동향(일별)","","2025-06-20","","2026-10-03T13:36:02.430Z","","","true","Σ dailyNet[2024-10-02..asOf]","","","","not-configured","기준일 이후 누락: 누적순매수 미확정","true","false","2024-10-02","2026-10-02","","","cumulative","2024-10-02"
"aligned","KR","etf","069500","day","KRW","investmentTrust","2025-06-23","","주","한국투자증권 · 종목별 투자자매매동향(일별)","","2025-06-23","","2026-10-03T13:36:02.430Z","","","true","Σ dailyNet[2024-10-02..asOf]","","","","not-configured","기준일 이후 누락: 누적순매수 미확정","true","false","2024-10-02","2026-10-02","","","cumulative","2024-10-02"
"aligned","KR","etf","069500","day","KRW","investmentTrust","2025-06-24","","주","한국투자증권 · 종목별 투자자매매동향(일별)","","2025-06-24","","2026-10-03T13:36:02.430Z","","","true","Σ dailyNet[2024-10-02..asOf]","","","","not-configured","기준일 이후 누락: 누적순매수 미확정","true","false","2024-10-02","2026-10-02","","","cumulative","2024-10-02"
"aligned","KR","etf","069500","day","KRW","investmentTrust","2025-06-25","","주","한국투자증권 · 종목별 투자자매매동향(일별)","","2025-06-25","","2026-10-03T13:36:02.430Z","","","true","Σ dailyNet[2024-10-02..asOf]","","","","not-configured","기준일 이후 누락: 누적순매수 미확정","true","false","2024-10-02","2026-10-02","","","cumulative","2024-10-02"
"aligned","KR","etf","069500","day","KRW","investmentTrust","2025-06-26","","주","한국투자증권 · 종목별 투자자매매동향(일별)","","2025-06-26","","2026-10-03T13:36:02.430Z","","","true","Σ dailyNet[2024-10-02..asOf]","","","","not-configured","기준일 이후 누락: 누적순매수 미확정","true","false","2024-10-02","2026-10-02","","","cumulative","2024-10-02"
"aligned","KR","etf","069500","day","KRW","investmentTrust","2025-06-27","","주","한국투자증권 · 종목별 투자자매매동향(일별)","","2025-06-27","","2026-10-03T13:36:02.430Z","","","true","Σ dailyNet[2024-10-02..asOf]","","","","not-configured","기준일 이후 누락: 누적순매수 미확정","true","false","2024-10-02","2026-10-02","","","cumulative","2024-10-02"
"aligned","KR","etf","069500","day","KRW","investmentTrust","2025-06-30","","주","한국투자증권 · 종목별 투자자매매동향(일별)","","2025-06-30","","2026-10-03T13:36:02.430Z","","","true","Σ dailyNet[2024-10-02..asOf]","","","","not-configured","기준일 이후 누락: 누적순매수 미확정","true","false","2024-10-02","2026-10-02","","","cumulative","2024-10-02"
"aligned","KR","etf","069500","day","KRW","investmentTrust","2025-07-01","","주","한국투자증권 · 종목별 투자자매매동향(일별)","","2025-07-01","","2026-10-03T13:36:02.430Z","","","true","Σ dailyNet[2024-10-02..asOf]","","","","not-configured","기준일 이후 누락: 누적순매수 미확정","true","false","2024-10-02","2026-10-02","","","cumulative","2024-10-02"
"aligned","KR","etf","069500","day","KRW","investmentTrust","2025-07-02","","주","한국투자증권 · 종목별 투자자매매동향(일별)","","2025-07-02","","2026-10-03T13:36:02.430Z","","","true","Σ dailyNet[2024-10-02..asOf]","","","","not-configured","기준일 이후 누락: 누적순매수 미확정","true","false","2024-10-02","2026-10-02","","","cumulative","2024-10-02"
"aligned","KR","etf","069500","day","KRW","investmentTrust","2025-07-03","","주","한국투자증권 · 종목별 투자자매매동향(일별)","","2025-07-03","","2026-10-03T13:36:02.430Z","","","true","Σ dailyNet[2024-10-02..asOf]","","","","not-configured","기준일 이후 누락: 누적순매수 미확정","true","false","2024-10-02","2026-10-02","","","cumulative","2024-10-02"
"aligned","KR","etf","069500","day","KRW","investmentTrust","2025-07-04","","주","한국투자증권 · 종목별 투자자매매동향(일별)","","2025-07-04","","2026-10-03T13:36:02.430Z","","","true","Σ dailyNet[2024-10-02..asOf]","","","","not-configured","기준일 이후 누락: 누적순매수 미확정","true","false","2024-10-02","2026-10-02","","","cumulative","2024-10-02"
"aligned","KR","etf","069500","day","KRW","investmentTrust","2025-07-07","","주","한국투자증권 · 종목별 투자자매매동향(일별)","","2025-07-07","","2026-10-03T13:36:02.430Z","","","true","Σ dailyNet[2024-10-02..asOf]","","","","not-configured","기준일 이후 누락: 누적순매수 미확정","true","false","2024-10-02","2026-10-02","","","cumulative","2024-10-02"
"aligned","KR","etf","069500","day","KRW","investmentTrust","2025-07-08","","주","한국투자증권 · 종목별 투자자매매동향(일별)","","2025-07-08","","2026-10-03T13:36:02.430Z","","","true","Σ dailyNet[2024-10-02..asOf]","","","","not-configured","기준일 이후 누락: 누적순매수 미확정","true","false","2024-10-02","2026-10-02","","","cumulative","2024-10-02"
"aligned","KR","etf","069500","day","KRW","investmentTrust","2025-07-09","","주","한국투자증권 · 종목별 투자자매매동향(일별)","","2025-07-09","","2026-10-03T13:36:02.430Z","","","true","Σ dailyNet[2024-10-02..asOf]","","","","not-configured","기준일 이후 누락: 누적순매수 미확정","true","false","2024-10-02","2026-10-02","","","cumulative","2024-10-02"
"aligned","KR","etf","069500","day","KRW","investmentTrust","2025-07-10","","주","한국투자증권 · 종목별 투자자매매동향(일별)","","2025-07-10","","2026-10-03T13:36:02.430Z","","","true","Σ dailyNet[2024-10-02..asOf]","","","","not-configured","기준일 이후 누락: 누적순매수 미확정","true","false","2024-10-02","2026-10-02","","","cumulative","2024-10-02"
"aligned","KR","etf","069500","day","KRW","investmentTrust","2025-07-11","","주","한국투자증권 · 종목별 투자자매매동향(일별)","","2025-07-11","","2026-10-03T13:36:02.430Z","","","true","Σ dailyNet[2024-10-02..asOf]","","","","not-configured","기준일 이후 누락: 누적순매수 미확정","true","false","2024-10-02","2026-10-02","","","cumulative","2024-10-02"
"aligned","KR","etf","069500","day","KRW","investmentTrust","2025-07-14","","주","한국투자증권 · 종목별 투자자매매동향(일별)","","2025-07-14","","2026-10-03T13:36:02.430Z","","","true","Σ dailyNet[2024-10-02..asOf]","","","","not-configured","기준일 이후 누락: 누적순매수 미확정","true","false","2024-10-02","2026-10-02","","","cumulative","2024-10-02"
"aligned","KR","etf","069500","day","KRW","investmentTrust","2025-07-15","","주","한국투자증권 · 종목별 투자자매매동향(일별)","","2025-07-15","","2026-10-03T13:36:02.430Z","","","true","Σ dailyNet[2024-10-02..asOf]","","","","not-configured","기준일 이후 누락: 누적순매수 미확정","true","false","2024-10-02","2026-10-02","","","cumulative","2024-10-02"
"aligned","KR","etf","069500","day","KRW","investmentTrust","2025-07-16","","주","한국투자증권 · 종목별 투자자매매동향(일별)","","2025-07-16","","2026-10-03T13:36:02.430Z","","","true","Σ dailyNet[2024-10-02..asOf]","","","","not-configured","기준일 이후 누락: 누적순매수 미확정","true","false","2024-10-02","2026-10-02","","","cumulative","2024-10-02"
"aligned","KR","etf","069500","day","KRW","investmentTrust","2025-07-17","","주","한국투자증권 · 종목별 투자자매매동향(일별)","","2025-07-17","","2026-10-03T13:36:02.430Z","","","true","Σ dailyNet[2024-10-02..asOf]","","","","not-configured","기준일 이후 누락: 누적순매수 미확정","true","false","2024-10-02","2026-10-02","","","cumulative","2024-10-02"
"aligned","KR","etf","069500","day","KRW","investmentTrust","2025-07-18","","주","한국투자증권 · 종목별 투자자매매동향(일별)","","2025-07-18","","2026-10-03T13:36:02.430Z","","","true","Σ dailyNet[2024-10-02..asOf]","","","","not-configured","기준일 이후 누락: 누적순매수 미확정","true","false","2024-10-02","2026-10-02","","","cumulative","2024-10-02"
"aligned","KR","etf","069500","day","KRW","investmentTrust","2025-07-21","","주","한국투자증권 · 종목별 투자자매매동향(일별)","","2025-07-21","","2026-10-03T13:36:02.430Z","","","true","Σ dailyNet[2024-10-02..asOf]","","","","not-configured","기준일 이후 누락: 누적순매수 미확정","true","false","2024-10-02","2026-10-02","","","cumulative","2024-10-02"
"aligned","KR","etf","069500","day","KRW","investmentTrust","2025-07-22","","주","한국투자증권 · 종목별 투자자매매동향(일별)","","2025-07-22","","2026-10-03T13:36:02.430Z","","","true","Σ dailyNet[2024-10-02..asOf]","","","","not-configured","기준일 이후 누락: 누적순매수 미확정","true","false","2024-10-02","2026-10-02","","","cumulative","2024-10-02"
"aligned","KR","etf","069500","day","KRW","investmentTrust","2025-07-23","","주","한국투자증권 · 종목별 투자자매매동향(일별)","","2025-07-23","","2026-10-03T13:36:02.430Z","","","true","Σ dailyNet[2024-10-02..asOf]","","","","not-configured","기준일 이후 누락: 누적순매수 미확정","true","false","2024-10-02","2026-10-02","","","cumulative","2024-10-02"
"aligned","KR","etf","069500","day","KRW","investmentTrust","2025-07-24","","주","한국투자증권 · 종목별 투자자매매동향(일별)","","2025-07-24","","2026-10-03T13:36:02.430Z","","","true","Σ dailyNet[2024-10-02..asOf]","","","","not-configured","기준일 이후 누락: 누적순매수 미확정","true","false","2024-10-02","2026-10-02","","","cumulative","2024-10-02"
"aligned","KR","etf","069500","day","KRW","investmentTrust","2025-07-25","","주","한국투자증권 · 종목별 투자자매매동향(일별)","","2025-07-25","","2026-10-03T13:36:02.430Z","","","true","Σ dailyNet[2024-10-02..asOf]","","","","not-configured","기준일 이후 누락: 누적순매수 미확정","true","false","2024-10-02","2026-10-02","","","cumulative","2024-10-02"
"aligned","KR","etf","069500","day","KRW","investmentTrust","2025-07-28","","주","한국투자증권 · 종목별 투자자매매동향(일별)","","2025-07-28","","2026-10-03T13:36:02.430Z","","","true","Σ dailyNet[2024-10-02..asOf]","","","","not-configured","기준일 이후 누락: 누적순매수 미확정","true","false","2024-10-02","2026-10-02","","","cumulative","2024-10-02"
"aligned","KR","etf","069500","day","KRW","investmentTrust","2025-07-29","","주","한국투자증권 · 종목별 투자자매매동향(일별)","","2025-07-29","","2026-10-03T13:36:02.430Z","","","true","Σ dailyNet[2024-10-02..asOf]","","","","not-configured","기준일 이후 누락: 누적순매수 미확정","true","false","2024-10-02","2026-10-02","","","cumulative","2024-10-02"
"aligned","KR","etf","069500","day","KRW","investmentTrust","2025-07-30","","주","한국투자증권 · 종목별 투자자매매동향(일별)","","2025-07-30","","2026-10-03T13:36:02.430Z","","","true","Σ dailyNet[2024-10-02..asOf]","","","","not-configured","기준일 이후 누락: 누적순매수 미확정","true","false","2024-10-02","2026-10-02","","","cumulative","2024-10-02"
"aligned","KR","etf","069500","day","KRW","investmentTrust","2025-07-31","","주","한국투자증권 · 종목별 투자자매매동향(일별)","","2025-07-31","","2026-10-03T13:36:02.430Z","","","true","Σ dailyNet[2024-10-02..asOf]","","","","not-configured","기준일 이후 누락: 누적순매수 미확정","true","false","2024-10-02","2026-10-02","","","cumulative","2024-10-02"
"aligned","KR","etf","069500","day","KRW","investmentTrust","2025-08-01","","주","한국투자증권 · 종목별 투자자매매동향(일별)","","2025-08-01","","2026-10-03T13:36:02.430Z","","","true","Σ dailyNet[2024-10-02..asOf]","","","","not-configured","기준일 이후 누락: 누적순매수 미확정","true","false","2024-10-02","2026-10-02","","","cumulative","2024-10-02"
"aligned","KR","etf","069500","day","KRW","investmentTrust","2025-08-04","","주","한국투자증권 · 종목별 투자자매매동향(일별)","","2025-08-04","","2026-10-03T13:36:02.430Z","","","true","Σ dailyNet[2024-10-02..asOf]","","","","not-configured","기준일 이후 누락: 누적순매수 미확정","true","false","2024-10-02","2026-10-02","","","cumulative","2024-10-02"
"aligned","KR","etf","069500","day","KRW","investmentTrust","2025-08-05","","주","한국투자증권 · 종목별 투자자매매동향(일별)","","2025-08-05","","2026-10-03T13:36:02.430Z","","","true","Σ dailyNet[2024-10-02..asOf]","","","","not-configured","기준일 이후 누락: 누적순매수 미확정","true","false","2024-10-02","2026-10-02","","","cumulative","2024-10-02"
"aligned","KR","etf","069500","day","KRW","investmentTrust","2025-08-06","","주","한국투자증권 · 종목별 투자자매매동향(일별)","","2025-08-06","","2026-10-03T13:36:02.430Z","","","true","Σ dailyNet[2024-10-02..asOf]","","","","not-configured","기준일 이후 누락: 누적순매수 미확정","true","false","2024-10-02","2026-10-02","","","cumulative","2024-10-02"
"aligned","KR","etf","069500","day","KRW","investmentTrust","2025-08-07","","주","한국투자증권 · 종목별 투자자매매동향(일별)","","2025-08-07","","2026-10-03T13:36:02.430Z","","","true","Σ dailyNet[2024-10-02..asOf]","","","","not-configured","기준일 이후 누락: 누적순매수 미확정","true","false","2024-10-02","2026-10-02","","","cumulative","2024-10-02"
"aligned","KR","etf","069500","day","KRW","investmentTrust","2025-08-08","","주","한국투자증권 · 종목별 투자자매매동향(일별)","","2025-08-08","","2026-10-03T13:36:02.430Z","","","true","Σ dailyNet[2024-10-02..asOf]","","","","not-configured","기준일 이후 누락: 누적순매수 미확정","true","false","2024-10-02","2026-10-02","","","cumulative","2024-10-02"
"aligned","KR","etf","069500","day","KRW","investmentTrust","2025-08-11","","주","한국투자증권 · 종목별 투자자매매동향(일별)","","2025-08-11","","2026-10-03T13:36:02.430Z","","","true","Σ dailyNet[2024-10-02..asOf]","","","","not-configured","기준일 이후 누락: 누적순매수 미확정","true","false","2024-10-02","2026-10-02","","","cumulative","2024-10-02"
"aligned","KR","etf","069500","day","KRW","investmentTrust","2025-08-12","","주","한국투자증권 · 종목별 투자자매매동향(일별)","","2025-08-12","","2026-10-03T13:36:02.430Z","","","true","Σ dailyNet[2024-10-02..asOf]","","","","not-configured","기준일 이후 누락: 누적순매수 미확정","true","false","2024-10-02","2026-10-02","","","cumulative","2024-10-02"
"aligned","KR","etf","069500","day","KRW","investmentTrust","2025-08-13","","주","한국투자증권 · 종목별 투자자매매동향(일별)","","2025-08-13","","2026-10-03T13:36:02.430Z","","","true","Σ dailyNet[2024-10-02..asOf]","","","","not-configured","기준일 이후 누락: 누적순매수 미확정","true","false","2024-10-02","2026-10-02","","","cumulative","2024-10-02"
"aligned","KR","etf","069500","day","KRW","investmentTrust","2025-08-14","","주","한국투자증권 · 종목별 투자자매매동향(일별)","","2025-08-14","","2026-10-03T13:36:02.430Z","","","true","Σ dailyNet[2024-10-02..asOf]","","","","not-configured","기준일 이후 누락: 누적순매수 미확정","true","false","2024-10-02","2026-10-02","","","cumulative","2024-10-02"
"aligned","KR","etf","069500","day","KRW","investmentTrust","2025-08-18","","주","한국투자증권 · 종목별 투자자매매동향(일별)","","2025-08-18","","2026-10-03T13:36:02.430Z","","","true","Σ dailyNet[2024-10-02..asOf]","","","","not-configured","기준일 이후 누락: 누적순매수 미확정","true","false","2024-10-02","2026-10-02","","","cumulative","2024-10-02"
"aligned","KR","etf","069500","day","KRW","investmentTrust","2025-08-19","","주","한국투자증권 · 종목별 투자자매매동향(일별)","","2025-08-19","","2026-10-03T13:36:02.430Z","","","true","Σ dailyNet[2024-10-02..asOf]","","","","not-configured","기준일 이후 누락: 누적순매수 미확정","true","false","2024-10-02","2026-10-02","","","cumulative","2024-10-02"
"aligned","KR","etf","069500","day","KRW","investmentTrust","2025-08-20","","주","한국투자증권 · 종목별 투자자매매동향(일별)","","2025-08-20","","2026-10-03T13:36:02.430Z","","","true","Σ dailyNet[2024-10-02..asOf]","","","","not-configured","기준일 이후 누락: 누적순매수 미확정","true","false","2024-10-02","2026-10-02","","","cumulative","2024-10-02"
"aligned","KR","etf","069500","day","KRW","investmentTrust","2025-08-21","","주","한국투자증권 · 종목별 투자자매매동향(일별)","","2025-08-21","","2026-10-03T13:36:02.430Z","","","true","Σ dailyNet[2024-10-02..asOf]","","","","not-configured","기준일 이후 누락: 누적순매수 미확정","true","false","2024-10-02","2026-10-02","","","cumulative","2024-10-02"
"aligned","KR","etf","069500","day","KRW","investmentTrust","2025-08-22","","주","한국투자증권 · 종목별 투자자매매동향(일별)","","2025-08-22","","2026-10-03T13:36:02.430Z","","","true","Σ dailyNet[2024-10-02..asOf]","","","","not-configured","기준일 이후 누락: 누적순매수 미확정","true","false","2024-10-02","2026-10-02","","","cumulative","2024-10-02"
"aligned","KR","etf","069500","day","KRW","investmentTrust","2025-08-25","","주","한국투자증권 · 종목별 투자자매매동향(일별)","","2025-08-25","","2026-10-03T13:36:02.430Z","","","true","Σ dailyNet[2024-10-02..asOf]","","","","not-configured","기준일 이후 누락: 누적순매수 미확정","true","false","2024-10-02","2026-10-02","","","cumulative","2024-10-02"
"aligned","KR","etf","069500","day","KRW","investmentTrust","2025-08-26","","주","한국투자증권 · 종목별 투자자매매동향(일별)","","2025-08-26","","2026-10-03T13:36:02.430Z","","","true","Σ dailyNet[2024-10-02..asOf]","","","","not-configured","기준일 이후 누락: 누적순매수 미확정","true","false","2024-10-02","2026-10-02","","","cumulative","2024-10-02"
"aligned","KR","etf","069500","day","KRW","investmentTrust","2025-08-27","","주","한국투자증권 · 종목별 투자자매매동향(일별)","","2025-08-27","","2026-10-03T13:36:02.430Z","","","true","Σ dailyNet[2024-10-02..asOf]","","","","not-configured","기준일 이후 누락: 누적순매수 미확정","true","false","2024-10-02","2026-10-02","","","cumulative","2024-10-02"
"aligned","KR","etf","069500","day","KRW","investmentTrust","2025-08-28","","주","한국투자증권 · 종목별 투자자매매동향(일별)","","2025-08-28","","2026-10-03T13:36:02.430Z","","","true","Σ dailyNet[2024-10-02..asOf]","","","","not-configured","기준일 이후 누락: 누적순매수 미확정","true","false","2024-10-02","2026-10-02","","","cumulative","2024-10-02"
"aligned","KR","etf","069500","day","KRW","investmentTrust","2025-08-29","","주","한국투자증권 · 종목별 투자자매매동향(일별)","","2025-08-29","","2026-10-03T13:36:02.430Z","","","true","Σ dailyNet[2024-10-02..asOf]","","","","not-configured","기준일 이후 누락: 누적순매수 미확정","true","false","2024-10-02","2026-10-02","","","cumulative","2024-10-02"
"aligned","KR","etf","069500","day","KRW","investmentTrust","2025-09-01","","주","한국투자증권 · 종목별 투자자매매동향(일별)","","2025-09-01","","2026-10-03T13:36:02.430Z","","","true","Σ dailyNet[2024-10-02..asOf]","","","","not-configured","기준일 이후 누락: 누적순매수 미확정","true","false","2024-10-02","2026-10-02","","","cumulative","2024-10-02"
"aligned","KR","etf","069500","day","KRW","investmentTrust","2025-09-02","","주","한국투자증권 · 종목별 투자자매매동향(일별)","","2025-09-02","","2026-10-03T13:36:02.430Z","","","true","Σ dailyNet[2024-10-02..asOf]","","","","not-configured","기준일 이후 누락: 누적순매수 미확정","true","false","2024-10-02","2026-10-02","","","cumulative","2024-10-02"
"aligned","KR","etf","069500","day","KRW","investmentTrust","2025-09-03","","주","한국투자증권 · 종목별 투자자매매동향(일별)","","2025-09-03","","2026-10-03T13:36:02.430Z","","","true","Σ dailyNet[2024-10-02..asOf]","","","","not-configured","기준일 이후 누락: 누적순매수 미확정","true","false","2024-10-02","2026-10-02","","","cumulative","2024-10-02"
"aligned","KR","etf","069500","day","KRW","investmentTrust","2025-09-04","","주","한국투자증권 · 종목별 투자자매매동향(일별)","","2025-09-04","","2026-10-03T13:36:02.430Z","","","true","Σ dailyNet[2024-10-02..asOf]","","","","not-configured","기준일 이후 누락: 누적순매수 미확정","true","false","2024-10-02","2026-10-02","","","cumulative","2024-10-02"
"aligned","KR","etf","069500","day","KRW","investmentTrust","2025-09-05","","주","한국투자증권 · 종목별 투자자매매동향(일별)","","2025-09-05","","2026-10-03T13:36:02.430Z","","","true","Σ dailyNet[2024-10-02..asOf]","","","","not-configured","기준일 이후 누락: 누적순매수 미확정","true","false","2024-10-02","2026-10-02","","","cumulative","2024-10-02"
"aligned","KR","etf","069500","day","KRW","investmentTrust","2025-09-08","","주","한국투자증권 · 종목별 투자자매매동향(일별)","","2025-09-08","","2026-10-03T13:36:02.430Z","","","true","Σ dailyNet[2024-10-02..asOf]","","","","not-configured","기준일 이후 누락: 누적순매수 미확정","true","false","2024-10-02","2026-10-02","","","cumulative","2024-10-02"
"aligned","KR","etf","069500","day","KRW","investmentTrust","2025-09-09","","주","한국투자증권 · 종목별 투자자매매동향(일별)","","2025-09-09","","2026-10-03T13:36:02.430Z","","","true","Σ dailyNet[2024-10-02..asOf]","","","","not-configured","기준일 이후 누락: 누적순매수 미확정","true","false","2024-10-02","2026-10-02","","","cumulative","2024-10-02"
"aligned","KR","etf","069500","day","KRW","investmentTrust","2025-09-10","","주","한국투자증권 · 종목별 투자자매매동향(일별)","","2025-09-10","","2026-10-03T13:36:02.430Z","","","true","Σ dailyNet[2024-10-02..asOf]","","","","not-configured","기준일 이후 누락: 누적순매수 미확정","true","false","2024-10-02","2026-10-02","","","cumulative","2024-10-02"
"aligned","KR","etf","069500","day","KRW","investmentTrust","2025-09-11","","주","한국투자증권 · 종목별 투자자매매동향(일별)","","2025-09-11","","2026-10-03T13:36:02.430Z","","","true","Σ dailyNet[2024-10-02..asOf]","","","","not-configured","기준일 이후 누락: 누적순매수 미확정","true","false","2024-10-02","2026-10-02","","","cumulative","2024-10-02"
"aligned","KR","etf","069500","day","KRW","investmentTrust","2025-09-12","","주","한국투자증권 · 종목별 투자자매매동향(일별)","","2025-09-12","","2026-10-03T13:36:02.430Z","","","true","Σ dailyNet[2024-10-02..asOf]","","","","not-configured","기준일 이후 누락: 누적순매수 미확정","true","false","2024-10-02","2026-10-02","","","cumulative","2024-10-02"
"aligned","KR","etf","069500","day","KRW","investmentTrust","2025-09-15","","주","한국투자증권 · 종목별 투자자매매동향(일별)","","2025-09-15","","2026-10-03T13:36:02.430Z","","","true","Σ dailyNet[2024-10-02..asOf]","","","","not-configured","기준일 이후 누락: 누적순매수 미확정","true","false","2024-10-02","2026-10-02","","","cumulative","2024-10-02"
"aligned","KR","etf","069500","day","KRW","investmentTrust","2025-09-16","","주","한국투자증권 · 종목별 투자자매매동향(일별)","","2025-09-16","","2026-10-03T13:36:02.430Z","","","true","Σ dailyNet[2024-10-02..asOf]","","","","not-configured","기준일 이후 누락: 누적순매수 미확정","true","false","2024-10-02","2026-10-02","","","cumulative","2024-10-02"
"aligned","KR","etf","069500","day","KRW","investmentTrust","2025-09-17","","주","한국투자증권 · 종목별 투자자매매동향(일별)","","2025-09-17","","2026-10-03T13:36:02.430Z","","","true","Σ dailyNet[2024-10-02..asOf]","","","","not-configured","기준일 이후 누락: 누적순매수 미확정","true","false","2024-10-02","2026-10-02","","","cumulative","2024-10-02"
"aligned","KR","etf","069500","day","KRW","investmentTrust","2025-09-18","","주","한국투자증권 · 종목별 투자자매매동향(일별)","","2025-09-18","","2026-10-03T13:36:02.430Z","","","true","Σ dailyNet[2024-10-02..asOf]","","","","not-configured","기준일 이후 누락: 누적순매수 미확정","true","false","2024-10-02","2026-10-02","","","cumulative","2024-10-02"
"aligned","KR","etf","069500","day","KRW","investmentTrust","2025-09-19","","주","한국투자증권 · 종목별 투자자매매동향(일별)","","2025-09-19","","2026-10-03T13:36:02.430Z","","","true","Σ dailyNet[2024-10-02..asOf]","","","","not-configured","기준일 이후 누락: 누적순매수 미확정","true","false","2024-10-02","2026-10-02","","","cumulative","2024-10-02"
"aligned","KR","etf","069500","day","KRW","investmentTrust","2025-09-22","","주","한국투자증권 · 종목별 투자자매매동향(일별)","","2025-09-22","","2026-10-03T13:36:02.430Z","","","true","Σ dailyNet[2024-10-02..asOf]","","","","not-configured","기준일 이후 누락: 누적순매수 미확정","true","false","2024-10-02","2026-10-02","","","cumulative","2024-10-02"
"aligned","KR","etf","069500","day","KRW","investmentTrust","2025-09-23","","주","한국투자증권 · 종목별 투자자매매동향(일별)","","2025-09-23","","2026-10-03T13:36:02.430Z","","","true","Σ dailyNet[2024-10-02..asOf]","","","","not-configured","기준일 이후 누락: 누적순매수 미확정","true","false","2024-10-02","2026-10-02","","","cumulative","2024-10-02"
"aligned","KR","etf","069500","day","KRW","investmentTrust","2025-09-24","","주","한국투자증권 · 종목별 투자자매매동향(일별)","","2025-09-24","","2026-10-03T13:36:02.430Z","","","true","Σ dailyNet[2024-10-02..asOf]","","","","not-configured","기준일 이후 누락: 누적순매수 미확정","true","false","2024-10-02","2026-10-02","","","cumulative","2024-10-02"
"aligned","KR","etf","069500","day","KRW","investmentTrust","2025-09-25","","주","한국투자증권 · 종목별 투자자매매동향(일별)","","2025-09-25","","2026-10-03T13:36:02.430Z","","","true","Σ dailyNet[2024-10-02..asOf]","","","","not-configured","기준일 이후 누락: 누적순매수 미확정","true","false","2024-10-02","2026-10-02","","","cumulative","2024-10-02"
"aligned","KR","etf","069500","day","KRW","investmentTrust","2025-09-26","","주","한국투자증권 · 종목별 투자자매매동향(일별)","","2025-09-26","","2026-10-03T13:36:02.430Z","","","true","Σ dailyNet[2024-10-02..asOf]","","","","not-configured","기준일 이후 누락: 누적순매수 미확정","true","false","2024-10-02","2026-10-02","","","cumulative","2024-10-02"
"aligned","KR","etf","069500","day","KRW","investmentTrust","2025-09-29","","주","한국투자증권 · 종목별 투자자매매동향(일별)","","2025-09-29","","2026-10-03T13:36:02.430Z","","","true","Σ dailyNet[2024-10-02..asOf]","","","","not-configured","기준일 이후 누락: 누적순매수 미확정","true","false","2024-10-02","2026-10-02","","","cumulative","2024-10-02"
"aligned","KR","etf","069500","day","KRW","investmentTrust","2025-09-30","","주","한국투자증권 · 종목별 투자자매매동향(일별)","","2025-09-30","","2026-10-03T13:36:02.430Z","","","true","Σ dailyNet[2024-10-02..asOf]","","","","not-configured","기준일 이후 누락: 누적순매수 미확정","true","false","2024-10-02","2026-10-02","","","cumulative","2024-10-02"
"aligned","KR","etf","069500","day","KRW","investmentTrust","2025-10-01","","주","한국투자증권 · 종목별 투자자매매동향(일별)","","2025-10-01","","2026-10-03T13:36:02.430Z","","","true","Σ dailyNet[2024-10-02..asOf]","","","","not-configured","기준일 이후 누락: 누적순매수 미확정","true","false","2024-10-02","2026-10-02","","","cumulative","2024-10-02"
"aligned","KR","etf","069500","day","KRW","investmentTrust","2025-10-02","","주","한국투자증권 · 종목별 투자자매매동향(일별)","","2025-10-02","","2026-10-03T13:36:02.430Z","","","true","Σ dailyNet[2024-10-02..asOf]","","","","not-configured","기준일 이후 누락: 누적순매수 미확정","true","false","2024-10-02","2026-10-02","","","cumulative","2024-10-02"
"aligned","KR","etf","069500","day","KRW","investmentTrust","2025-10-10","","주","한국투자증권 · 종목별 투자자매매동향(일별)","","2025-10-10","","2026-10-03T13:36:02.430Z","","","true","Σ dailyNet[2024-10-02..asOf]","","","","not-configured","기준일 이후 누락: 누적순매수 미확정","true","false","2024-10-02","2026-10-02","","","cumulative","2024-10-02"
"aligned","KR","etf","069500","day","KRW","investmentTrust","2025-10-13","","주","한국투자증권 · 종목별 투자자매매동향(일별)","","2025-10-13","","2026-10-03T13:36:02.430Z","","","true","Σ dailyNet[2024-10-02..asOf]","","","","not-configured","기준일 이후 누락: 누적순매수 미확정","true","false","2024-10-02","2026-10-02","","","cumulative","2024-10-02"
"aligned","KR","etf","069500","day","KRW","investmentTrust","2025-10-14","","주","한국투자증권 · 종목별 투자자매매동향(일별)","","2025-10-14","","2026-10-03T13:36:02.430Z","","","true","Σ dailyNet[2024-10-02..asOf]","","","","not-configured","기준일 이후 누락: 누적순매수 미확정","true","false","2024-10-02","2026-10-02","","","cumulative","2024-10-02"
"aligned","KR","etf","069500","day","KRW","investmentTrust","2025-10-15","","주","한국투자증권 · 종목별 투자자매매동향(일별)","","2025-10-15","","2026-10-03T13:36:02.430Z","","","true","Σ dailyNet[2024-10-02..asOf]","","","","not-configured","기준일 이후 누락: 누적순매수 미확정","true","false","2024-10-02","2026-10-02","","","cumulative","2024-10-02"
"aligned","KR","etf","069500","day","KRW","investmentTrust","2025-10-16","","주","한국투자증권 · 종목별 투자자매매동향(일별)","","2025-10-16","","2026-10-03T13:36:02.430Z","","","true","Σ dailyNet[2024-10-02..asOf]","","","","not-configured","기준일 이후 누락: 누적순매수 미확정","true","false","2024-10-02","2026-10-02","","","cumulative","2024-10-02"
"aligned","KR","etf","069500","day","KRW","investmentTrust","2025-10-17","","주","한국투자증권 · 종목별 투자자매매동향(일별)","","2025-10-17","","2026-10-03T13:36:02.430Z","","","true","Σ dailyNet[2024-10-02..asOf]","","","","not-configured","기준일 이후 누락: 누적순매수 미확정","true","false","2024-10-02","2026-10-02","","","cumulative","2024-10-02"
"aligned","KR","etf","069500","day","KRW","investmentTrust","2025-10-20","","주","한국투자증권 · 종목별 투자자매매동향(일별)","","2025-10-20","","2026-10-03T13:36:02.430Z","","","true","Σ dailyNet[2024-10-02..asOf]","","","","not-configured","기준일 이후 누락: 누적순매수 미확정","true","false","2024-10-02","2026-10-02","","","cumulative","2024-10-02"
"aligned","KR","etf","069500","day","KRW","investmentTrust","2025-10-21","","주","한국투자증권 · 종목별 투자자매매동향(일별)","","2025-10-21","","2026-10-03T13:36:02.430Z","","","true","Σ dailyNet[2024-10-02..asOf]","","","","not-configured","기준일 이후 누락: 누적순매수 미확정","true","false","2024-10-02","2026-10-02","","","cumulative","2024-10-02"
"aligned","KR","etf","069500","day","KRW","investmentTrust","2025-10-22","","주","한국투자증권 · 종목별 투자자매매동향(일별)","","2025-10-22","","2026-10-03T13:36:02.430Z","","","true","Σ dailyNet[2024-10-02..asOf]","","","","not-configured","기준일 이후 누락: 누적순매수 미확정","true","false","2024-10-02","2026-10-02","","","cumulative","2024-10-02"
"aligned","KR","etf","069500","day","KRW","investmentTrust","2025-10-23","","주","한국투자증권 · 종목별 투자자매매동향(일별)","","2025-10-23","","2026-10-03T13:36:02.430Z","","","true","Σ dailyNet[2024-10-02..asOf]","","","","not-configured","기준일 이후 누락: 누적순매수 미확정","true","false","2024-10-02","2026-10-02","","","cumulative","2024-10-02"
"aligned","KR","etf","069500","day","KRW","investmentTrust","2025-10-24","","주","한국투자증권 · 종목별 투자자매매동향(일별)","","2025-10-24","","2026-10-03T13:36:02.430Z","","","true","Σ dailyNet[2024-10-02..asOf]","","","","not-configured","기준일 이후 누락: 누적순매수 미확정","true","false","2024-10-02","2026-10-02","","","cumulative","2024-10-02"
"aligned","KR","etf","069500","day","KRW","investmentTrust","2025-10-27","","주","한국투자증권 · 종목별 투자자매매동향(일별)","","2025-10-27","","2026-10-03T13:36:02.430Z","","","true","Σ dailyNet[2024-10-02..asOf]","","","","not-configured","기준일 이후 누락: 누적순매수 미확정","true","false","2024-10-02","2026-10-02","","","cumulative","2024-10-02"
"aligned","KR","etf","069500","day","KRW","investmentTrust","2025-10-28","","주","한국투자증권 · 종목별 투자자매매동향(일별)","","2025-10-28","","2026-10-03T13:36:02.430Z","","","true","Σ dailyNet[2024-10-02..asOf]","","","","not-configured","기준일 이후 누락: 누적순매수 미확정","true","false","2024-10-02","2026-10-02","","","cumulative","2024-10-02"
"aligned","KR","etf","069500","day","KRW","investmentTrust","2025-10-29","","주","한국투자증권 · 종목별 투자자매매동향(일별)","","2025-10-29","","2026-10-03T13:36:02.430Z","","","true","Σ dailyNet[2024-10-02..asOf]","","","","not-configured","기준일 이후 누락: 누적순매수 미확정","true","false","2024-10-02","2026-10-02","","","cumulative","2024-10-02"
"aligned","KR","etf","069500","day","KRW","investmentTrust","2025-10-30","","주","한국투자증권 · 종목별 투자자매매동향(일별)","","2025-10-30","","2026-10-03T13:36:02.430Z","","","true","Σ dailyNet[2024-10-02..asOf]","","","","not-configured","기준일 이후 누락: 누적순매수 미확정","true","false","2024-10-02","2026-10-02","","","cumulative","2024-10-02"
"aligned","KR","etf","069500","day","KRW","investmentTrust","2025-10-31","","주","한국투자증권 · 종목별 투자자매매동향(일별)","","2025-10-31","","2026-10-03T13:36:02.430Z","","","true","Σ dailyNet[2024-10-02..asOf]","","","","not-configured","기준일 이후 누락: 누적순매수 미확정","true","false","2024-10-02","2026-10-02","","","cumulative","2024-10-02"
"aligned","KR","etf","069500","day","KRW","investmentTrust","2025-11-03","","주","한국투자증권 · 종목별 투자자매매동향(일별)","","2025-11-03","","2026-10-03T13:36:02.430Z","","","true","Σ dailyNet[2024-10-02..asOf]","","","","not-configured","기준일 이후 누락: 누적순매수 미확정","true","false","2024-10-02","2026-10-02","","","cumulative","2024-10-02"
"aligned","KR","etf","069500","day","KRW","investmentTrust","2025-11-04","","주","한국투자증권 · 종목별 투자자매매동향(일별)","","2025-11-04","","2026-10-03T13:36:02.430Z","","","true","Σ dailyNet[2024-10-02..asOf]","","","","not-configured","기준일 이후 누락: 누적순매수 미확정","true","false","2024-10-02","2026-10-02","","","cumulative","2024-10-02"
"aligned","KR","etf","069500","day","KRW","investmentTrust","2025-11-05","","주","한국투자증권 · 종목별 투자자매매동향(일별)","","2025-11-05","","2026-10-03T13:36:02.430Z","","","true","Σ dailyNet[2024-10-02..asOf]","","","","not-configured","기준일 이후 누락: 누적순매수 미확정","true","false","2024-10-02","2026-10-02","","","cumulative","2024-10-02"
"aligned","KR","etf","069500","day","KRW","investmentTrust","2025-11-06","","주","한국투자증권 · 종목별 투자자매매동향(일별)","","2025-11-06","","2026-10-03T13:36:02.430Z","","","true","Σ dailyNet[2024-10-02..asOf]","","","","not-configured","기준일 이후 누락: 누적순매수 미확정","true","false","2024-10-02","2026-10-02","","","cumulative","2024-10-02"
"aligned","KR","etf","069500","day","KRW","investmentTrust","2025-11-07","","주","한국투자증권 · 종목별 투자자매매동향(일별)","","2025-11-07","","2026-10-03T13:36:02.430Z","","","true","Σ dailyNet[2024-10-02..asOf]","","","","not-configured","기준일 이후 누락: 누적순매수 미확정","true","false","2024-10-02","2026-10-02","","","cumulative","2024-10-02"
"aligned","KR","etf","069500","day","KRW","investmentTrust","2025-11-10","","주","한국투자증권 · 종목별 투자자매매동향(일별)","","2025-11-10","","2026-10-03T13:36:02.430Z","","","true","Σ dailyNet[2024-10-02..asOf]","","","","not-configured","기준일 이후 누락: 누적순매수 미확정","true","false","2024-10-02","2026-10-02","","","cumulative","2024-10-02"
"aligned","KR","etf","069500","day","KRW","investmentTrust","2025-11-11","","주","한국투자증권 · 종목별 투자자매매동향(일별)","","2025-11-11","","2026-10-03T13:36:02.430Z","","","true","Σ dailyNet[2024-10-02..asOf]","","","","not-configured","기준일 이후 누락: 누적순매수 미확정","true","false","2024-10-02","2026-10-02","","","cumulative","2024-10-02"
"aligned","KR","etf","069500","day","KRW","investmentTrust","2025-11-12","","주","한국투자증권 · 종목별 투자자매매동향(일별)","","2025-11-12","","2026-10-03T13:36:02.430Z","","","true","Σ dailyNet[2024-10-02..asOf]","","","","not-configured","기준일 이후 누락: 누적순매수 미확정","true","false","2024-10-02","2026-10-02","","","cumulative","2024-10-02"
"aligned","KR","etf","069500","day","KRW","investmentTrust","2025-11-13","","주","한국투자증권 · 종목별 투자자매매동향(일별)","","2025-11-13","","2026-10-03T13:36:02.430Z","","","true","Σ dailyNet[2024-10-02..asOf]","","","","not-configured","기준일 이후 누락: 누적순매수 미확정","true","false","2024-10-02","2026-10-02","","","cumulative","2024-10-02"
"aligned","KR","etf","069500","day","KRW","investmentTrust","2025-11-14","","주","한국투자증권 · 종목별 투자자매매동향(일별)","","2025-11-14","","2026-10-03T13:36:02.430Z","","","true","Σ dailyNet[2024-10-02..asOf]","","","","not-configured","기준일 이후 누락: 누적순매수 미확정","true","false","2024-10-02","2026-10-02","","","cumulative","2024-10-02"
"aligned","KR","etf","069500","day","KRW","investmentTrust","2025-11-17","","주","한국투자증권 · 종목별 투자자매매동향(일별)","","2025-11-17","","2026-10-03T13:36:02.430Z","","","true","Σ dailyNet[2024-10-02..asOf]","","","","not-configured","기준일 이후 누락: 누적순매수 미확정","true","false","2024-10-02","2026-10-02","","","cumulative","2024-10-02"
"aligned","KR","etf","069500","day","KRW","investmentTrust","2025-11-18","","주","한국투자증권 · 종목별 투자자매매동향(일별)","","2025-11-18","","2026-10-03T13:36:02.430Z","","","true","Σ dailyNet[2024-10-02..asOf]","","","","not-configured","기준일 이후 누락: 누적순매수 미확정","true","false","2024-10-02","2026-10-02","","","cumulative","2024-10-02"
"aligned","KR","etf","069500","day","KRW","investmentTrust","2025-11-19","","주","한국투자증권 · 종목별 투자자매매동향(일별)","","2025-11-19","","2026-10-03T13:36:02.430Z","","","true","Σ dailyNet[2024-10-02..asOf]","","","","not-configured","기준일 이후 누락: 누적순매수 미확정","true","false","2024-10-02","2026-10-02","","","cumulative","2024-10-02"
"aligned","KR","etf","069500","day","KRW","investmentTrust","2025-11-20","","주","한국투자증권 · 종목별 투자자매매동향(일별)","","2025-11-20","","2026-10-03T13:36:02.430Z","","","true","Σ dailyNet[2024-10-02..asOf]","","","","not-configured","기준일 이후 누락: 누적순매수 미확정","true","false","2024-10-02","2026-10-02","","","cumulative","2024-10-02"
"aligned","KR","etf","069500","day","KRW","investmentTrust","2025-11-21","","주","한국투자증권 · 종목별 투자자매매동향(일별)","","2025-11-21","","2026-10-03T13:36:02.430Z","","","true","Σ dailyNet[2024-10-02..asOf]","","","","not-configured","기준일 이후 누락: 누적순매수 미확정","true","false","2024-10-02","2026-10-02","","","cumulative","2024-10-02"
"aligned","KR","etf","069500","day","KRW","investmentTrust","2025-11-24","","주","한국투자증권 · 종목별 투자자매매동향(일별)","","2025-11-24","","2026-10-03T13:36:02.430Z","","","true","Σ dailyNet[2024-10-02..asOf]","","","","not-configured","기준일 이후 누락: 누적순매수 미확정","true","false","2024-10-02","2026-10-02","","","cumulative","2024-10-02"
"aligned","KR","etf","069500","day","KRW","investmentTrust","2025-11-25","","주","한국투자증권 · 종목별 투자자매매동향(일별)","","2025-11-25","","2026-10-03T13:36:02.430Z","","","true","Σ dailyNet[2024-10-02..asOf]","","","","not-configured","기준일 이후 누락: 누적순매수 미확정","true","false","2024-10-02","2026-10-02","","","cumulative","2024-10-02"
"aligned","KR","etf","069500","day","KRW","investmentTrust","2025-11-26","","주","한국투자증권 · 종목별 투자자매매동향(일별)","","2025-11-26","","2026-10-03T13:36:02.430Z","","","true","Σ dailyNet[2024-10-02..asOf]","","","","not-configured","기준일 이후 누락: 누적순매수 미확정","true","false","2024-10-02","2026-10-02","","","cumulative","2024-10-02"
"aligned","KR","etf","069500","day","KRW","investmentTrust","2025-11-27","","주","한국투자증권 · 종목별 투자자매매동향(일별)","","2025-11-27","","2026-10-03T13:36:02.430Z","","","true","Σ dailyNet[2024-10-02..asOf]","","","","not-configured","기준일 이후 누락: 누적순매수 미확정","true","false","2024-10-02","2026-10-02","","","cumulative","2024-10-02"
"aligned","KR","etf","069500","day","KRW","investmentTrust","2025-11-28","","주","한국투자증권 · 종목별 투자자매매동향(일별)","","2025-11-28","","2026-10-03T13:36:02.430Z","","","true","Σ dailyNet[2024-10-02..asOf]","","","","not-configured","기준일 이후 누락: 누적순매수 미확정","true","false","2024-10-02","2026-10-02","","","cumulative","2024-10-02"
"aligned","KR","etf","069500","day","KRW","investmentTrust","2025-12-01","","주","한국투자증권 · 종목별 투자자매매동향(일별)","","2025-12-01","","2026-10-03T13:36:02.430Z","","","true","Σ dailyNet[2024-10-02..asOf]","","","","not-configured","기준일 이후 누락: 누적순매수 미확정","true","false","2024-10-02","2026-10-02","","","cumulative","2024-10-02"
"aligned","KR","etf","069500","day","KRW","investmentTrust","2025-12-02","","주","한국투자증권 · 종목별 투자자매매동향(일별)","","2025-12-02","","2026-10-03T13:36:02.430Z","","","true","Σ dailyNet[2024-10-02..asOf]","","","","not-configured","기준일 이후 누락: 누적순매수 미확정","true","false","2024-10-02","2026-10-02","","","cumulative","2024-10-02"
"aligned","KR","etf","069500","day","KRW","investmentTrust","2025-12-03","","주","한국투자증권 · 종목별 투자자매매동향(일별)","","2025-12-03","","2026-10-03T13:36:02.430Z","","","true","Σ dailyNet[2024-10-02..asOf]","","","","not-configured","기준일 이후 누락: 누적순매수 미확정","true","false","2024-10-02","2026-10-02","","","cumulative","2024-10-02"
"aligned","KR","etf","069500","day","KRW","investmentTrust","2025-12-04","","주","한국투자증권 · 종목별 투자자매매동향(일별)","","2025-12-04","","2026-10-03T13:36:02.430Z","","","true","Σ dailyNet[2024-10-02..asOf]","","","","not-configured","기준일 이후 누락: 누적순매수 미확정","true","false","2024-10-02","2026-10-02","","","cumulative","2024-10-02"
"aligned","KR","etf","069500","day","KRW","investmentTrust","2025-12-05","","주","한국투자증권 · 종목별 투자자매매동향(일별)","","2025-12-05","","2026-10-03T13:36:02.430Z","","","true","Σ dailyNet[2024-10-02..asOf]","","","","not-configured","기준일 이후 누락: 누적순매수 미확정","true","false","2024-10-02","2026-10-02","","","cumulative","2024-10-02"
"aligned","KR","etf","069500","day","KRW","investmentTrust","2025-12-08","","주","한국투자증권 · 종목별 투자자매매동향(일별)","","2025-12-08","","2026-10-03T13:36:02.430Z","","","true","Σ dailyNet[2024-10-02..asOf]","","","","not-configured","기준일 이후 누락: 누적순매수 미확정","true","false","2024-10-02","2026-10-02","","","cumulative","2024-10-02"
"aligned","KR","etf","069500","day","KRW","investmentTrust","2025-12-09","","주","한국투자증권 · 종목별 투자자매매동향(일별)","","2025-12-09","","2026-10-03T13:36:02.430Z","","","true","Σ dailyNet[2024-10-02..asOf]","","","","not-configured","기준일 이후 누락: 누적순매수 미확정","true","false","2024-10-02","2026-10-02","","","cumulative","2024-10-02"
"aligned","KR","etf","069500","day","KRW","investmentTrust","2025-12-10","","주","한국투자증권 · 종목별 투자자매매동향(일별)","","2025-12-10","","2026-10-03T13:36:02.430Z","","","true","Σ dailyNet[2024-10-02..asOf]","","","","not-configured","기준일 이후 누락: 누적순매수 미확정","true","false","2024-10-02","2026-10-02","","","cumulative","2024-10-02"
"aligned","KR","etf","069500","day","KRW","investmentTrust","2025-12-11","","주","한국투자증권 · 종목별 투자자매매동향(일별)","","2025-12-11","","2026-10-03T13:36:02.430Z","","","true","Σ dailyNet[2024-10-02..asOf]","","","","not-configured","기준일 이후 누락: 누적순매수 미확정","true","false","2024-10-02","2026-10-02","","","cumulative","2024-10-02"
"aligned","KR","etf","069500","day","KRW","investmentTrust","2025-12-12","","주","한국투자증권 · 종목별 투자자매매동향(일별)","","2025-12-12","","2026-10-03T13:36:02.430Z","","","true","Σ dailyNet[2024-10-02..asOf]","","","","not-configured","기준일 이후 누락: 누적순매수 미확정","true","false","2024-10-02","2026-10-02","","","cumulative","2024-10-02"
"aligned","KR","etf","069500","day","KRW","investmentTrust","2025-12-15","","주","한국투자증권 · 종목별 투자자매매동향(일별)","","2025-12-15","","2026-10-03T13:36:02.430Z","","","true","Σ dailyNet[2024-10-02..asOf]","","","","not-configured","기준일 이후 누락: 누적순매수 미확정","true","false","2024-10-02","2026-10-02","","","cumulative","2024-10-02"
"aligned","KR","etf","069500","day","KRW","investmentTrust","2025-12-16","","주","한국투자증권 · 종목별 투자자매매동향(일별)","","2025-12-16","","2026-10-03T13:36:02.430Z","","","true","Σ dailyNet[2024-10-02..asOf]","","","","not-configured","기준일 이후 누락: 누적순매수 미확정","true","false","2024-10-02","2026-10-02","","","cumulative","2024-10-02"
"aligned","KR","etf","069500","day","KRW","investmentTrust","2025-12-17","","주","한국투자증권 · 종목별 투자자매매동향(일별)","","2025-12-17","","2026-10-03T13:36:02.430Z","","","true","Σ dailyNet[2024-10-02..asOf]","","","","not-configured","기준일 이후 누락: 누적순매수 미확정","true","false","2024-10-02","2026-10-02","","","cumulative","2024-10-02"
"aligned","KR","etf","069500","day","KRW","investmentTrust","2025-12-18","","주","한국투자증권 · 종목별 투자자매매동향(일별)","","2025-12-18","","2026-10-03T13:36:02.430Z","","","true","Σ dailyNet[2024-10-02..asOf]","","","","not-configured","기준일 이후 누락: 누적순매수 미확정","true","false","2024-10-02","2026-10-02","","","cumulative","2024-10-02"
"aligned","KR","etf","069500","day","KRW","investmentTrust","2025-12-19","","주","한국투자증권 · 종목별 투자자매매동향(일별)","","2025-12-19","","2026-10-03T13:36:02.430Z","","","true","Σ dailyNet[2024-10-02..asOf]","","","","not-configured","기준일 이후 누락: 누적순매수 미확정","true","false","2024-10-02","2026-10-02","","","cumulative","2024-10-02"
"aligned","KR","etf","069500","day","KRW","investmentTrust","2025-12-22","","주","한국투자증권 · 종목별 투자자매매동향(일별)","","2025-12-22","","2026-10-03T13:36:02.430Z","","","true","Σ dailyNet[2024-10-02..asOf]","","","","not-configured","기준일 이후 누락: 누적순매수 미확정","true","false","2024-10-02","2026-10-02","","","cumulative","2024-10-02"
"aligned","KR","etf","069500","day","KRW","investmentTrust","2025-12-23","","주","한국투자증권 · 종목별 투자자매매동향(일별)","","2025-12-23","","2026-10-03T13:36:02.430Z","","","true","Σ dailyNet[2024-10-02..asOf]","","","","not-configured","기준일 이후 누락: 누적순매수 미확정","true","false","2024-10-02","2026-10-02","","","cumulative","2024-10-02"
"aligned","KR","etf","069500","day","KRW","investmentTrust","2025-12-24","","주","한국투자증권 · 종목별 투자자매매동향(일별)","","2025-12-24","","2026-10-03T13:36:02.430Z","","","true","Σ dailyNet[2024-10-02..asOf]","","","","not-configured","기준일 이후 누락: 누적순매수 미확정","true","false","2024-10-02","2026-10-02","","","cumulative","2024-10-02"
"aligned","KR","etf","069500","day","KRW","investmentTrust","2025-12-26","","주","한국투자증권 · 종목별 투자자매매동향(일별)","","2025-12-26","","2026-10-03T13:36:02.430Z","","","true","Σ dailyNet[2024-10-02..asOf]","","","","not-configured","기준일 이후 누락: 누적순매수 미확정","true","false","2024-10-02","2026-10-02","","","cumulative","2024-10-02"
"aligned","KR","etf","069500","day","KRW","investmentTrust","2025-12-29","","주","한국투자증권 · 종목별 투자자매매동향(일별)","","2025-12-29","","2026-10-03T13:36:02.430Z","","","true","Σ dailyNet[2024-10-02..asOf]","","","","not-configured","기준일 이후 누락: 누적순매수 미확정","true","false","2024-10-02","2026-10-02","","","cumulative","2024-10-02"
"aligned","KR","etf","069500","day","KRW","investmentTrust","2025-12-30","","주","한국투자증권 · 종목별 투자자매매동향(일별)","","2025-12-30","","2026-10-03T13:36:02.430Z","","","true","Σ dailyNet[2024-10-02..asOf]","","","","not-configured","기준일 이후 누락: 누적순매수 미확정","true","false","2024-10-02","2026-10-02","","","cumulative","2024-10-02"
"aligned","KR","etf","069500","day","KRW","investmentTrust","2026-01-02","","주","한국투자증권 · 종목별 투자자매매동향(일별)","","2026-01-02","","2026-10-03T13:36:02.430Z","","","true","Σ dailyNet[2024-10-02..asOf]","","","","not-configured","기준일 이후 누락: 누적순매수 미확정","true","false","2024-10-02","2026-10-02","","","cumulative","2024-10-02"
"aligned","KR","etf","069500","day","KRW","investmentTrust","2026-01-05","","주","한국투자증권 · 종목별 투자자매매동향(일별)","","2026-01-05","","2026-10-03T13:36:02.430Z","","","true","Σ dailyNet[2024-10-02..asOf]","","","","not-configured","기준일 이후 누락: 누적순매수 미확정","true","false","2024-10-02","2026-10-02","","","cumulative","2024-10-02"
"aligned","KR","etf","069500","day","KRW","investmentTrust","2026-01-06","","주","한국투자증권 · 종목별 투자자매매동향(일별)","","2026-01-06","","2026-10-03T13:36:02.430Z","","","true","Σ dailyNet[2024-10-02..asOf]","","","","not-configured","기준일 이후 누락: 누적순매수 미확정","true","false","2024-10-02","2026-10-02","","","cumulative","2024-10-02"
"aligned","KR","etf","069500","day","KRW","investmentTrust","2026-01-07","","주","한국투자증권 · 종목별 투자자매매동향(일별)","","2026-01-07","","2026-10-03T13:36:02.430Z","","","true","Σ dailyNet[2024-10-02..asOf]","","","","not-configured","기준일 이후 누락: 누적순매수 미확정","true","false","2024-10-02","2026-10-02","","","cumulative","2024-10-02"
"aligned","KR","etf","069500","day","KRW","investmentTrust","2026-01-08","","주","한국투자증권 · 종목별 투자자매매동향(일별)","","2026-01-08","","2026-10-03T13:36:02.430Z","","","true","Σ dailyNet[2024-10-02..asOf]","","","","not-configured","기준일 이후 누락: 누적순매수 미확정","true","false","2024-10-02","2026-10-02","","","cumulative","2024-10-02"
"aligned","KR","etf","069500","day","KRW","investmentTrust","2026-01-09","","주","한국투자증권 · 종목별 투자자매매동향(일별)","","2026-01-09","","2026-10-03T13:36:02.430Z","","","true","Σ dailyNet[2024-10-02..asOf]","","","","not-configured","기준일 이후 누락: 누적순매수 미확정","true","false","2024-10-02","2026-10-02","","","cumulative","2024-10-02"
"aligned","KR","etf","069500","day","KRW","investmentTrust","2026-01-12","","주","한국투자증권 · 종목별 투자자매매동향(일별)","","2026-01-12","","2026-10-03T13:36:02.430Z","","","true","Σ dailyNet[2024-10-02..asOf]","","","","not-configured","기준일 이후 누락: 누적순매수 미확정","true","false","2024-10-02","2026-10-02","","","cumulative","2024-10-02"
"aligned","KR","etf","069500","day","KRW","investmentTrust","2026-01-13","","주","한국투자증권 · 종목별 투자자매매동향(일별)","","2026-01-13","","2026-10-03T13:36:02.430Z","","","true","Σ dailyNet[2024-10-02..asOf]","","","","not-configured","기준일 이후 누락: 누적순매수 미확정","true","false","2024-10-02","2026-10-02","","","cumulative","2024-10-02"
"aligned","KR","etf","069500","day","KRW","investmentTrust","2026-01-14","","주","한국투자증권 · 종목별 투자자매매동향(일별)","","2026-01-14","","2026-10-03T13:36:02.430Z","","","true","Σ dailyNet[2024-10-02..asOf]","","","","not-configured","기준일 이후 누락: 누적순매수 미확정","true","false","2024-10-02","2026-10-02","","","cumulative","2024-10-02"
"aligned","KR","etf","069500","day","KRW","investmentTrust","2026-01-15","","주","한국투자증권 · 종목별 투자자매매동향(일별)","","2026-01-15","","2026-10-03T13:36:02.430Z","","","true","Σ dailyNet[2024-10-02..asOf]","","","","not-configured","기준일 이후 누락: 누적순매수 미확정","true","false","2024-10-02","2026-10-02","","","cumulative","2024-10-02"
"aligned","KR","etf","069500","day","KRW","investmentTrust","2026-01-16","","주","한국투자증권 · 종목별 투자자매매동향(일별)","","2026-01-16","","2026-10-03T13:36:02.430Z","","","true","Σ dailyNet[2024-10-02..asOf]","","","","not-configured","기준일 이후 누락: 누적순매수 미확정","true","false","2024-10-02","2026-10-02","","","cumulative","2024-10-02"
"aligned","KR","etf","069500","day","KRW","investmentTrust","2026-01-19","","주","한국투자증권 · 종목별 투자자매매동향(일별)","","2026-01-19","","2026-10-03T13:36:02.430Z","","","true","Σ dailyNet[2024-10-02..asOf]","","","","not-configured","기준일 이후 누락: 누적순매수 미확정","true","false","2024-10-02","2026-10-02","","","cumulative","2024-10-02"
"aligned","KR","etf","069500","day","KRW","investmentTrust","2026-01-20","","주","한국투자증권 · 종목별 투자자매매동향(일별)","","2026-01-20","","2026-10-03T13:36:02.430Z","","","true","Σ dailyNet[2024-10-02..asOf]","","","","not-configured","기준일 이후 누락: 누적순매수 미확정","true","false","2024-10-02","2026-10-02","","","cumulative","2024-10-02"
"aligned","KR","etf","069500","day","KRW","investmentTrust","2026-01-21","","주","한국투자증권 · 종목별 투자자매매동향(일별)","","2026-01-21","","2026-10-03T13:36:02.430Z","","","true","Σ dailyNet[2024-10-02..asOf]","","","","not-configured","기준일 이후 누락: 누적순매수 미확정","true","false","2024-10-02","2026-10-02","","","cumulative","2024-10-02"
"aligned","KR","etf","069500","day","KRW","investmentTrust","2026-01-22","","주","한국투자증권 · 종목별 투자자매매동향(일별)","","2026-01-22","","2026-10-03T13:36:02.430Z","","","true","Σ dailyNet[2024-10-02..asOf]","","","","not-configured","기준일 이후 누락: 누적순매수 미확정","true","false","2024-10-02","2026-10-02","","","cumulative","2024-10-02"
"aligned","KR","etf","069500","day","KRW","investmentTrust","2026-01-23","","주","한국투자증권 · 종목별 투자자매매동향(일별)","","2026-01-23","","2026-10-03T13:36:02.430Z","","","true","Σ dailyNet[2024-10-02..asOf]","","","","not-configured","기준일 이후 누락: 누적순매수 미확정","true","false","2024-10-02","2026-10-02","","","cumulative","2024-10-02"
"aligned","KR","etf","069500","day","KRW","investmentTrust","2026-01-26","","주","한국투자증권 · 종목별 투자자매매동향(일별)","","2026-01-26","","2026-10-03T13:36:02.430Z","","","true","Σ dailyNet[2024-10-02..asOf]","","","","not-configured","기준일 이후 누락: 누적순매수 미확정","true","false","2024-10-02","2026-10-02","","","cumulative","2024-10-02"
"aligned","KR","etf","069500","day","KRW","investmentTrust","2026-01-27","","주","한국투자증권 · 종목별 투자자매매동향(일별)","","2026-01-27","","2026-10-03T13:36:02.430Z","","","true","Σ dailyNet[2024-10-02..asOf]","","","","not-configured","기준일 이후 누락: 누적순매수 미확정","true","false","2024-10-02","2026-10-02","","","cumulative","2024-10-02"
"aligned","KR","etf","069500","day","KRW","investmentTrust","2026-01-28","","주","한국투자증권 · 종목별 투자자매매동향(일별)","","2026-01-28","","2026-10-03T13:36:02.430Z","","","true","Σ dailyNet[2024-10-02..asOf]","","","","not-configured","기준일 이후 누락: 누적순매수 미확정","true","false","2024-10-02","2026-10-02","","","cumulative","2024-10-02"
"aligned","KR","etf","069500","day","KRW","investmentTrust","2026-01-29","","주","한국투자증권 · 종목별 투자자매매동향(일별)","","2026-01-29","","2026-10-03T13:36:02.430Z","","","true","Σ dailyNet[2024-10-02..asOf]","","","","not-configured","기준일 이후 누락: 누적순매수 미확정","true","false","2024-10-02","2026-10-02","","","cumulative","2024-10-02"
"aligned","KR","etf","069500","day","KRW","investmentTrust","2026-01-30","","주","한국투자증권 · 종목별 투자자매매동향(일별)","","2026-01-30","","2026-10-03T13:36:02.430Z","","","true","Σ dailyNet[2024-10-02..asOf]","","","","not-configured","기준일 이후 누락: 누적순매수 미확정","true","false","2024-10-02","2026-10-02","","","cumulative","2024-10-02"
"aligned","KR","etf","069500","day","KRW","investmentTrust","2026-02-02","","주","한국투자증권 · 종목별 투자자매매동향(일별)","","2026-02-02","","2026-10-03T13:36:02.430Z","","","true","Σ dailyNet[2024-10-02..asOf]","","","","not-configured","기준일 이후 누락: 누적순매수 미확정","true","false","2024-10-02","2026-10-02","","","cumulative","2024-10-02"
"aligned","KR","etf","069500","day","KRW","investmentTrust","2026-02-03","","주","한국투자증권 · 종목별 투자자매매동향(일별)","","2026-02-03","","2026-10-03T13:36:02.430Z","","","true","Σ dailyNet[2024-10-02..asOf]","","","","not-configured","기준일 이후 누락: 누적순매수 미확정","true","false","2024-10-02","2026-10-02","","","cumulative","2024-10-02"
"aligned","KR","etf","069500","day","KRW","investmentTrust","2026-02-04","","주","한국투자증권 · 종목별 투자자매매동향(일별)","","2026-02-04","","2026-10-03T13:36:02.430Z","","","true","Σ dailyNet[2024-10-02..asOf]","","","","not-configured","기준일 이후 누락: 누적순매수 미확정","true","false","2024-10-02","2026-10-02","","","cumulative","2024-10-02"
"aligned","KR","etf","069500","day","KRW","investmentTrust","2026-02-05","","주","한국투자증권 · 종목별 투자자매매동향(일별)","","2026-02-05","","2026-10-03T13:36:02.430Z","","","true","Σ dailyNet[2024-10-02..asOf]","","","","not-configured","기준일 이후 누락: 누적순매수 미확정","true","false","2024-10-02","2026-10-02","","","cumulative","2024-10-02"
"aligned","KR","etf","069500","day","KRW","investmentTrust","2026-02-06","","주","한국투자증권 · 종목별 투자자매매동향(일별)","","2026-02-06","","2026-10-03T13:36:02.430Z","","","true","Σ dailyNet[2024-10-02..asOf]","","","","not-configured","기준일 이후 누락: 누적순매수 미확정","true","false","2024-10-02","2026-10-02","","","cumulative","2024-10-02"
"aligned","KR","etf","069500","day","KRW","investmentTrust","2026-02-09","","주","한국투자증권 · 종목별 투자자매매동향(일별)","","2026-02-09","","2026-10-03T13:36:02.430Z","","","true","Σ dailyNet[2024-10-02..asOf]","","","","not-configured","기준일 이후 누락: 누적순매수 미확정","true","false","2024-10-02","2026-10-02","","","cumulative","2024-10-02"
"aligned","KR","etf","069500","day","KRW","investmentTrust","2026-02-10","","주","한국투자증권 · 종목별 투자자매매동향(일별)","","2026-02-10","","2026-10-03T13:36:02.430Z","","","true","Σ dailyNet[2024-10-02..asOf]","","","","not-configured","기준일 이후 누락: 누적순매수 미확정","true","false","2024-10-02","2026-10-02","","","cumulative","2024-10-02"
"aligned","KR","etf","069500","day","KRW","investmentTrust","2026-02-11","","주","한국투자증권 · 종목별 투자자매매동향(일별)","","2026-02-11","","2026-10-03T13:36:02.430Z","","","true","Σ dailyNet[2024-10-02..asOf]","","","","not-configured","기준일 이후 누락: 누적순매수 미확정","true","false","2024-10-02","2026-10-02","","","cumulative","2024-10-02"
"aligned","KR","etf","069500","day","KRW","investmentTrust","2026-02-12","","주","한국투자증권 · 종목별 투자자매매동향(일별)","","2026-02-12","","2026-10-03T13:36:02.430Z","","","true","Σ dailyNet[2024-10-02..asOf]","","","","not-configured","기준일 이후 누락: 누적순매수 미확정","true","false","2024-10-02","2026-10-02","","","cumulative","2024-10-02"
"aligned","KR","etf","069500","day","KRW","investmentTrust","2026-02-13","","주","한국투자증권 · 종목별 투자자매매동향(일별)","","2026-02-13","","2026-10-03T13:36:02.430Z","","","true","Σ dailyNet[2024-10-02..asOf]","","","","not-configured","기준일 이후 누락: 누적순매수 미확정","true","false","2024-10-02","2026-10-02","","","cumulative","2024-10-02"
"aligned","KR","etf","069500","day","KRW","investmentTrust","2026-02-19","","주","한국투자증권 · 종목별 투자자매매동향(일별)","","2026-02-19","","2026-10-03T13:36:02.430Z","","","true","Σ dailyNet[2024-10-02..asOf]","","","","not-configured","기준일 이후 누락: 누적순매수 미확정","true","false","2024-10-02","2026-10-02","","","cumulative","2024-10-02"
"aligned","KR","etf","069500","day","KRW","investmentTrust","2026-02-20","","주","한국투자증권 · 종목별 투자자매매동향(일별)","","2026-02-20","","2026-10-03T13:36:02.430Z","","","true","Σ dailyNet[2024-10-02..asOf]","","","","not-configured","기준일 이후 누락: 누적순매수 미확정","true","false","2024-10-02","2026-10-02","","","cumulative","2024-10-02"
"aligned","KR","etf","069500","day","KRW","investmentTrust","2026-02-23","","주","한국투자증권 · 종목별 투자자매매동향(일별)","","2026-02-23","","2026-10-03T13:36:02.430Z","","","true","Σ dailyNet[2024-10-02..asOf]","","","","not-configured","기준일 이후 누락: 누적순매수 미확정","true","false","2024-10-02","2026-10-02","","","cumulative","2024-10-02"
"aligned","KR","etf","069500","day","KRW","investmentTrust","2026-02-24","","주","한국투자증권 · 종목별 투자자매매동향(일별)","","2026-02-24","","2026-10-03T13:36:02.430Z","","","true","Σ dailyNet[2024-10-02..asOf]","","","","not-configured","기준일 이후 누락: 누적순매수 미확정","true","false","2024-10-02","2026-10-02","","","cumulative","2024-10-02"
"aligned","KR","etf","069500","day","KRW","investmentTrust","2026-02-25","","주","한국투자증권 · 종목별 투자자매매동향(일별)","","2026-02-25","","2026-10-03T13:36:02.430Z","","","true","Σ dailyNet[2024-10-02..asOf]","","","","not-configured","기준일 이후 누락: 누적순매수 미확정","true","false","2024-10-02","2026-10-02","","","cumulative","2024-10-02"
"aligned","KR","etf","069500","day","KRW","investmentTrust","2026-02-26","","주","한국투자증권 · 종목별 투자자매매동향(일별)","","2026-02-26","","2026-10-03T13:36:02.430Z","","","true","Σ dailyNet[2024-10-02..asOf]","","","","not-configured","기준일 이후 누락: 누적순매수 미확정","true","false","2024-10-02","2026-10-02","","","cumulative","2024-10-02"
"aligned","KR","etf","069500","day","KRW","investmentTrust","2026-02-27","","주","한국투자증권 · 종목별 투자자매매동향(일별)","","2026-02-27","","2026-10-03T13:36:02.430Z","","","true","Σ dailyNet[2024-10-02..asOf]","","","","not-configured","기준일 이후 누락: 누적순매수 미확정","true","false","2024-10-02","2026-10-02","","","cumulative","2024-10-02"
"aligned","KR","etf","069500","day","KRW","investmentTrust","2026-03-03","","주","한국투자증권 · 종목별 투자자매매동향(일별)","","2026-03-03","","2026-10-03T13:36:02.430Z","","","true","Σ dailyNet[2024-10-02..asOf]","","","","not-configured","기준일 이후 누락: 누적순매수 미확정","true","false","2024-10-02","2026-10-02","","","cumulative","2024-10-02"
"aligned","KR","etf","069500","day","KRW","investmentTrust","2026-03-04","","주","한국투자증권 · 종목별 투자자매매동향(일별)","","2026-03-04","","2026-10-03T13:36:02.430Z","","","true","Σ dailyNet[2024-10-02..asOf]","","","","not-configured","기준일 이후 누락: 누적순매수 미확정","true","false","2024-10-02","2026-10-02","","","cumulative","2024-10-02"
"aligned","KR","etf","069500","day","KRW","investmentTrust","2026-03-05","","주","한국투자증권 · 종목별 투자자매매동향(일별)","","2026-03-05","","2026-10-03T13:36:02.430Z","","","true","Σ dailyNet[2024-10-02..asOf]","","","","not-configured","기준일 이후 누락: 누적순매수 미확정","true","false","2024-10-02","2026-10-02","","","cumulative","2024-10-02"
"aligned","KR","etf","069500","day","KRW","investmentTrust","2026-03-06","","주","한국투자증권 · 종목별 투자자매매동향(일별)","","2026-03-06","","2026-10-03T13:36:02.430Z","","","true","Σ dailyNet[2024-10-02..asOf]","","","","not-configured","기준일 이후 누락: 누적순매수 미확정","true","false","2024-10-02","2026-10-02","","","cumulative","2024-10-02"
"aligned","KR","etf","069500","day","KRW","investmentTrust","2026-03-09","","주","한국투자증권 · 종목별 투자자매매동향(일별)","","2026-03-09","","2026-10-03T13:36:02.430Z","","","true","Σ dailyNet[2024-10-02..asOf]","","","","not-configured","기준일 이후 누락: 누적순매수 미확정","true","false","2024-10-02","2026-10-02","","","cumulative","2024-10-02"
"aligned","KR","etf","069500","day","KRW","investmentTrust","2026-03-10","","주","한국투자증권 · 종목별 투자자매매동향(일별)","","2026-03-10","","2026-10-03T13:36:02.430Z","","","true","Σ dailyNet[2024-10-02..asOf]","","","","not-configured","기준일 이후 누락: 누적순매수 미확정","true","false","2024-10-02","2026-10-02","","","cumulative","2024-10-02"
"aligned","KR","etf","069500","day","KRW","investmentTrust","2026-03-11","","주","한국투자증권 · 종목별 투자자매매동향(일별)","","2026-03-11","","2026-10-03T13:36:02.430Z","","","true","Σ dailyNet[2024-10-02..asOf]","","","","not-configured","기준일 이후 누락: 누적순매수 미확정","true","false","2024-10-02","2026-10-02","","","cumulative","2024-10-02"
"aligned","KR","etf","069500","day","KRW","investmentTrust","2026-03-12","","주","한국투자증권 · 종목별 투자자매매동향(일별)","","2026-03-12","","2026-10-03T13:36:02.430Z","","","true","Σ dailyNet[2024-10-02..asOf]","","","","not-configured","기준일 이후 누락: 누적순매수 미확정","true","false","2024-10-02","2026-10-02","","","cumulative","2024-10-02"
"aligned","KR","etf","069500","day","KRW","investmentTrust","2026-03-13","","주","한국투자증권 · 종목별 투자자매매동향(일별)","","2026-03-13","","2026-10-03T13:36:02.430Z","","","true","Σ dailyNet[2024-10-02..asOf]","","","","not-configured","기준일 이후 누락: 누적순매수 미확정","true","false","2024-10-02","2026-10-02","","","cumulative","2024-10-02"
"aligned","KR","etf","069500","day","KRW","investmentTrust","2026-03-16","","주","한국투자증권 · 종목별 투자자매매동향(일별)","","2026-03-16","","2026-10-03T13:36:02.430Z","","","true","Σ dailyNet[2024-10-02..asOf]","","","","not-configured","기준일 이후 누락: 누적순매수 미확정","true","false","2024-10-02","2026-10-02","","","cumulative","2024-10-02"
"aligned","KR","etf","069500","day","KRW","investmentTrust","2026-03-17","","주","한국투자증권 · 종목별 투자자매매동향(일별)","","2026-03-17","","2026-10-03T13:36:02.430Z","","","true","Σ dailyNet[2024-10-02..asOf]","","","","not-configured","기준일 이후 누락: 누적순매수 미확정","true","false","2024-10-02","2026-10-02","","","cumulative","2024-10-02"
"aligned","KR","etf","069500","day","KRW","investmentTrust","2026-03-18","","주","한국투자증권 · 종목별 투자자매매동향(일별)","","2026-03-18","","2026-10-03T13:36:02.430Z","","","true","Σ dailyNet[2024-10-02..asOf]","","","","not-configured","기준일 이후 누락: 누적순매수 미확정","true","false","2024-10-02","2026-10-02","","","cumulative","2024-10-02"
"aligned","KR","etf","069500","day","KRW","investmentTrust","2026-03-19","","주","한국투자증권 · 종목별 투자자매매동향(일별)","","2026-03-19","","2026-10-03T13:36:02.430Z","","","true","Σ dailyNet[2024-10-02..asOf]","","","","not-configured","기준일 이후 누락: 누적순매수 미확정","true","false","2024-10-02","2026-10-02","","","cumulative","2024-10-02"
"aligned","KR","etf","069500","day","KRW","investmentTrust","2026-03-20","","주","한국투자증권 · 종목별 투자자매매동향(일별)","","2026-03-20","","2026-10-03T13:36:02.430Z","","","true","Σ dailyNet[2024-10-02..asOf]","","","","not-configured","기준일 이후 누락: 누적순매수 미확정","true","false","2024-10-02","2026-10-02","","","cumulative","2024-10-02"
"aligned","KR","etf","069500","day","KRW","investmentTrust","2026-03-23","","주","한국투자증권 · 종목별 투자자매매동향(일별)","","2026-03-23","","2026-10-03T13:36:02.430Z","","","true","Σ dailyNet[2024-10-02..asOf]","","","","not-configured","기준일 이후 누락: 누적순매수 미확정","true","false","2024-10-02","2026-10-02","","","cumulative","2024-10-02"
"aligned","KR","etf","069500","day","KRW","investmentTrust","2026-03-24","","주","한국투자증권 · 종목별 투자자매매동향(일별)","","2026-03-24","","2026-10-03T13:36:02.430Z","","","true","Σ dailyNet[2024-10-02..asOf]","","","","not-configured","기준일 이후 누락: 누적순매수 미확정","true","false","2024-10-02","2026-10-02","","","cumulative","2024-10-02"
"aligned","KR","etf","069500","day","KRW","investmentTrust","2026-03-25","","주","한국투자증권 · 종목별 투자자매매동향(일별)","","2026-03-25","","2026-10-03T13:36:02.430Z","","","true","Σ dailyNet[2024-10-02..asOf]","","","","not-configured","기준일 이후 누락: 누적순매수 미확정","true","false","2024-10-02","2026-10-02","","","cumulative","2024-10-02"
"aligned","KR","etf","069500","day","KRW","investmentTrust","2026-03-26","","주","한국투자증권 · 종목별 투자자매매동향(일별)","","2026-03-26","","2026-10-03T13:36:02.430Z","","","true","Σ dailyNet[2024-10-02..asOf]","","","","not-configured","기준일 이후 누락: 누적순매수 미확정","true","false","2024-10-02","2026-10-02","","","cumulative","2024-10-02"
"aligned","KR","etf","069500","day","KRW","investmentTrust","2026-03-27","","주","한국투자증권 · 종목별 투자자매매동향(일별)","","2026-03-27","","2026-10-03T13:36:02.430Z","","","true","Σ dailyNet[2024-10-02..asOf]","","","","not-configured","기준일 이후 누락: 누적순매수 미확정","true","false","2024-10-02","2026-10-02","","","cumulative","2024-10-02"
"aligned","KR","etf","069500","day","KRW","investmentTrust","2026-03-30","","주","한국투자증권 · 종목별 투자자매매동향(일별)","","2026-03-30","","2026-10-03T13:36:02.430Z","","","true","Σ dailyNet[2024-10-02..asOf]","","","","not-configured","기준일 이후 누락: 누적순매수 미확정","true","false","2024-10-02","2026-10-02","","","cumulative","2024-10-02"
"aligned","KR","etf","069500","day","KRW","investmentTrust","2026-03-31","","주","한국투자증권 · 종목별 투자자매매동향(일별)","","2026-03-31","","2026-10-03T13:36:02.430Z","","","true","Σ dailyNet[2024-10-02..asOf]","","","","not-configured","기준일 이후 누락: 누적순매수 미확정","true","false","2024-10-02","2026-10-02","","","cumulative","2024-10-02"
"aligned","KR","etf","069500","day","KRW","investmentTrust","2026-04-01","","주","한국투자증권 · 종목별 투자자매매동향(일별)","","2026-04-01","","2026-10-03T13:36:02.430Z","","","true","Σ dailyNet[2024-10-02..asOf]","","","","not-configured","기준일 이후 누락: 누적순매수 미확정","true","false","2024-10-02","2026-10-02","","","cumulative","2024-10-02"
"aligned","KR","etf","069500","day","KRW","investmentTrust","2026-04-02","","주","한국투자증권 · 종목별 투자자매매동향(일별)","","2026-04-02","","2026-10-03T13:36:02.430Z","","","true","Σ dailyNet[2024-10-02..asOf]","","","","not-configured","기준일 이후 누락: 누적순매수 미확정","true","false","2024-10-02","2026-10-02","","","cumulative","2024-10-02"
"aligned","KR","etf","069500","day","KRW","investmentTrust","2026-04-03","","주","한국투자증권 · 종목별 투자자매매동향(일별)","","2026-04-03","","2026-10-03T13:36:02.430Z","","","true","Σ dailyNet[2024-10-02..asOf]","","","","not-configured","기준일 이후 누락: 누적순매수 미확정","true","false","2024-10-02","2026-10-02","","","cumulative","2024-10-02"
"aligned","KR","etf","069500","day","KRW","investmentTrust","2026-04-06","","주","한국투자증권 · 종목별 투자자매매동향(일별)","","2026-04-06","","2026-10-03T13:36:02.430Z","","","true","Σ dailyNet[2024-10-02..asOf]","","","","not-configured","기준일 이후 누락: 누적순매수 미확정","true","false","2024-10-02","2026-10-02","","","cumulative","2024-10-02"
"aligned","KR","etf","069500","day","KRW","investmentTrust","2026-04-07","","주","한국투자증권 · 종목별 투자자매매동향(일별)","","2026-04-07","","2026-10-03T13:36:02.430Z","","","true","Σ dailyNet[2024-10-02..asOf]","","","","not-configured","기준일 이후 누락: 누적순매수 미확정","true","false","2024-10-02","2026-10-02","","","cumulative","2024-10-02"
"aligned","KR","etf","069500","day","KRW","investmentTrust","2026-04-08","","주","한국투자증권 · 종목별 투자자매매동향(일별)","","2026-04-08","","2026-10-03T13:36:02.430Z","","","true","Σ dailyNet[2024-10-02..asOf]","","","","not-configured","기준일 이후 누락: 누적순매수 미확정","true","false","2024-10-02","2026-10-02","","","cumulative","2024-10-02"
"aligned","KR","etf","069500","day","KRW","investmentTrust","2026-04-09","","주","한국투자증권 · 종목별 투자자매매동향(일별)","","2026-04-09","","2026-10-03T13:36:02.430Z","","","true","Σ dailyNet[2024-10-02..asOf]","","","","not-configured","기준일 이후 누락: 누적순매수 미확정","true","false","2024-10-02","2026-10-02","","","cumulative","2024-10-02"
"aligned","KR","etf","069500","day","KRW","investmentTrust","2026-04-10","","주","한국투자증권 · 종목별 투자자매매동향(일별)","","2026-04-10","","2026-10-03T13:36:02.430Z","","","true","Σ dailyNet[2024-10-02..asOf]","","","","not-configured","기준일 이후 누락: 누적순매수 미확정","true","false","2024-10-02","2026-10-02","","","cumulative","2024-10-02"
"aligned","KR","etf","069500","day","KRW","investmentTrust","2026-04-13","","주","한국투자증권 · 종목별 투자자매매동향(일별)","","2026-04-13","","2026-10-03T13:36:02.430Z","","","true","Σ dailyNet[2024-10-02..asOf]","","","","not-configured","기준일 이후 누락: 누적순매수 미확정","true","false","2024-10-02","2026-10-02","","","cumulative","2024-10-02"
"aligned","KR","etf","069500","day","KRW","investmentTrust","2026-04-14","","주","한국투자증권 · 종목별 투자자매매동향(일별)","","2026-04-14","","2026-10-03T13:36:02.430Z","","","true","Σ dailyNet[2024-10-02..asOf]","","","","not-configured","기준일 이후 누락: 누적순매수 미확정","true","false","2024-10-02","2026-10-02","","","cumulative","2024-10-02"
"aligned","KR","etf","069500","day","KRW","investmentTrust","2026-04-15","","주","한국투자증권 · 종목별 투자자매매동향(일별)","","2026-04-15","","2026-10-03T13:36:02.430Z","","","true","Σ dailyNet[2024-10-02..asOf]","","","","not-configured","기준일 이후 누락: 누적순매수 미확정","true","false","2024-10-02","2026-10-02","","","cumulative","2024-10-02"
"aligned","KR","etf","069500","day","KRW","investmentTrust","2026-04-16","","주","한국투자증권 · 종목별 투자자매매동향(일별)","","2026-04-16","","2026-10-03T13:36:02.430Z","","","true","Σ dailyNet[2024-10-02..asOf]","","","","not-configured","기준일 이후 누락: 누적순매수 미확정","true","false","2024-10-02","2026-10-02","","","cumulative","2024-10-02"
"aligned","KR","etf","069500","day","KRW","investmentTrust","2026-04-17","","주","한국투자증권 · 종목별 투자자매매동향(일별)","","2026-04-17","","2026-10-03T13:36:02.430Z","","","true","Σ dailyNet[2024-10-02..asOf]","","","","not-configured","기준일 이후 누락: 누적순매수 미확정","true","false","2024-10-02","2026-10-02","","","cumulative","2024-10-02"
"aligned","KR","etf","069500","day","KRW","investmentTrust","2026-04-20","","주","한국투자증권 · 종목별 투자자매매동향(일별)","","2026-04-20","","2026-10-03T13:36:02.430Z","","","true","Σ dailyNet[2024-10-02..asOf]","","","","not-configured","기준일 이후 누락: 누적순매수 미확정","true","false","2024-10-02","2026-10-02","","","cumulative","2024-10-02"
"aligned","KR","etf","069500","day","KRW","investmentTrust","2026-04-21","","주","한국투자증권 · 종목별 투자자매매동향(일별)","","2026-04-21","","2026-10-03T13:36:02.430Z","","","true","Σ dailyNet[2024-10-02..asOf]","","","","not-configured","기준일 이후 누락: 누적순매수 미확정","true","false","2024-10-02","2026-10-02","","","cumulative","2024-10-02"
"aligned","KR","etf","069500","day","KRW","investmentTrust","2026-04-22","","주","한국투자증권 · 종목별 투자자매매동향(일별)","","2026-04-22","","2026-10-03T13:36:02.430Z","","","true","Σ dailyNet[2024-10-02..asOf]","","","","not-configured","기준일 이후 누락: 누적순매수 미확정","true","false","2024-10-02","2026-10-02","","","cumulative","2024-10-02"
"aligned","KR","etf","069500","day","KRW","investmentTrust","2026-04-23","","주","한국투자증권 · 종목별 투자자매매동향(일별)","","2026-04-23","","2026-10-03T13:36:02.430Z","","","true","Σ dailyNet[2024-10-02..asOf]","","","","not-configured","기준일 이후 누락: 누적순매수 미확정","true","false","2024-10-02","2026-10-02","","","cumulative","2024-10-02"
"aligned","KR","etf","069500","day","KRW","investmentTrust","2026-04-24","","주","한국투자증권 · 종목별 투자자매매동향(일별)","","2026-04-24","","2026-10-03T13:36:02.430Z","","","true","Σ dailyNet[2024-10-02..asOf]","","","","not-configured","기준일 이후 누락: 누적순매수 미확정","true","false","2024-10-02","2026-10-02","","","cumulative","2024-10-02"
"aligned","KR","etf","069500","day","KRW","investmentTrust","2026-04-27","","주","한국투자증권 · 종목별 투자자매매동향(일별)","","2026-04-27","","2026-10-03T13:36:02.430Z","","","true","Σ dailyNet[2024-10-02..asOf]","","","","not-configured","기준일 이후 누락: 누적순매수 미확정","true","false","2024-10-02","2026-10-02","","","cumulative","2024-10-02"
"aligned","KR","etf","069500","day","KRW","investmentTrust","2026-04-28","","주","한국투자증권 · 종목별 투자자매매동향(일별)","","2026-04-28","","2026-10-03T13:36:02.430Z","","","true","Σ dailyNet[2024-10-02..asOf]","","","","not-configured","기준일 이후 누락: 누적순매수 미확정","true","false","2024-10-02","2026-10-02","","","cumulative","2024-10-02"
"aligned","KR","etf","069500","day","KRW","investmentTrust","2026-04-29","","주","한국투자증권 · 종목별 투자자매매동향(일별)","","2026-04-29","","2026-10-03T13:36:02.430Z","","","true","Σ dailyNet[2024-10-02..asOf]","","","","not-configured","기준일 이후 누락: 누적순매수 미확정","true","false","2024-10-02","2026-10-02","","","cumulative","2024-10-02"
"aligned","KR","etf","069500","day","KRW","investmentTrust","2026-04-30","","주","한국투자증권 · 종목별 투자자매매동향(일별)","","2026-04-30","","2026-10-03T13:36:02.430Z","","","true","Σ dailyNet[2024-10-02..asOf]","","","","not-configured","기준일 이후 누락: 누적순매수 미확정","true","false","2024-10-02","2026-10-02","","","cumulative","2024-10-02"
"aligned","KR","etf","069500","day","KRW","investmentTrust","2026-05-04","","주","한국투자증권 · 종목별 투자자매매동향(일별)","","2026-05-04","","2026-10-03T13:36:02.430Z","","","true","Σ dailyNet[2024-10-02..asOf]","","","","not-configured","기준일 이후 누락: 누적순매수 미확정","true","false","2024-10-02","2026-10-02","","","cumulative","2024-10-02"
"aligned","KR","etf","069500","day","KRW","investmentTrust","2026-05-06","","주","한국투자증권 · 종목별 투자자매매동향(일별)","","2026-05-06","","2026-10-03T13:36:02.430Z","","","true","Σ dailyNet[2024-10-02..asOf]","","","","not-configured","기준일 이후 누락: 누적순매수 미확정","true","false","2024-10-02","2026-10-02","","","cumulative","2024-10-02"
"aligned","KR","etf","069500","day","KRW","investmentTrust","2026-05-07","","주","한국투자증권 · 종목별 투자자매매동향(일별)","","2026-05-07","","2026-10-03T13:36:02.430Z","","","true","Σ dailyNet[2024-10-02..asOf]","","","","not-configured","기준일 이후 누락: 누적순매수 미확정","true","false","2024-10-02","2026-10-02","","","cumulative","2024-10-02"
"aligned","KR","etf","069500","day","KRW","investmentTrust","2026-05-08","","주","한국투자증권 · 종목별 투자자매매동향(일별)","","2026-05-08","","2026-10-03T13:36:02.430Z","","","true","Σ dailyNet[2024-10-02..asOf]","","","","not-configured","기준일 이후 누락: 누적순매수 미확정","true","false","2024-10-02","2026-10-02","","","cumulative","2024-10-02"
"aligned","KR","etf","069500","day","KRW","investmentTrust","2026-05-11","","주","한국투자증권 · 종목별 투자자매매동향(일별)","","2026-05-11","","2026-10-03T13:36:02.430Z","","","true","Σ dailyNet[2024-10-02..asOf]","","","","not-configured","기준일 이후 누락: 누적순매수 미확정","true","false","2024-10-02","2026-10-02","","","cumulative","2024-10-02"
"aligned","KR","etf","069500","day","KRW","investmentTrust","2026-05-12","","주","한국투자증권 · 종목별 투자자매매동향(일별)","","2026-05-12","","2026-10-03T13:36:02.430Z","","","true","Σ dailyNet[2024-10-02..asOf]","","","","not-configured","기준일 이후 누락: 누적순매수 미확정","true","false","2024-10-02","2026-10-02","","","cumulative","2024-10-02"
"aligned","KR","etf","069500","day","KRW","investmentTrust","2026-05-13","","주","한국투자증권 · 종목별 투자자매매동향(일별)","","2026-05-13","","2026-10-03T13:36:02.430Z","","","true","Σ dailyNet[2024-10-02..asOf]","","","","not-configured","기준일 이후 누락: 누적순매수 미확정","true","false","2024-10-02","2026-10-02","","","cumulative","2024-10-02"
"aligned","KR","etf","069500","day","KRW","investmentTrust","2026-05-14","","주","한국투자증권 · 종목별 투자자매매동향(일별)","","2026-05-14","","2026-10-03T13:36:02.430Z","","","true","Σ dailyNet[2024-10-02..asOf]","","","","not-configured","기준일 이후 누락: 누적순매수 미확정","true","false","2024-10-02","2026-10-02","","","cumulative","2024-10-02"
"aligned","KR","etf","069500","day","KRW","investmentTrust","2026-05-15","","주","한국투자증권 · 종목별 투자자매매동향(일별)","","2026-05-15","","2026-10-03T13:36:02.430Z","","","true","Σ dailyNet[2024-10-02..asOf]","","","","not-configured","기준일 이후 누락: 누적순매수 미확정","true","false","2024-10-02","2026-10-02","","","cumulative","2024-10-02"
"aligned","KR","etf","069500","day","KRW","investmentTrust","2026-05-18","","주","한국투자증권 · 종목별 투자자매매동향(일별)","","2026-05-18","","2026-10-03T13:36:02.430Z","","","true","Σ dailyNet[2024-10-02..asOf]","","","","not-configured","기준일 이후 누락: 누적순매수 미확정","true","false","2024-10-02","2026-10-02","","","cumulative","2024-10-02"
"aligned","KR","etf","069500","day","KRW","investmentTrust","2026-05-19","","주","한국투자증권 · 종목별 투자자매매동향(일별)","","2026-05-19","","2026-10-03T13:36:02.430Z","","","true","Σ dailyNet[2024-10-02..asOf]","","","","not-configured","기준일 이후 누락: 누적순매수 미확정","true","false","2024-10-02","2026-10-02","","","cumulative","2024-10-02"
"aligned","KR","etf","069500","day","KRW","investmentTrust","2026-05-20","","주","한국투자증권 · 종목별 투자자매매동향(일별)","","2026-05-20","","2026-10-03T13:36:02.430Z","","","true","Σ dailyNet[2024-10-02..asOf]","","","","not-configured","기준일 이후 누락: 누적순매수 미확정","true","false","2024-10-02","2026-10-02","","","cumulative","2024-10-02"
"aligned","KR","etf","069500","day","KRW","investmentTrust","2026-05-21","","주","한국투자증권 · 종목별 투자자매매동향(일별)","","2026-05-21","","2026-10-03T13:36:02.430Z","","","true","Σ dailyNet[2024-10-02..asOf]","","","","not-configured","기준일 이후 누락: 누적순매수 미확정","true","false","2024-10-02","2026-10-02","","","cumulative","2024-10-02"
"aligned","KR","etf","069500","day","KRW","investmentTrust","2026-05-22","","주","한국투자증권 · 종목별 투자자매매동향(일별)","","2026-05-22","","2026-10-03T13:36:02.430Z","","","true","Σ dailyNet[2024-10-02..asOf]","","","","not-configured","기준일 이후 누락: 누적순매수 미확정","true","false","2024-10-02","2026-10-02","","","cumulative","2024-10-02"
"aligned","KR","etf","069500","day","KRW","investmentTrust","2026-05-26","","주","한국투자증권 · 종목별 투자자매매동향(일별)","","2026-05-26","","2026-10-03T13:36:02.430Z","","","true","Σ dailyNet[2024-10-02..asOf]","","","","not-configured","기준일 이후 누락: 누적순매수 미확정","true","false","2024-10-02","2026-10-02","","","cumulative","2024-10-02"
"aligned","KR","etf","069500","day","KRW","investmentTrust","2026-05-27","","주","한국투자증권 · 종목별 투자자매매동향(일별)","","2026-05-27","","2026-10-03T13:36:02.430Z","","","true","Σ dailyNet[2024-10-02..asOf]","","","","not-configured","기준일 이후 누락: 누적순매수 미확정","true","false","2024-10-02","2026-10-02","","","cumulative","2024-10-02"
"aligned","KR","etf","069500","day","KRW","investmentTrust","2026-05-28","","주","한국투자증권 · 종목별 투자자매매동향(일별)","","2026-05-28","","2026-10-03T13:36:02.430Z","","","true","Σ dailyNet[2024-10-02..asOf]","","","","not-configured","기준일 이후 누락: 누적순매수 미확정","true","false","2024-10-02","2026-10-02","","","cumulative","2024-10-02"
"aligned","KR","etf","069500","day","KRW","investmentTrust","2026-05-29","","주","한국투자증권 · 종목별 투자자매매동향(일별)","","2026-05-29","","2026-10-03T13:36:02.430Z","","","true","Σ dailyNet[2024-10-02..asOf]","","","","not-configured","기준일 이후 누락: 누적순매수 미확정","true","false","2024-10-02","2026-10-02","","","cumulative","2024-10-02"
"aligned","KR","etf","069500","day","KRW","investmentTrust","2026-06-01","","주","한국투자증권 · 종목별 투자자매매동향(일별)","","2026-06-01","","2026-10-03T13:36:02.430Z","","","true","Σ dailyNet[2024-10-02..asOf]","","","","not-configured","기준일 이후 누락: 누적순매수 미확정","true","false","2024-10-02","2026-10-02","","","cumulative","2024-10-02"
"aligned","KR","etf","069500","day","KRW","investmentTrust","2026-06-02","","주","한국투자증권 · 종목별 투자자매매동향(일별)","","2026-06-02","","2026-10-03T13:36:02.430Z","","","true","Σ dailyNet[2024-10-02..asOf]","","","","not-configured","기준일 이후 누락: 누적순매수 미확정","true","false","2024-10-02","2026-10-02","","","cumulative","2024-10-02"
"aligned","KR","etf","069500","day","KRW","investmentTrust","2026-06-04","","주","한국투자증권 · 종목별 투자자매매동향(일별)","","2026-06-04","","2026-10-03T13:36:02.430Z","","","true","Σ dailyNet[2024-10-02..asOf]","","","","not-configured","기준일 이후 누락: 누적순매수 미확정","true","false","2024-10-02","2026-10-02","","","cumulative","2024-10-02"
"aligned","KR","etf","069500","day","KRW","investmentTrust","2026-06-05","","주","한국투자증권 · 종목별 투자자매매동향(일별)","","2026-06-05","","2026-10-03T13:36:02.430Z","","","true","Σ dailyNet[2024-10-02..asOf]","","","","not-configured","기준일 이후 누락: 누적순매수 미확정","true","false","2024-10-02","2026-10-02","","","cumulative","2024-10-02"
"aligned","KR","etf","069500","day","KRW","investmentTrust","2026-06-08","","주","한국투자증권 · 종목별 투자자매매동향(일별)","","2026-06-08","","2026-10-03T13:36:02.430Z","","","true","Σ dailyNet[2024-10-02..asOf]","","","","not-configured","기준일 이후 누락: 누적순매수 미확정","true","false","2024-10-02","2026-10-02","","","cumulative","2024-10-02"
"aligned","KR","etf","069500","day","KRW","investmentTrust","2026-06-09","","주","한국투자증권 · 종목별 투자자매매동향(일별)","","2026-06-09","","2026-10-03T13:36:02.430Z","","","true","Σ dailyNet[2024-10-02..asOf]","","","","not-configured","기준일 이후 누락: 누적순매수 미확정","true","false","2024-10-02","2026-10-02","","","cumulative","2024-10-02"
"aligned","KR","etf","069500","day","KRW","investmentTrust","2026-06-10","","주","한국투자증권 · 종목별 투자자매매동향(일별)","","2026-06-10","","2026-10-03T13:36:02.430Z","","","true","Σ dailyNet[2024-10-02..asOf]","","","","not-configured","기준일 이후 누락: 누적순매수 미확정","true","false","2024-10-02","2026-10-02","","","cumulative","2024-10-02"
"aligned","KR","etf","069500","day","KRW","investmentTrust","2026-06-11","","주","한국투자증권 · 종목별 투자자매매동향(일별)","","2026-06-11","","2026-10-03T13:36:02.430Z","","","true","Σ dailyNet[2024-10-02..asOf]","","","","not-configured","기준일 이후 누락: 누적순매수 미확정","true","false","2024-10-02","2026-10-02","","","cumulative","2024-10-02"
"aligned","KR","etf","069500","day","KRW","investmentTrust","2026-06-12","","주","한국투자증권 · 종목별 투자자매매동향(일별)","","2026-06-12","","2026-10-03T13:36:02.430Z","","","true","Σ dailyNet[2024-10-02..asOf]","","","","not-configured","기준일 이후 누락: 누적순매수 미확정","true","false","2024-10-02","2026-10-02","","","cumulative","2024-10-02"
"aligned","KR","etf","069500","day","KRW","investmentTrust","2026-06-15","","주","한국투자증권 · 종목별 투자자매매동향(일별)","","2026-06-15","","2026-10-03T13:36:02.430Z","","","true","Σ dailyNet[2024-10-02..asOf]","","","","not-configured","기준일 이후 누락: 누적순매수 미확정","true","false","2024-10-02","2026-10-02","","","cumulative","2024-10-02"
"aligned","KR","etf","069500","day","KRW","investmentTrust","2026-06-16","","주","한국투자증권 · 종목별 투자자매매동향(일별)","","2026-06-16","","2026-10-03T13:36:02.430Z","","","true","Σ dailyNet[2024-10-02..asOf]","","","","not-configured","기준일 이후 누락: 누적순매수 미확정","true","false","2024-10-02","2026-10-02","","","cumulative","2024-10-02"
"aligned","KR","etf","069500","day","KRW","investmentTrust","2026-06-17","","주","한국투자증권 · 종목별 투자자매매동향(일별)","","2026-06-17","","2026-10-03T13:36:02.430Z","","","true","Σ dailyNet[2024-10-02..asOf]","","","","not-configured","기준일 이후 누락: 누적순매수 미확정","true","false","2024-10-02","2026-10-02","","","cumulative","2024-10-02"
"aligned","KR","etf","069500","day","KRW","investmentTrust","2026-06-18","","주","한국투자증권 · 종목별 투자자매매동향(일별)","","2026-06-18","","2026-10-03T13:36:02.430Z","","","true","Σ dailyNet[2024-10-02..asOf]","","","","not-configured","기준일 이후 누락: 누적순매수 미확정","true","false","2024-10-02","2026-10-02","","","cumulative","2024-10-02"
"aligned","KR","etf","069500","day","KRW","investmentTrust","2026-06-19","","주","한국투자증권 · 종목별 투자자매매동향(일별)","","2026-06-19","","2026-10-03T13:36:02.430Z","","","true","Σ dailyNet[2024-10-02..asOf]","","","","not-configured","기준일 이후 누락: 누적순매수 미확정","true","false","2024-10-02","2026-10-02","","","cumulative","2024-10-02"
"aligned","KR","etf","069500","day","KRW","investmentTrust","2026-06-22","","주","한국투자증권 · 종목별 투자자매매동향(일별)","","2026-06-22","","2026-10-03T13:36:02.430Z","","","true","Σ dailyNet[2024-10-02..asOf]","","","","not-configured","기준일 이후 누락: 누적순매수 미확정","true","false","2024-10-02","2026-10-02","","","cumulative","2024-10-02"
"aligned","KR","etf","069500","day","KRW","investmentTrust","2026-06-23","","주","한국투자증권 · 종목별 투자자매매동향(일별)","","2026-06-23","","2026-10-03T13:36:02.430Z","","","true","Σ dailyNet[2024-10-02..asOf]","","","","not-configured","기준일 이후 누락: 누적순매수 미확정","true","false","2024-10-02","2026-10-02","","","cumulative","2024-10-02"
"aligned","KR","etf","069500","day","KRW","investmentTrust","2026-06-24","","주","한국투자증권 · 종목별 투자자매매동향(일별)","","2026-06-24","","2026-10-03T13:36:02.430Z","","","true","Σ dailyNet[2024-10-02..asOf]","","","","not-configured","기준일 이후 누락: 누적순매수 미확정","true","false","2024-10-02","2026-10-02","","","cumulative","2024-10-02"
"aligned","KR","etf","069500","day","KRW","investmentTrust","2026-06-25","","주","한국투자증권 · 종목별 투자자매매동향(일별)","","2026-06-25","","2026-10-03T13:36:02.430Z","","","true","Σ dailyNet[2024-10-02..asOf]","","","","not-configured","기준일 이후 누락: 누적순매수 미확정","true","false","2024-10-02","2026-10-02","","","cumulative","2024-10-02"
"aligned","KR","etf","069500","day","KRW","investmentTrust","2026-06-26","","주","한국투자증권 · 종목별 투자자매매동향(일별)","","2026-06-26","","2026-10-03T13:36:02.430Z","","","true","Σ dailyNet[2024-10-02..asOf]","","","","not-configured","기준일 이후 누락: 누적순매수 미확정","true","false","2024-10-02","2026-10-02","","","cumulative","2024-10-02"
"aligned","KR","etf","069500","day","KRW","investmentTrust","2026-06-29","","주","한국투자증권 · 종목별 투자자매매동향(일별)","","2026-06-29","","2026-10-03T13:36:02.430Z","","","true","Σ dailyNet[2024-10-02..asOf]","","","","not-configured","기준일 이후 누락: 누적순매수 미확정","true","false","2024-10-02","2026-10-02","","","cumulative","2024-10-02"
"aligned","KR","etf","069500","day","KRW","investmentTrust","2026-06-30","","주","한국투자증권 · 종목별 투자자매매동향(일별)","","2026-06-30","","2026-10-03T13:36:02.430Z","","","true","Σ dailyNet[2024-10-02..asOf]","","","","not-configured","기준일 이후 누락: 누적순매수 미확정","true","false","2024-10-02","2026-10-02","","","cumulative","2024-10-02"
"aligned","KR","etf","069500","day","KRW","investmentTrust","2026-07-01","","주","한국투자증권 · 종목별 투자자매매동향(일별)","","2026-07-01","","2026-10-03T13:36:02.430Z","","","true","Σ dailyNet[2024-10-02..asOf]","","","","not-configured","기준일 이후 누락: 누적순매수 미확정","true","false","2024-10-02","2026-10-02","","","cumulative","2024-10-02"
"aligned","KR","etf","069500","day","KRW","investmentTrust","2026-07-02","","주","한국투자증권 · 종목별 투자자매매동향(일별)","","2026-07-02","","2026-10-03T13:36:02.430Z","","","true","Σ dailyNet[2024-10-02..asOf]","","","","not-configured","기준일 이후 누락: 누적순매수 미확정","true","false","2024-10-02","2026-10-02","","","cumulative","2024-10-02"
"aligned","KR","etf","069500","day","KRW","investmentTrust","2026-07-03","","주","한국투자증권 · 종목별 투자자매매동향(일별)","","2026-07-03","","2026-10-03T13:36:02.430Z","","","true","Σ dailyNet[2024-10-02..asOf]","","","","not-configured","기준일 이후 누락: 누적순매수 미확정","true","false","2024-10-02","2026-10-02","","","cumulative","2024-10-02"
"aligned","KR","etf","069500","day","KRW","investmentTrust","2026-07-06","","주","한국투자증권 · 종목별 투자자매매동향(일별)","","2026-07-06","","2026-10-03T13:36:02.430Z","","","true","Σ dailyNet[2024-10-02..asOf]","","","","not-configured","기준일 이후 누락: 누적순매수 미확정","true","false","2024-10-02","2026-10-02","","","cumulative","2024-10-02"
"aligned","KR","etf","069500","day","KRW","investmentTrust","2026-07-07","","주","한국투자증권 · 종목별 투자자매매동향(일별)","","2026-07-07","","2026-10-03T13:36:02.430Z","","","true","Σ dailyNet[2024-10-02..asOf]","","","","not-configured","기준일 이후 누락: 누적순매수 미확정","true","false","2024-10-02","2026-10-02","","","cumulative","2024-10-02"
"aligned","KR","etf","069500","day","KRW","investmentTrust","2026-07-08","","주","한국투자증권 · 종목별 투자자매매동향(일별)","","2026-07-08","","2026-10-03T13:36:02.430Z","","","true","Σ dailyNet[2024-10-02..asOf]","","","","not-configured","기준일 이후 누락: 누적순매수 미확정","true","false","2024-10-02","2026-10-02","","","cumulative","2024-10-02"
"aligned","KR","etf","069500","day","KRW","investmentTrust","2026-07-09","","주","한국투자증권 · 종목별 투자자매매동향(일별)","","2026-07-09","","2026-10-03T13:36:02.430Z","","","true","Σ dailyNet[2024-10-02..asOf]","","","","not-configured","기준일 이후 누락: 누적순매수 미확정","true","false","2024-10-02","2026-10-02","","","cumulative","2024-10-02"
"aligned","KR","etf","069500","day","KRW","investmentTrust","2026-07-10","","주","한국투자증권 · 종목별 투자자매매동향(일별)","","2026-07-10","","2026-10-03T13:36:02.430Z","","","true","Σ dailyNet[2024-10-02..asOf]","","","","not-configured","기준일 이후 누락: 누적순매수 미확정","true","false","2024-10-02","2026-10-02","","","cumulative","2024-10-02"
"aligned","KR","etf","069500","day","KRW","investmentTrust","2026-07-13","","주","한국투자증권 · 종목별 투자자매매동향(일별)","","2026-07-13","","2026-10-03T13:36:02.430Z","","","true","Σ dailyNet[2024-10-02..asOf]","","","","not-configured","기준일 이후 누락: 누적순매수 미확정","true","false","2024-10-02","2026-10-02","","","cumulative","2024-10-02"
"aligned","KR","etf","069500","day","KRW","investmentTrust","2026-07-14","","주","한국투자증권 · 종목별 투자자매매동향(일별)","","2026-07-14","","2026-10-03T13:36:02.430Z","","","true","Σ dailyNet[2024-10-02..asOf]","","","","not-configured","기준일 이후 누락: 누적순매수 미확정","true","false","2024-10-02","2026-10-02","","","cumulative","2024-10-02"
"aligned","KR","etf","069500","day","KRW","investmentTrust","2026-07-15","","주","한국투자증권 · 종목별 투자자매매동향(일별)","","2026-07-15","","2026-10-03T13:36:02.430Z","","","true","Σ dailyNet[2024-10-02..asOf]","","","","not-configured","기준일 이후 누락: 누적순매수 미확정","true","false","2024-10-02","2026-10-02","","","cumulative","2024-10-02"
"aligned","KR","etf","069500","day","KRW","investmentTrust","2026-07-16","","주","한국투자증권 · 종목별 투자자매매동향(일별)","","2026-07-16","","2026-10-03T13:36:02.430Z","","","true","Σ dailyNet[2024-10-02..asOf]","","","","not-configured","기준일 이후 누락: 누적순매수 미확정","true","false","2024-10-02","2026-10-02","","","cumulative","2024-10-02"
"aligned","KR","etf","069500","day","KRW","investmentTrust","2026-07-20","","주","한국투자증권 · 종목별 투자자매매동향(일별)","","2026-07-20","","2026-10-03T13:36:02.430Z","","","true","Σ dailyNet[2024-10-02..asOf]","","","","not-configured","기준일 이후 누락: 누적순매수 미확정","true","false","2024-10-02","2026-10-02","","","cumulative","2024-10-02"
"aligned","KR","etf","069500","day","KRW","investmentTrust","2026-07-21","","주","한국투자증권 · 종목별 투자자매매동향(일별)","","2026-07-21","","2026-10-03T13:36:02.430Z","","","true","Σ dailyNet[2024-10-02..asOf]","","","","not-configured","기준일 이후 누락: 누적순매수 미확정","true","false","2024-10-02","2026-10-02","","","cumulative","2024-10-02"
"aligned","KR","etf","069500","day","KRW","investmentTrust","2026-07-22","","주","한국투자증권 · 종목별 투자자매매동향(일별)","","2026-07-22","","2026-10-03T13:36:02.430Z","","","true","Σ dailyNet[2024-10-02..asOf]","","","","not-configured","기준일 이후 누락: 누적순매수 미확정","true","false","2024-10-02","2026-10-02","","","cumulative","2024-10-02"
"aligned","KR","etf","069500","day","KRW","investmentTrust","2026-07-23","","주","한국투자증권 · 종목별 투자자매매동향(일별)","","2026-07-23","","2026-10-03T13:36:02.430Z","","","true","Σ dailyNet[2024-10-02..asOf]","","","","not-configured","기준일 이후 누락: 누적순매수 미확정","true","false","2024-10-02","2026-10-02","","","cumulative","2024-10-02"
"aligned","KR","etf","069500","day","KRW","investmentTrust","2026-07-24","","주","한국투자증권 · 종목별 투자자매매동향(일별)","","2026-07-24","","2026-10-03T13:36:02.430Z","","","true","Σ dailyNet[2024-10-02..asOf]","","","","not-configured","기준일 이후 누락: 누적순매수 미확정","true","false","2024-10-02","2026-10-02","","","cumulative","2024-10-02"
"aligned","KR","etf","069500","day","KRW","investmentTrust","2026-07-27","","주","한국투자증권 · 종목별 투자자매매동향(일별)","","2026-07-27","","2026-10-03T13:36:02.430Z","","","true","Σ dailyNet[2024-10-02..asOf]","","","","not-configured","기준일 이후 누락: 누적순매수 미확정","true","false","2024-10-02","2026-10-02","","","cumulative","2024-10-02"
"aligned","KR","etf","069500","day","KRW","investmentTrust","2026-07-28","","주","한국투자증권 · 종목별 투자자매매동향(일별)","","2026-07-28","","2026-10-03T13:36:02.430Z","","","true","Σ dailyNet[2024-10-02..asOf]","","","","not-configured","기준일 이후 누락: 누적순매수 미확정","true","false","2024-10-02","2026-10-02","","","cumulative","2024-10-02"
"aligned","KR","etf","069500","day","KRW","investmentTrust","2026-07-29","","주","한국투자증권 · 종목별 투자자매매동향(일별)","","2026-07-29","","2026-10-03T13:36:02.430Z","","","true","Σ dailyNet[2024-10-02..asOf]","","","","not-configured","기준일 이후 누락: 누적순매수 미확정","true","false","2024-10-02","2026-10-02","","","cumulative","2024-10-02"
"aligned","KR","etf","069500","day","KRW","investmentTrust","2026-07-30","","주","한국투자증권 · 종목별 투자자매매동향(일별)","","2026-07-30","","2026-10-03T13:36:02.430Z","","","true","Σ dailyNet[2024-10-02..asOf]","","","","not-configured","기준일 이후 누락: 누적순매수 미확정","true","false","2024-10-02","2026-10-02","","","cumulative","2024-10-02"
"aligned","KR","etf","069500","day","KRW","investmentTrust","2026-07-31","","주","한국투자증권 · 종목별 투자자매매동향(일별)","","2026-07-31","","2026-10-03T13:36:02.430Z","","","true","Σ dailyNet[2024-10-02..asOf]","","","","not-configured","기준일 이후 누락: 누적순매수 미확정","true","false","2024-10-02","2026-10-02","","","cumulative","2024-10-02"
"aligned","KR","etf","069500","day","KRW","investmentTrust","2026-08-03","","주","한국투자증권 · 종목별 투자자매매동향(일별)","","2026-08-03","","2026-10-03T13:36:02.430Z","","","true","Σ dailyNet[2024-10-02..asOf]","","","","not-configured","기준일 이후 누락: 누적순매수 미확정","true","false","2024-10-02","2026-10-02","","","cumulative","2024-10-02"
"aligned","KR","etf","069500","day","KRW","investmentTrust","2026-08-04","","주","한국투자증권 · 종목별 투자자매매동향(일별)","","2026-08-04","","2026-10-03T13:36:02.430Z","","","true","Σ dailyNet[2024-10-02..asOf]","","","","not-configured","기준일 이후 누락: 누적순매수 미확정","true","false","2024-10-02","2026-10-02","","","cumulative","2024-10-02"
"aligned","KR","etf","069500","day","KRW","investmentTrust","2026-08-05","","주","한국투자증권 · 종목별 투자자매매동향(일별)","","2026-08-05","","2026-10-03T13:36:02.430Z","","","true","Σ dailyNet[2024-10-02..asOf]","","","","not-configured","기준일 이후 누락: 누적순매수 미확정","true","false","2024-10-02","2026-10-02","","","cumulative","2024-10-02"
"aligned","KR","etf","069500","day","KRW","investmentTrust","2026-08-06","","주","한국투자증권 · 종목별 투자자매매동향(일별)","","2026-08-06","","2026-10-03T13:36:02.430Z","","","true","Σ dailyNet[2024-10-02..asOf]","","","","not-configured","기준일 이후 누락: 누적순매수 미확정","true","false","2024-10-02","2026-10-02","","","cumulative","2024-10-02"
"aligned","KR","etf","069500","day","KRW","investmentTrust","2026-08-07","","주","한국투자증권 · 종목별 투자자매매동향(일별)","","2026-08-07","","2026-10-03T13:36:02.430Z","","","true","Σ dailyNet[2024-10-02..asOf]","","","","not-configured","기준일 이후 누락: 누적순매수 미확정","true","false","2024-10-02","2026-10-02","","","cumulative","2024-10-02"
"aligned","KR","etf","069500","day","KRW","investmentTrust","2026-08-10","","주","한국투자증권 · 종목별 투자자매매동향(일별)","","2026-08-10","","2026-10-03T13:36:02.430Z","","","true","Σ dailyNet[2024-10-02..asOf]","","","","not-configured","기준일 이후 누락: 누적순매수 미확정","true","false","2024-10-02","2026-10-02","","","cumulative","2024-10-02"
"aligned","KR","etf","069500","day","KRW","investmentTrust","2026-08-11","","주","한국투자증권 · 종목별 투자자매매동향(일별)","","2026-08-11","","2026-10-03T13:36:02.430Z","","","true","Σ dailyNet[2024-10-02..asOf]","","","","not-configured","기준일 이후 누락: 누적순매수 미확정","true","false","2024-10-02","2026-10-02","","","cumulative","2024-10-02"
"aligned","KR","etf","069500","day","KRW","investmentTrust","2026-08-12","","주","한국투자증권 · 종목별 투자자매매동향(일별)","","2026-08-12","","2026-10-03T13:36:02.430Z","","","true","Σ dailyNet[2024-10-02..asOf]","","","","not-configured","기준일 이후 누락: 누적순매수 미확정","true","false","2024-10-02","2026-10-02","","","cumulative","2024-10-02"
"aligned","KR","etf","069500","day","KRW","investmentTrust","2026-08-13","","주","한국투자증권 · 종목별 투자자매매동향(일별)","","2026-08-13","","2026-10-03T13:36:02.430Z","","","true","Σ dailyNet[2024-10-02..asOf]","","","","not-configured","기준일 이후 누락: 누적순매수 미확정","true","false","2024-10-02","2026-10-02","","","cumulative","2024-10-02"
"aligned","KR","etf","069500","day","KRW","investmentTrust","2026-08-14","","주","한국투자증권 · 종목별 투자자매매동향(일별)","","2026-08-14","","2026-10-03T13:36:02.430Z","","","true","Σ dailyNet[2024-10-02..asOf]","","","","not-configured","기준일 이후 누락: 누적순매수 미확정","true","false","2024-10-02","2026-10-02","","","cumulative","2024-10-02"
"aligned","KR","etf","069500","day","KRW","investmentTrust","2026-08-18","","주","한국투자증권 · 종목별 투자자매매동향(일별)","","2026-08-18","","2026-10-03T13:36:02.430Z","","","true","Σ dailyNet[2024-10-02..asOf]","","","","not-configured","기준일 이후 누락: 누적순매수 미확정","true","false","2024-10-02","2026-10-02","","","cumulative","2024-10-02"
"aligned","KR","etf","069500","day","KRW","investmentTrust","2026-08-19","","주","한국투자증권 · 종목별 투자자매매동향(일별)","","2026-08-19","","2026-10-03T13:36:02.430Z","","","true","Σ dailyNet[2024-10-02..asOf]","","","","not-configured","기준일 이후 누락: 누적순매수 미확정","true","false","2024-10-02","2026-10-02","","","cumulative","2024-10-02"
"aligned","KR","etf","069500","day","KRW","investmentTrust","2026-08-20","","주","한국투자증권 · 종목별 투자자매매동향(일별)","","2026-08-20","","2026-10-03T13:36:02.430Z","","","true","Σ dailyNet[2024-10-02..asOf]","","","","not-configured","기준일 이후 누락: 누적순매수 미확정","true","false","2024-10-02","2026-10-02","","","cumulative","2024-10-02"
"aligned","KR","etf","069500","day","KRW","investmentTrust","2026-08-21","","주","한국투자증권 · 종목별 투자자매매동향(일별)","","2026-08-21","","2026-10-03T13:36:02.430Z","","","true","Σ dailyNet[2024-10-02..asOf]","","","","not-configured","기준일 이후 누락: 누적순매수 미확정","true","false","2024-10-02","2026-10-02","","","cumulative","2024-10-02"
"aligned","KR","etf","069500","day","KRW","investmentTrust","2026-08-24","","주","한국투자증권 · 종목별 투자자매매동향(일별)","","2026-08-24","","2026-10-03T13:36:02.430Z","","","true","Σ dailyNet[2024-10-02..asOf]","","","","not-configured","기준일 이후 누락: 누적순매수 미확정","true","false","2024-10-02","2026-10-02","","","cumulative","2024-10-02"
"aligned","KR","etf","069500","day","KRW","investmentTrust","2026-08-25","","주","한국투자증권 · 종목별 투자자매매동향(일별)","","2026-08-25","","2026-10-03T13:36:02.430Z","","","true","Σ dailyNet[2024-10-02..asOf]","","","","not-configured","기준일 이후 누락: 누적순매수 미확정","true","false","2024-10-02","2026-10-02","","","cumulative","2024-10-02"
"aligned","KR","etf","069500","day","KRW","investmentTrust","2026-08-26","","주","한국투자증권 · 종목별 투자자매매동향(일별)","","2026-08-26","","2026-10-03T13:36:02.430Z","","","true","Σ dailyNet[2024-10-02..asOf]","","","","not-configured","기준일 이후 누락: 누적순매수 미확정","true","false","2024-10-02","2026-10-02","","","cumulative","2024-10-02"
"aligned","KR","etf","069500","day","KRW","investmentTrust","2026-08-27","","주","한국투자증권 · 종목별 투자자매매동향(일별)","","2026-08-27","","2026-10-03T13:36:02.430Z","","","true","Σ dailyNet[2024-10-02..asOf]","","","","not-configured","기준일 이후 누락: 누적순매수 미확정","true","false","2024-10-02","2026-10-02","","","cumulative","2024-10-02"
"aligned","KR","etf","069500","day","KRW","investmentTrust","2026-08-28","","주","한국투자증권 · 종목별 투자자매매동향(일별)","","2026-08-28","","2026-10-03T13:36:02.430Z","","","true","Σ dailyNet[2024-10-02..asOf]","","","","not-configured","기준일 이후 누락: 누적순매수 미확정","true","false","2024-10-02","2026-10-02","","","cumulative","2024-10-02"
"aligned","KR","etf","069500","day","KRW","investmentTrust","2026-08-31","","주","한국투자증권 · 종목별 투자자매매동향(일별)","","2026-08-31","","2026-10-03T13:36:02.430Z","","","true","Σ dailyNet[2024-10-02..asOf]","","","","not-configured","기준일 이후 누락: 누적순매수 미확정","true","false","2024-10-02","2026-10-02","","","cumulative","2024-10-02"
"aligned","KR","etf","069500","day","KRW","investmentTrust","2026-09-01","","주","한국투자증권 · 종목별 투자자매매동향(일별)","","2026-09-01","","2026-10-03T13:36:02.430Z","","","true","Σ dailyNet[2024-10-02..asOf]","","","","not-configured","기준일 이후 누락: 누적순매수 미확정","true","false","2024-10-02","2026-10-02","","","cumulative","2024-10-02"
"aligned","KR","etf","069500","day","KRW","investmentTrust","2026-09-02","","주","한국투자증권 · 종목별 투자자매매동향(일별)","","2026-09-02","","2026-10-03T13:36:02.430Z","","","true","Σ dailyNet[2024-10-02..asOf]","","","","not-configured","기준일 이후 누락: 누적순매수 미확정","true","false","2024-10-02","2026-10-02","","","cumulative","2024-10-02"
"aligned","KR","etf","069500","day","KRW","investmentTrust","2026-09-03","","주","한국투자증권 · 종목별 투자자매매동향(일별)","","2026-09-03","","2026-10-03T13:36:02.430Z","","","true","Σ dailyNet[2024-10-02..asOf]","","","","not-configured","기준일 이후 누락: 누적순매수 미확정","true","false","2024-10-02","2026-10-02","","","cumulative","2024-10-02"
"aligned","KR","etf","069500","day","KRW","investmentTrust","2026-09-04","","주","한국투자증권 · 종목별 투자자매매동향(일별)","","2026-09-04","","2026-10-03T13:36:02.430Z","","","true","Σ dailyNet[2024-10-02..asOf]","","","","not-configured","기준일 이후 누락: 누적순매수 미확정","true","false","2024-10-02","2026-10-02","","","cumulative","2024-10-02"
"aligned","KR","etf","069500","day","KRW","investmentTrust","2026-09-07","","주","한국투자증권 · 종목별 투자자매매동향(일별)","","2026-09-07","","2026-10-03T13:36:02.430Z","","","true","Σ dailyNet[2024-10-02..asOf]","","","","not-configured","기준일 이후 누락: 누적순매수 미확정","true","false","2024-10-02","2026-10-02","","","cumulative","2024-10-02"
"aligned","KR","etf","069500","day","KRW","investmentTrust","2026-09-08","","주","한국투자증권 · 종목별 투자자매매동향(일별)","","2026-09-08","","2026-10-03T13:36:02.430Z","","","true","Σ dailyNet[2024-10-02..asOf]","","","","not-configured","기준일 이후 누락: 누적순매수 미확정","true","false","2024-10-02","2026-10-02","","","cumulative","2024-10-02"
"aligned","KR","etf","069500","day","KRW","investmentTrust","2026-09-09","","주","한국투자증권 · 종목별 투자자매매동향(일별)","","2026-09-09","","2026-10-03T13:36:02.430Z","","","true","Σ dailyNet[2024-10-02..asOf]","","","","not-configured","기준일 이후 누락: 누적순매수 미확정","true","false","2024-10-02","2026-10-02","","","cumulative","2024-10-02"
"aligned","KR","etf","069500","day","KRW","investmentTrust","2026-09-10","","주","한국투자증권 · 종목별 투자자매매동향(일별)","","2026-09-10","","2026-10-03T13:36:02.430Z","","","true","Σ dailyNet[2024-10-02..asOf]","","","","not-configured","기준일 이후 누락: 누적순매수 미확정","true","false","2024-10-02","2026-10-02","","","cumulative","2024-10-02"
"aligned","KR","etf","069500","day","KRW","investmentTrust","2026-09-11","","주","한국투자증권 · 종목별 투자자매매동향(일별)","","2026-09-11","","2026-10-03T13:36:02.430Z","","","true","Σ dailyNet[2024-10-02..asOf]","","","","not-configured","기준일 이후 누락: 누적순매수 미확정","true","false","2024-10-02","2026-10-02","","","cumulative","2024-10-02"
"aligned","KR","etf","069500","day","KRW","investmentTrust","2026-09-14","","주","한국투자증권 · 종목별 투자자매매동향(일별)","","2026-09-14","","2026-10-03T13:36:02.430Z","","","true","Σ dailyNet[2024-10-02..asOf]","","","","not-configured","기준일 이후 누락: 누적순매수 미확정","true","false","2024-10-02","2026-10-02","","","cumulative","2024-10-02"
"aligned","KR","etf","069500","day","KRW","investmentTrust","2026-09-15","","주","한국투자증권 · 종목별 투자자매매동향(일별)","","2026-09-15","","2026-10-03T13:36:02.430Z","","","true","Σ dailyNet[2024-10-02..asOf]","","","","not-configured","기준일 이후 누락: 누적순매수 미확정","true","false","2024-10-02","2026-10-02","","","cumulative","2024-10-02"
"aligned","KR","etf","069500","day","KRW","investmentTrust","2026-09-16","","주","한국투자증권 · 종목별 투자자매매동향(일별)","","2026-09-16","","2026-10-03T13:36:02.430Z","","","true","Σ dailyNet[2024-10-02..asOf]","","","","not-configured","기준일 이후 누락: 누적순매수 미확정","true","false","2024-10-02","2026-10-02","","","cumulative","2024-10-02"
"aligned","KR","etf","069500","day","KRW","investmentTrust","2026-09-17","","주","한국투자증권 · 종목별 투자자매매동향(일별)","","2026-09-17","","2026-10-03T13:36:02.430Z","","","true","Σ dailyNet[2024-10-02..asOf]","","","","not-configured","기준일 이후 누락: 누적순매수 미확정","true","false","2024-10-02","2026-10-02","","","cumulative","2024-10-02"
"aligned","KR","etf","069500","day","KRW","investmentTrust","2026-09-18","","주","한국투자증권 · 종목별 투자자매매동향(일별)","","2026-09-18","","2026-10-03T13:36:02.430Z","","","true","Σ dailyNet[2024-10-02..asOf]","","","","not-configured","기준일 이후 누락: 누적순매수 미확정","true","false","2024-10-02","2026-10-02","","","cumulative","2024-10-02"
"aligned","KR","etf","069500","day","KRW","investmentTrust","2026-09-21","","주","한국투자증권 · 종목별 투자자매매동향(일별)","","2026-09-21","","2026-10-03T13:36:02.430Z","","","true","Σ dailyNet[2024-10-02..asOf]","","","","not-configured","기준일 이후 누락: 누적순매수 미확정","true","false","2024-10-02","2026-10-02","","","cumulative","2024-10-02"
"aligned","KR","etf","069500","day","KRW","investmentTrust","2026-09-22","","주","한국투자증권 · 종목별 투자자매매동향(일별)","","2026-09-22","","2026-10-03T13:36:02.430Z","","","true","Σ dailyNet[2024-10-02..asOf]","","","","not-configured","기준일 이후 누락: 누적순매수 미확정","true","false","2024-10-02","2026-10-02","","","cumulative","2024-10-02"
"aligned","KR","etf","069500","day","KRW","investmentTrust","2026-09-23","","주","한국투자증권 · 종목별 투자자매매동향(일별)","","2026-09-23","","2026-10-03T13:36:02.430Z","","","true","Σ dailyNet[2024-10-02..asOf]","","","","not-configured","기준일 이후 누락: 누적순매수 미확정","true","false","2024-10-02","2026-10-02","","","cumulative","2024-10-02"
"aligned","KR","etf","069500","day","KRW","investmentTrust","2026-09-28","","주","한국투자증권 · 종목별 투자자매매동향(일별)","","2026-09-28","","2026-10-03T13:36:02.430Z","","","true","Σ dailyNet[2024-10-02..asOf]","","","","not-configured","기준일 이후 누락: 누적순매수 미확정","true","false","2024-10-02","2026-10-02","","","cumulative","2024-10-02"
"aligned","KR","etf","069500","day","KRW","investmentTrust","2026-09-29","","주","한국투자증권 · 종목별 투자자매매동향(일별)","","2026-09-29","","2026-10-03T13:36:02.430Z","","","true","Σ dailyNet[2024-10-02..asOf]","","","","not-configured","기준일 이후 누락: 누적순매수 미확정","true","false","2024-10-02","2026-10-02","","","cumulative","2024-10-02"
"aligned","KR","etf","069500","day","KRW","investmentTrust","2026-09-30","","주","한국투자증권 · 종목별 투자자매매동향(일별)","","2026-09-30","","2026-10-03T13:36:02.430Z","","","true","Σ dailyNet[2024-10-02..asOf]","","","","not-configured","기준일 이후 누락: 누적순매수 미확정","true","false","2024-10-02","2026-10-02","","","cumulative","2024-10-02"
"aligned","KR","etf","069500","day","KRW","investmentTrust","2026-10-01","","주","한국투자증권 · 종목별 투자자매매동향(일별)","","2026-10-01","","2026-10-03T13:36:02.430Z","","","true","Σ dailyNet[2024-10-02..asOf]","","","","not-configured","기준일 이후 누락: 누적순매수 미확정","true","false","2024-10-02","2026-10-02","","","cumulative","2024-10-02"
"aligned","KR","etf","069500","day","KRW","investmentTrust","2026-10-02","","주","한국투자증권 · 종목별 투자자매매동향(일별)","","2026-10-02","","2026-10-03T13:36:02.430Z","","","true","Σ dailyNet[2024-10-02..asOf]","","","","not-configured","기준일 이후 누락: 누적순매수 미확정","true","false","2024-10-02","2026-10-02","","","cumulative","2024-10-02"