time,open,high,low,close,volume,volume_valid,SMA(5),SMA(20),SMA(60),볼린저(20,2).upper,볼린저(20,2).mid,볼린저(20,2).lower,RSI(14),SMA(9),VolumeSMA5,VolumeSMA20,VolumeSMA60,credit,foreign,investmentTrust
2026-01-08,28700,29650,28350,28450,63131,1,29440,31055,31720,34009.97884933209,31055,28100.02115066791,34.68780506657872,39.773393213224814,48188.99999999964,67785.69999999998,96934.88333333326,,,
2026-01-09,28850,28850,28200,28350,33017,1,29080,30827.5,31643.333333333332,33878.315464756924,30827.5,27776.684535243076,34.22055774004127,38.902979407646086,49949.79999999965,65485.44999999999,93029.69999999994,,,
2026-01-12,29050,29400,28700,29200,50332,1,28940,30645,31567.5,33625.92267595119,30645,27664.077324048812,41.44105130901209,38.89076176200729,50144.399999999645,60885.499999999985,92597.94999999994,,,
2026-01-13,29650,29700,28700,29050,38540,1,28840,30440,31484.166666666668,33263.402203016776,30440,27616.59779698322,40.59421807064165,39.010783473476494,49697.59999999964,58835.29999999999,91612.64999999994,,,
2026-01-14,29100,29250,28600,28850,41873,1,28780,30212.5,31394.166666666668,32765.512925936724,30212.5,27659.487074063276,39.43705380339164,39.32440696220094,45378.59999999964,58512.14999999999,86473.7166666666,,,
2026-01-15,28850,29100,28450,29100,42054,1,28910,30025,31315.833333333332,32312.684418795565,30025,27737.315581204435,41.67515204313263,39.140333765080115,41163.19999999965,58680.849999999984,84491.8666666666,,,
2026-01-16,29700,29700,28700,28800,38869,1,29000,29880,31236.666666666668,32090.972636646595,29880,27669.027363353405,39.77558487198973,38.893142775529085,42333.59999999965,57940.69999999998,81068.38333333326,,,
2026-01-19,28800,29600,28450,29550,59408,1,29070,29732.5,31170,31589.991588137076,29732.5,27875.008411862924,46.35829495568612,39.583992965990106,44148.79999999965,59149.599999999984,80152.71666666659,,,
2026-01-20,29450,29700,28700,29500,46002,1,29160,29632.5,31095,31304.706625988547,29632.5,27960.293374011453,45.99733565386553,40.4652281682599,45641.19999999965,59168.499999999985,78880.11666666658,,,
2026-01-21,28850,30600,28550,30400,145258,1,29470,29607.5,31040.833333333332,31216.933130018144,29607.5,27998.066869981856,53.07928184617328,42.508725588214844,66318.19999999963,64209.14999999998,78339.58333333324,,,
2026-01-22,31750,32100,31100,31300,136194,1,29910,29587.5,30999.166666666668,31099.41104235666,29587.5,28075.58895764334,58.88577861722239,45.24930568567942,85146.19999999963,69469.34999999998,77615.5999999999,,,
2026-01-23,31700,31850,30600,31100,77061,1,30370,29605,30960.833333333332,31177.227718875354,29605,28032.772281124646,57.19199868957268,46.99941095018615,92784.59999999963,71180.19999999998,76173.69999999991,,,
2026-01-26,31050,31250,30600,31150,49611,1,30690,29645,30918.333333333332,31327.825005756687,29645,27962.174994243313,57.52096084367763,48.880160147190146,90825.19999999962,57535.44999999998,73619.66666666658,,,
2026-01-27,31050,31150,30650,30800,54173,1,30950,29672.5,30887.5,31411.026675090146,29672.5,27933.973324909854,54.37123395208242,50.53951349704468,92459.39999999963,57643.099999999984,72699.83333333326,,,
2026-01-28,31050,31550,30800,31500,87005,1,31170,29755,30849.166666666668,31667.30227736098,29755,27842.69772263902,59.18496298608132,52.4850480462612,80808.79999999964,59584.19999999998,71247.78333333325,,,
2026-01-29,31900,32150,30350,31950,119283,1,31300,29890,30806.666666666668,32010.518804443855,29890,27769.481195556145,61.96306141209911,54.950323217384465,77426.59999999964,62981.24999999998,69812.14999999992,,,
2026-01-30,31900,32200,31100,31600,97371,1,31400,29962.5,30772.5,32209.02509445143,29962.5,27715.97490554857,58.62095308283421,56.312840787067586,81488.59999999964,66639.14999999998,69332.64999999992,,,
2026-02-02,31300,32100,30100,30200,119915,1,31210,29977.5,30739.166666666668,32226.160712513116,29977.5,27728.839287486884,47.56864233745641,56.48743041857769,95549.39999999964,70166.94999999998,68300.21666666659,,,
2026-02-03,30900,33750,30750,33750,234548,1,31800,30187.5,30766.666666666668,32960.56238660438,30187.5,27414.437613395618,65.38853800551577,57.85512554739351,131624.39999999964,79855.64999999998,70812.84999999992,,,
2026-02-04,33700,33700,32500,33150,138292,1,32130,30387.5,30800.833333333332,33399.12331641924,30387.5,27375.876683580762,61.57914905793174,58.154388929694555,141881.79999999964,83596.84999999999,71381.01666666659,,,
2026-02-05,32850,32850,31600,31950,86152,1,32130,30562.5,30805,33509.51119780703,30562.5,27615.488802192973,54.71376313561924,57.87902942369973,135255.59999999963,84747.9,71780.14999999992,,,
2026-02-06,31150,31500,29950,31000,72872,1,32010,30695,30790.833333333332,33465.18049953428,30695,27924.819500465717,49.964563635786085,57.03942973393399,130355.79999999962,86740.65,71674.83333333326,,,
2026-02-09,32250,33350,32050,33050,134674,1,32580,30887.5,30800.833333333332,33748.94631261885,30887.5,28026.05368738115,58.363318005923624,57.48299462880524,133307.59999999963,90957.74999999999,73224.53333333325,,,
2026-02-10,34000,36200,33600,35000,438604,1,32830,31185,30845,34431.70602303319,31185,27938.29397696681,64.47231044185136,58.07047767944635,174118.7999999996,110960.94999999998,79892.18333333325,,,
2026-02-11,38400,41900,37300,38000,915756,1,33800,31642.5,30967.5,35873.608010911565,31642.5,27411.391989088435,71.41982781601806,59.121229502104,329611.5999999996,154655.1,93675.74999999991,,,
2026-02-12,37700,38150,35900,37200,321811,1,34850,32047.5,31090.833333333332,36751.80388049071,32047.5,27343.196119509284,67.62225805487267,60.12137449899717,376743.3999999996,168642.94999999998,97386.03333333324,,,
2026-02-13,36550,36950,35700,36600,152144,1,35970,32437.5,31220,37291.1455371195,32437.5,27583.854462880503,64.83767398126712,62.04015579275391,392597.7999999996,174306.69999999998,98717.54999999992,,,
2026-02-19,37300,41700,37250,41650,490292,1,37690,33042.5,31434.166666666668,39158.07642418113,33042.5,26926.923575818873,74.39474130270236,63.040845047996854,463721.3999999996,195850.9,105900.43333333326,,,
2026-02-20,41450,43850,40800,43850,340532,1,39460,33760,31670,41256.10565560545,33760,26263.89434439455,77.2905487169971,64.78655612122634,444106.9999999996,210577.4,110813.9166666666,,,
2026-02-23,46100,57000,45700,57000,1885689,1,43260,35090,32148.333333333332,47534.982924857715,35090,22645.01707514229,86.8579167058541,68.35812874014132,638093.5999999996,297598.94999999995,141224.38333333327,,,
2026-02-24,62300,68400,58600,60700,2303102,1,47960,36560,32685,53129.1158484694,36560,19990.884151530594,88.34567875863523,72.62269708712455,1034351.7999999996,405944.3499999999,178906.9166666666,,,
2026-02-25,61500,61600,56100,57200,560937,1,52080,37865,33127.5,56491.9455359702,37865,19238.054464029803,79.21076459319747,74.9390800412661,1116110.3999999994,430138.1499999999,186204.69999999995,,,
2026-02-26,57800,58400,55500,57300,340133,1,55210,39172.5,33567.5,59338.07648568471,39172.5,19006.92351431529,79.27669637130171,76.58401181120502,1086078.5999999996,444664.24999999994,190516.5333333333,,,
2026-02-27,54600,55800,53300,53900,333270,1,57220,40327.5,33957.5,61080.19801736632,40327.5,19574.80198263368,71.02861021373361,76.54054318872898,1084626.1999999997,458619.0999999999,195350.11666666664,,,
2026-03-03,51600,52600,49350,49550,341117,1,55730,41230,34263.333333333336,61938.510327882104,41230,20521.489672117892,62.1231541364871,75.92953164224168,775711.7999999996,471324.6999999999,199995.29999999996,,,
2026-03-04,45650,48000,40000,40100,507495,1,51610,41637.5,34420,61915.81045723484,41637.5,21359.189542765158,48.03365089906327,74.06241796644126,416590.39999999956,490735.2999999999,207737.91666666663,,,
2026-03-05,44400,46250,43550,45300,414898,1,49230,42322.5,34655,62118.092312431574,42322.5,22526.907687568426,54.19044306324384,71.81749593983476,387382.5999999995,506611.6499999999,213981.54999999996,,,
2026-03-06,46000,48100,44200,47400,318438,1,47250,43182.5,34906.666666666664,62278.894293164354,43182.5,24086.10570683565,56.43519667492684,69.50023460182695,383043.5999999995,516537.79999999993,217760.39999999994,,,
2026-03-09,43350,44500,41500,43350,171039,1,45140,43662.5,35087.5,62262.55040315751,43662.5,25062.449596842485,51.22215882810796,65.54070594874403,350597.3999999995,513362.34999999986,219518.28333333327,,,
2026-03-10,46650,48550,44750,48100,320497,1,44850,44410,35350,62453.353346869866,44410,26366.646653130134,56.318533147779924,61.98213421420456,346473.39999999956,522472.59999999986,224137.33333333326,,,
2026-03-11,52300,52400,48200,49550,357107,1,46740,45290,35635.833333333336,62514.9412190579,45290,28065.058780942094,57.769069024638355,59.599723595475766,316395.7999999996,536020.3499999999,229517.98333333325,,,
2026-03-12,49900,52400,49500,51400,302974,1,47960,46310,35944.166666666664,62408.527883008435,46310,30211.472116991565,59.61184963944222,57.41474062526916,294010.99999999953,547525.4499999998,233250.5166666666,,,
2026-03-13,49250,51600,48800,50600,160516,1,48600,47187.5,36240,62174.089838919324,47187.5,32200.910161080676,58.424601010528995,56.014295158246426,262426.59999999957,548817.5499999999,233553.59999999995,,,
2026-03-16,51000,52400,50000,51300,165696,1,50190,48002.5,36542.5,61988.79597141431,48002.5,34016.20402858569,59.19048544720342,55.688443081659344,261357.9999999996,535172.15,234989.46666666662,,,
2026-03-17,52300,56800,50400,53900,576979,1,51350,48797.5,36884.166666666664,62215.192610877624,48797.5,35379.807389122376,61.99121273593388,57.23928328575607,312654.39999999956,518233.3,243800.1833333333,,,
2026-03-18,62400,65400,59200,61500,1645803,1,53740,50012.5,37361.666666666664,63410.25634201488,50012.5,36614.74365798512,68.74380375644408,58.856323362778326,570393.5999999995,584432.8999999999,270585.5666666666,,,
2026-03-19,58900,62200,58300,60300,413122,1,55520,51197.5,37838.333333333336,63809.81441885271,51197.5,38585.18558114729,66.72800617630568,59.99996886293153,592423.1999999995,597481.7999999999,276576.3999999999,,,
2026-03-20,61100,61200,57200,58400,312360,1,57080,52035,38270,64217.327363849654,52035,39852.672636150346,63.55047932404961,61.36978225136949,622791.9999999995,588585.2,281195.2333333332,,,
2026-03-23,55500,55800,53200,53500,254206,1,57520,52517.5,38636.666666666664,64115.27025983874,52517.5,40919.72974016126,56.12741408949805,61.348546800449284,640493.9999999995,584268.9,284671.59999999986,,,
2026-03-24,57100,57200,53100,54400,231598,1,57620,52387.5,39028.333333333336,63838.73901593186,52387.5,40936.26098406814,57.118174901863945,61.276225231252134,571417.7999999995,501564.35000000003,287790.81666666653,,,
2026-03-25,55600,57300,55100,55700,185392,1,56460,52137.5,39428.333333333336,63057.933828378795,52137.5,41217.066171621205,58.573433110222204,61.16084561689436,279335.5999999995,395678.85,290364.1833333332,,,
2026-03-26,56200,60400,54800,57400,314528,1,55880,52147.5,39872.5,63086.808707592085,52147.5,41208.191292407915,60.46299373507729,61.387333697399725,259616.7999999995,383358.4,294892.2499999999,,,
2026-03-27,55400,56800,53000,56100,253903,1,55420,52087.5,40301.666666666664,62925.80591005809,52087.5,41249.19408994191,58.27404220530507,61.28550667052213,247925.3999999995,379046.9,293748.8666666666,,,
2026-03-30,52500,55250,51400,54200,178806,1,55560,52102.5,40700.833333333336,62951.62323646478,52102.5,41253.37676353522,55.132457447490474,60.52342274958398,232845.3999999995,371323.7,295861.96666666656,,,
2026-03-31,52300,54900,51600,51900,165694,1,55060,52220,41068.333333333336,63006.723320823614,52220,41433.276679176386,51.51217509139601,58.60879734235641,219664.59999999948,362552.55000000005,297820.4833333332,,,
2026-04-01,55000,58800,54100,57800,230902,1,55480,53105,41544.166666666664,62595.46363461765,53105,43614.53636538235,58.95741444040122,57.74539826058924,228766.59999999948,348722.9,300813.14999999985,,,
2026-04-02,57600,57900,52900,53700,195672,1,54740,53525,41936.666666666664,62314.22635958365,53525,44735.77364041635,52.880814745751884,56.559879974111716,204995.39999999947,337761.6,303670.7999999999,,,
2026-04-03,55200,59100,55200,56900,226140,1,54900,54000,42386.666666666664,62433.445322049585,54000,45566.554677950415,56.63736074016797,56.61654071307504,199442.79999999946,333146.69999999995,306617.14999999985,,,
2026-04-06,56400,57500,55100,55900,98311,1,55240,54627.5,42825.833333333336,61525.722597162254,54627.5,47729.277402837746,55.15746891159808,56.39868449193439,183343.79999999946,329510.29999999993,307576.09999999986,,,
2026-04-07,61100,61100,54200,55800,303517,1,56020,55012.5,43270,61237.11846220313,55012.5,48787.88153779687,55.00269576088444,56.00193589756353,210908.39999999944,328661.29999999993,311576.9166666665,,,
2026-04-08,59400,60200,57600,60100,287691,1,56480,55540,43797.5,61609.7281652476,55540,49470.2718347524,60.177278866269084,55.97018980102928,222266.19999999946,325190.49999999994,315319.58333333314,,,
2026-04-09,59800,60600,58000,58400,148356,1,57420,55890,44298.333333333336,61768.741361890316,55890,50011.258638109684,57.36843855902509,55.869567173664834,212802.99999999948,317459.5999999999,317241.8999999998,,,
2026-04-10,60100,63800,60000,63100,683411,1,58660,56515,44863.333333333336,62662.93461253452,56515,50367.06538746548,62.570149506964746,56.69597740249531,304257.1999999995,343604.3499999999,327793.2166666665,,,
2026-04-13,61700,64000,61400,62200,231636,1,59920,57060,45415.833333333336,63194.62305280447,57060,50925.37694719553,61.034404809547084,57.75400292673433,330922.1999999995,346901.3499999999,331011.48333333316,,,
2026-04-14,66700,68800,63600,63700,499334,1,61500,57550,45996.666666666664,64144.99810462444,57550,50955.00189537556,62.67856307861608,58.16746388653597,370085.59999999945,343019.0999999999,338635.83333333314,,,
2026-04-15,66300,67600,62000,63700,340699,1,62220,57660,46573.333333333336,64580.23121001026,57660,50739.76878998974,62.67856307861608,59.25610259018755,380687.19999999943,277763.8999999999,343613.24999999977,,,
2026-04-16,66200,67200,64400,65700,299172,1,63680,57930,47188.333333333336,65619.75942406523,57930,50240.240575934775,64.96457158673059,60.181348239805615,410850.39999999944,272066.3999999999,347951.6333333331,,,
2026-04-17,66300,66900,63700,64800,210153,1,64020,58250,47775.833333333336,66503.36295094309,58250,49996.63704905691,63.09177994181052,61.06293835427367,316198.7999999994,266956.04999999993,350464.04999999976,,,
2026-04-20,65200,65200,63000,63100,161721,1,64200,58730,48335.833333333336,66939.04379328068,58730,50520.956206719326,59.59693505419095,61.57340938686328,302215.7999999994,262331.79999999993,352392.6999999997,,,
2026-04-21,64000,67600,63300,66900,394918,1,64840,59355,48944.166666666664,68039.8085758985,59355,50670.191424101504,64.35058204360098,62.03710973990016,281332.59999999945,270497.79999999993,356553.6999999997,,,
2026-04-22,67500,67500,63800,65400,232998,1,65180,59840,49512.5,68735.03232147022,59840,50944.96767852978,61.285361592579385,62.47232341029509,259792.39999999944,272878.1,358167.0999999997,,,
2026-04-23,65400,65400,59000,62100,316273,1,64460,60075,50029.166666666664,68948.07725651028,60075,51201.92274348972,55.07044653589808,61.63902308017657,263212.5999999994,272965.35,362153.9666666664,,,
2026-04-24,62600,63900,61800,63600,124293,1,64220,60450,50570,69253.06764713302,60450,51646.932352866985,57.195313607701166,61.21245739108258,246040.59999999937,266484.85,363398.6666666664,,,
2026-04-27,64300,64700,62500,62900,121089,1,64180,60885,51105,69259.07308303432,60885,52510.926916965676,55.8674604261101,60.45566820747081,237914.19999999937,263599,364513.93333333306,,,
2026-04-28,64400,65500,63500,64800,204935,1,63760,61530,51660,68971.80085731941,61530,54088.19914268058,58.67207664139305,60.01050304777935,199917.59999999937,265561.05,366479.43333333306,,,
2026-04-29,66000,73000,65400,71000,898915,1,64880,62190,52310.833333333336,70484.07017091126,62190,53895.92982908874,66.21672554951945,60.149631265867,333100.9999999994,298961.7,379473.29999999976,,,
2026-04-30,70000,70000,66500,67200,268945,1,65900,62865,52904.166666666664,70452.6939843407,62865,55277.306015659306,59.09591395297901,59.70564615599684,323635.39999999944,302625.35000000003,382332.86666666646,,,
2026-05-04,69700,70100,68100,68400,189875,1,66860,63440,53540.833333333336,70873.81463314765,63440,56006.18536685236,60.53906406967381,59.81032715771715,336751.79999999946,300812.10000000003,383498.86666666646,,,
2026-05-06,70700,70700,63800,66900,190851,1,67660,63990,54093.333333333336,70703.83645913423,63990,57276.163540865775,57.794182344809165,59.081838302295836,350704.1999999995,305439.10000000003,382770.5833333331,,,
2026-05-07,67500,69000,66000,67900,163129,1,68280,64595,54672.5,70361.61946030775,64595,58828.380539692254,59.12476429427957,58.84177193581809,342342.9999999995,298419.70000000007,383184.5333333331,,,
2026-05-08,66100,67600,64300,66000,128562,1,67280,64890,55240,70299.21436069971,64890,59480.78563930029,55.54191575726275,58.894157404858596,188272.3999999995,290463.25000000006,383891.36666666646,,,
2026-05-11,64800,65500,63000,64100,148675,1,66660,65175,55791.666666666664,69717.63139600826,65175,60632.36860399174,52.139329438920754,58.332381386105226,164218.3999999995,290479.20000000007,385154.7499999998,,,
2026-05-12,64900,67000,60000,63500,249547,1,65680,65195,56299.166666666664,69704.31258619315,65195,60685.687413806845,51.07523301076271,57.79991167328885,176152.7999999995,268786.00000000006,387069.2999999998,,,
2026-05-13,61800,65200,60800,64000,172781,1,65100,65285,56782.5,69620.10092154727,65285,60949.89907845273,51.95519799165384,57.053591823317824,172538.79999999946,265843.25000000006,382638.9166666665,,,
2026-05-14,63600,70000,60900,67100,487682,1,64940,65455,57267.5,69794.80414304609,65455,61115.19585695391,57.106367303406486,56.04132979597195,237449.3999999995,265260.65,375504.34999999986,,,
2026-05-15,69100,72900,63400,65200,483191,1,64780,65530,57734.166666666664,69797.13018315588,65530,61262.86981684411,53.332164626847046,55.4009132041795,308375.1999999995,272385.25,378194.01666666655,,,
2026-05-18,64000,64000,55000,62500,279199,1,64460,65370,58165.833333333336,69835.0195968215,65370,60904.9804031785,48.43346233615479,54.05584634489961,334479.9999999995,271386.60000000003,380311.59999999986,,,
2026-05-19,61700,66100,58000,63900,265716,1,64540,65325,58536.666666666664,69830.05271889242,65325,60819.947281107576,50.94931865644154,53.29530593508099,337713.79999999946,274164.75,376568.6666666665,,,
2026-05-20,63200,80400,63000,78600,2943189,1,67460,66100,59115.833333333336,73321.35721315599,66100,58878.642786844015,68.38878092168429,54.32464111590374,891795.3999999996,413238.15,419946.2833333332,,,
2026-05-21,75200,83700,74400,78500,1291447,1,69740,66680,59474.166666666664,75703.65779492995,66680,57656.342205070054,68.21111238479807,55.732329630074325,1052548.3999999997,458064.6,410042.2499999998,,,
2026-05-22,82000,102000,77400,102000,2646960,1,77100,68510,60162.5,86320.21055462287,68510,50699.78944537713,80.8208765448388,58.91916819739855,1485302.1999999997,578762.7,415773.2166666665,,,
2026-05-26,121500,132600,120400,132600,1936586,1,91120,72035,61419.166666666664,104910.35703228178,72035,39159.64296771821,87.67606379606102,62.985927173542805,1816779.5999999996,659778.35,438700.69999999984,,,
2026-05-27,160100,163400,123800,125900,3002683,1,103520,75150,62562.5,115250.29925075373,75150,35049.70074924627,80.86103170456055,66.19768647497689,2364172.9999999995,803697.85,483076.53333333315,,,
2026-05-28,120800,159200,118400,156200,5450028,1,119040,79815,64267.5,132775.29739342481,79815,26854.702606575178,86.11673626580776,69.42106080413258,2865540.8,1070144.8,568355.8333333331,,,
2026-05-29,160600,172800,139600,149100,6261870,1,133160,84030,65926.66666666667,144434.63889470743,84030,23625.361105292584,80.53586322498272,72.4436939817032,3859625.4,1372991.55,667035.0499999998,,,
2026-06-01,145900,145900,112800,114000,3086635,1,135560,86180,67158.33333333333,147628.4694683277,86180,24731.53053167231,59.87694184407953,73.71519170480595,3947560.4000000004,1482377.55,710020.7166666664,,,
2026-06-02,107000,110100,97600,107700,1707916,1,130580,88205,68198.33333333333,149687.40317359107,88205,26722.59682640894,57.04829263468359,74.39285548016618,3901826.4000000004,1554326.1,731571.0166666665,,,
2026-06-04,110000,113800,100800,110400,963141,1,127480,90305,69248.33333333333,151807.21052937853,90305,28802.789470621465,57.964809372613225,73.23463641915828,3493918.0000000005,1592989.4000000001,742316.0666666664,,,
2026-06-05,105000,119800,98000,111800,1551693,1,118600,92550,70389.16666666667,153748.12088618407,92550,31351.87911381592,58.459778071835345,72.15115482882908,2714251.0000000005,1661031.5,765326.9666666664,,,
2026-06-08,96000,119000,95900,109200,766872,1,110620,94615,71407.5,155130.06506647746,94615,34099.93493352255,57.11471477339922,69.51713685422469,1615251.4000000004,1691218.6500000001,772766.5499999997,,,
2026-06-09,114700,124200,106200,118500,897681,1,111520,97240,72556.66666666667,157113.58015017977,97240,37366.41984982024,60.60618162037622,66.50937216803749,1177460.6000000003,1729674.6,781776.1166666663,,,
2026-06-10,115000,123700,106000,109600,733,1,111900,99515,73526.66666666667,157610.1383508121,99515,41419.86164918789,55.91462683647154,63.737549404916486,836024.0000000005,1722277.5,776738.7666666664,,,
2026-06-11,106200,140000,104000,133300,1723809,1,116480,103005,74905,160408.77949229477,103005,45601.22050770524,63.92343772520243,61.271627344849236,988157.6000000006,1795990.5999999999,802793.6499999997,,,
2026-06-12,140000,143900,121900,128200,1104660,1,119760,106215,76186.66666666667,161682.62208712395,106215,50747.37791287606,61.34099414947136,59.13886411423685,898751.0000000006,1842584.5499999998,818443.0499999997,,,
2026-06-15,133500,152500,132700,140600,1252188,1,126040,109890,77631.66666666667,164232.4658991474,109890,55547.53410085258,65.03917837314796,59.71244595080001,995814.2000000005,1880809.8499999996,829696.5333333331,,,
2026-06-16,157000,157100,143000,147900,875109,1,131920,114025,79071.66666666667,166695.8980367717,114025,61354.101963228306,67.03827440849855,60.822443925668345,991299.8000000005,1900405.7499999995,816851.6333333331,,,
2026-06-17,142900,154600,137200,151400,630985,1,140280,118470,80590,167902.82714957744,118470,69037.17285042256,67.98354286782669,61.93563653624762,1117350.2000000004,1917995.0499999996,820482.683333333,,,
2026-06-18,149500,196800,147600,190100,4148082,1,151640,124780,82785,176885.03238651715,124780,72674.96761348286,76.13358731923938,63.89939311929251,1602204.8000000005,2112113.3499999996,884411.383333333,,,
2026-06-19,187000,193900,163600,171500,1394362,1,160300,129425,84751.66666666667,180792.92287021154,129425,78057.07712978848,67.27026566014464,65.02778766226423,1660145.2000000007,2034671.9999999998,903413.9833333329,,,
2026-06-22,174800,181900,163900,167000,571184,1,165580,133850,86628.33333333333,182058.3602708078,133850,85641.63972919219,65.28987748949552,65.5481983143886,1523944.4000000006,1998658.8499999996,909073.7499999995,,,
2026-06-23,173800,174300,142000,142000,740993,1,164400,135850,88066.66666666667,181876.57927763043,135850,89823.42072236956,55.51235141575804,65.50350104542044,1497121.2000000007,1903360.4999999995,918333.7666666661,,,
2026-06-24,142000,152000,131900,136000,502223,1,161320,136020,89376.66666666667,182022.41732778834,136020,90017.58267221166,53.44375385033479,64.3390917259907,1471368.8000000007,1831642.3499999994,921462.0166666661,,,
2026-06-25,147000,148500,128600,131900,474604,1,149680,136320,90640,182132.38260557945,136320,90507.61739442054,52.01731996236371,63.30312792742317,736673.2000000008,1705238.3999999994,925140.3666666661,,,
2026-06-26,129200,143300,120100,130600,605600,1,141500,135040,91913.33333333333,179981.31284241704,135040,90098.68715758294,51.54752678569385,61.804055528817166,578920.8000000007,1463016.9999999995,932253.5999999995,,,
2026-06-29,133600,138000,129500,133000,296486,1,134700,134235,93265,178714.49077945924,134235,89755.50922054076,52.40219631016782,60.17782462900264,523981.2000000007,1164747.7999999996,934433.4666666662,,,
2026-06-30,138200,161600,135500,151000,1286858,1,136500,136085,94818.33333333333,180119.7260693194,136085,92050.27393068057,58.337866014152574,59.10608275637219,633154.2000000008,1074758.9499999995,952032.7333333328,,,
2026-07-01,155200,160900,145600,155500,1630409,1,140400,138475,96515,181258.82287734465,138475,95691.17712265535,59.6912071931729,57.27915163125369,858791.4000000007,1070883.5999999994,975945.0166666661,,,
2026-07-02,146500,146800,121300,122200,1249901,1,138460,139065,97603.33333333333,180590.86061721056,139065,97539.13938278944,47.41648784945747,55.073176318955106,1013850.8000000007,1085221.5999999994,993007.6999999995,,,
2026-07-03,121200,125000,111500,119300,810115,1,136200,139440,98660,180100.66403786343,139440,98779.33596213657,46.51932139366872,52.98755897497435,1054753.8000000007,1048142.6999999994,1004871.0999999994,,,
2026-07-06,119400,119400,106300,112700,796489,1,132140,139615,99608.33333333333,179780.6706653829,139615,99449.3293346171,44.457643996460185,51.75925815060793,1154754.4000000008,1049623.5499999993,1013087.2999999993,,,
2026-07-07,110500,116600,103300,107800,508581,1,123500,139080,100403.33333333333,180618.01150753367,139080,97541.98849246633,42.93622773945762,50.59175524939936,999099.0000000008,1030168.5499999993,1016768.7999999993,,,
2026-07-08,102100,108900,99500,101700,530127,1,112740,138685,101125,181468.42085434496,138685,95901.57914565504,41.05274249500173,49.37346886413692,779042.6000000008,1056638.2499999995,1023131.6499999993,,,
2026-07-09,103200,105400,97200,101100,666963,1,108520,137075,101758.33333333333,182865.60493157958,137075,91284.39506842042,40.86286510687478,48.18628423315702,662455.0000000007,1003795.9499999995,1022857.516666666,,,
2026-07-10,105500,116700,99400,110200,1152060,1,106700,136175,102558.33333333333,183315.6353372544,136175,89034.36466274559,45.016588584327586,47.3656611525081,730844.0000000007,1006165.9499999995,1038197.916666666,,,
2026-07-13,108100,110800,91600,91600,663422,1,102480,133725,103023.33333333333,184633.73697117224,133725,82816.26302882776,38.988614949991174,45.21574436760128,704230.6000000008,976727.6499999994,1040932.7166666662,,,
2026-07-14,90200,93900,82900,89300,673362,1,98780,130795,103450,184756.93009891326,130795,76833.06990108674,38.3055530284625,42.839560571522355,737186.8000000009,966640.2999999995,1046477.0999999996,,,
2026-07-15,94500,99200,91500,96700,726207,1,97780,128060,103966.66666666667,183101.34446032363,128060,73018.65553967636,41.83627137819703,42.21953651916007,776402.8000000009,971401.3999999994,1053594.3499999996,,,
2026-07-16,89000,91200,86500,87000,242381,1,94960,122905,104336.66666666667,172811.37133673416,122905,72998.62866326584,38.709079423668996,41.35173185582677,691486.4000000008,776116.3499999995,1054131.483333333,,,
2026-07-20,80900,87800,79600,80000,308119,1,88920,118330,104618.33333333333,166317.46086218773,118330,70342.53913781226,36.583867826937805,40.47686783699095,522698.2000000009,721804.1999999995,1056571.4499999995,,,
2026-07-21,80000,86400,78100,85400,395897,1,87680,114250,104926.66666666667,158739.7066746905,114250,69760.2933253095,39.350168216076206,40.078416778837465,469193.2000000009,713039.8499999995,1056587.7666666664,,,
2026-07-22,89300,98200,86400,86400,593743,1,87100,111470,105276.66666666667,155623.50948678938,111470,67316.49051321062,39.87323644126374,39.94736055064435,453269.40000000084,705677.3499999995,1062600.1833333329,,,
2026-07-23,90000,92500,84100,90200,412333,1,85800,109180,105745,152754.01060265166,109180,65605.98939734834,41.92298825992783,40.065152012094686,390494.6000000008,701182.8499999995,1064201.1833333329,,,
2026-07-24,88300,88800,80500,80700,244172,1,84540,106620,106030,150568.40611444289,106620,62671.59388555712,38.39867589534976,39.32982837998604,390852.8000000008,689661.2499999995,1066199.1666666663,,,
2026-07-27,82300,83000,78200,82500,228066,1,85040,104215,106356.66666666667,147914.80663572781,104215,60515.19336427219,39.43754120466576,39.379709074949886,374842.2000000008,670784.5499999996,1067982.1166666665,,,
2026-07-28,75800,77700,66600,68100,589668,1,81580,100970,106411.66666666667,145272.3295098576,100970,56667.670490142395,34.43446410323568,38.949588083258014,413596.40000000084,685443.6499999996,1074394.3333333333,,,
2026-07-29,68800,72900,58000,62900,620277,1,76880,96565,106276.66666666667,137483.76220024258,96565,55646.23779975743,32.81551880419043,37.94728224170173,418903.2000000009,652114.5999999995,1069750.3666666665,,,
2026-07-30,58600,63700,56500,57800,487678,1,70400,91680,106120,126100.49389535253,91680,57259.50610464748,31.263053999959894,37.11994608351183,433972.2000000009,594978.0499999996,1073395.9166666663,,,
2026-07-31,66800,73900,66000,71600,837885,1,68580,89150,106173.33333333333,121607.88039906487,89150,56692.119600935126,39.59099710401307,37.45407155874241,552714.8000000009,574377.2499999995,1084196.083333333,,,
2026-08-03,71600,78100,69700,74500,643902,1,66980,86910,106300,116819.2560923872,86910,57000.743907612814,41.203146183975115,37.65995799962006,635882.0000000009,566066.5999999995,1091746.9333333329,,,
2026-08-04,79400,79400,74000,77700,338856,1,68900,85160,106463.33333333333,112841.28609728963,85160,57478.71390271037,43.010467176212806,38.008539192392185,585719.6000000009,543184.9499999996,1094675.7166666663,,,
2026-08-05,86900,86900,79300,80800,484579,1,72480,83810,106710,109505.36144910206,83810,58114.638550897944,44.781245553299385,38.32612333610013,558580.0000000009,541984.8499999995,1100609.333333333,,,
2026-08-06,79500,81400,74400,75900,233109,1,76100,82520,106906.66666666667,107057.6934531345,82520,57982.3065468655,42.531669829256366,38.785344884311975,507666.200000001,527133.9499999995,1102016.5666666662,,,
2026-08-07,75900,79200,74500,77200,280376,1,77220,81325,107135,104411.86856202027,81325,58238.131437979726,43.344829726970616,39.219488053456956,396164.40000000095,507804.5999999995,1102530.3833333328,,,
2026-08-10,78300,81400,77100,81200,266535,1,78560,79875,107421.66666666667,98791.75183534424,79875,60958.24816465575,45.88222780687924,40.49146179830625,320691.00000000093,463528.3499999995,1104092.9499999995,,,
2026-08-11,79200,92800,77000,84500,2339274,1,79920,79520,107711.66666666667,97799.01529076444,79520,61240.98470923556,47.953234189226464,42.17343017442136,720774.600000001,547320.9499999995,1134952.816666666,,,
2026-08-12,86400,90400,83500,88000,1190152,1,81360,79455,108091.66666666667,97603.22029842045,79455,61306.77970157955,50.13292171416065,44.27008214266589,861889.200000001,573160.4499999995,1146735.4999999993,,,
2026-08-13,92900,110800,91500,103300,4020768,1,86840,79785,108771.66666666667,99359.50127078593,79785,60210.49872921407,58.34535727190912,46.35389993909879,1619421.000000001,737888.4999999995,1209094.9833333327,,,
2026-08-14,107900,108000,101500,103000,1106108,1,92000,80585,109423.33333333333,102447.68739199277,80585,58722.312608007225,58.14316190315138,48.23612390789615,1784567.400000001,781074.8499999995,1223101.516666666,,,
2026-08-18,104100,105400,96600,97400,676907,1,95240,81455,109736.66666666667,104507.76339183656,81455,58402.23660816344,54.35640780331055,49.496783977573685,1866641.800000001,799514.2499999995,1185330.1499999994,,,
2026-08-19,91100,97900,91000,94000,435481,1,97140,81885,109995,105529.30375375853,81885,58240.69624624147,52.13625010556212,50.31400670560288,1485883.200000001,801493.4499999996,1171064.0499999993,,,
2026-08-20,95500,99900,93300,97600,414955,1,99060,82445,109921.66666666667,107003.37738939608,82445,57886.62261060393,54.26624331658076,51.61784820419447,1330843.800000001,792554.0499999996,1133863.966666666,,,
2026-08-21,94100,95300,90300,90600,313545,1,96520,82465,109221.66666666667,107049.24495484862,82465,57880.75504515138,49.640438241500625,52.317360261364485,589399.200000001,787614.6499999996,1106813.2833333327,,,
2026-08-24,90700,95000,89000,92400,283214,1,94400,83050,108663.33333333333,107992.61413725514,83050,58107.385862744864,50.80179584931558,52.86397893274629,424820.4000000011,789566.7499999995,1061488.7999999996,,,
2026-08-25,89100,107300,86400,104900,1059034,1,95900,84170,107808.33333333333,110863.45238068691,84170,57476.54761931309,58.03873314841349,53.98458992821152,501245.8000000011,831115.1499999994,988305.5666666662,,,
2026-08-26,104300,113200,100700,107800,1003182,1,98660,86155,107120,113665.10541601031,86155,58644.89458398969,59.5262162306636,55.028289318934064,614786.0000000012,851790.8499999994,900660.7666666661,,,
2026-08-27,110500,111000,102800,108300,620159,1,100800,88425,107025,115371.53038890165,88425,61478.46961109835,59.79087407193924,55.18890229671519,655826.8000000012,851784.9499999994,859552.8333333328,,,
2026-08-28,108300,118500,107200,110200,1570536,1,104720,91045,107066.66666666667,115660.23715100059,91045,66429.76284899941,60.83881091357423,55.48841885342884,907225.0000000012,905927.8499999994,857263.166666666,,,
2026-08-31,106100,114600,103300,112700,484862,1,108780,93100,107105,117741.10387137718,93100,68458.89612862282,62.233533768833546,56.363655071820276,947554.6000000011,888276.6999999994,849291.8499999994,,,
2026-09-01,112400,114200,108200,112500,434207,1,110300,95000,107116.66666666667,119470.88065436142,95000,70529.11934563858,62.04316283204032,57.464423152540085,822589.2000000011,877791.9499999994,830667.0833333327,,,
2026-09-02,107900,123000,107300,111500,1236218,1,111040,96690,107155,120814.50206740027,96690,72565.49793259973,61.03778424202836,58.21681658870094,869196.4000000012,922660.0499999993,838489.516666666,,,
2026-09-03,114000,115300,103000,105000,467562,1,110380,97900,106930,121126.01989149238,97900,74673.98010850762,54.81952258887648,58.792270405076025,838677.0000000012,921809.1999999994,831320.866666666,,,
2026-09-04,107000,113200,105400,109800,520277,1,110300,99595,106933.33333333333,121030.4356148878,99595,78159.5643851122,58.20562891552511,59.61491852354376,628625.2000000011,936167.5999999994,839979.9333333327,,,
2026-09-07,114000,119100,111200,116700,700348,1,111100,101570,106656.66666666667,121622.04229000129,101570,81517.95770999871,62.550602560710516,60.11623734713232,671722.4000000011,957166.1999999994,822922.2499999993,,,
2026-09-08,116800,118500,111700,111700,499714,1,110940,103095,106381.66666666667,121269.6499278528,103095,84920.3500721472,57.8567546027661,59.930741610699265,684823.8000000011,968825.1499999993,812839.816666666,,,
2026-09-09,112400,121300,112300,116300,704669,1,111900,104685,105976.66666666667,121594.31991536029,104685,87775.68008463971,60.77319413891057,60.03988828480718,578514.000000001,887094.8999999993,803714.4999999992,,,
2026-09-10,114200,116600,108700,115700,391089,1,114040,106070,105440,121781.15527260806,106070,90358.84472739194,60.18811602650723,59.96758885291086,563219.4000000011,847141.7499999993,795647.4999999992,,,
2026-09-11,112100,147500,112000,137400,3967295,1,119560,107775,105206.66666666667,128511.23639911544,107775,87038.76360088456,71.04524233233192,60.94666758218846,1252623.0000000012,844468.0999999993,851252.6666666659,,,
2026-09-14,132600,143700,130600,139200,1684170,1,124060,109585,104358.33333333333,134279.79904757274,109585,84890.20095242726,71.7338413631618,62.023409641201965,1449387.400000001,873371.1999999993,810187.466666666,,,
2026-09-15,139000,148300,137300,142500,1314767,1,130220,111840,103875,139705.34765618402,111840,83974.65234381598,73.00152762100336,63.35271446108808,1612398.0000000012,905264.1999999993,808860.8833333326,,,
2026-09-16,142500,146900,139500,143900,696545,1,135740,114335,103490,144226.3549375066,114335,84443.64506249341,73.54362108574901,65.43316984962946,1610773.2000000011,918317.3999999992,810950.2333333327,,,
2026-09-17,145200,147400,135900,137600,637323,1,140120,116335,103416.66666666667,146826.5250520534,116335,85843.4749479466,67.02208213161339,66.41277576252816,1660020.0000000012,929435.7999999992,809222.3999999994,,5.24,
2026-09-18,141300,151000,139900,144600,1690784,1,141560,119035,103560,149496.40344764173,119035,88573.59655235826,70.18562001426409,67.26111103514523,1204717.8000000012,998297.7499999992,829031.7499999994,,6.04,
2026-09-21,147100,155300,142000,146000,1207859,1,142920,121715,103795,151760.05117319655,121715,91669.94882680345,70.78916338219253,68.69804534397038,1109455.6000000013,1044529.9999999993,841252.666666666,,5.82,
2026-09-22,150000,157700,146200,147400,1426070,1,143900,123840,104075,154824.4735311091,123840,92855.52646889091,71.41238893009613,69.88017809854655,1131716.2000000011,1062881.7999999993,854927.166666666,,6.07,
2026-09-23,151200,154600,145700,146900,618327,1,144500,125795,104306.66666666667,157412.1772933638,125795,94177.82270663619,70.8311533149749,71.06273779726519,1116072.600000001,1043639.0499999995,860291.1833333327,,6.33,
2026-09-28,150100,151900,143500,145000,551664,1,145980,127630,104206.66666666667,159232.66444463187,127630,96027.33555536812,68.54796617349591,70.78526266850562,1098940.800000001,1040214.2999999996,848037.9499999994,,6.62,
2026-09-29,143800,157700,142200,157500,1524048,1,148560,129995,104240,163071.24374078773,129995,96918.75625921227,74.39552026381367,71.08100476857805,1065593.6000000008,1037889.8999999994,846265.2666666661,,9.36,
2026-09-30,157500,163300,148500,149200,907879,1,149200,131820,104690,164905.62225499167,131820,98734.37774500833,65.66549502978994,70.26589003622101,1005597.6000000008,1059040.7499999993,840564.8999999994,,6.94,
2026-10-01,149500,163500,147300,158700,1282920,1,151460,134130,105346.66666666667,167940.77343096427,134130,100319.22656903573,70.0041933668077,69.87262028967197,976967.6000000008,1101476.3999999992,848444.9833333328,,9.42,
2026-10-02,158100,159900,154800,156500,607042,1,153380,136380,106076.66666666667,169855.04144881677,136380,102904.95855118324,67.86543815230353,69.9663265141931,974710.6000000007,1070017.5999999994,845287.5333333329,,8.58,

market,instrument,code,name,price_low,price_high,quantity_or_turnover,percent,basis,value_unit,total_quantity,total_value,quantity_unit,currency,method,estimated,range_mode,requested_from,requested_to,actual_from,actual_to,source_resolution,source,as_of,fetched_at,price_volume_adjustment,adjustment_warning,valid_bars,excluded_bars,poc,val,vah
KR,stock,001820,삼화콘덴서,28200,45060,5445204.605081346,4.182277789572468,volume,주,130197105,130197105.00000001,주,KRW,ohlcv-overlap,true,visible,,,2026-01-08,2026-10-02,day,yahoo-001820.KS,2026-10-02,2026-10-03T13:38:01.141Z,Yahoo 제공 OHLC · 거래량은 공급자 원수량 · 분할·분배금 조정 및 수량 기준 일치 미확인,OHLCV 가격대 겹침 배분 추정치 · 실제 체결가격별 거래량 아님,180,0,137790,61920,163080
KR,stock,001820,삼화콘덴서,45060,61920,12792845.839430992,9.825752914729549,volume,주,130197105,130197105.00000001,주,KRW,ohlcv-overlap,true,visible,,,2026-01-08,2026-10-02,day,yahoo-001820.KS,2026-10-02,2026-10-03T13:38:01.141Z,Yahoo 제공 OHLC · 거래량은 공급자 원수량 · 분할·분배금 조정 및 수량 기준 일치 미확인,OHLCV 가격대 겹침 배분 추정치 · 실제 체결가격별 거래량 아님,180,0,137790,61920,163080
KR,stock,001820,삼화콘덴서,61920,78780,16374404.431905428,12.576627131536778,volume,주,130197105,130197105.00000001,주,KRW,ohlcv-overlap,true,visible,,,2026-01-08,2026-10-02,day,yahoo-001820.KS,2026-10-02,2026-10-03T13:38:01.141Z,Yahoo 제공 OHLC · 거래량은 공급자 원수량 · 분할·분배금 조정 및 수량 기준 일치 미확인,OHLCV 가격대 겹침 배분 추정치 · 실제 체결가격별 거래량 아님,180,0,137790,61920,163080
KR,stock,001820,삼화콘덴서,78780,95640,12642183.376033546,9.710034163995847,volume,주,130197105,130197105.00000001,주,KRW,ohlcv-overlap,true,visible,,,2026-01-08,2026-10-02,day,yahoo-001820.KS,2026-10-02,2026-10-03T13:38:01.141Z,Yahoo 제공 OHLC · 거래량은 공급자 원수량 · 분할·분배금 조정 및 수량 기준 일치 미확인,OHLCV 가격대 겹침 배분 추정치 · 실제 체결가격별 거래량 아님,180,0,137790,61920,163080
KR,stock,001820,삼화콘덴서,95640,112500,20040516.3823952,15.392443927532181,volume,주,130197105,130197105.00000001,주,KRW,ohlcv-overlap,true,visible,,,2026-01-08,2026-10-02,day,yahoo-001820.KS,2026-10-02,2026-10-03T13:38:01.141Z,Yahoo 제공 OHLC · 거래량은 공급자 원수량 · 분할·분배금 조정 및 수량 기준 일치 미확인,OHLCV 가격대 겹침 배분 추정치 · 실제 체결가격별 거래량 아님,180,0,137790,61920,163080
KR,stock,001820,삼화콘덴서,112500,129360,15596029.119792053,11.978783337611118,volume,주,130197105,130197105.00000001,주,KRW,ohlcv-overlap,true,visible,,,2026-01-08,2026-10-02,day,yahoo-001820.KS,2026-10-02,2026-10-03T13:38:01.141Z,Yahoo 제공 OHLC · 거래량은 공급자 원수량 · 분할·분배금 조정 및 수량 기준 일치 미확인,OHLCV 가격대 겹침 배분 추정치 · 실제 체결가격별 거래량 아님,180,0,137790,61920,163080
KR,stock,001820,삼화콘덴서,129360,146220,20192907.960972913,15.509490753249015,volume,주,130197105,130197105.00000001,주,KRW,ohlcv-overlap,true,visible,,,2026-01-08,2026-10-02,day,yahoo-001820.KS,2026-10-02,2026-10-03T13:38:01.141Z,Yahoo 제공 OHLC · 거래량은 공급자 원수량 · 분할·분배금 조정 및 수량 기준 일치 미확인,OHLCV 가격대 겹침 배분 추정치 · 실제 체결가격별 거래량 아님,180,0,137790,61920,163080
KR,stock,001820,삼화콘덴서,146220,163080,20142800.9925243,15.47100528273981,volume,주,130197105,130197105.00000001,주,KRW,ohlcv-overlap,true,visible,,,2026-01-08,2026-10-02,day,yahoo-001820.KS,2026-10-02,2026-10-03T13:38:01.141Z,Yahoo 제공 OHLC · 거래량은 공급자 원수량 · 분할·분배금 조정 및 수량 기준 일치 미확인,OHLCV 가격대 겹침 배분 추정치 · 실제 체결가격별 거래량 아님,180,0,137790,61920,163080
KR,stock,001820,삼화콘덴서,163080,179940,4844120.892212503,3.720605686441724,volume,주,130197105,130197105.00000001,주,KRW,ohlcv-overlap,true,visible,,,2026-01-08,2026-10-02,day,yahoo-001820.KS,2026-10-02,2026-10-03T13:38:01.141Z,Yahoo 제공 OHLC · 거래량은 공급자 원수량 · 분할·분배금 조정 및 수량 기준 일치 미확인,OHLCV 가격대 겹침 배분 추정치 · 실제 체결가격별 거래량 아님,180,0,137790,61920,163080
KR,stock,001820,삼화콘덴서,179940,196800,2126091.399651721,1.6329790125915018,volume,주,130197105,130197105.00000001,주,KRW,ohlcv-overlap,true,visible,,,2026-01-08,2026-10-02,day,yahoo-001820.KS,2026-10-02,2026-10-03T13:38:01.141Z,Yahoo 제공 OHLC · 거래량은 공급자 원수량 · 분할·분배금 조정 및 수량 기준 일치 미확인,OHLCV 가격대 겹침 배분 추정치 · 실제 체결가격별 거래량 아님,180,0,137790,61920,163080

trustMode,cumulative
cumulativeStart,2024-10-02
kind,market,instrument,code,interval,currency,metric,date,value,unit,source,sourceField,asOf,dateBasis,fetchedAt,availableAt,final,derived,formula,denominator,buy,sell,capability,reason,partial,stale,requestedFrom,requestedTo,providedFrom,providedTo,trustMode,cumulativeStart
"status","KR","stock","001820","day","KRW","credit","","","%","한국투자증권 · 신용잔고 일별추이 [0476]","","","","2026-10-03T13:35:38.380Z","","","","","","","","not-configured","KIS_APP_KEY / KIS_APP_SECRET 인증 미설정 · 해당 종목 실응답 미검증","","false","2024-10-02","2026-10-02","","","cumulative","2024-10-02"
"aligned","KR","stock","001820","day","KRW","credit","2024-10-02","","%","한국투자증권 · 신용잔고 일별추이 [0476]","","","","2026-10-03T13:35:38.380Z","","","true","봉 기간의 마지막 유효 관측값","","","","not-configured","일부 거래일 누락","true","false","2024-10-02","2026-10-02","","","cumulative","2024-10-02"
"aligned","KR","stock","001820","day","KRW","credit","2024-10-04","","%","한국투자증권 · 신용잔고 일별추이 [0476]","","","","2026-10-03T13:35:38.380Z","","","true","봉 기간의 마지막 유효 관측값","","","","not-configured","일부 거래일 누락","true","false","2024-10-02","2026-10-02","","","cumulative","2024-10-02"
"aligned","KR","stock","001820","day","KRW","credit","2024-10-07","","%","한국투자증권 · 신용잔고 일별추이 [0476]","","","","2026-10-03T13:35:38.380Z","","","true","봉 기간의 마지막 유효 관측값","","","","not-configured","일부 거래일 누락","true","false","2024-10-02","2026-10-02","","","cumulative","2024-10-02"
"aligned","KR","stock","001820","day","KRW","credit","2024-10-08","","%","한국투자증권 · 신용잔고 일별추이 [0476]","","","","2026-10-03T13:35:38.380Z","","","true","봉 기간의 마지막 유효 관측값","","","","not-configured","일부 거래일 누락","true","false","2024-10-02","2026-10-02","","","cumulative","2024-10-02"
"aligned","KR","stock","001820","day","KRW","credit","2024-10-10","","%","한국투자증권 · 신용잔고 일별추이 [0476]","","","","2026-10-03T13:35:38.380Z","","","true","봉 기간의 마지막 유효 관측값","","","","not-configured","일부 거래일 누락","true","false","2024-10-02","2026-10-02","","","cumulative","2024-10-02"
"aligned","KR","stock","001820","day","KRW","credit","2024-10-11","","%","한국투자증권 · 신용잔고 일별추이 [0476]","","","","2026-10-03T13:35:38.380Z","","","true","봉 기간의 마지막 유효 관측값","","","","not-configured","일부 거래일 누락","true","false","2024-10-02","2026-10-02","","","cumulative","2024-10-02"
"aligned","KR","stock","001820","day","KRW","credit","2024-10-14","","%","한국투자증권 · 신용잔고 일별추이 [0476]","","","","2026-10-03T13:35:38.380Z","","","true","봉 기간의 마지막 유효 관측값","","","","not-configured","일부 거래일 누락","true","false","2024-10-02","2026-10-02","","","cumulative","2024-10-02"
"aligned","KR","stock","001820","day","KRW","credit","2024-10-15","","%","한국투자증권 · 신용잔고 일별추이 [0476]","","","","2026-10-03T13:35:38.380Z","","","true","봉 기간의 마지막 유효 관측값","","","","not-configured","일부 거래일 누락","true","false","2024-10-02","2026-10-02","","","cumulative","2024-10-02"
"aligned","KR","stock","001820","day","KRW","credit","2024-10-16","","%","한국투자증권 · 신용잔고 일별추이 [0476]","","","","2026-10-03T13:35:38.380Z","","","true","봉 기간의 마지막 유효 관측값","","","","not-configured","일부 거래일 누락","true","false","2024-10-02","2026-10-02","","","cumulative","2024-10-02"
"aligned","KR","stock","001820","day","KRW","credit","2024-10-17","","%","한국투자증권 · 신용잔고 일별추이 [0476]","","","","2026-10-03T13:35:38.380Z","","","true","봉 기간의 마지막 유효 관측값","","","","not-configured","일부 거래일 누락","true","false","2024-10-02","2026-10-02","","","cumulative","2024-10-02"
"aligned","KR","stock","001820","day","KRW","credit","2024-10-18","","%","한국투자증권 · 신용잔고 일별추이 [0476]","","","","2026-10-03T13:35:38.380Z","","","true","봉 기간의 마지막 유효 관측값","","","","not-configured","일부 거래일 누락","true","false","2024-10-02","2026-10-02","","","cumulative","2024-10-02"
"aligned","KR","stock","001820","day","KRW","credit","2024-10-21","","%","한국투자증권 · 신용잔고 일별추이 [0476]","","","","2026-10-03T13:35:38.380Z","","","true","봉 기간의 마지막 유효 관측값","","","","not-configured","일부 거래일 누락","true","false","2024-10-02","2026-10-02","","","cumulative","2024-10-02"
"aligned","KR","stock","001820","day","KRW","credit","2024-10-22","","%","한국투자증권 · 신용잔고 일별추이 [0476]","","","","2026-10-03T13:35:38.380Z","","","true","봉 기간의 마지막 유효 관측값","","","","not-configured","일부 거래일 누락","true","false","2024-10-02","2026-10-02","","","cumulative","2024-10-02"
"aligned","KR","stock","001820","day","KRW","credit","2024-10-23","","%","한국투자증권 · 신용잔고 일별추이 [0476]","","","","2026-10-03T13:35:38.380Z","","","true","봉 기간의 마지막 유효 관측값","","","","not-configured","일부 거래일 누락","true","false","2024-10-02","2026-10-02","","","cumulative","2024-10-02"
"aligned","KR","stock","001820","day","KRW","credit","2024-10-24","","%","한국투자증권 · 신용잔고 일별추이 [0476]","","","","2026-10-03T13:35:38.380Z","","","true","봉 기간의 마지막 유효 관측값","","","","not-configured","일부 거래일 누락","true","false","2024-10-02","2026-10-02","","","cumulative","2024-10-02"
"aligned","KR","stock","001820","day","KRW","credit","2024-10-25","","%","한국투자증권 · 신용잔고 일별추이 [0476]","","","","2026-10-03T13:35:38.380Z","","","true","봉 기간의 마지막 유효 관측값","","","","not-configured","일부 거래일 누락","true","false","2024-10-02","2026-10-02","","","cumulative","2024-10-02"
"aligned","KR","stock","001820","day","KRW","credit","2024-10-28","","%","한국투자증권 · 신용잔고 일별추이 [0476]","","","","2026-10-03T13:35:38.380Z","","","true","봉 기간의 마지막 유효 관측값","","","","not-configured","일부 거래일 누락","true","false","2024-10-02","2026-10-02","","","cumulative","2024-10-02"
"aligned","KR","stock","001820","day","KRW","credit","2024-10-29","","%","한국투자증권 · 신용잔고 일별추이 [0476]","","","","2026-10-03T13:35:38.380Z","","","true","봉 기간의 마지막 유효 관측값","","","","not-configured","일부 거래일 누락","true","false","2024-10-02","2026-10-02","","","cumulative","2024-10-02"
"aligned","KR","stock","001820","day","KRW","credit","2024-10-30","","%","한국투자증권 · 신용잔고 일별추이 [0476]","","","","2026-10-03T13:35:38.380Z","","","true","봉 기간의 마지막 유효 관측값","","","","not-configured","일부 거래일 누락","true","false","2024-10-02","2026-10-02","","","cumulative","2024-10-02"
"aligned","KR","stock","001820","day","KRW","credit","2024-10-31","","%","한국투자증권 · 신용잔고 일별추이 [0476]","","","","2026-10-03T13:35:38.380Z","","","true","봉 기간의 마지막 유효 관측값","","","","not-configured","일부 거래일 누락","true","false","2024-10-02","2026-10-02","","","cumulative","2024-10-02"
"aligned","KR","stock","001820","day","KRW","credit","2024-11-01","","%","한국투자증권 · 신용잔고 일별추이 [0476]","","","","2026-10-03T13:35:38.380Z","","","true","봉 기간의 마지막 유효 관측값","","","","not-configured","일부 거래일 누락","true","false","2024-10-02","2026-10-02","","","cumulative","2024-10-02"
"aligned","KR","stock","001820","day","KRW","credit","2024-11-04","","%","한국투자증권 · 신용잔고 일별추이 [0476]","","","","2026-10-03T13:35:38.380Z","","","true","봉 기간의 마지막 유효 관측값","","","","not-configured","일부 거래일 누락","true","false","2024-10-02","2026-10-02","","","cumulative","2024-10-02"
"aligned","KR","stock","001820","day","KRW","credit","2024-11-05","","%","한국투자증권 · 신용잔고 일별추이 [0476]","","","","2026-10-03T13:35:38.380Z","","","true","봉 기간의 마지막 유효 관측값","","","","not-configured","일부 거래일 누락","true","false","2024-10-02","2026-10-02","","","cumulative","2024-10-02"
"aligned","KR","stock","001820","day","KRW","credit","2024-11-06","","%","한국투자증권 · 신용잔고 일별추이 [0476]","","","","2026-10-03T13:35:38.380Z","","","true","봉 기간의 마지막 유효 관측값","","","","not-configured","일부 거래일 누락","true","false","2024-10-02","2026-10-02","","","cumulative","2024-10-02"
"aligned","KR","stock","001820","day","KRW","credit","2024-11-07","","%","한국투자증권 · 신용잔고 일별추이 [0476]","","","","2026-10-03T13:35:38.380Z","","","true","봉 기간의 마지막 유효 관측값","","","","not-configured","일부 거래일 누락","true","false","2024-10-02","2026-10-02","","","cumulative","2024-10-02"
"aligned","KR","stock","001820","day","KRW","credit","2024-11-08","","%","한국투자증권 · 신용잔고 일별추이 [0476]","","","","2026-10-03T13:35:38.380Z","","","true","봉 기간의 마지막 유효 관측값","","","","not-configured","일부 거래일 누락","true","false","2024-10-02","2026-10-02","","","cumulative","2024-10-02"
"aligned","KR","stock","001820","day","KRW","credit","2024-11-11","","%","한국투자증권 · 신용잔고 일별추이 [0476]","","","","2026-10-03T13:35:38.380Z","","","true","봉 기간의 마지막 유효 관측값","","","","not-configured","일부 거래일 누락","true","false","2024-10-02","2026-10-02","","","cumulative","2024-10-02"
"aligned","KR","stock","001820","day","KRW","credit","2024-11-12","","%","한국투자증권 · 신용잔고 일별추이 [0476]","","","","2026-10-03T13:35:38.380Z","","","true","봉 기간의 마지막 유효 관측값","","","","not-configured","일부 거래일 누락","true","false","2024-10-02","2026-10-02","","","cumulative","2024-10-02"
"aligned","KR","stock","001820","day","KRW","credit","2024-11-13","","%","한국투자증권 · 신용잔고 일별추이 [0476]","","","","2026-10-03T13:35:38.380Z","","","true","봉 기간의 마지막 유효 관측값","","","","not-configured","일부 거래일 누락","true","false","2024-10-02","2026-10-02","","","cumulative","2024-10-02"
"aligned","KR","stock","001820","day","KRW","credit","2024-11-14","","%","한국투자증권 · 신용잔고 일별추이 [0476]","","","","2026-10-03T13:35:38.380Z","","","true","봉 기간의 마지막 유효 관측값","","","","not-configured","일부 거래일 누락","true","false","2024-10-02","2026-10-02","","","cumulative","2024-10-02"
"aligned","KR","stock","001820","day","KRW","credit","2024-11-15","","%","한국투자증권 · 신용잔고 일별추이 [0476]","","","","2026-10-03T13:35:38.380Z","","","true","봉 기간의 마지막 유효 관측값","","","","not-configured","일부 거래일 누락","true","false","2024-10-02","2026-10-02","","","cumulative","2024-10-02"
"aligned","KR","stock","001820","day","KRW","credit","2024-11-18","","%","한국투자증권 · 신용잔고 일별추이 [0476]","","","","2026-10-03T13:35:38.380Z","","","true","봉 기간의 마지막 유효 관측값","","","","not-configured","일부 거래일 누락","true","false","2024-10-02","2026-10-02","","","cumulative","2024-10-02"
"aligned","KR","stock","001820","day","KRW","credit","2024-11-19","","%","한국투자증권 · 신용잔고 일별추이 [0476]","","","","2026-10-03T13:35:38.380Z","","","true","봉 기간의 마지막 유효 관측값","","","","not-configured","일부 거래일 누락","true","false","2024-10-02","2026-10-02","","","cumulative","2024-10-02"
"aligned","KR","stock","001820","day","KRW","credit","2024-11-20","","%","한국투자증권 · 신용잔고 일별추이 [0476]","","","","2026-10-03T13:35:38.380Z","","","true","봉 기간의 마지막 유효 관측값","","","","not-configured","일부 거래일 누락","true","false","2024-10-02","2026-10-02","","","cumulative","2024-10-02"
"aligned","KR","stock","001820","day","KRW","credit","2024-11-21","","%","한국투자증권 · 신용잔고 일별추이 [0476]","","","","2026-10-03T13:35:38.380Z","","","true","봉 기간의 마지막 유효 관측값","","","","not-configured","일부 거래일 누락","true","false","2024-10-02","2026-10-02","","","cumulative","2024-10-02"
"aligned","KR","stock","001820","day","KRW","credit","2024-11-22","","%","한국투자증권 · 신용잔고 일별추이 [0476]","","","","2026-10-03T13:35:38.380Z","","","true","봉 기간의 마지막 유효 관측값","","","","not-configured","일부 거래일 누락","true","false","2024-10-02","2026-10-02","","","cumulative","2024-10-02"
"aligned","KR","stock","001820","day","KRW","credit","2024-11-25","","%","한국투자증권 · 신용잔고 일별추이 [0476]","","","","2026-10-03T13:35:38.380Z","","","true","봉 기간의 마지막 유효 관측값","","","","not-configured","일부 거래일 누락","true","false","2024-10-02","2026-10-02","","","cumulative","2024-10-02"
"aligned","KR","stock","001820","day","KRW","credit","2024-11-26","","%","한국투자증권 · 신용잔고 일별추이 [0476]","","","","2026-10-03T13:35:38.380Z","","","true","봉 기간의 마지막 유효 관측값","","","","not-configured","일부 거래일 누락","true","false","2024-10-02","2026-10-02","","","cumulative","2024-10-02"
"aligned","KR","stock","001820","day","KRW","credit","2024-11-27","","%","한국투자증권 · 신용잔고 일별추이 [0476]","","","","2026-10-03T13:35:38.380Z","","","true","봉 기간의 마지막 유효 관측값","","","","not-configured","일부 거래일 누락","true","false","2024-10-02","2026-10-02","","","cumulative","2024-10-02"
"aligned","KR","stock","001820","day","KRW","credit","2024-11-28","","%","한국투자증권 · 신용잔고 일별추이 [0476]","","","","2026-10-03T13:35:38.380Z","","","true","봉 기간의 마지막 유효 관측값","","","","not-configured","일부 거래일 누락","true","false","2024-10-02","2026-10-02","","","cumulative","2024-10-02"
"aligned","KR","stock","001820","day","KRW","credit","2024-11-29","","%","한국투자증권 · 신용잔고 일별추이 [0476]","","","","2026-10-03T13:35:38.380Z","","","true","봉 기간의 마지막 유효 관측값","","","","not-configured","일부 거래일 누락","true","false","2024-10-02","2026-10-02","","","cumulative","2024-10-02"
"aligned","KR","stock","001820","day","KRW","credit","2024-12-02","","%","한국투자증권 · 신용잔고 일별추이 [0476]","","","","2026-10-03T13:35:38.380Z","","","true","봉 기간의 마지막 유효 관측값","","","","not-configured","일부 거래일 누락","true","false","2024-10-02","2026-10-02","","","cumulative","2024-10-02"
"aligned","KR","stock","001820","day","KRW","credit","2024-12-03","","%","한국투자증권 · 신용잔고 일별추이 [0476]","","","","2026-10-03T13:35:38.380Z","","","true","봉 기간의 마지막 유효 관측값","","","","not-configured","일부 거래일 누락","true","false","2024-10-02","2026-10-02","","","cumulative","2024-10-02"
"aligned","KR","stock","001820","day","KRW","credit","2024-12-04","","%","한국투자증권 · 신용잔고 일별추이 [0476]","","","","2026-10-03T13:35:38.380Z","","","true","봉 기간의 마지막 유효 관측값","","","","not-configured","일부 거래일 누락","true","false","2024-10-02","2026-10-02","","","cumulative","2024-10-02"
"aligned","KR","stock","001820","day","KRW","credit","2024-12-05","","%","한국투자증권 · 신용잔고 일별추이 [0476]","","","","2026-10-03T13:35:38.380Z","","","true","봉 기간의 마지막 유효 관측값","","","","not-configured","일부 거래일 누락","true","false","2024-10-02","2026-10-02","","","cumulative","2024-10-02"
"aligned","KR","stock","001820","day","KRW","credit","2024-12-06","","%","한국투자증권 · 신용잔고 일별추이 [0476]","","","","2026-10-03T13:35:38.380Z","","","true","봉 기간의 마지막 유효 관측값","","","","not-configured","일부 거래일 누락","true","false","2024-10-02","2026-10-02","","","cumulative","2024-10-02"
"aligned","KR","stock","001820","day","KRW","credit","2024-12-09","","%","한국투자증권 · 신용잔고 일별추이 [0476]","","","","2026-10-03T13:35:38.380Z","","","true","봉 기간의 마지막 유효 관측값","","","","not-configured","일부 거래일 누락","true","false","2024-10-02","2026-10-02","","","cumulative","2024-10-02"
"aligned","KR","stock","001820","day","KRW","credit","2024-12-10","","%","한국투자증권 · 신용잔고 일별추이 [0476]","","","","2026-10-03T13:35:38.380Z","","","true","봉 기간의 마지막 유효 관측값","","","","not-configured","일부 거래일 누락","true","false","2024-10-02","2026-10-02","","","cumulative","2024-10-02"
"aligned","KR","stock","001820","day","KRW","credit","2024-12-11","","%","한국투자증권 · 신용잔고 일별추이 [0476]","","","","2026-10-03T13:35:38.380Z","","","true","봉 기간의 마지막 유효 관측값","","","","not-configured","일부 거래일 누락","true","false","2024-10-02","2026-10-02","","","cumulative","2024-10-02"
"aligned","KR","stock","001820","day","KRW","credit","2024-12-12","","%","한국투자증권 · 신용잔고 일별추이 [0476]","","","","2026-10-03T13:35:38.380Z","","","true","봉 기간의 마지막 유효 관측값","","","","not-configured","일부 거래일 누락","true","false","2024-10-02","2026-10-02","","","cumulative","2024-10-02"
"aligned","KR","stock","001820","day","KRW","credit","2024-12-13","","%","한국투자증권 · 신용잔고 일별추이 [0476]","","","","2026-10-03T13:35:38.380Z","","","true","봉 기간의 마지막 유효 관측값","","","","not-configured","일부 거래일 누락","true","false","2024-10-02","2026-10-02","","","cumulative","2024-10-02"
"aligned","KR","stock","001820","day","KRW","credit","2024-12-16","","%","한국투자증권 · 신용잔고 일별추이 [0476]","","","","2026-10-03T13:35:38.380Z","","","true","봉 기간의 마지막 유효 관측값","","","","not-configured","일부 거래일 누락","true","false","2024-10-02","2026-10-02","","","cumulative","2024-10-02"
"aligned","KR","stock","001820","day","KRW","credit","2024-12-17","","%","한국투자증권 · 신용잔고 일별추이 [0476]","","","","2026-10-03T13:35:38.380Z","","","true","봉 기간의 마지막 유효 관측값","","","","not-configured","일부 거래일 누락","true","false","2024-10-02","2026-10-02","","","cumulative","2024-10-02"
"aligned","KR","stock","001820","day","KRW","credit","2024-12-18","","%","한국투자증권 · 신용잔고 일별추이 [0476]","","","","2026-10-03T13:35:38.380Z","","","true","봉 기간의 마지막 유효 관측값","","","","not-configured","일부 거래일 누락","true","false","2024-10-02","2026-10-02","","","cumulative","2024-10-02"
"aligned","KR","stock","001820","day","KRW","credit","2024-12-19","","%","한국투자증권 · 신용잔고 일별추이 [0476]","","","","2026-10-03T13:35:38.380Z","","","true","봉 기간의 마지막 유효 관측값","","","","not-configured","일부 거래일 누락","true","false","2024-10-02","2026-10-02","","","cumulative","2024-10-02"
"aligned","KR","stock","001820","day","KRW","credit","2024-12-20","","%","한국투자증권 · 신용잔고 일별추이 [0476]","","","","2026-10-03T13:35:38.380Z","","","true","봉 기간의 마지막 유효 관측값","","","","not-configured","일부 거래일 누락","true","false","2024-10-02","2026-10-02","","","cumulative","2024-10-02"
"aligned","KR","stock","001820","day","KRW","credit","2024-12-23","","%","한국투자증권 · 신용잔고 일별추이 [0476]","","","","2026-10-03T13:35:38.380Z","","","true","봉 기간의 마지막 유효 관측값","","","","not-configured","일부 거래일 누락","true","false","2024-10-02","2026-10-02","","","cumulative","2024-10-02"
"aligned","KR","stock","001820","day","KRW","credit","2024-12-24","","%","한국투자증권 · 신용잔고 일별추이 [0476]","","","","2026-10-03T13:35:38.380Z","","","true","봉 기간의 마지막 유효 관측값","","","","not-configured","일부 거래일 누락","true","false","2024-10-02","2026-10-02","","","cumulative","2024-10-02"
"aligned","KR","stock","001820","day","KRW","credit","2024-12-26","","%","한국투자증권 · 신용잔고 일별추이 [0476]","","","","2026-10-03T13:35:38.380Z","","","true","봉 기간의 마지막 유효 관측값","","","","not-configured","일부 거래일 누락","true","false","2024-10-02","2026-10-02","","","cumulative","2024-10-02"
"aligned","KR","stock","001820","day","KRW","credit","2024-12-27","","%","한국투자증권 · 신용잔고 일별추이 [0476]","","","","2026-10-03T13:35:38.380Z","","","true","봉 기간의 마지막 유효 관측값","","","","not-configured","일부 거래일 누락","true","false","2024-10-02","2026-10-02","","","cumulative","2024-10-02"
"aligned","KR","stock","001820","day","KRW","credit","2024-12-30","","%","한국투자증권 · 신용잔고 일별추이 [0476]","","","","2026-10-03T13:35:38.380Z","","","true","봉 기간의 마지막 유효 관측값","","","","not-configured","일부 거래일 누락","true","false","2024-10-02","2026-10-02","","","cumulative","2024-10-02"
"aligned","KR","stock","001820","day","KRW","credit","2025-01-02","","%","한국투자증권 · 신용잔고 일별추이 [0476]","","","","2026-10-03T13:35:38.380Z","","","true","봉 기간의 마지막 유효 관측값","","","","not-configured","일부 거래일 누락","true","false","2024-10-02","2026-10-02","","","cumulative","2024-10-02"
"aligned","KR","stock","001820","day","KRW","credit","2025-01-03","","%","한국투자증권 · 신용잔고 일별추이 [0476]","","","","2026-10-03T13:35:38.380Z","","","true","봉 기간의 마지막 유효 관측값","","","","not-configured","일부 거래일 누락","true","false","2024-10-02","2026-10-02","","","cumulative","2024-10-02"
"aligned","KR","stock","001820","day","KRW","credit","2025-01-06","","%","한국투자증권 · 신용잔고 일별추이 [0476]","","","","2026-10-03T13:35:38.380Z","","","true","봉 기간의 마지막 유효 관측값","","","","not-configured","일부 거래일 누락","true","false","2024-10-02","2026-10-02","","","cumulative","2024-10-02"
"aligned","KR","stock","001820","day","KRW","credit","2025-01-07","","%","한국투자증권 · 신용잔고 일별추이 [0476]","","","","2026-10-03T13:35:38.380Z","","","true","봉 기간의 마지막 유효 관측값","","","","not-configured","일부 거래일 누락","true","false","2024-10-02","2026-10-02","","","cumulative","2024-10-02"
"aligned","KR","stock","001820","day","KRW","credit","2025-01-08","","%","한국투자증권 · 신용잔고 일별추이 [0476]","","","","2026-10-03T13:35:38.380Z","","","true","봉 기간의 마지막 유효 관측값","","","","not-configured","일부 거래일 누락","true","false","2024-10-02","2026-10-02","","","cumulative","2024-10-02"
"aligned","KR","stock","001820","day","KRW","credit","2025-01-09","","%","한국투자증권 · 신용잔고 일별추이 [0476]","","","","2026-10-03T13:35:38.380Z","","","true","봉 기간의 마지막 유효 관측값","","","","not-configured","일부 거래일 누락","true","false","2024-10-02","2026-10-02","","","cumulative","2024-10-02"
"aligned","KR","stock","001820","day","KRW","credit","2025-01-10","","%","한국투자증권 · 신용잔고 일별추이 [0476]","","","","2026-10-03T13:35:38.380Z","","","true","봉 기간의 마지막 유효 관측값","","","","not-configured","일부 거래일 누락","true","false","2024-10-02","2026-10-02","","","cumulative","2024-10-02"
"aligned","KR","stock","001820","day","KRW","credit","2025-01-13","","%","한국투자증권 · 신용잔고 일별추이 [0476]","","","","2026-10-03T13:35:38.380Z","","","true","봉 기간의 마지막 유효 관측값","","","","not-configured","일부 거래일 누락","true","false","2024-10-02","2026-10-02","","","cumulative","2024-10-02"
"aligned","KR","stock","001820","day","KRW","credit","2025-01-14","","%","한국투자증권 · 신용잔고 일별추이 [0476]","","","","2026-10-03T13:35:38.380Z","","","true","봉 기간의 마지막 유효 관측값","","","","not-configured","일부 거래일 누락","true","false","2024-10-02","2026-10-02","","","cumulative","2024-10-02"
"aligned","KR","stock","001820","day","KRW","credit","2025-01-15","","%","한국투자증권 · 신용잔고 일별추이 [0476]","","","","2026-10-03T13:35:38.380Z","","","true","봉 기간의 마지막 유효 관측값","","","","not-configured","일부 거래일 누락","true","false","2024-10-02","2026-10-02","","","cumulative","2024-10-02"
"aligned","KR","stock","001820","day","KRW","credit","2025-01-16","","%","한국투자증권 · 신용잔고 일별추이 [0476]","","","","2026-10-03T13:35:38.380Z","","","true","봉 기간의 마지막 유효 관측값","","","","not-configured","일부 거래일 누락","true","false","2024-10-02","2026-10-02","","","cumulative","2024-10-02"
"aligned","KR","stock","001820","day","KRW","credit","2025-01-17","","%","한국투자증권 · 신용잔고 일별추이 [0476]","","","","2026-10-03T13:35:38.380Z","","","true","봉 기간의 마지막 유효 관측값","","","","not-configured","일부 거래일 누락","true","false","2024-10-02","2026-10-02","","","cumulative","2024-10-02"
"aligned","KR","stock","001820","day","KRW","credit","2025-01-20","","%","한국투자증권 · 신용잔고 일별추이 [0476]","","","","2026-10-03T13:35:38.380Z","","","true","봉 기간의 마지막 유효 관측값","","","","not-configured","일부 거래일 누락","true","false","2024-10-02","2026-10-02","","","cumulative","2024-10-02"
"aligned","KR","stock","001820","day","KRW","credit","2025-01-21","","%","한국투자증권 · 신용잔고 일별추이 [0476]","","","","2026-10-03T13:35:38.380Z","","","true","봉 기간의 마지막 유효 관측값","","","","not-configured","일부 거래일 누락","true","false","2024-10-02","2026-10-02","","","cumulative","2024-10-02"
"aligned","KR","stock","001820","day","KRW","credit","2025-01-22","","%","한국투자증권 · 신용잔고 일별추이 [0476]","","","","2026-10-03T13:35:38.380Z","","","true","봉 기간의 마지막 유효 관측값","","","","not-configured","일부 거래일 누락","true","false","2024-10-02","2026-10-02","","","cumulative","2024-10-02"
"aligned","KR","stock","001820","day","KRW","credit","2025-01-23","","%","한국투자증권 · 신용잔고 일별추이 [0476]","","","","2026-10-03T13:35:38.380Z","","","true","봉 기간의 마지막 유효 관측값","","","","not-configured","일부 거래일 누락","true","false","2024-10-02","2026-10-02","","","cumulative","2024-10-02"
"aligned","KR","stock","001820","day","KRW","credit","2025-01-24","","%","한국투자증권 · 신용잔고 일별추이 [0476]","","","","2026-10-03T13:35:38.380Z","","","true","봉 기간의 마지막 유효 관측값","","","","not-configured","일부 거래일 누락","true","false","2024-10-02","2026-10-02","","","cumulative","2024-10-02"
"aligned","KR","stock","001820","day","KRW","credit","2025-01-31","","%","한국투자증권 · 신용잔고 일별추이 [0476]","","","","2026-10-03T13:35:38.380Z","","","true","봉 기간의 마지막 유효 관측값","","","","not-configured","일부 거래일 누락","true","false","2024-10-02","2026-10-02","","","cumulative","2024-10-02"
"aligned","KR","stock","001820","day","KRW","credit","2025-02-03","","%","한국투자증권 · 신용잔고 일별추이 [0476]","","","","2026-10-03T13:35:38.380Z","","","true","봉 기간의 마지막 유효 관측값","","","","not-configured","일부 거래일 누락","true","false","2024-10-02","2026-10-02","","","cumulative","2024-10-02"
"aligned","KR","stock","001820","day","KRW","credit","2025-02-04","","%","한국투자증권 · 신용잔고 일별추이 [0476]","","","","2026-10-03T13:35:38.380Z","","","true","봉 기간의 마지막 유효 관측값","","","","not-configured","일부 거래일 누락","true","false","2024-10-02","2026-10-02","","","cumulative","2024-10-02"
"aligned","KR","stock","001820","day","KRW","credit","2025-02-05","","%","한국투자증권 · 신용잔고 일별추이 [0476]","","","","2026-10-03T13:35:38.380Z","","","true","봉 기간의 마지막 유효 관측값","","","","not-configured","일부 거래일 누락","true","false","2024-10-02","2026-10-02","","","cumulative","2024-10-02"
"aligned","KR","stock","001820","day","KRW","credit","2025-02-06","","%","한국투자증권 · 신용잔고 일별추이 [0476]","","","","2026-10-03T13:35:38.380Z","","","true","봉 기간의 마지막 유효 관측값","","","","not-configured","일부 거래일 누락","true","false","2024-10-02","2026-10-02","","","cumulative","2024-10-02"
"aligned","KR","stock","001820","day","KRW","credit","2025-02-07","","%","한국투자증권 · 신용잔고 일별추이 [0476]","","","","2026-10-03T13:35:38.380Z","","","true","봉 기간의 마지막 유효 관측값","","","","not-configured","일부 거래일 누락","true","false","2024-10-02","2026-10-02","","","cumulative","2024-10-02"
"aligned","KR","stock","001820","day","KRW","credit","2025-02-10","","%","한국투자증권 · 신용잔고 일별추이 [0476]","","","","2026-10-03T13:35:38.380Z","","","true","봉 기간의 마지막 유효 관측값","","","","not-configured","일부 거래일 누락","true","false","2024-10-02","2026-10-02","","","cumulative","2024-10-02"
"aligned","KR","stock","001820","day","KRW","credit","2025-02-11","","%","한국투자증권 · 신용잔고 일별추이 [0476]","","","","2026-10-03T13:35:38.380Z","","","true","봉 기간의 마지막 유효 관측값","","","","not-configured","일부 거래일 누락","true","false","2024-10-02","2026-10-02","","","cumulative","2024-10-02"
"aligned","KR","stock","001820","day","KRW","credit","2025-02-12","","%","한국투자증권 · 신용잔고 일별추이 [0476]","","","","2026-10-03T13:35:38.380Z","","","true","봉 기간의 마지막 유효 관측값","","","","not-configured","일부 거래일 누락","true","false","2024-10-02","2026-10-02","","","cumulative","2024-10-02"
"aligned","KR","stock","001820","day","KRW","credit","2025-02-13","","%","한국투자증권 · 신용잔고 일별추이 [0476]","","","","2026-10-03T13:35:38.380Z","","","true","봉 기간의 마지막 유효 관측값","","","","not-configured","일부 거래일 누락","true","false","2024-10-02","2026-10-02","","","cumulative","2024-10-02"
"aligned","KR","stock","001820","day","KRW","credit","2025-02-14","","%","한국투자증권 · 신용잔고 일별추이 [0476]","","","","2026-10-03T13:35:38.380Z","","","true","봉 기간의 마지막 유효 관측값","","","","not-configured","일부 거래일 누락","true","false","2024-10-02","2026-10-02","","","cumulative","2024-10-02"
"aligned","KR","stock","001820","day","KRW","credit","2025-02-17","","%","한국투자증권 · 신용잔고 일별추이 [0476]","","","","2026-10-03T13:35:38.380Z","","","true","봉 기간의 마지막 유효 관측값","","","","not-configured","일부 거래일 누락","true","false","2024-10-02","2026-10-02","","","cumulative","2024-10-02"
"aligned","KR","stock","001820","day","KRW","credit","2025-02-18","","%","한국투자증권 · 신용잔고 일별추이 [0476]","","","","2026-10-03T13:35:38.380Z","","","true","봉 기간의 마지막 유효 관측값","","","","not-configured","일부 거래일 누락","true","false","2024-10-02","2026-10-02","","","cumulative","2024-10-02"
"aligned","KR","stock","001820","day","KRW","credit","2025-02-19","","%","한국투자증권 · 신용잔고 일별추이 [0476]","","","","2026-10-03T13:35:38.380Z","","","true","봉 기간의 마지막 유효 관측값","","","","not-configured","일부 거래일 누락","true","false","2024-10-02","2026-10-02","","","cumulative","2024-10-02"
"aligned","KR","stock","001820","day","KRW","credit","2025-02-20","","%","한국투자증권 · 신용잔고 일별추이 [0476]","","","","2026-10-03T13:35:38.380Z","","","true","봉 기간의 마지막 유효 관측값","","","","not-configured","일부 거래일 누락","true","false","2024-10-02","2026-10-02","","","cumulative","2024-10-02"
"aligned","KR","stock","001820","day","KRW","credit","2025-02-21","","%","한국투자증권 · 신용잔고 일별추이 [0476]","","","","2026-10-03T13:35:38.380Z","","","true","봉 기간의 마지막 유효 관측값","","","","not-configured","일부 거래일 누락","true","false","2024-10-02","2026-10-02","","","cumulative","2024-10-02"
"aligned","KR","stock","001820","day","KRW","credit","2025-02-24","","%","한국투자증권 · 신용잔고 일별추이 [0476]","","","","2026-10-03T13:35:38.380Z","","","true","봉 기간의 마지막 유효 관측값","","","","not-configured","일부 거래일 누락","true","false","2024-10-02","2026-10-02","","","cumulative","2024-10-02"
"aligned","KR","stock","001820","day","KRW","credit","2025-02-25","","%","한국투자증권 · 신용잔고 일별추이 [0476]","","","","2026-10-03T13:35:38.380Z","","","true","봉 기간의 마지막 유효 관측값","","","","not-configured","일부 거래일 누락","true","false","2024-10-02","2026-10-02","","","cumulative","2024-10-02"
"aligned","KR","stock","001820","day","KRW","credit","2025-02-26","","%","한국투자증권 · 신용잔고 일별추이 [0476]","","","","2026-10-03T13:35:38.380Z","","","true","봉 기간의 마지막 유효 관측값","","","","not-configured","일부 거래일 누락","true","false","2024-10-02","2026-10-02","","","cumulative","2024-10-02"
"aligned","KR","stock","001820","day","KRW","credit","2025-02-27","","%","한국투자증권 · 신용잔고 일별추이 [0476]","","","","2026-10-03T13:35:38.380Z","","","true","봉 기간의 마지막 유효 관측값","","","","not-configured","일부 거래일 누락","true","false","2024-10-02","2026-10-02","","","cumulative","2024-10-02"
"aligned","KR","stock","001820","day","KRW","credit","2025-02-28","","%","한국투자증권 · 신용잔고 일별추이 [0476]","","","","2026-10-03T13:35:38.380Z","","","true","봉 기간의 마지막 유효 관측값","","","","not-configured","일부 거래일 누락","true","false","2024-10-02","2026-10-02","","","cumulative","2024-10-02"
"aligned","KR","stock","001820","day","KRW","credit","2025-03-04","","%","한국투자증권 · 신용잔고 일별추이 [0476]","","","","2026-10-03T13:35:38.380Z","","","true","봉 기간의 마지막 유효 관측값","","","","not-configured","일부 거래일 누락","true","false","2024-10-02","2026-10-02","","","cumulative","2024-10-02"
"aligned","KR","stock","001820","day","KRW","credit","2025-03-05","","%","한국투자증권 · 신용잔고 일별추이 [0476]","","","","2026-10-03T13:35:38.380Z","","","true","봉 기간의 마지막 유효 관측값","","","","not-configured","일부 거래일 누락","true","false","2024-10-02","2026-10-02","","","cumulative","2024-10-02"
"aligned","KR","stock","001820","day","KRW","credit","2025-03-06","","%","한국투자증권 · 신용잔고 일별추이 [0476]","","","","2026-10-03T13:35:38.380Z","","","true","봉 기간의 마지막 유효 관측값","","","","not-configured","일부 거래일 누락","true","false","2024-10-02","2026-10-02","","","cumulative","2024-10-02"
"aligned","KR","stock","001820","day","KRW","credit","2025-03-07","","%","한국투자증권 · 신용잔고 일별추이 [0476]","","","","2026-10-03T13:35:38.380Z","","","true","봉 기간의 마지막 유효 관측값","","","","not-configured","일부 거래일 누락","true","false","2024-10-02","2026-10-02","","","cumulative","2024-10-02"
"aligned","KR","stock","001820","day","KRW","credit","2025-03-10","","%","한국투자증권 · 신용잔고 일별추이 [0476]","","","","2026-10-03T13:35:38.380Z","","","true","봉 기간의 마지막 유효 관측값","","","","not-configured","일부 거래일 누락","true","false","2024-10-02","2026-10-02","","","cumulative","2024-10-02"
"aligned","KR","stock","001820","day","KRW","credit","2025-03-11","","%","한국투자증권 · 신용잔고 일별추이 [0476]","","","","2026-10-03T13:35:38.380Z","","","true","봉 기간의 마지막 유효 관측값","","","","not-configured","일부 거래일 누락","true","false","2024-10-02","2026-10-02","","","cumulative","2024-10-02"
"aligned","KR","stock","001820","day","KRW","credit","2025-03-12","","%","한국투자증권 · 신용잔고 일별추이 [0476]","","","","2026-10-03T13:35:38.380Z","","","true","봉 기간의 마지막 유효 관측값","","","","not-configured","일부 거래일 누락","true","false","2024-10-02","2026-10-02","","","cumulative","2024-10-02"
"aligned","KR","stock","001820","day","KRW","credit","2025-03-13","","%","한국투자증권 · 신용잔고 일별추이 [0476]","","","","2026-10-03T13:35:38.380Z","","","true","봉 기간의 마지막 유효 관측값","","","","not-configured","일부 거래일 누락","true","false","2024-10-02","2026-10-02","","","cumulative","2024-10-02"
"aligned","KR","stock","001820","day","KRW","credit","2025-03-14","","%","한국투자증권 · 신용잔고 일별추이 [0476]","","","","2026-10-03T13:35:38.380Z","","","true","봉 기간의 마지막 유효 관측값","","","","not-configured","일부 거래일 누락","true","false","2024-10-02","2026-10-02","","","cumulative","2024-10-02"
"aligned","KR","stock","001820","day","KRW","credit","2025-03-17","","%","한국투자증권 · 신용잔고 일별추이 [0476]","","","","2026-10-03T13:35:38.380Z","","","true","봉 기간의 마지막 유효 관측값","","","","not-configured","일부 거래일 누락","true","false","2024-10-02","2026-10-02","","","cumulative","2024-10-02"
"aligned","KR","stock","001820","day","KRW","credit","2025-03-18","","%","한국투자증권 · 신용잔고 일별추이 [0476]","","","","2026-10-03T13:35:38.380Z","","","true","봉 기간의 마지막 유효 관측값","","","","not-configured","일부 거래일 누락","true","false","2024-10-02","2026-10-02","","","cumulative","2024-10-02"
"aligned","KR","stock","001820","day","KRW","credit","2025-03-19","","%","한국투자증권 · 신용잔고 일별추이 [0476]","","","","2026-10-03T13:35:38.380Z","","","true","봉 기간의 마지막 유효 관측값","","","","not-configured","일부 거래일 누락","true","false","2024-10-02","2026-10-02","","","cumulative","2024-10-02"
"aligned","KR","stock","001820","day","KRW","credit","2025-03-20","","%","한국투자증권 · 신용잔고 일별추이 [0476]","","","","2026-10-03T13:35:38.380Z","","","true","봉 기간의 마지막 유효 관측값","","","","not-configured","일부 거래일 누락","true","false","2024-10-02","2026-10-02","","","cumulative","2024-10-02"
"aligned","KR","stock","001820","day","KRW","credit","2025-03-21","","%","한국투자증권 · 신용잔고 일별추이 [0476]","","","","2026-10-03T13:35:38.380Z","","","true","봉 기간의 마지막 유효 관측값","","","","not-configured","일부 거래일 누락","true","false","2024-10-02","2026-10-02","","","cumulative","2024-10-02"
"aligned","KR","stock","001820","day","KRW","credit","2025-03-24","","%","한국투자증권 · 신용잔고 일별추이 [0476]","","","","2026-10-03T13:35:38.380Z","","","true","봉 기간의 마지막 유효 관측값","","","","not-configured","일부 거래일 누락","true","false","2024-10-02","2026-10-02","","","cumulative","2024-10-02"
"aligned","KR","stock","001820","day","KRW","credit","2025-03-25","","%","한국투자증권 · 신용잔고 일별추이 [0476]","","","","2026-10-03T13:35:38.380Z","","","true","봉 기간의 마지막 유효 관측값","","","","not-configured","일부 거래일 누락","true","false","2024-10-02","2026-10-02","","","cumulative","2024-10-02"
"aligned","KR","stock","001820","day","KRW","credit","2025-03-26","","%","한국투자증권 · 신용잔고 일별추이 [0476]","","","","2026-10-03T13:35:38.380Z","","","true","봉 기간의 마지막 유효 관측값","","","","not-configured","일부 거래일 누락","true","false","2024-10-02","2026-10-02","","","cumulative","2024-10-02"
"aligned","KR","stock","001820","day","KRW","credit","2025-03-27","","%","한국투자증권 · 신용잔고 일별추이 [0476]","","","","2026-10-03T13:35:38.380Z","","","true","봉 기간의 마지막 유효 관측값","","","","not-configured","일부 거래일 누락","true","false","2024-10-02","2026-10-02","","","cumulative","2024-10-02"
"aligned","KR","stock","001820","day","KRW","credit","2025-03-28","","%","한국투자증권 · 신용잔고 일별추이 [0476]","","","","2026-10-03T13:35:38.380Z","","","true","봉 기간의 마지막 유효 관측값","","","","not-configured","일부 거래일 누락","true","false","2024-10-02","2026-10-02","","","cumulative","2024-10-02"
"aligned","KR","stock","001820","day","KRW","credit","2025-03-31","","%","한국투자증권 · 신용잔고 일별추이 [0476]","","","","2026-10-03T13:35:38.380Z","","","true","봉 기간의 마지막 유효 관측값","","","","not-configured","일부 거래일 누락","true","false","2024-10-02","2026-10-02","","","cumulative","2024-10-02"
"aligned","KR","stock","001820","day","KRW","credit","2025-04-01","","%","한국투자증권 · 신용잔고 일별추이 [0476]","","","","2026-10-03T13:35:38.380Z","","","true","봉 기간의 마지막 유효 관측값","","","","not-configured","일부 거래일 누락","true","false","2024-10-02","2026-10-02","","","cumulative","2024-10-02"
"aligned","KR","stock","001820","day","KRW","credit","2025-04-02","","%","한국투자증권 · 신용잔고 일별추이 [0476]","","","","2026-10-03T13:35:38.380Z","","","true","봉 기간의 마지막 유효 관측값","","","","not-configured","일부 거래일 누락","true","false","2024-10-02","2026-10-02","","","cumulative","2024-10-02"
"aligned","KR","stock","001820","day","KRW","credit","2025-04-03","","%","한국투자증권 · 신용잔고 일별추이 [0476]","","","","2026-10-03T13:35:38.380Z","","","true","봉 기간의 마지막 유효 관측값","","","","not-configured","일부 거래일 누락","true","false","2024-10-02","2026-10-02","","","cumulative","2024-10-02"
"aligned","KR","stock","001820","day","KRW","credit","2025-04-04","","%","한국투자증권 · 신용잔고 일별추이 [0476]","","","","2026-10-03T13:35:38.380Z","","","true","봉 기간의 마지막 유효 관측값","","","","not-configured","일부 거래일 누락","true","false","2024-10-02","2026-10-02","","","cumulative","2024-10-02"
"aligned","KR","stock","001820","day","KRW","credit","2025-04-07","","%","한국투자증권 · 신용잔고 일별추이 [0476]","","","","2026-10-03T13:35:38.380Z","","","true","봉 기간의 마지막 유효 관측값","","","","not-configured","일부 거래일 누락","true","false","2024-10-02","2026-10-02","","","cumulative","2024-10-02"
"aligned","KR","stock","001820","day","KRW","credit","2025-04-08","","%","한국투자증권 · 신용잔고 일별추이 [0476]","","","","2026-10-03T13:35:38.380Z","","","true","봉 기간의 마지막 유효 관측값","","","","not-configured","일부 거래일 누락","true","false","2024-10-02","2026-10-02","","","cumulative","2024-10-02"
"aligned","KR","stock","001820","day","KRW","credit","2025-04-09","","%","한국투자증권 · 신용잔고 일별추이 [0476]","","","","2026-10-03T13:35:38.380Z","","","true","봉 기간의 마지막 유효 관측값","","","","not-configured","일부 거래일 누락","true","false","2024-10-02","2026-10-02","","","cumulative","2024-10-02"
"aligned","KR","stock","001820","day","KRW","credit","2025-04-10","","%","한국투자증권 · 신용잔고 일별추이 [0476]","","","","2026-10-03T13:35:38.380Z","","","true","봉 기간의 마지막 유효 관측값","","","","not-configured","일부 거래일 누락","true","false","2024-10-02","2026-10-02","","","cumulative","2024-10-02"
"aligned","KR","stock","001820","day","KRW","credit","2025-04-11","","%","한국투자증권 · 신용잔고 일별추이 [0476]","","","","2026-10-03T13:35:38.380Z","","","true","봉 기간의 마지막 유효 관측값","","","","not-configured","일부 거래일 누락","true","false","2024-10-02","2026-10-02","","","cumulative","2024-10-02"
"aligned","KR","stock","001820","day","KRW","credit","2025-04-14","","%","한국투자증권 · 신용잔고 일별추이 [0476]","","","","2026-10-03T13:35:38.380Z","","","true","봉 기간의 마지막 유효 관측값","","","","not-configured","일부 거래일 누락","true","false","2024-10-02","2026-10-02","","","cumulative","2024-10-02"
"aligned","KR","stock","001820","day","KRW","credit","2025-04-15","","%","한국투자증권 · 신용잔고 일별추이 [0476]","","","","2026-10-03T13:35:38.380Z","","","true","봉 기간의 마지막 유효 관측값","","","","not-configured","일부 거래일 누락","true","false","2024-10-02","2026-10-02","","","cumulative","2024-10-02"
"aligned","KR","stock","001820","day","KRW","credit","2025-04-16","","%","한국투자증권 · 신용잔고 일별추이 [0476]","","","","2026-10-03T13:35:38.380Z","","","true","봉 기간의 마지막 유효 관측값","","","","not-configured","일부 거래일 누락","true","false","2024-10-02","2026-10-02","","","cumulative","2024-10-02"
"aligned","KR","stock","001820","day","KRW","credit","2025-04-17","","%","한국투자증권 · 신용잔고 일별추이 [0476]","","","","2026-10-03T13:35:38.380Z","","","true","봉 기간의 마지막 유효 관측값","","","","not-configured","일부 거래일 누락","true","false","2024-10-02","2026-10-02","","","cumulative","2024-10-02"
"aligned","KR","stock","001820","day","KRW","credit","2025-04-18","","%","한국투자증권 · 신용잔고 일별추이 [0476]","","","","2026-10-03T13:35:38.380Z","","","true","봉 기간의 마지막 유효 관측값","","","","not-configured","일부 거래일 누락","true","false","2024-10-02","2026-10-02","","","cumulative","2024-10-02"
"aligned","KR","stock","001820","day","KRW","credit","2025-04-21","","%","한국투자증권 · 신용잔고 일별추이 [0476]","","","","2026-10-03T13:35:38.380Z","","","true","봉 기간의 마지막 유효 관측값","","","","not-configured","일부 거래일 누락","true","false","2024-10-02","2026-10-02","","","cumulative","2024-10-02"
"aligned","KR","stock","001820","day","KRW","credit","2025-04-22","","%","한국투자증권 · 신용잔고 일별추이 [0476]","","","","2026-10-03T13:35:38.380Z","","","true","봉 기간의 마지막 유효 관측값","","","","not-configured","일부 거래일 누락","true","false","2024-10-02","2026-10-02","","","cumulative","2024-10-02"
"aligned","KR","stock","001820","day","KRW","credit","2025-04-23","","%","한국투자증권 · 신용잔고 일별추이 [0476]","","","","2026-10-03T13:35:38.380Z","","","true","봉 기간의 마지막 유효 관측값","","","","not-configured","일부 거래일 누락","true","false","2024-10-02","2026-10-02","","","cumulative","2024-10-02"
"aligned","KR","stock","001820","day","KRW","credit","2025-04-24","","%","한국투자증권 · 신용잔고 일별추이 [0476]","","","","2026-10-03T13:35:38.380Z","","","true","봉 기간의 마지막 유효 관측값","","","","not-configured","일부 거래일 누락","true","false","2024-10-02","2026-10-02","","","cumulative","2024-10-02"
"aligned","KR","stock","001820","day","KRW","credit","2025-04-25","","%","한국투자증권 · 신용잔고 일별추이 [0476]","","","","2026-10-03T13:35:38.380Z","","","true","봉 기간의 마지막 유효 관측값","","","","not-configured","일부 거래일 누락","true","false","2024-10-02","2026-10-02","","","cumulative","2024-10-02"
"aligned","KR","stock","001820","day","KRW","credit","2025-04-28","","%","한국투자증권 · 신용잔고 일별추이 [0476]","","","","2026-10-03T13:35:38.380Z","","","true","봉 기간의 마지막 유효 관측값","","","","not-configured","일부 거래일 누락","true","false","2024-10-02","2026-10-02","","","cumulative","2024-10-02"
"aligned","KR","stock","001820","day","KRW","credit","2025-04-29","","%","한국투자증권 · 신용잔고 일별추이 [0476]","","","","2026-10-03T13:35:38.380Z","","","true","봉 기간의 마지막 유효 관측값","","","","not-configured","일부 거래일 누락","true","false","2024-10-02","2026-10-02","","","cumulative","2024-10-02"
"aligned","KR","stock","001820","day","KRW","credit","2025-04-30","","%","한국투자증권 · 신용잔고 일별추이 [0476]","","","","2026-10-03T13:35:38.380Z","","","true","봉 기간의 마지막 유효 관측값","","","","not-configured","일부 거래일 누락","true","false","2024-10-02","2026-10-02","","","cumulative","2024-10-02"
"aligned","KR","stock","001820","day","KRW","credit","2025-05-02","","%","한국투자증권 · 신용잔고 일별추이 [0476]","","","","2026-10-03T13:35:38.380Z","","","true","봉 기간의 마지막 유효 관측값","","","","not-configured","일부 거래일 누락","true","false","2024-10-02","2026-10-02","","","cumulative","2024-10-02"
"aligned","KR","stock","001820","day","KRW","credit","2025-05-07","","%","한국투자증권 · 신용잔고 일별추이 [0476]","","","","2026-10-03T13:35:38.380Z","","","true","봉 기간의 마지막 유효 관측값","","","","not-configured","일부 거래일 누락","true","false","2024-10-02","2026-10-02","","","cumulative","2024-10-02"
"aligned","KR","stock","001820","day","KRW","credit","2025-05-08","","%","한국투자증권 · 신용잔고 일별추이 [0476]","","","","2026-10-03T13:35:38.380Z","","","true","봉 기간의 마지막 유효 관측값","","","","not-configured","일부 거래일 누락","true","false","2024-10-02","2026-10-02","","","cumulative","2024-10-02"
"aligned","KR","stock","001820","day","KRW","credit","2025-05-09","","%","한국투자증권 · 신용잔고 일별추이 [0476]","","","","2026-10-03T13:35:38.380Z","","","true","봉 기간의 마지막 유효 관측값","","","","not-configured","일부 거래일 누락","true","false","2024-10-02","2026-10-02","","","cumulative","2024-10-02"
"aligned","KR","stock","001820","day","KRW","credit","2025-05-12","","%","한국투자증권 · 신용잔고 일별추이 [0476]","","","","2026-10-03T13:35:38.380Z","","","true","봉 기간의 마지막 유효 관측값","","","","not-configured","일부 거래일 누락","true","false","2024-10-02","2026-10-02","","","cumulative","2024-10-02"
"aligned","KR","stock","001820","day","KRW","credit","2025-05-13","","%","한국투자증권 · 신용잔고 일별추이 [0476]","","","","2026-10-03T13:35:38.380Z","","","true","봉 기간의 마지막 유효 관측값","","","","not-configured","일부 거래일 누락","true","false","2024-10-02","2026-10-02","","","cumulative","2024-10-02"
"aligned","KR","stock","001820","day","KRW","credit","2025-05-14","","%","한국투자증권 · 신용잔고 일별추이 [0476]","","","","2026-10-03T13:35:38.380Z","","","true","봉 기간의 마지막 유효 관측값","","","","not-configured","일부 거래일 누락","true","false","2024-10-02","2026-10-02","","","cumulative","2024-10-02"
"aligned","KR","stock","001820","day","KRW","credit","2025-05-15","","%","한국투자증권 · 신용잔고 일별추이 [0476]","","","","2026-10-03T13:35:38.380Z","","","true","봉 기간의 마지막 유효 관측값","","","","not-configured","일부 거래일 누락","true","false","2024-10-02","2026-10-02","","","cumulative","2024-10-02"
"aligned","KR","stock","001820","day","KRW","credit","2025-05-16","","%","한국투자증권 · 신용잔고 일별추이 [0476]","","","","2026-10-03T13:35:38.380Z","","","true","봉 기간의 마지막 유효 관측값","","","","not-configured","일부 거래일 누락","true","false","2024-10-02","2026-10-02","","","cumulative","2024-10-02"
"aligned","KR","stock","001820","day","KRW","credit","2025-05-19","","%","한국투자증권 · 신용잔고 일별추이 [0476]","","","","2026-10-03T13:35:38.380Z","","","true","봉 기간의 마지막 유효 관측값","","","","not-configured","일부 거래일 누락","true","false","2024-10-02","2026-10-02","","","cumulative","2024-10-02"
"aligned","KR","stock","001820","day","KRW","credit","2025-05-20","","%","한국투자증권 · 신용잔고 일별추이 [0476]","","","","2026-10-03T13:35:38.380Z","","","true","봉 기간의 마지막 유효 관측값","","","","not-configured","일부 거래일 누락","true","false","2024-10-02","2026-10-02","","","cumulative","2024-10-02"
"aligned","KR","stock","001820","day","KRW","credit","2025-05-21","","%","한국투자증권 · 신용잔고 일별추이 [0476]","","","","2026-10-03T13:35:38.380Z","","","true","봉 기간의 마지막 유효 관측값","","","","not-configured","일부 거래일 누락","true","false","2024-10-02","2026-10-02","","","cumulative","2024-10-02"
"aligned","KR","stock","001820","day","KRW","credit","2025-05-22","","%","한국투자증권 · 신용잔고 일별추이 [0476]","","","","2026-10-03T13:35:38.380Z","","","true","봉 기간의 마지막 유효 관측값","","","","not-configured","일부 거래일 누락","true","false","2024-10-02","2026-10-02","","","cumulative","2024-10-02"
"aligned","KR","stock","001820","day","KRW","credit","2025-05-23","","%","한국투자증권 · 신용잔고 일별추이 [0476]","","","","2026-10-03T13:35:38.380Z","","","true","봉 기간의 마지막 유효 관측값","","","","not-configured","일부 거래일 누락","true","false","2024-10-02","2026-10-02","","","cumulative","2024-10-02"
"aligned","KR","stock","001820","day","KRW","credit","2025-05-26","","%","한국투자증권 · 신용잔고 일별추이 [0476]","","","","2026-10-03T13:35:38.380Z","","","true","봉 기간의 마지막 유효 관측값","","","","not-configured","일부 거래일 누락","true","false","2024-10-02","2026-10-02","","","cumulative","2024-10-02"
"aligned","KR","stock","001820","day","KRW","credit","2025-05-27","","%","한국투자증권 · 신용잔고 일별추이 [0476]","","","","2026-10-03T13:35:38.380Z","","","true","봉 기간의 마지막 유효 관측값","","","","not-configured","일부 거래일 누락","true","false","2024-10-02","2026-10-02","","","cumulative","2024-10-02"
"aligned","KR","stock","001820","day","KRW","credit","2025-05-28","","%","한국투자증권 · 신용잔고 일별추이 [0476]","","","","2026-10-03T13:35:38.380Z","","","true","봉 기간의 마지막 유효 관측값","","","","not-configured","일부 거래일 누락","true","false","2024-10-02","2026-10-02","","","cumulative","2024-10-02"
"aligned","KR","stock","001820","day","KRW","credit","2025-05-29","","%","한국투자증권 · 신용잔고 일별추이 [0476]","","","","2026-10-03T13:35:38.380Z","","","true","봉 기간의 마지막 유효 관측값","","","","not-configured","일부 거래일 누락","true","false","2024-10-02","2026-10-02","","","cumulative","2024-10-02"
"aligned","KR","stock","001820","day","KRW","credit","2025-05-30","","%","한국투자증권 · 신용잔고 일별추이 [0476]","","","","2026-10-03T13:35:38.380Z","","","true","봉 기간의 마지막 유효 관측값","","","","not-configured","일부 거래일 누락","true","false","2024-10-02","2026-10-02","","","cumulative","2024-10-02"
"aligned","KR","stock","001820","day","KRW","credit","2025-06-02","","%","한국투자증권 · 신용잔고 일별추이 [0476]","","","","2026-10-03T13:35:38.380Z","","","true","봉 기간의 마지막 유효 관측값","","","","not-configured","일부 거래일 누락","true","false","2024-10-02","2026-10-02","","","cumulative","2024-10-02"
"aligned","KR","stock","001820","day","KRW","credit","2025-06-04","","%","한국투자증권 · 신용잔고 일별추이 [0476]","","","","2026-10-03T13:35:38.380Z","","","true","봉 기간의 마지막 유효 관측값","","","","not-configured","일부 거래일 누락","true","false","2024-10-02","2026-10-02","","","cumulative","2024-10-02"
"aligned","KR","stock","001820","day","KRW","credit","2025-06-05","","%","한국투자증권 · 신용잔고 일별추이 [0476]","","","","2026-10-03T13:35:38.380Z","","","true","봉 기간의 마지막 유효 관측값","","","","not-configured","일부 거래일 누락","true","false","2024-10-02","2026-10-02","","","cumulative","2024-10-02"
"aligned","KR","stock","001820","day","KRW","credit","2025-06-09","","%","한국투자증권 · 신용잔고 일별추이 [0476]","","","","2026-10-03T13:35:38.380Z","","","true","봉 기간의 마지막 유효 관측값","","","","not-configured","일부 거래일 누락","true","false","2024-10-02","2026-10-02","","","cumulative","2024-10-02"
"aligned","KR","stock","001820","day","KRW","credit","2025-06-10","","%","한국투자증권 · 신용잔고 일별추이 [0476]","","","","2026-10-03T13:35:38.380Z","","","true","봉 기간의 마지막 유효 관측값","","","","not-configured","일부 거래일 누락","true","false","2024-10-02","2026-10-02","","","cumulative","2024-10-02"
"aligned","KR","stock","001820","day","KRW","credit","2025-06-11","","%","한국투자증권 · 신용잔고 일별추이 [0476]","","","","2026-10-03T13:35:38.380Z","","","true","봉 기간의 마지막 유효 관측값","","","","not-configured","일부 거래일 누락","true","false","2024-10-02","2026-10-02","","","cumulative","2024-10-02"
"aligned","KR","stock","001820","day","KRW","credit","2025-06-12","","%","한국투자증권 · 신용잔고 일별추이 [0476]","","","","2026-10-03T13:35:38.380Z","","","true","봉 기간의 마지막 유효 관측값","","","","not-configured","일부 거래일 누락","true","false","2024-10-02","2026-10-02","","","cumulative","2024-10-02"
"aligned","KR","stock","001820","day","KRW","credit","2025-06-13","","%","한국투자증권 · 신용잔고 일별추이 [0476]","","","","2026-10-03T13:35:38.380Z","","","true","봉 기간의 마지막 유효 관측값","","","","not-configured","일부 거래일 누락","true","false","2024-10-02","2026-10-02","","","cumulative","2024-10-02"
"aligned","KR","stock","001820","day","KRW","credit","2025-06-16","","%","한국투자증권 · 신용잔고 일별추이 [0476]","","","","2026-10-03T13:35:38.380Z","","","true","봉 기간의 마지막 유효 관측값","","","","not-configured","일부 거래일 누락","true","false","2024-10-02","2026-10-02","","","cumulative","2024-10-02"
"aligned","KR","stock","001820","day","KRW","credit","2025-06-17","","%","한국투자증권 · 신용잔고 일별추이 [0476]","","","","2026-10-03T13:35:38.380Z","","","true","봉 기간의 마지막 유효 관측값","","","","not-configured","일부 거래일 누락","true","false","2024-10-02","2026-10-02","","","cumulative","2024-10-02"
"aligned","KR","stock","001820","day","KRW","credit","2025-06-18","","%","한국투자증권 · 신용잔고 일별추이 [0476]","","","","2026-10-03T13:35:38.380Z","","","true","봉 기간의 마지막 유효 관측값","","","","not-configured","일부 거래일 누락","true","false","2024-10-02","2026-10-02","","","cumulative","2024-10-02"
"aligned","KR","stock","001820","day","KRW","credit","2025-06-19","","%","한국투자증권 · 신용잔고 일별추이 [0476]","","","","2026-10-03T13:35:38.380Z","","","true","봉 기간의 마지막 유효 관측값","","","","not-configured","일부 거래일 누락","true","false","2024-10-02","2026-10-02","","","cumulative","2024-10-02"
"aligned","KR","stock","001820","day","KRW","credit","2025-06-20","","%","한국투자증권 · 신용잔고 일별추이 [0476]","","","","2026-10-03T13:35:38.380Z","","","true","봉 기간의 마지막 유효 관측값","","","","not-configured","일부 거래일 누락","true","false","2024-10-02","2026-10-02","","","cumulative","2024-10-02"
"aligned","KR","stock","001820","day","KRW","credit","2025-06-23","","%","한국투자증권 · 신용잔고 일별추이 [0476]","","","","2026-10-03T13:35:38.380Z","","","true","봉 기간의 마지막 유효 관측값","","","","not-configured","일부 거래일 누락","true","false","2024-10-02","2026-10-02","","","cumulative","2024-10-02"
"aligned","KR","stock","001820","day","KRW","credit","2025-06-24","","%","한국투자증권 · 신용잔고 일별추이 [0476]","","","","2026-10-03T13:35:38.380Z","","","true","봉 기간의 마지막 유효 관측값","","","","not-configured","일부 거래일 누락","true","false","2024-10-02","2026-10-02","","","cumulative","2024-10-02"
"aligned","KR","stock","001820","day","KRW","credit","2025-06-25","","%","한국투자증권 · 신용잔고 일별추이 [0476]","","","","2026-10-03T13:35:38.380Z","","","true","봉 기간의 마지막 유효 관측값","","","","not-configured","일부 거래일 누락","true","false","2024-10-02","2026-10-02","","","cumulative","2024-10-02"
"aligned","KR","stock","001820","day","KRW","credit","2025-06-26","","%","한국투자증권 · 신용잔고 일별추이 [0476]","","","","2026-10-03T13:35:38.380Z","","","true","봉 기간의 마지막 유효 관측값","","","","not-configured","일부 거래일 누락","true","false","2024-10-02","2026-10-02","","","cumulative","2024-10-02"
"aligned","KR","stock","001820","day","KRW","credit","2025-06-27","","%","한국투자증권 · 신용잔고 일별추이 [0476]","","","","2026-10-03T13:35:38.380Z","","","true","봉 기간의 마지막 유효 관측값","","","","not-configured","일부 거래일 누락","true","false","2024-10-02","2026-10-02","","","cumulative","2024-10-02"
"aligned","KR","stock","001820","day","KRW","credit","2025-06-30","","%","한국투자증권 · 신용잔고 일별추이 [0476]","","","","2026-10-03T13:35:38.380Z","","","true","봉 기간의 마지막 유효 관측값","","","","not-configured","일부 거래일 누락","true","false","2024-10-02","2026-10-02","","","cumulative","2024-10-02"
"aligned","KR","stock","001820","day","KRW","credit","2025-07-01","","%","한국투자증권 · 신용잔고 일별추이 [0476]","","","","2026-10-03T13:35:38.380Z","","","true","봉 기간의 마지막 유효 관측값","","","","not-configured","일부 거래일 누락","true","false","2024-10-02","2026-10-02","","","cumulative","2024-10-02"
"aligned","KR","stock","001820","day","KRW","credit","2025-07-02","","%","한국투자증권 · 신용잔고 일별추이 [0476]","","","","2026-10-03T13:35:38.380Z","","","true","봉 기간의 마지막 유효 관측값","","","","not-configured","일부 거래일 누락","true","false","2024-10-02","2026-10-02","","","cumulative","2024-10-02"
"aligned","KR","stock","001820","day","KRW","credit","2025-07-03","","%","한국투자증권 · 신용잔고 일별추이 [0476]","","","","2026-10-03T13:35:38.380Z","","","true","봉 기간의 마지막 유효 관측값","","","","not-configured","일부 거래일 누락","true","false","2024-10-02","2026-10-02","","","cumulative","2024-10-02"
"aligned","KR","stock","001820","day","KRW","credit","2025-07-04","","%","한국투자증권 · 신용잔고 일별추이 [0476]","","","","2026-10-03T13:35:38.380Z","","","true","봉 기간의 마지막 유효 관측값","","","","not-configured","일부 거래일 누락","true","false","2024-10-02","2026-10-02","","","cumulative","2024-10-02"
"aligned","KR","stock","001820","day","KRW","credit","2025-07-07","","%","한국투자증권 · 신용잔고 일별추이 [0476]","","","","2026-10-03T13:35:38.380Z","","","true","봉 기간의 마지막 유효 관측값","","","","not-configured","일부 거래일 누락","true","false","2024-10-02","2026-10-02","","","cumulative","2024-10-02"
"aligned","KR","stock","001820","day","KRW","credit","2025-07-08","","%","한국투자증권 · 신용잔고 일별추이 [0476]","","","","2026-10-03T13:35:38.380Z","","","true","봉 기간의 마지막 유효 관측값","","","","not-configured","일부 거래일 누락","true","false","2024-10-02","2026-10-02","","","cumulative","2024-10-02"
"aligned","KR","stock","001820","day","KRW","credit","2025-07-09","","%","한국투자증권 · 신용잔고 일별추이 [0476]","","","","2026-10-03T13:35:38.380Z","","","true","봉 기간의 마지막 유효 관측값","","","","not-configured","일부 거래일 누락","true","false","2024-10-02","2026-10-02","","","cumulative","2024-10-02"
"aligned","KR","stock","001820","day","KRW","credit","2025-07-10","","%","한국투자증권 · 신용잔고 일별추이 [0476]","","","","2026-10-03T13:35:38.380Z","","","true","봉 기간의 마지막 유효 관측값","","","","not-configured","일부 거래일 누락","true","false","2024-10-02","2026-10-02","","","cumulative","2024-10-02"
"aligned","KR","stock","001820","day","KRW","credit","2025-07-11","","%","한국투자증권 · 신용잔고 일별추이 [0476]","","","","2026-10-03T13:35:38.380Z","","","true","봉 기간의 마지막 유효 관측값","","","","not-configured","일부 거래일 누락","true","false","2024-10-02","2026-10-02","","","cumulative","2024-10-02"
"aligned","KR","stock","001820","day","KRW","credit","2025-07-14","","%","한국투자증권 · 신용잔고 일별추이 [0476]","","","","2026-10-03T13:35:38.380Z","","","true","봉 기간의 마지막 유효 관측값","","","","not-configured","일부 거래일 누락","true","false","2024-10-02","2026-10-02","","","cumulative","2024-10-02"
"aligned","KR","stock","001820","day","KRW","credit","2025-07-15","","%","한국투자증권 · 신용잔고 일별추이 [0476]","","","","2026-10-03T13:35:38.380Z","","","true","봉 기간의 마지막 유효 관측값","","","","not-configured","일부 거래일 누락","true","false","2024-10-02","2026-10-02","","","cumulative","2024-10-02"
"aligned","KR","stock","001820","day","KRW","credit","2025-07-16","","%","한국투자증권 · 신용잔고 일별추이 [0476]","","","","2026-10-03T13:35:38.380Z","","","true","봉 기간의 마지막 유효 관측값","","","","not-configured","일부 거래일 누락","true","false","2024-10-02","2026-10-02","","","cumulative","2024-10-02"
"aligned","KR","stock","001820","day","KRW","credit","2025-07-17","","%","한국투자증권 · 신용잔고 일별추이 [0476]","","","","2026-10-03T13:35:38.380Z","","","true","봉 기간의 마지막 유효 관측값","","","","not-configured","일부 거래일 누락","true","false","2024-10-02","2026-10-02","","","cumulative","2024-10-02"
"aligned","KR","stock","001820","day","KRW","credit","2025-07-18","","%","한국투자증권 · 신용잔고 일별추이 [0476]","","","","2026-10-03T13:35:38.380Z","","","true","봉 기간의 마지막 유효 관측값","","","","not-configured","일부 거래일 누락","true","false","2024-10-02","2026-10-02","","","cumulative","2024-10-02"
"aligned","KR","stock","001820","day","KRW","credit","2025-07-21","","%","한국투자증권 · 신용잔고 일별추이 [0476]","","","","2026-10-03T13:35:38.380Z","","","true","봉 기간의 마지막 유효 관측값","","","","not-configured","일부 거래일 누락","true","false","2024-10-02","2026-10-02","","","cumulative","2024-10-02"
"aligned","KR","stock","001820","day","KRW","credit","2025-07-22","","%","한국투자증권 · 신용잔고 일별추이 [0476]","","","","2026-10-03T13:35:38.380Z","","","true","봉 기간의 마지막 유효 관측값","","","","not-configured","일부 거래일 누락","true","false","2024-10-02","2026-10-02","","","cumulative","2024-10-02"
"aligned","KR","stock","001820","day","KRW","credit","2025-07-23","","%","한국투자증권 · 신용잔고 일별추이 [0476]","","","","2026-10-03T13:35:38.380Z","","","true","봉 기간의 마지막 유효 관측값","","","","not-configured","일부 거래일 누락","true","false","2024-10-02","2026-10-02","","","cumulative","2024-10-02"
"aligned","KR","stock","001820","day","KRW","credit","2025-07-24","","%","한국투자증권 · 신용잔고 일별추이 [0476]","","","","2026-10-03T13:35:38.380Z","","","true","봉 기간의 마지막 유효 관측값","","","","not-configured","일부 거래일 누락","true","false","2024-10-02","2026-10-02","","","cumulative","2024-10-02"
"aligned","KR","stock","001820","day","KRW","credit","2025-07-25","","%","한국투자증권 · 신용잔고 일별추이 [0476]","","","","2026-10-03T13:35:38.380Z","","","true","봉 기간의 마지막 유효 관측값","","","","not-configured","일부 거래일 누락","true","false","2024-10-02","2026-10-02","","","cumulative","2024-10-02"
"aligned","KR","stock","001820","day","KRW","credit","2025-07-28","","%","한국투자증권 · 신용잔고 일별추이 [0476]","","","","2026-10-03T13:35:38.380Z","","","true","봉 기간의 마지막 유효 관측값","","","","not-configured","일부 거래일 누락","true","false","2024-10-02","2026-10-02","","","cumulative","2024-10-02"
"aligned","KR","stock","001820","day","KRW","credit","2025-07-29","","%","한국투자증권 · 신용잔고 일별추이 [0476]","","","","2026-10-03T13:35:38.380Z","","","true","봉 기간의 마지막 유효 관측값","","","","not-configured","일부 거래일 누락","true","false","2024-10-02","2026-10-02","","","cumulative","2024-10-02"
"aligned","KR","stock","001820","day","KRW","credit","2025-07-30","","%","한국투자증권 · 신용잔고 일별추이 [0476]","","","","2026-10-03T13:35:38.380Z","","","true","봉 기간의 마지막 유효 관측값","","","","not-configured","일부 거래일 누락","true","false","2024-10-02","2026-10-02","","","cumulative","2024-10-02"
"aligned","KR","stock","001820","day","KRW","credit","2025-07-31","","%","한국투자증권 · 신용잔고 일별추이 [0476]","","","","2026-10-03T13:35:38.380Z","","","true","봉 기간의 마지막 유효 관측값","","","","not-configured","일부 거래일 누락","true","false","2024-10-02","2026-10-02","","","cumulative","2024-10-02"
"aligned","KR","stock","001820","day","KRW","credit","2025-08-01","","%","한국투자증권 · 신용잔고 일별추이 [0476]","","","","2026-10-03T13:35:38.380Z","","","true","봉 기간의 마지막 유효 관측값","","","","not-configured","일부 거래일 누락","true","false","2024-10-02","2026-10-02","","","cumulative","2024-10-02"
"aligned","KR","stock","001820","day","KRW","credit","2025-08-04","","%","한국투자증권 · 신용잔고 일별추이 [0476]","","","","2026-10-03T13:35:38.380Z","","","true","봉 기간의 마지막 유효 관측값","","","","not-configured","일부 거래일 누락","true","false","2024-10-02","2026-10-02","","","cumulative","2024-10-02"
"aligned","KR","stock","001820","day","KRW","credit","2025-08-05","","%","한국투자증권 · 신용잔고 일별추이 [0476]","","","","2026-10-03T13:35:38.380Z","","","true","봉 기간의 마지막 유효 관측값","","","","not-configured","일부 거래일 누락","true","false","2024-10-02","2026-10-02","","","cumulative","2024-10-02"
"aligned","KR","stock","001820","day","KRW","credit","2025-08-06","","%","한국투자증권 · 신용잔고 일별추이 [0476]","","","","2026-10-03T13:35:38.380Z","","","true","봉 기간의 마지막 유효 관측값","","","","not-configured","일부 거래일 누락","true","false","2024-10-02","2026-10-02","","","cumulative","2024-10-02"
"aligned","KR","stock","001820","day","KRW","credit","2025-08-07","","%","한국투자증권 · 신용잔고 일별추이 [0476]","","","","2026-10-03T13:35:38.380Z","","","true","봉 기간의 마지막 유효 관측값","","","","not-configured","일부 거래일 누락","true","false","2024-10-02","2026-10-02","","","cumulative","2024-10-02"
"aligned","KR","stock","001820","day","KRW","credit","2025-08-08","","%","한국투자증권 · 신용잔고 일별추이 [0476]","","","","2026-10-03T13:35:38.380Z","","","true","봉 기간의 마지막 유효 관측값","","","","not-configured","일부 거래일 누락","true","false","2024-10-02","2026-10-02","","","cumulative","2024-10-02"
"aligned","KR","stock","001820","day","KRW","credit","2025-08-11","","%","한국투자증권 · 신용잔고 일별추이 [0476]","","","","2026-10-03T13:35:38.380Z","","","true","봉 기간의 마지막 유효 관측값","","","","not-configured","일부 거래일 누락","true","false","2024-10-02","2026-10-02","","","cumulative","2024-10-02"
"aligned","KR","stock","001820","day","KRW","credit","2025-08-12","","%","한국투자증권 · 신용잔고 일별추이 [0476]","","","","2026-10-03T13:35:38.380Z","","","true","봉 기간의 마지막 유효 관측값","","","","not-configured","일부 거래일 누락","true","false","2024-10-02","2026-10-02","","","cumulative","2024-10-02"
"aligned","KR","stock","001820","day","KRW","credit","2025-08-13","","%","한국투자증권 · 신용잔고 일별추이 [0476]","","","","2026-10-03T13:35:38.380Z","","","true","봉 기간의 마지막 유효 관측값","","","","not-configured","일부 거래일 누락","true","false","2024-10-02","2026-10-02","","","cumulative","2024-10-02"
"aligned","KR","stock","001820","day","KRW","credit","2025-08-14","","%","한국투자증권 · 신용잔고 일별추이 [0476]","","","","2026-10-03T13:35:38.380Z","","","true","봉 기간의 마지막 유효 관측값","","","","not-configured","일부 거래일 누락","true","false","2024-10-02","2026-10-02","","","cumulative","2024-10-02"
"aligned","KR","stock","001820","day","KRW","credit","2025-08-18","","%","한국투자증권 · 신용잔고 일별추이 [0476]","","","","2026-10-03T13:35:38.380Z","","","true","봉 기간의 마지막 유효 관측값","","","","not-configured","일부 거래일 누락","true","false","2024-10-02","2026-10-02","","","cumulative","2024-10-02"
"aligned","KR","stock","001820","day","KRW","credit","2025-08-19","","%","한국투자증권 · 신용잔고 일별추이 [0476]","","","","2026-10-03T13:35:38.380Z","","","true","봉 기간의 마지막 유효 관측값","","","","not-configured","일부 거래일 누락","true","false","2024-10-02","2026-10-02","","","cumulative","2024-10-02"
"aligned","KR","stock","001820","day","KRW","credit","2025-08-20","","%","한국투자증권 · 신용잔고 일별추이 [0476]","","","","2026-10-03T13:35:38.380Z","","","true","봉 기간의 마지막 유효 관측값","","","","not-configured","일부 거래일 누락","true","false","2024-10-02","2026-10-02","","","cumulative","2024-10-02"
"aligned","KR","stock","001820","day","KRW","credit","2025-08-21","","%","한국투자증권 · 신용잔고 일별추이 [0476]","","","","2026-10-03T13:35:38.380Z","","","true","봉 기간의 마지막 유효 관측값","","","","not-configured","일부 거래일 누락","true","false","2024-10-02","2026-10-02","","","cumulative","2024-10-02"
"aligned","KR","stock","001820","day","KRW","credit","2025-08-22","","%","한국투자증권 · 신용잔고 일별추이 [0476]","","","","2026-10-03T13:35:38.380Z","","","true","봉 기간의 마지막 유효 관측값","","","","not-configured","일부 거래일 누락","true","false","2024-10-02","2026-10-02","","","cumulative","2024-10-02"
"aligned","KR","stock","001820","day","KRW","credit","2025-08-25","","%","한국투자증권 · 신용잔고 일별추이 [0476]","","","","2026-10-03T13:35:38.380Z","","","true","봉 기간의 마지막 유효 관측값","","","","not-configured","일부 거래일 누락","true","false","2024-10-02","2026-10-02","","","cumulative","2024-10-02"
"aligned","KR","stock","001820","day","KRW","credit","2025-08-26","","%","한국투자증권 · 신용잔고 일별추이 [0476]","","","","2026-10-03T13:35:38.380Z","","","true","봉 기간의 마지막 유효 관측값","","","","not-configured","일부 거래일 누락","true","false","2024-10-02","2026-10-02","","","cumulative","2024-10-02"
"aligned","KR","stock","001820","day","KRW","credit","2025-08-27","","%","한국투자증권 · 신용잔고 일별추이 [0476]","","","","2026-10-03T13:35:38.380Z","","","true","봉 기간의 마지막 유효 관측값","","","","not-configured","일부 거래일 누락","true","false","2024-10-02","2026-10-02","","","cumulative","2024-10-02"
"aligned","KR","stock","001820","day","KRW","credit","2025-08-28","","%","한국투자증권 · 신용잔고 일별추이 [0476]","","","","2026-10-03T13:35:38.380Z","","","true","봉 기간의 마지막 유효 관측값","","","","not-configured","일부 거래일 누락","true","false","2024-10-02","2026-10-02","","","cumulative","2024-10-02"
"aligned","KR","stock","001820","day","KRW","credit","2025-08-29","","%","한국투자증권 · 신용잔고 일별추이 [0476]","","","","2026-10-03T13:35:38.380Z","","","true","봉 기간의 마지막 유효 관측값","","","","not-configured","일부 거래일 누락","true","false","2024-10-02","2026-10-02","","","cumulative","2024-10-02"
"aligned","KR","stock","001820","day","KRW","credit","2025-09-01","","%","한국투자증권 · 신용잔고 일별추이 [0476]","","","","2026-10-03T13:35:38.380Z","","","true","봉 기간의 마지막 유효 관측값","","","","not-configured","일부 거래일 누락","true","false","2024-10-02","2026-10-02","","","cumulative","2024-10-02"
"aligned","KR","stock","001820","day","KRW","credit","2025-09-02","","%","한국투자증권 · 신용잔고 일별추이 [0476]","","","","2026-10-03T13:35:38.380Z","","","true","봉 기간의 마지막 유효 관측값","","","","not-configured","일부 거래일 누락","true","false","2024-10-02","2026-10-02","","","cumulative","2024-10-02"
"aligned","KR","stock","001820","day","KRW","credit","2025-09-03","","%","한국투자증권 · 신용잔고 일별추이 [0476]","","","","2026-10-03T13:35:38.380Z","","","true","봉 기간의 마지막 유효 관측값","","","","not-configured","일부 거래일 누락","true","false","2024-10-02","2026-10-02","","","cumulative","2024-10-02"
"aligned","KR","stock","001820","day","KRW","credit","2025-09-04","","%","한국투자증권 · 신용잔고 일별추이 [0476]","","","","2026-10-03T13:35:38.380Z","","","true","봉 기간의 마지막 유효 관측값","","","","not-configured","일부 거래일 누락","true","false","2024-10-02","2026-10-02","","","cumulative","2024-10-02"
"aligned","KR","stock","001820","day","KRW","credit","2025-09-05","","%","한국투자증권 · 신용잔고 일별추이 [0476]","","","","2026-10-03T13:35:38.380Z","","","true","봉 기간의 마지막 유효 관측값","","","","not-configured","일부 거래일 누락","true","false","2024-10-02","2026-10-02","","","cumulative","2024-10-02"
"aligned","KR","stock","001820","day","KRW","credit","2025-09-08","","%","한국투자증권 · 신용잔고 일별추이 [0476]","","","","2026-10-03T13:35:38.380Z","","","true","봉 기간의 마지막 유효 관측값","","","","not-configured","일부 거래일 누락","true","false","2024-10-02","2026-10-02","","","cumulative","2024-10-02"
"aligned","KR","stock","001820","day","KRW","credit","2025-09-09","","%","한국투자증권 · 신용잔고 일별추이 [0476]","","","","2026-10-03T13:35:38.380Z","","","true","봉 기간의 마지막 유효 관측값","","","","not-configured","일부 거래일 누락","true","false","2024-10-02","2026-10-02","","","cumulative","2024-10-02"
"aligned","KR","stock","001820","day","KRW","credit","2025-09-10","","%","한국투자증권 · 신용잔고 일별추이 [0476]","","","","2026-10-03T13:35:38.380Z","","","true","봉 기간의 마지막 유효 관측값","","","","not-configured","일부 거래일 누락","true","false","2024-10-02","2026-10-02","","","cumulative","2024-10-02"
"aligned","KR","stock","001820","day","KRW","credit","2025-09-11","","%","한국투자증권 · 신용잔고 일별추이 [0476]","","","","2026-10-03T13:35:38.380Z","","","true","봉 기간의 마지막 유효 관측값","","","","not-configured","일부 거래일 누락","true","false","2024-10-02","2026-10-02","","","cumulative","2024-10-02"
"aligned","KR","stock","001820","day","KRW","credit","2025-09-12","","%","한국투자증권 · 신용잔고 일별추이 [0476]","","","","2026-10-03T13:35:38.380Z","","","true","봉 기간의 마지막 유효 관측값","","","","not-configured","일부 거래일 누락","true","false","2024-10-02","2026-10-02","","","cumulative","2024-10-02"
"aligned","KR","stock","001820","day","KRW","credit","2025-09-15","","%","한국투자증권 · 신용잔고 일별추이 [0476]","","","","2026-10-03T13:35:38.380Z","","","true","봉 기간의 마지막 유효 관측값","","","","not-configured","일부 거래일 누락","true","false","2024-10-02","2026-10-02","","","cumulative","2024-10-02"
"aligned","KR","stock","001820","day","KRW","credit","2025-09-16","","%","한국투자증권 · 신용잔고 일별추이 [0476]","","","","2026-10-03T13:35:38.380Z","","","true","봉 기간의 마지막 유효 관측값","","","","not-configured","일부 거래일 누락","true","false","2024-10-02","2026-10-02","","","cumulative","2024-10-02"
"aligned","KR","stock","001820","day","KRW","credit","2025-09-17","","%","한국투자증권 · 신용잔고 일별추이 [0476]","","","","2026-10-03T13:35:38.380Z","","","true","봉 기간의 마지막 유효 관측값","","","","not-configured","일부 거래일 누락","true","false","2024-10-02","2026-10-02","","","cumulative","2024-10-02"
"aligned","KR","stock","001820","day","KRW","credit","2025-09-18","","%","한국투자증권 · 신용잔고 일별추이 [0476]","","","","2026-10-03T13:35:38.380Z","","","true","봉 기간의 마지막 유효 관측값","","","","not-configured","일부 거래일 누락","true","false","2024-10-02","2026-10-02","","","cumulative","2024-10-02"
"aligned","KR","stock","001820","day","KRW","credit","2025-09-22","","%","한국투자증권 · 신용잔고 일별추이 [0476]","","","","2026-10-03T13:35:38.380Z","","","true","봉 기간의 마지막 유효 관측값","","","","not-configured","일부 거래일 누락","true","false","2024-10-02","2026-10-02","","","cumulative","2024-10-02"
"aligned","KR","stock","001820","day","KRW","credit","2025-09-23","","%","한국투자증권 · 신용잔고 일별추이 [0476]","","","","2026-10-03T13:35:38.380Z","","","true","봉 기간의 마지막 유효 관측값","","","","not-configured","일부 거래일 누락","true","false","2024-10-02","2026-10-02","","","cumulative","2024-10-02"
"aligned","KR","stock","001820","day","KRW","credit","2025-09-24","","%","한국투자증권 · 신용잔고 일별추이 [0476]","","","","2026-10-03T13:35:38.380Z","","","true","봉 기간의 마지막 유효 관측값","","","","not-configured","일부 거래일 누락","true","false","2024-10-02","2026-10-02","","","cumulative","2024-10-02"
"aligned","KR","stock","001820","day","KRW","credit","2025-09-25","","%","한국투자증권 · 신용잔고 일별추이 [0476]","","","","2026-10-03T13:35:38.380Z","","","true","봉 기간의 마지막 유효 관측값","","","","not-configured","일부 거래일 누락","true","false","2024-10-02","2026-10-02","","","cumulative","2024-10-02"
"aligned","KR","stock","001820","day","KRW","credit","2025-09-26","","%","한국투자증권 · 신용잔고 일별추이 [0476]","","","","2026-10-03T13:35:38.380Z","","","true","봉 기간의 마지막 유효 관측값","","","","not-configured","일부 거래일 누락","true","false","2024-10-02","2026-10-02","","","cumulative","2024-10-02"
"aligned","KR","stock","001820","day","KRW","credit","2025-09-29","","%","한국투자증권 · 신용잔고 일별추이 [0476]","","","","2026-10-03T13:35:38.380Z","","","true","봉 기간의 마지막 유효 관측값","","","","not-configured","일부 거래일 누락","true","false","2024-10-02","2026-10-02","","","cumulative","2024-10-02"
"aligned","KR","stock","001820","day","KRW","credit","2025-09-30","","%","한국투자증권 · 신용잔고 일별추이 [0476]","","","","2026-10-03T13:35:38.380Z","","","true","봉 기간의 마지막 유효 관측값","","","","not-configured","일부 거래일 누락","true","false","2024-10-02","2026-10-02","","","cumulative","2024-10-02"
"aligned","KR","stock","001820","day","KRW","credit","2025-10-01","","%","한국투자증권 · 신용잔고 일별추이 [0476]","","","","2026-10-03T13:35:38.380Z","","","true","봉 기간의 마지막 유효 관측값","","","","not-configured","일부 거래일 누락","true","false","2024-10-02","2026-10-02","","","cumulative","2024-10-02"
"aligned","KR","stock","001820","day","KRW","credit","2025-10-02","","%","한국투자증권 · 신용잔고 일별추이 [0476]","","","","2026-10-03T13:35:38.380Z","","","true","봉 기간의 마지막 유효 관측값","","","","not-configured","일부 거래일 누락","true","false","2024-10-02","2026-10-02","","","cumulative","2024-10-02"
"aligned","KR","stock","001820","day","KRW","credit","2025-10-10","","%","한국투자증권 · 신용잔고 일별추이 [0476]","","","","2026-10-03T13:35:38.380Z","","","true","봉 기간의 마지막 유효 관측값","","","","not-configured","일부 거래일 누락","true","false","2024-10-02","2026-10-02","","","cumulative","2024-10-02"
"aligned","KR","stock","001820","day","KRW","credit","2025-10-13","","%","한국투자증권 · 신용잔고 일별추이 [0476]","","","","2026-10-03T13:35:38.380Z","","","true","봉 기간의 마지막 유효 관측값","","","","not-configured","일부 거래일 누락","true","false","2024-10-02","2026-10-02","","","cumulative","2024-10-02"
"aligned","KR","stock","001820","day","KRW","credit","2025-10-14","","%","한국투자증권 · 신용잔고 일별추이 [0476]","","","","2026-10-03T13:35:38.380Z","","","true","봉 기간의 마지막 유효 관측값","","","","not-configured","일부 거래일 누락","true","false","2024-10-02","2026-10-02","","","cumulative","2024-10-02"
"aligned","KR","stock","001820","day","KRW","credit","2025-10-15","","%","한국투자증권 · 신용잔고 일별추이 [0476]","","","","2026-10-03T13:35:38.380Z","","","true","봉 기간의 마지막 유효 관측값","","","","not-configured","일부 거래일 누락","true","false","2024-10-02","2026-10-02","","","cumulative","2024-10-02"
"aligned","KR","stock","001820","day","KRW","credit","2025-10-16","","%","한국투자증권 · 신용잔고 일별추이 [0476]","","","","2026-10-03T13:35:38.380Z","","","true","봉 기간의 마지막 유효 관측값","","","","not-configured","일부 거래일 누락","true","false","2024-10-02","2026-10-02","","","cumulative","2024-10-02"
"aligned","KR","stock","001820","day","KRW","credit","2025-10-17","","%","한국투자증권 · 신용잔고 일별추이 [0476]","","","","2026-10-03T13:35:38.380Z","","","true","봉 기간의 마지막 유효 관측값","","","","not-configured","일부 거래일 누락","true","false","2024-10-02","2026-10-02","","","cumulative","2024-10-02"
"aligned","KR","stock","001820","day","KRW","credit","2025-10-20","","%","한국투자증권 · 신용잔고 일별추이 [0476]","","","","2026-10-03T13:35:38.380Z","","","true","봉 기간의 마지막 유효 관측값","","","","not-configured","일부 거래일 누락","true","false","2024-10-02","2026-10-02","","","cumulative","2024-10-02"
"aligned","KR","stock","001820","day","KRW","credit","2025-10-21","","%","한국투자증권 · 신용잔고 일별추이 [0476]","","","","2026-10-03T13:35:38.380Z","","","true","봉 기간의 마지막 유효 관측값","","","","not-configured","일부 거래일 누락","true","false","2024-10-02","2026-10-02","","","cumulative","2024-10-02"
"aligned","KR","stock","001820","day","KRW","credit","2025-10-22","","%","한국투자증권 · 신용잔고 일별추이 [0476]","","","","2026-10-03T13:35:38.380Z","","","true","봉 기간의 마지막 유효 관측값","","","","not-configured","일부 거래일 누락","true","false","2024-10-02","2026-10-02","","","cumulative","2024-10-02"
"aligned","KR","stock","001820","day","KRW","credit","2025-10-23","","%","한국투자증권 · 신용잔고 일별추이 [0476]","","","","2026-10-03T13:35:38.380Z","","","true","봉 기간의 마지막 유효 관측값","","","","not-configured","일부 거래일 누락","true","false","2024-10-02","2026-10-02","","","cumulative","2024-10-02"
"aligned","KR","stock","001820","day","KRW","credit","2025-10-24","","%","한국투자증권 · 신용잔고 일별추이 [0476]","","","","2026-10-03T13:35:38.380Z","","","true","봉 기간의 마지막 유효 관측값","","","","not-configured","일부 거래일 누락","true","false","2024-10-02","2026-10-02","","","cumulative","2024-10-02"
"aligned","KR","stock","001820","day","KRW","credit","2025-10-27","","%","한국투자증권 · 신용잔고 일별추이 [0476]","","","","2026-10-03T13:35:38.380Z","","","true","봉 기간의 마지막 유효 관측값","","","","not-configured","일부 거래일 누락","true","false","2024-10-02","2026-10-02","","","cumulative","2024-10-02"
"aligned","KR","stock","001820","day","KRW","credit","2025-10-28","","%","한국투자증권 · 신용잔고 일별추이 [0476]","","","","2026-10-03T13:35:38.380Z","","","true","봉 기간의 마지막 유효 관측값","","","","not-configured","일부 거래일 누락","true","false","2024-10-02","2026-10-02","","","cumulative","2024-10-02"
"aligned","KR","stock","001820","day","KRW","credit","2025-10-29","","%","한국투자증권 · 신용잔고 일별추이 [0476]","","","","2026-10-03T13:35:38.380Z","","","true","봉 기간의 마지막 유효 관측값","","","","not-configured","일부 거래일 누락","true","false","2024-10-02","2026-10-02","","","cumulative","2024-10-02"
"aligned","KR","stock","001820","day","KRW","credit","2025-10-30","","%","한국투자증권 · 신용잔고 일별추이 [0476]","","","","2026-10-03T13:35:38.380Z","","","true","봉 기간의 마지막 유효 관측값","","","","not-configured","일부 거래일 누락","true","false","2024-10-02","2026-10-02","","","cumulative","2024-10-02"
"aligned","KR","stock","001820","day","KRW","credit","2025-10-31","","%","한국투자증권 · 신용잔고 일별추이 [0476]","","","","2026-10-03T13:35:38.380Z","","","true","봉 기간의 마지막 유효 관측값","","","","not-configured","일부 거래일 누락","true","false","2024-10-02","2026-10-02","","","cumulative","2024-10-02"
"aligned","KR","stock","001820","day","KRW","credit","2025-11-03","","%","한국투자증권 · 신용잔고 일별추이 [0476]","","","","2026-10-03T13:35:38.380Z","","","true","봉 기간의 마지막 유효 관측값","","","","not-configured","일부 거래일 누락","true","false","2024-10-02","2026-10-02","","","cumulative","2024-10-02"
"aligned","KR","stock","001820","day","KRW","credit","2025-11-04","","%","한국투자증권 · 신용잔고 일별추이 [0476]","","","","2026-10-03T13:35:38.380Z","","","true","봉 기간의 마지막 유효 관측값","","","","not-configured","일부 거래일 누락","true","false","2024-10-02","2026-10-02","","","cumulative","2024-10-02"
"aligned","KR","stock","001820","day","KRW","credit","2025-11-05","","%","한국투자증권 · 신용잔고 일별추이 [0476]","","","","2026-10-03T13:35:38.380Z","","","true","봉 기간의 마지막 유효 관측값","","","","not-configured","일부 거래일 누락","true","false","2024-10-02","2026-10-02","","","cumulative","2024-10-02"
"aligned","KR","stock","001820","day","KRW","credit","2025-11-06","","%","한국투자증권 · 신용잔고 일별추이 [0476]","","","","2026-10-03T13:35:38.380Z","","","true","봉 기간의 마지막 유효 관측값","","","","not-configured","일부 거래일 누락","true","false","2024-10-02","2026-10-02","","","cumulative","2024-10-02"
"aligned","KR","stock","001820","day","KRW","credit","2025-11-07","","%","한국투자증권 · 신용잔고 일별추이 [0476]","","","","2026-10-03T13:35:38.380Z","","","true","봉 기간의 마지막 유효 관측값","","","","not-configured","일부 거래일 누락","true","false","2024-10-02","2026-10-02","","","cumulative","2024-10-02"
"aligned","KR","stock","001820","day","KRW","credit","2025-11-10","","%","한국투자증권 · 신용잔고 일별추이 [0476]","","","","2026-10-03T13:35:38.380Z","","","true","봉 기간의 마지막 유효 관측값","","","","not-configured","일부 거래일 누락","true","false","2024-10-02","2026-10-02","","","cumulative","2024-10-02"
"aligned","KR","stock","001820","day","KRW","credit","2025-11-11","","%","한국투자증권 · 신용잔고 일별추이 [0476]","","","","2026-10-03T13:35:38.380Z","","","true","봉 기간의 마지막 유효 관측값","","","","not-configured","일부 거래일 누락","true","false","2024-10-02","2026-10-02","","","cumulative","2024-10-02"
"aligned","KR","stock","001820","day","KRW","credit","2025-11-12","","%","한국투자증권 · 신용잔고 일별추이 [0476]","","","","2026-10-03T13:35:38.380Z","","","true","봉 기간의 마지막 유효 관측값","","","","not-configured","일부 거래일 누락","true","false","2024-10-02","2026-10-02","","","cumulative","2024-10-02"
"aligned","KR","stock","001820","day","KRW","credit","2025-11-13","","%","한국투자증권 · 신용잔고 일별추이 [0476]","","","","2026-10-03T13:35:38.380Z","","","true","봉 기간의 마지막 유효 관측값","","","","not-configured","일부 거래일 누락","true","false","2024-10-02","2026-10-02","","","cumulative","2024-10-02"
"aligned","KR","stock","001820","day","KRW","credit","2025-11-14","","%","한국투자증권 · 신용잔고 일별추이 [0476]","","","","2026-10-03T13:35:38.380Z","","","true","봉 기간의 마지막 유효 관측값","","","","not-configured","일부 거래일 누락","true","false","2024-10-02","2026-10-02","","","cumulative","2024-10-02"
"aligned","KR","stock","001820","day","KRW","credit","2025-11-17","","%","한국투자증권 · 신용잔고 일별추이 [0476]","","","","2026-10-03T13:35:38.380Z","","","true","봉 기간의 마지막 유효 관측값","","","","not-configured","일부 거래일 누락","true","false","2024-10-02","2026-10-02","","","cumulative","2024-10-02"
"aligned","KR","stock","001820","day","KRW","credit","2025-11-18","","%","한국투자증권 · 신용잔고 일별추이 [0476]","","","","2026-10-03T13:35:38.380Z","","","true","봉 기간의 마지막 유효 관측값","","","","not-configured","일부 거래일 누락","true","false","2024-10-02","2026-10-02","","","cumulative","2024-10-02"
"aligned","KR","stock","001820","day","KRW","credit","2025-11-19","","%","한국투자증권 · 신용잔고 일별추이 [0476]","","","","2026-10-03T13:35:38.380Z","","","true","봉 기간의 마지막 유효 관측값","","","","not-configured","일부 거래일 누락","true","false","2024-10-02","2026-10-02","","","cumulative","2024-10-02"
"aligned","KR","stock","001820","day","KRW","credit","2025-11-20","","%","한국투자증권 · 신용잔고 일별추이 [0476]","","","","2026-10-03T13:35:38.380Z","","","true","봉 기간의 마지막 유효 관측값","","","","not-configured","일부 거래일 누락","true","false","2024-10-02","2026-10-02","","","cumulative","2024-10-02"
"aligned","KR","stock","001820","day","KRW","credit","2025-11-21","","%","한국투자증권 · 신용잔고 일별추이 [0476]","","","","2026-10-03T13:35:38.380Z","","","true","봉 기간의 마지막 유효 관측값","","","","not-configured","일부 거래일 누락","true","false","2024-10-02","2026-10-02","","","cumulative","2024-10-02"
"aligned","KR","stock","001820","day","KRW","credit","2025-11-24","","%","한국투자증권 · 신용잔고 일별추이 [0476]","","","","2026-10-03T13:35:38.380Z","","","true","봉 기간의 마지막 유효 관측값","","","","not-configured","일부 거래일 누락","true","false","2024-10-02","2026-10-02","","","cumulative","2024-10-02"
"aligned","KR","stock","001820","day","KRW","credit","2025-11-25","","%","한국투자증권 · 신용잔고 일별추이 [0476]","","","","2026-10-03T13:35:38.380Z","","","true","봉 기간의 마지막 유효 관측값","","","","not-configured","일부 거래일 누락","true","false","2024-10-02","2026-10-02","","","cumulative","2024-10-02"
"aligned","KR","stock","001820","day","KRW","credit","2025-11-26","","%","한국투자증권 · 신용잔고 일별추이 [0476]","","","","2026-10-03T13:35:38.380Z","","","true","봉 기간의 마지막 유효 관측값","","","","not-configured","일부 거래일 누락","true","false","2024-10-02","2026-10-02","","","cumulative","2024-10-02"
"aligned","KR","stock","001820","day","KRW","credit","2025-11-27","","%","한국투자증권 · 신용잔고 일별추이 [0476]","","","","2026-10-03T13:35:38.380Z","","","true","봉 기간의 마지막 유효 관측값","","","","not-configured","일부 거래일 누락","true","false","2024-10-02","2026-10-02","","","cumulative","2024-10-02"
"aligned","KR","stock","001820","day","KRW","credit","2025-11-28","","%","한국투자증권 · 신용잔고 일별추이 [0476]","","","","2026-10-03T13:35:38.380Z","","","true","봉 기간의 마지막 유효 관측값","","","","not-configured","일부 거래일 누락","true","false","2024-10-02","2026-10-02","","","cumulative","2024-10-02"
"aligned","KR","stock","001820","day","KRW","credit","2025-12-01","","%","한국투자증권 · 신용잔고 일별추이 [0476]","","","","2026-10-03T13:35:38.380Z","","","true","봉 기간의 마지막 유효 관측값","","","","not-configured","일부 거래일 누락","true","false","2024-10-02","2026-10-02","","","cumulative","2024-10-02"
"aligned","KR","stock","001820","day","KRW","credit","2025-12-02","","%","한국투자증권 · 신용잔고 일별추이 [0476]","","","","2026-10-03T13:35:38.380Z","","","true","봉 기간의 마지막 유효 관측값","","","","not-configured","일부 거래일 누락","true","false","2024-10-02","2026-10-02","","","cumulative","2024-10-02"
"aligned","KR","stock","001820","day","KRW","credit","2025-12-03","","%","한국투자증권 · 신용잔고 일별추이 [0476]","","","","2026-10-03T13:35:38.380Z","","","true","봉 기간의 마지막 유효 관측값","","","","not-configured","일부 거래일 누락","true","false","2024-10-02","2026-10-02","","","cumulative","2024-10-02"
"aligned","KR","stock","001820","day","KRW","credit","2025-12-04","","%","한국투자증권 · 신용잔고 일별추이 [0476]","","","","2026-10-03T13:35:38.380Z","","","true","봉 기간의 마지막 유효 관측값","","","","not-configured","일부 거래일 누락","true","false","2024-10-02","2026-10-02","","","cumulative","2024-10-02"
"aligned","KR","stock","001820","day","KRW","credit","2025-12-05","","%","한국투자증권 · 신용잔고 일별추이 [0476]","","","","2026-10-03T13:35:38.380Z","","","true","봉 기간의 마지막 유효 관측값","","","","not-configured","일부 거래일 누락","true","false","2024-10-02","2026-10-02","","","cumulative","2024-10-02"
"aligned","KR","stock","001820","day","KRW","credit","2025-12-08","","%","한국투자증권 · 신용잔고 일별추이 [0476]","","","","2026-10-03T13:35:38.380Z","","","true","봉 기간의 마지막 유효 관측값","","","","not-configured","일부 거래일 누락","true","false","2024-10-02","2026-10-02","","","cumulative","2024-10-02"
"aligned","KR","stock","001820","day","KRW","credit","2025-12-09","","%","한국투자증권 · 신용잔고 일별추이 [0476]","","","","2026-10-03T13:35:38.380Z","","","true","봉 기간의 마지막 유효 관측값","","","","not-configured","일부 거래일 누락","true","false","2024-10-02","2026-10-02","","","cumulative","2024-10-02"
"aligned","KR","stock","001820","day","KRW","credit","2025-12-10","","%","한국투자증권 · 신용잔고 일별추이 [0476]","","","","2026-10-03T13:35:38.380Z","","","true","봉 기간의 마지막 유효 관측값","","","","not-configured","일부 거래일 누락","true","false","2024-10-02","2026-10-02","","","cumulative","2024-10-02"
"aligned","KR","stock","001820","day","KRW","credit","2025-12-11","","%","한국투자증권 · 신용잔고 일별추이 [0476]","","","","2026-10-03T13:35:38.380Z","","","true","봉 기간의 마지막 유효 관측값","","","","not-configured","일부 거래일 누락","true","false","2024-10-02","2026-10-02","","","cumulative","2024-10-02"
"aligned","KR","stock","001820","day","KRW","credit","2025-12-12","","%","한국투자증권 · 신용잔고 일별추이 [0476]","","","","2026-10-03T13:35:38.380Z","","","true","봉 기간의 마지막 유효 관측값","","","","not-configured","일부 거래일 누락","true","false","2024-10-02","2026-10-02","","","cumulative","2024-10-02"
"aligned","KR","stock","001820","day","KRW","credit","2025-12-15","","%","한국투자증권 · 신용잔고 일별추이 [0476]","","","","2026-10-03T13:35:38.380Z","","","true","봉 기간의 마지막 유효 관측값","","","","not-configured","일부 거래일 누락","true","false","2024-10-02","2026-10-02","","","cumulative","2024-10-02"
"aligned","KR","stock","001820","day","KRW","credit","2025-12-16","","%","한국투자증권 · 신용잔고 일별추이 [0476]","","","","2026-10-03T13:35:38.380Z","","","true","봉 기간의 마지막 유효 관측값","","","","not-configured","일부 거래일 누락","true","false","2024-10-02","2026-10-02","","","cumulative","2024-10-02"
"aligned","KR","stock","001820","day","KRW","credit","2025-12-17","","%","한국투자증권 · 신용잔고 일별추이 [0476]","","","","2026-10-03T13:35:38.380Z","","","true","봉 기간의 마지막 유효 관측값","","","","not-configured","일부 거래일 누락","true","false","2024-10-02","2026-10-02","","","cumulative","2024-10-02"
"aligned","KR","stock","001820","day","KRW","credit","2025-12-18","","%","한국투자증권 · 신용잔고 일별추이 [0476]","","","","2026-10-03T13:35:38.380Z","","","true","봉 기간의 마지막 유효 관측값","","","","not-configured","일부 거래일 누락","true","false","2024-10-02","2026-10-02","","","cumulative","2024-10-02"
"aligned","KR","stock","001820","day","KRW","credit","2025-12-19","","%","한국투자증권 · 신용잔고 일별추이 [0476]","","","","2026-10-03T13:35:38.380Z","","","true","봉 기간의 마지막 유효 관측값","","","","not-configured","일부 거래일 누락","true","false","2024-10-02","2026-10-02","","","cumulative","2024-10-02"
"aligned","KR","stock","001820","day","KRW","credit","2025-12-22","","%","한국투자증권 · 신용잔고 일별추이 [0476]","","","","2026-10-03T13:35:38.380Z","","","true","봉 기간의 마지막 유효 관측값","","","","not-configured","일부 거래일 누락","true","false","2024-10-02","2026-10-02","","","cumulative","2024-10-02"
"aligned","KR","stock","001820","day","KRW","credit","2025-12-23","","%","한국투자증권 · 신용잔고 일별추이 [0476]","","","","2026-10-03T13:35:38.380Z","","","true","봉 기간의 마지막 유효 관측값","","","","not-configured","일부 거래일 누락","true","false","2024-10-02","2026-10-02","","","cumulative","2024-10-02"
"aligned","KR","stock","001820","day","KRW","credit","2025-12-24","","%","한국투자증권 · 신용잔고 일별추이 [0476]","","","","2026-10-03T13:35:38.380Z","","","true","봉 기간의 마지막 유효 관측값","","","","not-configured","일부 거래일 누락","true","false","2024-10-02","2026-10-02","","","cumulative","2024-10-02"
"aligned","KR","stock","001820","day","KRW","credit","2025-12-26","","%","한국투자증권 · 신용잔고 일별추이 [0476]","","","","2026-10-03T13:35:38.380Z","","","true","봉 기간의 마지막 유효 관측값","","","","not-configured","일부 거래일 누락","true","false","2024-10-02","2026-10-02","","","cumulative","2024-10-02"
"aligned","KR","stock","001820","day","KRW","credit","2025-12-29","","%","한국투자증권 · 신용잔고 일별추이 [0476]","","","","2026-10-03T13:35:38.380Z","","","true","봉 기간의 마지막 유효 관측값","","","","not-configured","일부 거래일 누락","true","false","2024-10-02","2026-10-02","","","cumulative","2024-10-02"
"aligned","KR","stock","001820","day","KRW","credit","2025-12-30","","%","한국투자증권 · 신용잔고 일별추이 [0476]","","","","2026-10-03T13:35:38.380Z","","","true","봉 기간의 마지막 유효 관측값","","","","not-configured","일부 거래일 누락","true","false","2024-10-02","2026-10-02","","","cumulative","2024-10-02"
"aligned","KR","stock","001820","day","KRW","credit","2026-01-02","","%","한국투자증권 · 신용잔고 일별추이 [0476]","","","","2026-10-03T13:35:38.380Z","","","true","봉 기간의 마지막 유효 관측값","","","","not-configured","일부 거래일 누락","true","false","2024-10-02","2026-10-02","","","cumulative","2024-10-02"
"aligned","KR","stock","001820","day","KRW","credit","2026-01-05","","%","한국투자증권 · 신용잔고 일별추이 [0476]","","","","2026-10-03T13:35:38.380Z","","","true","봉 기간의 마지막 유효 관측값","","","","not-configured","일부 거래일 누락","true","false","2024-10-02","2026-10-02","","","cumulative","2024-10-02"
"aligned","KR","stock","001820","day","KRW","credit","2026-01-06","","%","한국투자증권 · 신용잔고 일별추이 [0476]","","","","2026-10-03T13:35:38.380Z","","","true","봉 기간의 마지막 유효 관측값","","","","not-configured","일부 거래일 누락","true","false","2024-10-02","2026-10-02","","","cumulative","2024-10-02"
"aligned","KR","stock","001820","day","KRW","credit","2026-01-07","","%","한국투자증권 · 신용잔고 일별추이 [0476]","","","","2026-10-03T13:35:38.380Z","","","true","봉 기간의 마지막 유효 관측값","","","","not-configured","일부 거래일 누락","true","false","2024-10-02","2026-10-02","","","cumulative","2024-10-02"
"aligned","KR","stock","001820","day","KRW","credit","2026-01-08","","%","한국투자증권 · 신용잔고 일별추이 [0476]","","","","2026-10-03T13:35:38.380Z","","","true","봉 기간의 마지막 유효 관측값","","","","not-configured","일부 거래일 누락","true","false","2024-10-02","2026-10-02","","","cumulative","2024-10-02"
"aligned","KR","stock","001820","day","KRW","credit","2026-01-09","","%","한국투자증권 · 신용잔고 일별추이 [0476]","","","","2026-10-03T13:35:38.380Z","","","true","봉 기간의 마지막 유효 관측값","","","","not-configured","일부 거래일 누락","true","false","2024-10-02","2026-10-02","","","cumulative","2024-10-02"
"aligned","KR","stock","001820","day","KRW","credit","2026-01-12","","%","한국투자증권 · 신용잔고 일별추이 [0476]","","","","2026-10-03T13:35:38.380Z","","","true","봉 기간의 마지막 유효 관측값","","","","not-configured","일부 거래일 누락","true","false","2024-10-02","2026-10-02","","","cumulative","2024-10-02"
"aligned","KR","stock","001820","day","KRW","credit","2026-01-13","","%","한국투자증권 · 신용잔고 일별추이 [0476]","","","","2026-10-03T13:35:38.380Z","","","true","봉 기간의 마지막 유효 관측값","","","","not-configured","일부 거래일 누락","true","false","2024-10-02","2026-10-02","","","cumulative","2024-10-02"
"aligned","KR","stock","001820","day","KRW","credit","2026-01-14","","%","한국투자증권 · 신용잔고 일별추이 [0476]","","","","2026-10-03T13:35:38.380Z","","","true","봉 기간의 마지막 유효 관측값","","","","not-configured","일부 거래일 누락","true","false","2024-10-02","2026-10-02","","","cumulative","2024-10-02"
"aligned","KR","stock","001820","day","KRW","credit","2026-01-15","","%","한국투자증권 · 신용잔고 일별추이 [0476]","","","","2026-10-03T13:35:38.380Z","","","true","봉 기간의 마지막 유효 관측값","","","","not-configured","일부 거래일 누락","true","false","2024-10-02","2026-10-02","","","cumulative","2024-10-02"
"aligned","KR","stock","001820","day","KRW","credit","2026-01-16","","%","한국투자증권 · 신용잔고 일별추이 [0476]","","","","2026-10-03T13:35:38.380Z","","","true","봉 기간의 마지막 유효 관측값","","","","not-configured","일부 거래일 누락","true","false","2024-10-02","2026-10-02","","","cumulative","2024-10-02"
"aligned","KR","stock","001820","day","KRW","credit","2026-01-19","","%","한국투자증권 · 신용잔고 일별추이 [0476]","","","","2026-10-03T13:35:38.380Z","","","true","봉 기간의 마지막 유효 관측값","","","","not-configured","일부 거래일 누락","true","false","2024-10-02","2026-10-02","","","cumulative","2024-10-02"
"aligned","KR","stock","001820","day","KRW","credit","2026-01-20","","%","한국투자증권 · 신용잔고 일별추이 [0476]","","","","2026-10-03T13:35:38.380Z","","","true","봉 기간의 마지막 유효 관측값","","","","not-configured","일부 거래일 누락","true","false","2024-10-02","2026-10-02","","","cumulative","2024-10-02"
"aligned","KR","stock","001820","day","KRW","credit","2026-01-21","","%","한국투자증권 · 신용잔고 일별추이 [0476]","","","","2026-10-03T13:35:38.380Z","","","true","봉 기간의 마지막 유효 관측값","","","","not-configured","일부 거래일 누락","true","false","2024-10-02","2026-10-02","","","cumulative","2024-10-02"
"aligned","KR","stock","001820","day","KRW","credit","2026-01-22","","%","한국투자증권 · 신용잔고 일별추이 [0476]","","","","2026-10-03T13:35:38.380Z","","","true","봉 기간의 마지막 유효 관측값","","","","not-configured","일부 거래일 누락","true","false","2024-10-02","2026-10-02","","","cumulative","2024-10-02"
"aligned","KR","stock","001820","day","KRW","credit","2026-01-23","","%","한국투자증권 · 신용잔고 일별추이 [0476]","","","","2026-10-03T13:35:38.380Z","","","true","봉 기간의 마지막 유효 관측값","","","","not-configured","일부 거래일 누락","true","false","2024-10-02","2026-10-02","","","cumulative","2024-10-02"
"aligned","KR","stock","001820","day","KRW","credit","2026-01-26","","%","한국투자증권 · 신용잔고 일별추이 [0476]","","","","2026-10-03T13:35:38.380Z","","","true","봉 기간의 마지막 유효 관측값","","","","not-configured","일부 거래일 누락","true","false","2024-10-02","2026-10-02","","","cumulative","2024-10-02"
"aligned","KR","stock","001820","day","KRW","credit","2026-01-27","","%","한국투자증권 · 신용잔고 일별추이 [0476]","","","","2026-10-03T13:35:38.380Z","","","true","봉 기간의 마지막 유효 관측값","","","","not-configured","일부 거래일 누락","true","false","2024-10-02","2026-10-02","","","cumulative","2024-10-02"
"aligned","KR","stock","001820","day","KRW","credit","2026-01-28","","%","한국투자증권 · 신용잔고 일별추이 [0476]","","","","2026-10-03T13:35:38.380Z","","","true","봉 기간의 마지막 유효 관측값","","","","not-configured","일부 거래일 누락","true","false","2024-10-02","2026-10-02","","","cumulative","2024-10-02"
"aligned","KR","stock","001820","day","KRW","credit","2026-01-29","","%","한국투자증권 · 신용잔고 일별추이 [0476]","","","","2026-10-03T13:35:38.380Z","","","true","봉 기간의 마지막 유효 관측값","","","","not-configured","일부 거래일 누락","true","false","2024-10-02","2026-10-02","","","cumulative","2024-10-02"
"aligned","KR","stock","001820","day","KRW","credit","2026-01-30","","%","한국투자증권 · 신용잔고 일별추이 [0476]","","","","2026-10-03T13:35:38.380Z","","","true","봉 기간의 마지막 유효 관측값","","","","not-configured","일부 거래일 누락","true","false","2024-10-02","2026-10-02","","","cumulative","2024-10-02"
"aligned","KR","stock","001820","day","KRW","credit","2026-02-02","","%","한국투자증권 · 신용잔고 일별추이 [0476]","","","","2026-10-03T13:35:38.380Z","","","true","봉 기간의 마지막 유효 관측값","","","","not-configured","일부 거래일 누락","true","false","2024-10-02","2026-10-02","","","cumulative","2024-10-02"
"aligned","KR","stock","001820","day","KRW","credit","2026-02-03","","%","한국투자증권 · 신용잔고 일별추이 [0476]","","","","2026-10-03T13:35:38.380Z","","","true","봉 기간의 마지막 유효 관측값","","","","not-configured","일부 거래일 누락","true","false","2024-10-02","2026-10-02","","","cumulative","2024-10-02"
"aligned","KR","stock","001820","day","KRW","credit","2026-02-04","","%","한국투자증권 · 신용잔고 일별추이 [0476]","","","","2026-10-03T13:35:38.380Z","","","true","봉 기간의 마지막 유효 관측값","","","","not-configured","일부 거래일 누락","true","false","2024-10-02","2026-10-02","","","cumulative","2024-10-02"
"aligned","KR","stock","001820","day","KRW","credit","2026-02-05","","%","한국투자증권 · 신용잔고 일별추이 [0476]","","","","2026-10-03T13:35:38.380Z","","","true","봉 기간의 마지막 유효 관측값","","","","not-configured","일부 거래일 누락","true","false","2024-10-02","2026-10-02","","","cumulative","2024-10-02"
"aligned","KR","stock","001820","day","KRW","credit","2026-02-06","","%","한국투자증권 · 신용잔고 일별추이 [0476]","","","","2026-10-03T13:35:38.380Z","","","true","봉 기간의 마지막 유효 관측값","","","","not-configured","일부 거래일 누락","true","false","2024-10-02","2026-10-02","","","cumulative","2024-10-02"
"aligned","KR","stock","001820","day","KRW","credit","2026-02-09","","%","한국투자증권 · 신용잔고 일별추이 [0476]","","","","2026-10-03T13:35:38.380Z","","","true","봉 기간의 마지막 유효 관측값","","","","not-configured","일부 거래일 누락","true","false","2024-10-02","2026-10-02","","","cumulative","2024-10-02"
"aligned","KR","stock","001820","day","KRW","credit","2026-02-10","","%","한국투자증권 · 신용잔고 일별추이 [0476]","","","","2026-10-03T13:35:38.380Z","","","true","봉 기간의 마지막 유효 관측값","","","","not-configured","일부 거래일 누락","true","false","2024-10-02","2026-10-02","","","cumulative","2024-10-02"
"aligned","KR","stock","001820","day","KRW","credit","2026-02-11","","%","한국투자증권 · 신용잔고 일별추이 [0476]","","","","2026-10-03T13:35:38.380Z","","","true","봉 기간의 마지막 유효 관측값","","","","not-configured","일부 거래일 누락","true","false","2024-10-02","2026-10-02","","","cumulative","2024-10-02"
"aligned","KR","stock","001820","day","KRW","credit","2026-02-12","","%","한국투자증권 · 신용잔고 일별추이 [0476]","","","","2026-10-03T13:35:38.380Z","","","true","봉 기간의 마지막 유효 관측값","","","","not-configured","일부 거래일 누락","true","false","2024-10-02","2026-10-02","","","cumulative","2024-10-02"
"aligned","KR","stock","001820","day","KRW","credit","2026-02-13","","%","한국투자증권 · 신용잔고 일별추이 [0476]","","","","2026-10-03T13:35:38.380Z","","","true","봉 기간의 마지막 유효 관측값","","","","not-configured","일부 거래일 누락","true","false","2024-10-02","2026-10-02","","","cumulative","2024-10-02"
"aligned","KR","stock","001820","day","KRW","credit","2026-02-19","","%","한국투자증권 · 신용잔고 일별추이 [0476]","","","","2026-10-03T13:35:38.380Z","","","true","봉 기간의 마지막 유효 관측값","","","","not-configured","일부 거래일 누락","true","false","2024-10-02","2026-10-02","","","cumulative","2024-10-02"
"aligned","KR","stock","001820","day","KRW","credit","2026-02-20","","%","한국투자증권 · 신용잔고 일별추이 [0476]","","","","2026-10-03T13:35:38.380Z","","","true","봉 기간의 마지막 유효 관측값","","","","not-configured","일부 거래일 누락","true","false","2024-10-02","2026-10-02","","","cumulative","2024-10-02"
"aligned","KR","stock","001820","day","KRW","credit","2026-02-23","","%","한국투자증권 · 신용잔고 일별추이 [0476]","","","","2026-10-03T13:35:38.380Z","","","true","봉 기간의 마지막 유효 관측값","","","","not-configured","일부 거래일 누락","true","false","2024-10-02","2026-10-02","","","cumulative","2024-10-02"
"aligned","KR","stock","001820","day","KRW","credit","2026-02-24","","%","한국투자증권 · 신용잔고 일별추이 [0476]","","","","2026-10-03T13:35:38.380Z","","","true","봉 기간의 마지막 유효 관측값","","","","not-configured","일부 거래일 누락","true","false","2024-10-02","2026-10-02","","","cumulative","2024-10-02"
"aligned","KR","stock","001820","day","KRW","credit","2026-02-25","","%","한국투자증권 · 신용잔고 일별추이 [0476]","","","","2026-10-03T13:35:38.380Z","","","true","봉 기간의 마지막 유효 관측값","","","","not-configured","일부 거래일 누락","true","false","2024-10-02","2026-10-02","","","cumulative","2024-10-02"
"aligned","KR","stock","001820","day","KRW","credit","2026-02-26","","%","한국투자증권 · 신용잔고 일별추이 [0476]","","","","2026-10-03T13:35:38.380Z","","","true","봉 기간의 마지막 유효 관측값","","","","not-configured","일부 거래일 누락","true","false","2024-10-02","2026-10-02","","","cumulative","2024-10-02"
"aligned","KR","stock","001820","day","KRW","credit","2026-02-27","","%","한국투자증권 · 신용잔고 일별추이 [0476]","","","","2026-10-03T13:35:38.380Z","","","true","봉 기간의 마지막 유효 관측값","","","","not-configured","일부 거래일 누락","true","false","2024-10-02","2026-10-02","","","cumulative","2024-10-02"
"aligned","KR","stock","001820","day","KRW","credit","2026-03-03","","%","한국투자증권 · 신용잔고 일별추이 [0476]","","","","2026-10-03T13:35:38.380Z","","","true","봉 기간의 마지막 유효 관측값","","","","not-configured","일부 거래일 누락","true","false","2024-10-02","2026-10-02","","","cumulative","2024-10-02"
"aligned","KR","stock","001820","day","KRW","credit","2026-03-04","","%","한국투자증권 · 신용잔고 일별추이 [0476]","","","","2026-10-03T13:35:38.380Z","","","true","봉 기간의 마지막 유효 관측값","","","","not-configured","일부 거래일 누락","true","false","2024-10-02","2026-10-02","","","cumulative","2024-10-02"
"aligned","KR","stock","001820","day","KRW","credit","2026-03-05","","%","한국투자증권 · 신용잔고 일별추이 [0476]","","","","2026-10-03T13:35:38.380Z","","","true","봉 기간의 마지막 유효 관측값","","","","not-configured","일부 거래일 누락","true","false","2024-10-02","2026-10-02","","","cumulative","2024-10-02"
"aligned","KR","stock","001820","day","KRW","credit","2026-03-06","","%","한국투자증권 · 신용잔고 일별추이 [0476]","","","","2026-10-03T13:35:38.380Z","","","true","봉 기간의 마지막 유효 관측값","","","","not-configured","일부 거래일 누락","true","false","2024-10-02","2026-10-02","","","cumulative","2024-10-02"
"aligned","KR","stock","001820","day","KRW","credit","2026-03-09","","%","한국투자증권 · 신용잔고 일별추이 [0476]","","","","2026-10-03T13:35:38.380Z","","","true","봉 기간의 마지막 유효 관측값","","","","not-configured","일부 거래일 누락","true","false","2024-10-02","2026-10-02","","","cumulative","2024-10-02"
"aligned","KR","stock","001820","day","KRW","credit","2026-03-10","","%","한국투자증권 · 신용잔고 일별추이 [0476]","","","","2026-10-03T13:35:38.380Z","","","true","봉 기간의 마지막 유효 관측값","","","","not-configured","일부 거래일 누락","true","false","2024-10-02","2026-10-02","","","cumulative","2024-10-02"
"aligned","KR","stock","001820","day","KRW","credit","2026-03-11","","%","한국투자증권 · 신용잔고 일별추이 [0476]","","","","2026-10-03T13:35:38.380Z","","","true","봉 기간의 마지막 유효 관측값","","","","not-configured","일부 거래일 누락","true","false","2024-10-02","2026-10-02","","","cumulative","2024-10-02"
"aligned","KR","stock","001820","day","KRW","credit","2026-03-12","","%","한국투자증권 · 신용잔고 일별추이 [0476]","","","","2026-10-03T13:35:38.380Z","","","true","봉 기간의 마지막 유효 관측값","","","","not-configured","일부 거래일 누락","true","false","2024-10-02","2026-10-02","","","cumulative","2024-10-02"
"aligned","KR","stock","001820","day","KRW","credit","2026-03-13","","%","한국투자증권 · 신용잔고 일별추이 [0476]","","","","2026-10-03T13:35:38.380Z","","","true","봉 기간의 마지막 유효 관측값","","","","not-configured","일부 거래일 누락","true","false","2024-10-02","2026-10-02","","","cumulative","2024-10-02"
"aligned","KR","stock","001820","day","KRW","credit","2026-03-16","","%","한국투자증권 · 신용잔고 일별추이 [0476]","","","","2026-10-03T13:35:38.380Z","","","true","봉 기간의 마지막 유효 관측값","","","","not-configured","일부 거래일 누락","true","false","2024-10-02","2026-10-02","","","cumulative","2024-10-02"
"aligned","KR","stock","001820","day","KRW","credit","2026-03-17","","%","한국투자증권 · 신용잔고 일별추이 [0476]","","","","2026-10-03T13:35:38.380Z","","","true","봉 기간의 마지막 유효 관측값","","","","not-configured","일부 거래일 누락","true","false","2024-10-02","2026-10-02","","","cumulative","2024-10-02"
"aligned","KR","stock","001820","day","KRW","credit","2026-03-18","","%","한국투자증권 · 신용잔고 일별추이 [0476]","","","","2026-10-03T13:35:38.380Z","","","true","봉 기간의 마지막 유효 관측값","","","","not-configured","일부 거래일 누락","true","false","2024-10-02","2026-10-02","","","cumulative","2024-10-02"
"aligned","KR","stock","001820","day","KRW","credit","2026-03-19","","%","한국투자증권 · 신용잔고 일별추이 [0476]","","","","2026-10-03T13:35:38.380Z","","","true","봉 기간의 마지막 유효 관측값","","","","not-configured","일부 거래일 누락","true","false","2024-10-02","2026-10-02","","","cumulative","2024-10-02"
"aligned","KR","stock","001820","day","KRW","credit","2026-03-20","","%","한국투자증권 · 신용잔고 일별추이 [0476]","","","","2026-10-03T13:35:38.380Z","","","true","봉 기간의 마지막 유효 관측값","","","","not-configured","일부 거래일 누락","true","false","2024-10-02","2026-10-02","","","cumulative","2024-10-02"
"aligned","KR","stock","001820","day","KRW","credit","2026-03-23","","%","한국투자증권 · 신용잔고 일별추이 [0476]","","","","2026-10-03T13:35:38.380Z","","","true","봉 기간의 마지막 유효 관측값","","","","not-configured","일부 거래일 누락","true","false","2024-10-02","2026-10-02","","","cumulative","2024-10-02"
"aligned","KR","stock","001820","day","KRW","credit","2026-03-24","","%","한국투자증권 · 신용잔고 일별추이 [0476]","","","","2026-10-03T13:35:38.380Z","","","true","봉 기간의 마지막 유효 관측값","","","","not-configured","일부 거래일 누락","true","false","2024-10-02","2026-10-02","","","cumulative","2024-10-02"
"aligned","KR","stock","001820","day","KRW","credit","2026-03-25","","%","한국투자증권 · 신용잔고 일별추이 [0476]","","","","2026-10-03T13:35:38.380Z","","","true","봉 기간의 마지막 유효 관측값","","","","not-configured","일부 거래일 누락","true","false","2024-10-02","2026-10-02","","","cumulative","2024-10-02"
"aligned","KR","stock","001820","day","KRW","credit","2026-03-26","","%","한국투자증권 · 신용잔고 일별추이 [0476]","","","","2026-10-03T13:35:38.380Z","","","true","봉 기간의 마지막 유효 관측값","","","","not-configured","일부 거래일 누락","true","false","2024-10-02","2026-10-02","","","cumulative","2024-10-02"
"aligned","KR","stock","001820","day","KRW","credit","2026-03-27","","%","한국투자증권 · 신용잔고 일별추이 [0476]","","","","2026-10-03T13:35:38.380Z","","","true","봉 기간의 마지막 유효 관측값","","","","not-configured","일부 거래일 누락","true","false","2024-10-02","2026-10-02","","","cumulative","2024-10-02"
"aligned","KR","stock","001820","day","KRW","credit","2026-03-30","","%","한국투자증권 · 신용잔고 일별추이 [0476]","","","","2026-10-03T13:35:38.380Z","","","true","봉 기간의 마지막 유효 관측값","","","","not-configured","일부 거래일 누락","true","false","2024-10-02","2026-10-02","","","cumulative","2024-10-02"
"aligned","KR","stock","001820","day","KRW","credit","2026-03-31","","%","한국투자증권 · 신용잔고 일별추이 [0476]","","","","2026-10-03T13:35:38.380Z","","","true","봉 기간의 마지막 유효 관측값","","","","not-configured","일부 거래일 누락","true","false","2024-10-02","2026-10-02","","","cumulative","2024-10-02"
"aligned","KR","stock","001820","day","KRW","credit","2026-04-01","","%","한국투자증권 · 신용잔고 일별추이 [0476]","","","","2026-10-03T13:35:38.380Z","","","true","봉 기간의 마지막 유효 관측값","","","","not-configured","일부 거래일 누락","true","false","2024-10-02","2026-10-02","","","cumulative","2024-10-02"
"aligned","KR","stock","001820","day","KRW","credit","2026-04-02","","%","한국투자증권 · 신용잔고 일별추이 [0476]","","","","2026-10-03T13:35:38.380Z","","","true","봉 기간의 마지막 유효 관측값","","","","not-configured","일부 거래일 누락","true","false","2024-10-02","2026-10-02","","","cumulative","2024-10-02"
"aligned","KR","stock","001820","day","KRW","credit","2026-04-03","","%","한국투자증권 · 신용잔고 일별추이 [0476]","","","","2026-10-03T13:35:38.380Z","","","true","봉 기간의 마지막 유효 관측값","","","","not-configured","일부 거래일 누락","true","false","2024-10-02","2026-10-02","","","cumulative","2024-10-02"
"aligned","KR","stock","001820","day","KRW","credit","2026-04-06","","%","한국투자증권 · 신용잔고 일별추이 [0476]","","","","2026-10-03T13:35:38.380Z","","","true","봉 기간의 마지막 유효 관측값","","","","not-configured","일부 거래일 누락","true","false","2024-10-02","2026-10-02","","","cumulative","2024-10-02"
"aligned","KR","stock","001820","day","KRW","credit","2026-04-07","","%","한국투자증권 · 신용잔고 일별추이 [0476]","","","","2026-10-03T13:35:38.380Z","","","true","봉 기간의 마지막 유효 관측값","","","","not-configured","일부 거래일 누락","true","false","2024-10-02","2026-10-02","","","cumulative","2024-10-02"
"aligned","KR","stock","001820","day","KRW","credit","2026-04-08","","%","한국투자증권 · 신용잔고 일별추이 [0476]","","","","2026-10-03T13:35:38.380Z","","","true","봉 기간의 마지막 유효 관측값","","","","not-configured","일부 거래일 누락","true","false","2024-10-02","2026-10-02","","","cumulative","2024-10-02"
"aligned","KR","stock","001820","day","KRW","credit","2026-04-09","","%","한국투자증권 · 신용잔고 일별추이 [0476]","","","","2026-10-03T13:35:38.380Z","","","true","봉 기간의 마지막 유효 관측값","","","","not-configured","일부 거래일 누락","true","false","2024-10-02","2026-10-02","","","cumulative","2024-10-02"
"aligned","KR","stock","001820","day","KRW","credit","2026-04-10","","%","한국투자증권 · 신용잔고 일별추이 [0476]","","","","2026-10-03T13:35:38.380Z","","","true","봉 기간의 마지막 유효 관측값","","","","not-configured","일부 거래일 누락","true","false","2024-10-02","2026-10-02","","","cumulative","2024-10-02"
"aligned","KR","stock","001820","day","KRW","credit","2026-04-13","","%","한국투자증권 · 신용잔고 일별추이 [0476]","","","","2026-10-03T13:35:38.380Z","","","true","봉 기간의 마지막 유효 관측값","","","","not-configured","일부 거래일 누락","true","false","2024-10-02","2026-10-02","","","cumulative","2024-10-02"
"aligned","KR","stock","001820","day","KRW","credit","2026-04-14","","%","한국투자증권 · 신용잔고 일별추이 [0476]","","","","2026-10-03T13:35:38.380Z","","","true","봉 기간의 마지막 유효 관측값","","","","not-configured","일부 거래일 누락","true","false","2024-10-02","2026-10-02","","","cumulative","2024-10-02"
"aligned","KR","stock","001820","day","KRW","credit","2026-04-15","","%","한국투자증권 · 신용잔고 일별추이 [0476]","","","","2026-10-03T13:35:38.380Z","","","true","봉 기간의 마지막 유효 관측값","","","","not-configured","일부 거래일 누락","true","false","2024-10-02","2026-10-02","","","cumulative","2024-10-02"
"aligned","KR","stock","001820","day","KRW","credit","2026-04-16","","%","한국투자증권 · 신용잔고 일별추이 [0476]","","","","2026-10-03T13:35:38.380Z","","","true","봉 기간의 마지막 유효 관측값","","","","not-configured","일부 거래일 누락","true","false","2024-10-02","2026-10-02","","","cumulative","2024-10-02"
"aligned","KR","stock","001820","day","KRW","credit","2026-04-17","","%","한국투자증권 · 신용잔고 일별추이 [0476]","","","","2026-10-03T13:35:38.380Z","","","true","봉 기간의 마지막 유효 관측값","","","","not-configured","일부 거래일 누락","true","false","2024-10-02","2026-10-02","","","cumulative","2024-10-02"
"aligned","KR","stock","001820","day","KRW","credit","2026-04-20","","%","한국투자증권 · 신용잔고 일별추이 [0476]","","","","2026-10-03T13:35:38.380Z","","","true","봉 기간의 마지막 유효 관측값","","","","not-configured","일부 거래일 누락","true","false","2024-10-02","2026-10-02","","","cumulative","2024-10-02"
"aligned","KR","stock","001820","day","KRW","credit","2026-04-21","","%","한국투자증권 · 신용잔고 일별추이 [0476]","","","","2026-10-03T13:35:38.380Z","","","true","봉 기간의 마지막 유효 관측값","","","","not-configured","일부 거래일 누락","true","false","2024-10-02","2026-10-02","","","cumulative","2024-10-02"
"aligned","KR","stock","001820","day","KRW","credit","2026-04-22","","%","한국투자증권 · 신용잔고 일별추이 [0476]","","","","2026-10-03T13:35:38.380Z","","","true","봉 기간의 마지막 유효 관측값","","","","not-configured","일부 거래일 누락","true","false","2024-10-02","2026-10-02","","","cumulative","2024-10-02"
"aligned","KR","stock","001820","day","KRW","credit","2026-04-23","","%","한국투자증권 · 신용잔고 일별추이 [0476]","","","","2026-10-03T13:35:38.380Z","","","true","봉 기간의 마지막 유효 관측값","","","","not-configured","일부 거래일 누락","true","false","2024-10-02","2026-10-02","","","cumulative","2024-10-02"
"aligned","KR","stock","001820","day","KRW","credit","2026-04-24","","%","한국투자증권 · 신용잔고 일별추이 [0476]","","","","2026-10-03T13:35:38.380Z","","","true","봉 기간의 마지막 유효 관측값","","","","not-configured","일부 거래일 누락","true","false","2024-10-02","2026-10-02","","","cumulative","2024-10-02"
"aligned","KR","stock","001820","day","KRW","credit","2026-04-27","","%","한국투자증권 · 신용잔고 일별추이 [0476]","","","","2026-10-03T13:35:38.380Z","","","true","봉 기간의 마지막 유효 관측값","","","","not-configured","일부 거래일 누락","true","false","2024-10-02","2026-10-02","","","cumulative","2024-10-02"
"aligned","KR","stock","001820","day","KRW","credit","2026-04-28","","%","한국투자증권 · 신용잔고 일별추이 [0476]","","","","2026-10-03T13:35:38.380Z","","","true","봉 기간의 마지막 유효 관측값","","","","not-configured","일부 거래일 누락","true","false","2024-10-02","2026-10-02","","","cumulative","2024-10-02"
"aligned","KR","stock","001820","day","KRW","credit","2026-04-29","","%","한국투자증권 · 신용잔고 일별추이 [0476]","","","","2026-10-03T13:35:38.380Z","","","true","봉 기간의 마지막 유효 관측값","","","","not-configured","일부 거래일 누락","true","false","2024-10-02","2026-10-02","","","cumulative","2024-10-02"
"aligned","KR","stock","001820","day","KRW","credit","2026-04-30","","%","한국투자증권 · 신용잔고 일별추이 [0476]","","","","2026-10-03T13:35:38.380Z","","","true","봉 기간의 마지막 유효 관측값","","","","not-configured","일부 거래일 누락","true","false","2024-10-02","2026-10-02","","","cumulative","2024-10-02"
"aligned","KR","stock","001820","day","KRW","credit","2026-05-04","","%","한국투자증권 · 신용잔고 일별추이 [0476]","","","","2026-10-03T13:35:38.380Z","","","true","봉 기간의 마지막 유효 관측값","","","","not-configured","일부 거래일 누락","true","false","2024-10-02","2026-10-02","","","cumulative","2024-10-02"
"aligned","KR","stock","001820","day","KRW","credit","2026-05-06","","%","한국투자증권 · 신용잔고 일별추이 [0476]","","","","2026-10-03T13:35:38.380Z","","","true","봉 기간의 마지막 유효 관측값","","","","not-configured","일부 거래일 누락","true","false","2024-10-02","2026-10-02","","","cumulative","2024-10-02"
"aligned","KR","stock","001820","day","KRW","credit","2026-05-07","","%","한국투자증권 · 신용잔고 일별추이 [0476]","","","","2026-10-03T13:35:38.380Z","","","true","봉 기간의 마지막 유효 관측값","","","","not-configured","일부 거래일 누락","true","false","2024-10-02","2026-10-02","","","cumulative","2024-10-02"
"aligned","KR","stock","001820","day","KRW","credit","2026-05-08","","%","한국투자증권 · 신용잔고 일별추이 [0476]","","","","2026-10-03T13:35:38.380Z","","","true","봉 기간의 마지막 유효 관측값","","","","not-configured","일부 거래일 누락","true","false","2024-10-02","2026-10-02","","","cumulative","2024-10-02"
"aligned","KR","stock","001820","day","KRW","credit","2026-05-11","","%","한국투자증권 · 신용잔고 일별추이 [0476]","","","","2026-10-03T13:35:38.380Z","","","true","봉 기간의 마지막 유효 관측값","","","","not-configured","일부 거래일 누락","true","false","2024-10-02","2026-10-02","","","cumulative","2024-10-02"
"aligned","KR","stock","001820","day","KRW","credit","2026-05-12","","%","한국투자증권 · 신용잔고 일별추이 [0476]","","","","2026-10-03T13:35:38.380Z","","","true","봉 기간의 마지막 유효 관측값","","","","not-configured","일부 거래일 누락","true","false","2024-10-02","2026-10-02","","","cumulative","2024-10-02"
"aligned","KR","stock","001820","day","KRW","credit","2026-05-13","","%","한국투자증권 · 신용잔고 일별추이 [0476]","","","","2026-10-03T13:35:38.380Z","","","true","봉 기간의 마지막 유효 관측값","","","","not-configured","일부 거래일 누락","true","false","2024-10-02","2026-10-02","","","cumulative","2024-10-02"
"aligned","KR","stock","001820","day","KRW","credit","2026-05-14","","%","한국투자증권 · 신용잔고 일별추이 [0476]","","","","2026-10-03T13:35:38.380Z","","","true","봉 기간의 마지막 유효 관측값","","","","not-configured","일부 거래일 누락","true","false","2024-10-02","2026-10-02","","","cumulative","2024-10-02"
"aligned","KR","stock","001820","day","KRW","credit","2026-05-15","","%","한국투자증권 · 신용잔고 일별추이 [0476]","","","","2026-10-03T13:35:38.380Z","","","true","봉 기간의 마지막 유효 관측값","","","","not-configured","일부 거래일 누락","true","false","2024-10-02","2026-10-02","","","cumulative","2024-10-02"
"aligned","KR","stock","001820","day","KRW","credit","2026-05-18","","%","한국투자증권 · 신용잔고 일별추이 [0476]","","","","2026-10-03T13:35:38.380Z","","","true","봉 기간의 마지막 유효 관측값","","","","not-configured","일부 거래일 누락","true","false","2024-10-02","2026-10-02","","","cumulative","2024-10-02"
"aligned","KR","stock","001820","day","KRW","credit","2026-05-19","","%","한국투자증권 · 신용잔고 일별추이 [0476]","","","","2026-10-03T13:35:38.380Z","","","true","봉 기간의 마지막 유효 관측값","","","","not-configured","일부 거래일 누락","true","false","2024-10-02","2026-10-02","","","cumulative","2024-10-02"
"aligned","KR","stock","001820","day","KRW","credit","2026-05-20","","%","한국투자증권 · 신용잔고 일별추이 [0476]","","","","2026-10-03T13:35:38.380Z","","","true","봉 기간의 마지막 유효 관측값","","","","not-configured","일부 거래일 누락","true","false","2024-10-02","2026-10-02","","","cumulative","2024-10-02"
"aligned","KR","stock","001820","day","KRW","credit","2026-05-21","","%","한국투자증권 · 신용잔고 일별추이 [0476]","","","","2026-10-03T13:35:38.380Z","","","true","봉 기간의 마지막 유효 관측값","","","","not-configured","일부 거래일 누락","true","false","2024-10-02","2026-10-02","","","cumulative","2024-10-02"
"aligned","KR","stock","001820","day","KRW","credit","2026-05-22","","%","한국투자증권 · 신용잔고 일별추이 [0476]","","","","2026-10-03T13:35:38.380Z","","","true","봉 기간의 마지막 유효 관측값","","","","not-configured","일부 거래일 누락","true","false","2024-10-02","2026-10-02","","","cumulative","2024-10-02"
"aligned","KR","stock","001820","day","KRW","credit","2026-05-26","","%","한국투자증권 · 신용잔고 일별추이 [0476]","","","","2026-10-03T13:35:38.380Z","","","true","봉 기간의 마지막 유효 관측값","","","","not-configured","일부 거래일 누락","true","false","2024-10-02","2026-10-02","","","cumulative","2024-10-02"
"aligned","KR","stock","001820","day","KRW","credit","2026-05-27","","%","한국투자증권 · 신용잔고 일별추이 [0476]","","","","2026-10-03T13:35:38.380Z","","","true","봉 기간의 마지막 유효 관측값","","","","not-configured","일부 거래일 누락","true","false","2024-10-02","2026-10-02","","","cumulative","2024-10-02"
"aligned","KR","stock","001820","day","KRW","credit","2026-05-28","","%","한국투자증권 · 신용잔고 일별추이 [0476]","","","","2026-10-03T13:35:38.380Z","","","true","봉 기간의 마지막 유효 관측값","","","","not-configured","일부 거래일 누락","true","false","2024-10-02","2026-10-02","","","cumulative","2024-10-02"
"aligned","KR","stock","001820","day","KRW","credit","2026-05-29","","%","한국투자증권 · 신용잔고 일별추이 [0476]","","","","2026-10-03T13:35:38.380Z","","","true","봉 기간의 마지막 유효 관측값","","","","not-configured","일부 거래일 누락","true","false","2024-10-02","2026-10-02","","","cumulative","2024-10-02"
"aligned","KR","stock","001820","day","KRW","credit","2026-06-01","","%","한국투자증권 · 신용잔고 일별추이 [0476]","","","","2026-10-03T13:35:38.380Z","","","true","봉 기간의 마지막 유효 관측값","","","","not-configured","일부 거래일 누락","true","false","2024-10-02","2026-10-02","","","cumulative","2024-10-02"
"aligned","KR","stock","001820","day","KRW","credit","2026-06-02","","%","한국투자증권 · 신용잔고 일별추이 [0476]","","","","2026-10-03T13:35:38.380Z","","","true","봉 기간의 마지막 유효 관측값","","","","not-configured","일부 거래일 누락","true","false","2024-10-02","2026-10-02","","","cumulative","2024-10-02"
"aligned","KR","stock","001820","day","KRW","credit","2026-06-04","","%","한국투자증권 · 신용잔고 일별추이 [0476]","","","","2026-10-03T13:35:38.380Z","","","true","봉 기간의 마지막 유효 관측값","","","","not-configured","일부 거래일 누락","true","false","2024-10-02","2026-10-02","","","cumulative","2024-10-02"
"aligned","KR","stock","001820","day","KRW","credit","2026-06-05","","%","한국투자증권 · 신용잔고 일별추이 [0476]","","","","2026-10-03T13:35:38.380Z","","","true","봉 기간의 마지막 유효 관측값","","","","not-configured","일부 거래일 누락","true","false","2024-10-02","2026-10-02","","","cumulative","2024-10-02"
"aligned","KR","stock","001820","day","KRW","credit","2026-06-08","","%","한국투자증권 · 신용잔고 일별추이 [0476]","","","","2026-10-03T13:35:38.380Z","","","true","봉 기간의 마지막 유효 관측값","","","","not-configured","일부 거래일 누락","true","false","2024-10-02","2026-10-02","","","cumulative","2024-10-02"
"aligned","KR","stock","001820","day","KRW","credit","2026-06-09","","%","한국투자증권 · 신용잔고 일별추이 [0476]","","","","2026-10-03T13:35:38.380Z","","","true","봉 기간의 마지막 유효 관측값","","","","not-configured","일부 거래일 누락","true","false","2024-10-02","2026-10-02","","","cumulative","2024-10-02"
"aligned","KR","stock","001820","day","KRW","credit","2026-06-10","","%","한국투자증권 · 신용잔고 일별추이 [0476]","","","","2026-10-03T13:35:38.380Z","","","true","봉 기간의 마지막 유효 관측값","","","","not-configured","일부 거래일 누락","true","false","2024-10-02","2026-10-02","","","cumulative","2024-10-02"
"aligned","KR","stock","001820","day","KRW","credit","2026-06-11","","%","한국투자증권 · 신용잔고 일별추이 [0476]","","","","2026-10-03T13:35:38.380Z","","","true","봉 기간의 마지막 유효 관측값","","","","not-configured","일부 거래일 누락","true","false","2024-10-02","2026-10-02","","","cumulative","2024-10-02"
"aligned","KR","stock","001820","day","KRW","credit","2026-06-12","","%","한국투자증권 · 신용잔고 일별추이 [0476]","","","","2026-10-03T13:35:38.380Z","","","true","봉 기간의 마지막 유효 관측값","","","","not-configured","일부 거래일 누락","true","false","2024-10-02","2026-10-02","","","cumulative","2024-10-02"
"aligned","KR","stock","001820","day","KRW","credit","2026-06-15","","%","한국투자증권 · 신용잔고 일별추이 [0476]","","","","2026-10-03T13:35:38.380Z","","","true","봉 기간의 마지막 유효 관측값","","","","not-configured","일부 거래일 누락","true","false","2024-10-02","2026-10-02","","","cumulative","2024-10-02"
"aligned","KR","stock","001820","day","KRW","credit","2026-06-16","","%","한국투자증권 · 신용잔고 일별추이 [0476]","","","","2026-10-03T13:35:38.380Z","","","true","봉 기간의 마지막 유효 관측값","","","","not-configured","일부 거래일 누락","true","false","2024-10-02","2026-10-02","","","cumulative","2024-10-02"
"aligned","KR","stock","001820","day","KRW","credit","2026-06-17","","%","한국투자증권 · 신용잔고 일별추이 [0476]","","","","2026-10-03T13:35:38.380Z","","","true","봉 기간의 마지막 유효 관측값","","","","not-configured","일부 거래일 누락","true","false","2024-10-02","2026-10-02","","","cumulative","2024-10-02"
"aligned","KR","stock","001820","day","KRW","credit","2026-06-18","","%","한국투자증권 · 신용잔고 일별추이 [0476]","","","","2026-10-03T13:35:38.380Z","","","true","봉 기간의 마지막 유효 관측값","","","","not-configured","일부 거래일 누락","true","false","2024-10-02","2026-10-02","","","cumulative","2024-10-02"
"aligned","KR","stock","001820","day","KRW","credit","2026-06-19","","%","한국투자증권 · 신용잔고 일별추이 [0476]","","","","2026-10-03T13:35:38.380Z","","","true","봉 기간의 마지막 유효 관측값","","","","not-configured","일부 거래일 누락","true","false","2024-10-02","2026-10-02","","","cumulative","2024-10-02"
"aligned","KR","stock","001820","day","KRW","credit","2026-06-22","","%","한국투자증권 · 신용잔고 일별추이 [0476]","","","","2026-10-03T13:35:38.380Z","","","true","봉 기간의 마지막 유효 관측값","","","","not-configured","일부 거래일 누락","true","false","2024-10-02","2026-10-02","","","cumulative","2024-10-02"
"aligned","KR","stock","001820","day","KRW","credit","2026-06-23","","%","한국투자증권 · 신용잔고 일별추이 [0476]","","","","2026-10-03T13:35:38.380Z","","","true","봉 기간의 마지막 유효 관측값","","","","not-configured","일부 거래일 누락","true","false","2024-10-02","2026-10-02","","","cumulative","2024-10-02"
"aligned","KR","stock","001820","day","KRW","credit","2026-06-24","","%","한국투자증권 · 신용잔고 일별추이 [0476]","","","","2026-10-03T13:35:38.380Z","","","true","봉 기간의 마지막 유효 관측값","","","","not-configured","일부 거래일 누락","true","false","2024-10-02","2026-10-02","","","cumulative","2024-10-02"
"aligned","KR","stock","001820","day","KRW","credit","2026-06-25","","%","한국투자증권 · 신용잔고 일별추이 [0476]","","","","2026-10-03T13:35:38.380Z","","","true","봉 기간의 마지막 유효 관측값","","","","not-configured","일부 거래일 누락","true","false","2024-10-02","2026-10-02","","","cumulative","2024-10-02"
"aligned","KR","stock","001820","day","KRW","credit","2026-06-26","","%","한국투자증권 · 신용잔고 일별추이 [0476]","","","","2026-10-03T13:35:38.380Z","","","true","봉 기간의 마지막 유효 관측값","","","","not-configured","일부 거래일 누락","true","false","2024-10-02","2026-10-02","","","cumulative","2024-10-02"
"aligned","KR","stock","001820","day","KRW","credit","2026-06-29","","%","한국투자증권 · 신용잔고 일별추이 [0476]","","","","2026-10-03T13:35:38.380Z","","","true","봉 기간의 마지막 유효 관측값","","","","not-configured","일부 거래일 누락","true","false","2024-10-02","2026-10-02","","","cumulative","2024-10-02"
"aligned","KR","stock","001820","day","KRW","credit","2026-06-30","","%","한국투자증권 · 신용잔고 일별추이 [0476]","","","","2026-10-03T13:35:38.380Z","","","true","봉 기간의 마지막 유효 관측값","","","","not-configured","일부 거래일 누락","true","false","2024-10-02","2026-10-02","","","cumulative","2024-10-02"
"aligned","KR","stock","001820","day","KRW","credit","2026-07-01","","%","한국투자증권 · 신용잔고 일별추이 [0476]","","","","2026-10-03T13:35:38.380Z","","","true","봉 기간의 마지막 유효 관측값","","","","not-configured","일부 거래일 누락","true","false","2024-10-02","2026-10-02","","","cumulative","2024-10-02"
"aligned","KR","stock","001820","day","KRW","credit","2026-07-02","","%","한국투자증권 · 신용잔고 일별추이 [0476]","","","","2026-10-03T13:35:38.380Z","","","true","봉 기간의 마지막 유효 관측값","","","","not-configured","일부 거래일 누락","true","false","2024-10-02","2026-10-02","","","cumulative","2024-10-02"
"aligned","KR","stock","001820","day","KRW","credit","2026-07-03","","%","한국투자증권 · 신용잔고 일별추이 [0476]","","","","2026-10-03T13:35:38.380Z","","","true","봉 기간의 마지막 유효 관측값","","","","not-configured","일부 거래일 누락","true","false","2024-10-02","2026-10-02","","","cumulative","2024-10-02"
"aligned","KR","stock","001820","day","KRW","credit","2026-07-06","","%","한국투자증권 · 신용잔고 일별추이 [0476]","","","","2026-10-03T13:35:38.380Z","","","true","봉 기간의 마지막 유효 관측값","","","","not-configured","일부 거래일 누락","true","false","2024-10-02","2026-10-02","","","cumulative","2024-10-02"
"aligned","KR","stock","001820","day","KRW","credit","2026-07-07","","%","한국투자증권 · 신용잔고 일별추이 [0476]","","","","2026-10-03T13:35:38.380Z","","","true","봉 기간의 마지막 유효 관측값","","","","not-configured","일부 거래일 누락","true","false","2024-10-02","2026-10-02","","","cumulative","2024-10-02"
"aligned","KR","stock","001820","day","KRW","credit","2026-07-08","","%","한국투자증권 · 신용잔고 일별추이 [0476]","","","","2026-10-03T13:35:38.380Z","","","true","봉 기간의 마지막 유효 관측값","","","","not-configured","일부 거래일 누락","true","false","2024-10-02","2026-10-02","","","cumulative","2024-10-02"
"aligned","KR","stock","001820","day","KRW","credit","2026-07-09","","%","한국투자증권 · 신용잔고 일별추이 [0476]","","","","2026-10-03T13:35:38.380Z","","","true","봉 기간의 마지막 유효 관측값","","","","not-configured","일부 거래일 누락","true","false","2024-10-02","2026-10-02","","","cumulative","2024-10-02"
"aligned","KR","stock","001820","day","KRW","credit","2026-07-10","","%","한국투자증권 · 신용잔고 일별추이 [0476]","","","","2026-10-03T13:35:38.380Z","","","true","봉 기간의 마지막 유효 관측값","","","","not-configured","일부 거래일 누락","true","false","2024-10-02","2026-10-02","","","cumulative","2024-10-02"
"aligned","KR","stock","001820","day","KRW","credit","2026-07-13","","%","한국투자증권 · 신용잔고 일별추이 [0476]","","","","2026-10-03T13:35:38.380Z","","","true","봉 기간의 마지막 유효 관측값","","","","not-configured","일부 거래일 누락","true","false","2024-10-02","2026-10-02","","","cumulative","2024-10-02"
"aligned","KR","stock","001820","day","KRW","credit","2026-07-14","","%","한국투자증권 · 신용잔고 일별추이 [0476]","","","","2026-10-03T13:35:38.380Z","","","true","봉 기간의 마지막 유효 관측값","","","","not-configured","일부 거래일 누락","true","false","2024-10-02","2026-10-02","","","cumulative","2024-10-02"
"aligned","KR","stock","001820","day","KRW","credit","2026-07-15","","%","한국투자증권 · 신용잔고 일별추이 [0476]","","","","2026-10-03T13:35:38.380Z","","","true","봉 기간의 마지막 유효 관측값","","","","not-configured","일부 거래일 누락","true","false","2024-10-02","2026-10-02","","","cumulative","2024-10-02"
"aligned","KR","stock","001820","day","KRW","credit","2026-07-16","","%","한국투자증권 · 신용잔고 일별추이 [0476]","","","","2026-10-03T13:35:38.380Z","","","true","봉 기간의 마지막 유효 관측값","","","","not-configured","일부 거래일 누락","true","false","2024-10-02","2026-10-02","","","cumulative","2024-10-02"
"aligned","KR","stock","001820","day","KRW","credit","2026-07-20","","%","한국투자증권 · 신용잔고 일별추이 [0476]","","","","2026-10-03T13:35:38.380Z","","","true","봉 기간의 마지막 유효 관측값","","","","not-configured","일부 거래일 누락","true","false","2024-10-02","2026-10-02","","","cumulative","2024-10-02"
"aligned","KR","stock","001820","day","KRW","credit","2026-07-21","","%","한국투자증권 · 신용잔고 일별추이 [0476]","","","","2026-10-03T13:35:38.380Z","","","true","봉 기간의 마지막 유효 관측값","","","","not-configured","일부 거래일 누락","true","false","2024-10-02","2026-10-02","","","cumulative","2024-10-02"
"aligned","KR","stock","001820","day","KRW","credit","2026-07-22","","%","한국투자증권 · 신용잔고 일별추이 [0476]","","","","2026-10-03T13:35:38.380Z","","","true","봉 기간의 마지막 유효 관측값","","","","not-configured","일부 거래일 누락","true","false","2024-10-02","2026-10-02","","","cumulative","2024-10-02"
"aligned","KR","stock","001820","day","KRW","credit","2026-07-23","","%","한국투자증권 · 신용잔고 일별추이 [0476]","","","","2026-10-03T13:35:38.380Z","","","true","봉 기간의 마지막 유효 관측값","","","","not-configured","일부 거래일 누락","true","false","2024-10-02","2026-10-02","","","cumulative","2024-10-02"
"aligned","KR","stock","001820","day","KRW","credit","2026-07-24","","%","한국투자증권 · 신용잔고 일별추이 [0476]","","","","2026-10-03T13:35:38.380Z","","","true","봉 기간의 마지막 유효 관측값","","","","not-configured","일부 거래일 누락","true","false","2024-10-02","2026-10-02","","","cumulative","2024-10-02"
"aligned","KR","stock","001820","day","KRW","credit","2026-07-27","","%","한국투자증권 · 신용잔고 일별추이 [0476]","","","","2026-10-03T13:35:38.380Z","","","true","봉 기간의 마지막 유효 관측값","","","","not-configured","일부 거래일 누락","true","false","2024-10-02","2026-10-02","","","cumulative","2024-10-02"
"aligned","KR","stock","001820","day","KRW","credit","2026-07-28","","%","한국투자증권 · 신용잔고 일별추이 [0476]","","","","2026-10-03T13:35:38.380Z","","","true","봉 기간의 마지막 유효 관측값","","","","not-configured","일부 거래일 누락","true","false","2024-10-02","2026-10-02","","","cumulative","2024-10-02"
"aligned","KR","stock","001820","day","KRW","credit","2026-07-29","","%","한국투자증권 · 신용잔고 일별추이 [0476]","","","","2026-10-03T13:35:38.380Z","","","true","봉 기간의 마지막 유효 관측값","","","","not-configured","일부 거래일 누락","true","false","2024-10-02","2026-10-02","","","cumulative","2024-10-02"
"aligned","KR","stock","001820","day","KRW","credit","2026-07-30","","%","한국투자증권 · 신용잔고 일별추이 [0476]","","","","2026-10-03T13:35:38.380Z","","","true","봉 기간의 마지막 유효 관측값","","","","not-configured","일부 거래일 누락","true","false","2024-10-02","2026-10-02","","","cumulative","2024-10-02"
"aligned","KR","stock","001820","day","KRW","credit","2026-07-31","","%","한국투자증권 · 신용잔고 일별추이 [0476]","","","","2026-10-03T13:35:38.380Z","","","true","봉 기간의 마지막 유효 관측값","","","","not-configured","일부 거래일 누락","true","false","2024-10-02","2026-10-02","","","cumulative","2024-10-02"
"aligned","KR","stock","001820","day","KRW","credit","2026-08-03","","%","한국투자증권 · 신용잔고 일별추이 [0476]","","","","2026-10-03T13:35:38.380Z","","","true","봉 기간의 마지막 유효 관측값","","","","not-configured","일부 거래일 누락","true","false","2024-10-02","2026-10-02","","","cumulative","2024-10-02"
"aligned","KR","stock","001820","day","KRW","credit","2026-08-04","","%","한국투자증권 · 신용잔고 일별추이 [0476]","","","","2026-10-03T13:35:38.380Z","","","true","봉 기간의 마지막 유효 관측값","","","","not-configured","일부 거래일 누락","true","false","2024-10-02","2026-10-02","","","cumulative","2024-10-02"
"aligned","KR","stock","001820","day","KRW","credit","2026-08-05","","%","한국투자증권 · 신용잔고 일별추이 [0476]","","","","2026-10-03T13:35:38.380Z","","","true","봉 기간의 마지막 유효 관측값","","","","not-configured","일부 거래일 누락","true","false","2024-10-02","2026-10-02","","","cumulative","2024-10-02"
"aligned","KR","stock","001820","day","KRW","credit","2026-08-06","","%","한국투자증권 · 신용잔고 일별추이 [0476]","","","","2026-10-03T13:35:38.380Z","","","true","봉 기간의 마지막 유효 관측값","","","","not-configured","일부 거래일 누락","true","false","2024-10-02","2026-10-02","","","cumulative","2024-10-02"
"aligned","KR","stock","001820","day","KRW","credit","2026-08-07","","%","한국투자증권 · 신용잔고 일별추이 [0476]","","","","2026-10-03T13:35:38.380Z","","","true","봉 기간의 마지막 유효 관측값","","","","not-configured","일부 거래일 누락","true","false","2024-10-02","2026-10-02","","","cumulative","2024-10-02"
"aligned","KR","stock","001820","day","KRW","credit","2026-08-10","","%","한국투자증권 · 신용잔고 일별추이 [0476]","","","","2026-10-03T13:35:38.380Z","","","true","봉 기간의 마지막 유효 관측값","","","","not-configured","일부 거래일 누락","true","false","2024-10-02","2026-10-02","","","cumulative","2024-10-02"
"aligned","KR","stock","001820","day","KRW","credit","2026-08-11","","%","한국투자증권 · 신용잔고 일별추이 [0476]","","","","2026-10-03T13:35:38.380Z","","","true","봉 기간의 마지막 유효 관측값","","","","not-configured","일부 거래일 누락","true","false","2024-10-02","2026-10-02","","","cumulative","2024-10-02"
"aligned","KR","stock","001820","day","KRW","credit","2026-08-12","","%","한국투자증권 · 신용잔고 일별추이 [0476]","","","","2026-10-03T13:35:38.380Z","","","true","봉 기간의 마지막 유효 관측값","","","","not-configured","일부 거래일 누락","true","false","2024-10-02","2026-10-02","","","cumulative","2024-10-02"
"aligned","KR","stock","001820","day","KRW","credit","2026-08-13","","%","한국투자증권 · 신용잔고 일별추이 [0476]","","","","2026-10-03T13:35:38.380Z","","","true","봉 기간의 마지막 유효 관측값","","","","not-configured","일부 거래일 누락","true","false","2024-10-02","2026-10-02","","","cumulative","2024-10-02"
"aligned","KR","stock","001820","day","KRW","credit","2026-08-14","","%","한국투자증권 · 신용잔고 일별추이 [0476]","","","","2026-10-03T13:35:38.380Z","","","true","봉 기간의 마지막 유효 관측값","","","","not-configured","일부 거래일 누락","true","false","2024-10-02","2026-10-02","","","cumulative","2024-10-02"
"aligned","KR","stock","001820","day","KRW","credit","2026-08-18","","%","한국투자증권 · 신용잔고 일별추이 [0476]","","","","2026-10-03T13:35:38.380Z","","","true","봉 기간의 마지막 유효 관측값","","","","not-configured","일부 거래일 누락","true","false","2024-10-02","2026-10-02","","","cumulative","2024-10-02"
"aligned","KR","stock","001820","day","KRW","credit","2026-08-19","","%","한국투자증권 · 신용잔고 일별추이 [0476]","","","","2026-10-03T13:35:38.380Z","","","true","봉 기간의 마지막 유효 관측값","","","","not-configured","일부 거래일 누락","true","false","2024-10-02","2026-10-02","","","cumulative","2024-10-02"
"aligned","KR","stock","001820","day","KRW","credit","2026-08-20","","%","한국투자증권 · 신용잔고 일별추이 [0476]","","","","2026-10-03T13:35:38.380Z","","","true","봉 기간의 마지막 유효 관측값","","","","not-configured","일부 거래일 누락","true","false","2024-10-02","2026-10-02","","","cumulative","2024-10-02"
"aligned","KR","stock","001820","day","KRW","credit","2026-08-21","","%","한국투자증권 · 신용잔고 일별추이 [0476]","","","","2026-10-03T13:35:38.380Z","","","true","봉 기간의 마지막 유효 관측값","","","","not-configured","일부 거래일 누락","true","false","2024-10-02","2026-10-02","","","cumulative","2024-10-02"
"aligned","KR","stock","001820","day","KRW","credit","2026-08-24","","%","한국투자증권 · 신용잔고 일별추이 [0476]","","","","2026-10-03T13:35:38.380Z","","","true","봉 기간의 마지막 유효 관측값","","","","not-configured","일부 거래일 누락","true","false","2024-10-02","2026-10-02","","","cumulative","2024-10-02"
"aligned","KR","stock","001820","day","KRW","credit","2026-08-25","","%","한국투자증권 · 신용잔고 일별추이 [0476]","","","","2026-10-03T13:35:38.380Z","","","true","봉 기간의 마지막 유효 관측값","","","","not-configured","일부 거래일 누락","true","false","2024-10-02","2026-10-02","","","cumulative","2024-10-02"
"aligned","KR","stock","001820","day","KRW","credit","2026-08-26","","%","한국투자증권 · 신용잔고 일별추이 [0476]","","","","2026-10-03T13:35:38.380Z","","","true","봉 기간의 마지막 유효 관측값","","","","not-configured","일부 거래일 누락","true","false","2024-10-02","2026-10-02","","","cumulative","2024-10-02"
"aligned","KR","stock","001820","day","KRW","credit","2026-08-27","","%","한국투자증권 · 신용잔고 일별추이 [0476]","","","","2026-10-03T13:35:38.380Z","","","true","봉 기간의 마지막 유효 관측값","","","","not-configured","일부 거래일 누락","true","false","2024-10-02","2026-10-02","","","cumulative","2024-10-02"
"aligned","KR","stock","001820","day","KRW","credit","2026-08-28","","%","한국투자증권 · 신용잔고 일별추이 [0476]","","","","2026-10-03T13:35:38.380Z","","","true","봉 기간의 마지막 유효 관측값","","","","not-configured","일부 거래일 누락","true","false","2024-10-02","2026-10-02","","","cumulative","2024-10-02"
"aligned","KR","stock","001820","day","KRW","credit","2026-08-31","","%","한국투자증권 · 신용잔고 일별추이 [0476]","","","","2026-10-03T13:35:38.380Z","","","true","봉 기간의 마지막 유효 관측값","","","","not-configured","일부 거래일 누락","true","false","2024-10-02","2026-10-02","","","cumulative","2024-10-02"
"aligned","KR","stock","001820","day","KRW","credit","2026-09-01","","%","한국투자증권 · 신용잔고 일별추이 [0476]","","","","2026-10-03T13:35:38.380Z","","","true","봉 기간의 마지막 유효 관측값","","","","not-configured","일부 거래일 누락","true","false","2024-10-02","2026-10-02","","","cumulative","2024-10-02"
"aligned","KR","stock","001820","day","KRW","credit","2026-09-02","","%","한국투자증권 · 신용잔고 일별추이 [0476]","","","","2026-10-03T13:35:38.380Z","","","true","봉 기간의 마지막 유효 관측값","","","","not-configured","일부 거래일 누락","true","false","2024-10-02","2026-10-02","","","cumulative","2024-10-02"
"aligned","KR","stock","001820","day","KRW","credit","2026-09-03","","%","한국투자증권 · 신용잔고 일별추이 [0476]","","","","2026-10-03T13:35:38.380Z","","","true","봉 기간의 마지막 유효 관측값","","","","not-configured","일부 거래일 누락","true","false","2024-10-02","2026-10-02","","","cumulative","2024-10-02"
"aligned","KR","stock","001820","day","KRW","credit","2026-09-04","","%","한국투자증권 · 신용잔고 일별추이 [0476]","","","","2026-10-03T13:35:38.380Z","","","true","봉 기간의 마지막 유효 관측값","","","","not-configured","일부 거래일 누락","true","false","2024-10-02","2026-10-02","","","cumulative","2024-10-02"
"aligned","KR","stock","001820","day","KRW","credit","2026-09-07","","%","한국투자증권 · 신용잔고 일별추이 [0476]","","","","2026-10-03T13:35:38.380Z","","","true","봉 기간의 마지막 유효 관측값","","","","not-configured","일부 거래일 누락","true","false","2024-10-02","2026-10-02","","","cumulative","2024-10-02"
"aligned","KR","stock","001820","day","KRW","credit","2026-09-08","","%","한국투자증권 · 신용잔고 일별추이 [0476]","","","","2026-10-03T13:35:38.380Z","","","true","봉 기간의 마지막 유효 관측값","","","","not-configured","일부 거래일 누락","true","false","2024-10-02","2026-10-02","","","cumulative","2024-10-02"
"aligned","KR","stock","001820","day","KRW","credit","2026-09-09","","%","한국투자증권 · 신용잔고 일별추이 [0476]","","","","2026-10-03T13:35:38.380Z","","","true","봉 기간의 마지막 유효 관측값","","","","not-configured","일부 거래일 누락","true","false","2024-10-02","2026-10-02","","","cumulative","2024-10-02"
"aligned","KR","stock","001820","day","KRW","credit","2026-09-10","","%","한국투자증권 · 신용잔고 일별추이 [0476]","","","","2026-10-03T13:35:38.380Z","","","true","봉 기간의 마지막 유효 관측값","","","","not-configured","일부 거래일 누락","true","false","2024-10-02","2026-10-02","","","cumulative","2024-10-02"
"aligned","KR","stock","001820","day","KRW","credit","2026-09-11","","%","한국투자증권 · 신용잔고 일별추이 [0476]","","","","2026-10-03T13:35:38.380Z","","","true","봉 기간의 마지막 유효 관측값","","","","not-configured","일부 거래일 누락","true","false","2024-10-02","2026-10-02","","","cumulative","2024-10-02"
"aligned","KR","stock","001820","day","KRW","credit","2026-09-14","","%","한국투자증권 · 신용잔고 일별추이 [0476]","","","","2026-10-03T13:35:38.380Z","","","true","봉 기간의 마지막 유효 관측값","","","","not-configured","일부 거래일 누락","true","false","2024-10-02","2026-10-02","","","cumulative","2024-10-02"
"aligned","KR","stock","001820","day","KRW","credit","2026-09-15","","%","한국투자증권 · 신용잔고 일별추이 [0476]","","","","2026-10-03T13:35:38.380Z","","","true","봉 기간의 마지막 유효 관측값","","","","not-configured","일부 거래일 누락","true","false","2024-10-02","2026-10-02","","","cumulative","2024-10-02"
"aligned","KR","stock","001820","day","KRW","credit","2026-09-16","","%","한국투자증권 · 신용잔고 일별추이 [0476]","","","","2026-10-03T13:35:38.380Z","","","true","봉 기간의 마지막 유효 관측값","","","","not-configured","일부 거래일 누락","true","false","2024-10-02","2026-10-02","","","cumulative","2024-10-02"
"aligned","KR","stock","001820","day","KRW","credit","2026-09-17","","%","한국투자증권 · 신용잔고 일별추이 [0476]","","","","2026-10-03T13:35:38.380Z","","","true","봉 기간의 마지막 유효 관측값","","","","not-configured","일부 거래일 누락","true","false","2024-10-02","2026-10-02","","","cumulative","2024-10-02"
"aligned","KR","stock","001820","day","KRW","credit","2026-09-18","","%","한국투자증권 · 신용잔고 일별추이 [0476]","","","","2026-10-03T13:35:38.380Z","","","true","봉 기간의 마지막 유효 관측값","","","","not-configured","일부 거래일 누락","true","false","2024-10-02","2026-10-02","","","cumulative","2024-10-02"
"aligned","KR","stock","001820","day","KRW","credit","2026-09-21","","%","한국투자증권 · 신용잔고 일별추이 [0476]","","","","2026-10-03T13:35:38.380Z","","","true","봉 기간의 마지막 유효 관측값","","","","not-configured","일부 거래일 누락","true","false","2024-10-02","2026-10-02","","","cumulative","2024-10-02"
"aligned","KR","stock","001820","day","KRW","credit","2026-09-22","","%","한국투자증권 · 신용잔고 일별추이 [0476]","","","","2026-10-03T13:35:38.380Z","","","true","봉 기간의 마지막 유효 관측값","","","","not-configured","일부 거래일 누락","true","false","2024-10-02","2026-10-02","","","cumulative","2024-10-02"
"aligned","KR","stock","001820","day","KRW","credit","2026-09-23","","%","한국투자증권 · 신용잔고 일별추이 [0476]","","","","2026-10-03T13:35:38.380Z","","","true","봉 기간의 마지막 유효 관측값","","","","not-configured","일부 거래일 누락","true","false","2024-10-02","2026-10-02","","","cumulative","2024-10-02"
"aligned","KR","stock","001820","day","KRW","credit","2026-09-28","","%","한국투자증권 · 신용잔고 일별추이 [0476]","","","","2026-10-03T13:35:38.380Z","","","true","봉 기간의 마지막 유효 관측값","","","","not-configured","일부 거래일 누락","true","false","2024-10-02","2026-10-02","","","cumulative","2024-10-02"
"aligned","KR","stock","001820","day","KRW","credit","2026-09-29","","%","한국투자증권 · 신용잔고 일별추이 [0476]","","","","2026-10-03T13:35:38.380Z","","","true","봉 기간의 마지막 유효 관측값","","","","not-configured","일부 거래일 누락","true","false","2024-10-02","2026-10-02","","","cumulative","2024-10-02"
"aligned","KR","stock","001820","day","KRW","credit","2026-09-30","","%","한국투자증권 · 신용잔고 일별추이 [0476]","","","","2026-10-03T13:35:38.380Z","","","true","봉 기간의 마지막 유효 관측값","","","","not-configured","일부 거래일 누락","true","false","2024-10-02","2026-10-02","","","cumulative","2024-10-02"
"aligned","KR","stock","001820","day","KRW","credit","2026-10-01","","%","한국투자증권 · 신용잔고 일별추이 [0476]","","","","2026-10-03T13:35:38.380Z","","","true","봉 기간의 마지막 유효 관측값","","","","not-configured","일부 거래일 누락","true","false","2024-10-02","2026-10-02","","","cumulative","2024-10-02"
"aligned","KR","stock","001820","day","KRW","credit","2026-10-02","","%","한국투자증권 · 신용잔고 일별추이 [0476]","","","","2026-10-03T13:35:38.380Z","","","true","봉 기간의 마지막 유효 관측값","","","","not-configured","일부 거래일 누락","true","false","2024-10-02","2026-10-02","","","cumulative","2024-10-02"
"raw","KR","stock","001820","day","KRW","foreign","2026-09-17","5.24","%","네이버 금융 · 종목 투자자 동향","foreignerHoldRatio","2026-09-17","trade-date","2026-10-03T13:35:38.380Z","","","false","","","","","partial","요청 범위 중 일부 날짜만 제공 · 공표 시각/확정 여부 미확인","true","false","2024-10-02","2026-10-02","2026-09-17","2026-10-02","cumulative","2024-10-02"
"raw","KR","stock","001820","day","KRW","foreign","2026-09-18","6.04","%","네이버 금융 · 종목 투자자 동향","foreignerHoldRatio","2026-09-18","trade-date","2026-10-03T13:35:38.380Z","","","false","","","","","partial","요청 범위 중 일부 날짜만 제공 · 공표 시각/확정 여부 미확인","true","false","2024-10-02","2026-10-02","2026-09-17","2026-10-02","cumulative","2024-10-02"
"raw","KR","stock","001820","day","KRW","foreign","2026-09-21","5.82","%","네이버 금융 · 종목 투자자 동향","foreignerHoldRatio","2026-09-21","trade-date","2026-10-03T13:35:38.380Z","","","false","","","","","partial","요청 범위 중 일부 날짜만 제공 · 공표 시각/확정 여부 미확인","true","false","2024-10-02","2026-10-02","2026-09-17","2026-10-02","cumulative","2024-10-02"
"raw","KR","stock","001820","day","KRW","foreign","2026-09-22","6.07","%","네이버 금융 · 종목 투자자 동향","foreignerHoldRatio","2026-09-22","trade-date","2026-10-03T13:35:38.380Z","","","false","","","","","partial","요청 범위 중 일부 날짜만 제공 · 공표 시각/확정 여부 미확인","true","false","2024-10-02","2026-10-02","2026-09-17","2026-10-02","cumulative","2024-10-02"
"raw","KR","stock","001820","day","KRW","foreign","2026-09-23","6.33","%","네이버 금융 · 종목 투자자 동향","foreignerHoldRatio","2026-09-23","trade-date","2026-10-03T13:35:38.380Z","","","false","","","","","partial","요청 범위 중 일부 날짜만 제공 · 공표 시각/확정 여부 미확인","true","false","2024-10-02","2026-10-02","2026-09-17","2026-10-02","cumulative","2024-10-02"
"raw","KR","stock","001820","day","KRW","foreign","2026-09-28","6.62","%","네이버 금융 · 종목 투자자 동향","foreignerHoldRatio","2026-09-28","trade-date","2026-10-03T13:35:38.380Z","","","false","","","","","partial","요청 범위 중 일부 날짜만 제공 · 공표 시각/확정 여부 미확인","true","false","2024-10-02","2026-10-02","2026-09-17","2026-10-02","cumulative","2024-10-02"
"raw","KR","stock","001820","day","KRW","foreign","2026-09-29","9.36","%","네이버 금융 · 종목 투자자 동향","foreignerHoldRatio","2026-09-29","trade-date","2026-10-03T13:35:38.380Z","","","false","","","","","partial","요청 범위 중 일부 날짜만 제공 · 공표 시각/확정 여부 미확인","true","false","2024-10-02","2026-10-02","2026-09-17","2026-10-02","cumulative","2024-10-02"
"raw","KR","stock","001820","day","KRW","foreign","2026-09-30","6.94","%","네이버 금융 · 종목 투자자 동향","foreignerHoldRatio","2026-09-30","trade-date","2026-10-03T13:35:38.380Z","","","false","","","","","partial","요청 범위 중 일부 날짜만 제공 · 공표 시각/확정 여부 미확인","true","false","2024-10-02","2026-10-02","2026-09-17","2026-10-02","cumulative","2024-10-02"
"raw","KR","stock","001820","day","KRW","foreign","2026-10-01","9.42","%","네이버 금융 · 종목 투자자 동향","foreignerHoldRatio","2026-10-01","trade-date","2026-10-03T13:35:38.380Z","","","false","","","","","partial","요청 범위 중 일부 날짜만 제공 · 공표 시각/확정 여부 미확인","true","false","2024-10-02","2026-10-02","2026-09-17","2026-10-02","cumulative","2024-10-02"
"raw","KR","stock","001820","day","KRW","foreign","2026-10-02","8.58","%","네이버 금융 · 종목 투자자 동향","foreignerHoldRatio","2026-10-02","trade-date","2026-10-03T13:35:38.380Z","","","false","","","","","partial","요청 범위 중 일부 날짜만 제공 · 공표 시각/확정 여부 미확인","true","false","2024-10-02","2026-10-02","2026-09-17","2026-10-02","cumulative","2024-10-02"
"aligned","KR","stock","001820","day","KRW","foreign","2024-10-02","","%","네이버 금융 · 종목 투자자 동향","","","","2026-10-03T13:35:38.380Z","","","true","봉 기간의 마지막 유효 관측값","","","","partial","일부 거래일 누락","true","false","2024-10-02","2026-10-02","2026-09-17","2026-10-02","cumulative","2024-10-02"
"aligned","KR","stock","001820","day","KRW","foreign","2024-10-04","","%","네이버 금융 · 종목 투자자 동향","","","","2026-10-03T13:35:38.380Z","","","true","봉 기간의 마지막 유효 관측값","","","","partial","일부 거래일 누락","true","false","2024-10-02","2026-10-02","2026-09-17","2026-10-02","cumulative","2024-10-02"
"aligned","KR","stock","001820","day","KRW","foreign","2024-10-07","","%","네이버 금융 · 종목 투자자 동향","","","","2026-10-03T13:35:38.380Z","","","true","봉 기간의 마지막 유효 관측값","","","","partial","일부 거래일 누락","true","false","2024-10-02","2026-10-02","2026-09-17","2026-10-02","cumulative","2024-10-02"
"aligned","KR","stock","001820","day","KRW","foreign","2024-10-08","","%","네이버 금융 · 종목 투자자 동향","","","","2026-10-03T13:35:38.380Z","","","true","봉 기간의 마지막 유효 관측값","","","","partial","일부 거래일 누락","true","false","2024-10-02","2026-10-02","2026-09-17","2026-10-02","cumulative","2024-10-02"
"aligned","KR","stock","001820","day","KRW","foreign","2024-10-10","","%","네이버 금융 · 종목 투자자 동향","","","","2026-10-03T13:35:38.380Z","","","true","봉 기간의 마지막 유효 관측값","","","","partial","일부 거래일 누락","true","false","2024-10-02","2026-10-02","2026-09-17","2026-10-02","cumulative","2024-10-02"
"aligned","KR","stock","001820","day","KRW","foreign","2024-10-11","","%","네이버 금융 · 종목 투자자 동향","","","","2026-10-03T13:35:38.380Z","","","true","봉 기간의 마지막 유효 관측값","","","","partial","일부 거래일 누락","true","false","2024-10-02","2026-10-02","2026-09-17","2026-10-02","cumulative","2024-10-02"
"aligned","KR","stock","001820","day","KRW","foreign","2024-10-14","","%","네이버 금융 · 종목 투자자 동향","","","","2026-10-03T13:35:38.380Z","","","true","봉 기간의 마지막 유효 관측값","","","","partial","일부 거래일 누락","true","false","2024-10-02","2026-10-02","2026-09-17","2026-10-02","cumulative","2024-10-02"
"aligned","KR","stock","001820","day","KRW","foreign","2024-10-15","","%","네이버 금융 · 종목 투자자 동향","","","","2026-10-03T13:35:38.380Z","","","true","봉 기간의 마지막 유효 관측값","","","","partial","일부 거래일 누락","true","false","2024-10-02","2026-10-02","2026-09-17","2026-10-02","cumulative","2024-10-02"
"aligned","KR","stock","001820","day","KRW","foreign","2024-10-16","","%","네이버 금융 · 종목 투자자 동향","","","","2026-10-03T13:35:38.380Z","","","true","봉 기간의 마지막 유효 관측값","","","","partial","일부 거래일 누락","true","false","2024-10-02","2026-10-02","2026-09-17","2026-10-02","cumulative","2024-10-02"
"aligned","KR","stock","001820","day","KRW","foreign","2024-10-17","","%","네이버 금융 · 종목 투자자 동향","","","","2026-10-03T13:35:38.380Z","","","true","봉 기간의 마지막 유효 관측값","","","","partial","일부 거래일 누락","true","false","2024-10-02","2026-10-02","2026-09-17","2026-10-02","cumulative","2024-10-02"
"aligned","KR","stock","001820","day","KRW","foreign","2024-10-18","","%","네이버 금융 · 종목 투자자 동향","","","","2026-10-03T13:35:38.380Z","","","true","봉 기간의 마지막 유효 관측값","","","","partial","일부 거래일 누락","true","false","2024-10-02","2026-10-02","2026-09-17","2026-10-02","cumulative","2024-10-02"
"aligned","KR","stock","001820","day","KRW","foreign","2024-10-21","","%","네이버 금융 · 종목 투자자 동향","","","","2026-10-03T13:35:38.380Z","","","true","봉 기간의 마지막 유효 관측값","","","","partial","일부 거래일 누락","true","false","2024-10-02","2026-10-02","2026-09-17","2026-10-02","cumulative","2024-10-02"
"aligned","KR","stock","001820","day","KRW","foreign","2024-10-22","","%","네이버 금융 · 종목 투자자 동향","","","","2026-10-03T13:35:38.380Z","","","true","봉 기간의 마지막 유효 관측값","","","","partial","일부 거래일 누락","true","false","2024-10-02","2026-10-02","2026-09-17","2026-10-02","cumulative","2024-10-02"
"aligned","KR","stock","001820","day","KRW","foreign","2024-10-23","","%","네이버 금융 · 종목 투자자 동향","","","","2026-10-03T13:35:38.380Z","","","true","봉 기간의 마지막 유효 관측값","","","","partial","일부 거래일 누락","true","false","2024-10-02","2026-10-02","2026-09-17","2026-10-02","cumulative","2024-10-02"
"aligned","KR","stock","001820","day","KRW","foreign","2024-10-24","","%","네이버 금융 · 종목 투자자 동향","","","","2026-10-03T13:35:38.380Z","","","true","봉 기간의 마지막 유효 관측값","","","","partial","일부 거래일 누락","true","false","2024-10-02","2026-10-02","2026-09-17","2026-10-02","cumulative","2024-10-02"
"aligned","KR","stock","001820","day","KRW","foreign","2024-10-25","","%","네이버 금융 · 종목 투자자 동향","","","","2026-10-03T13:35:38.380Z","","","true","봉 기간의 마지막 유효 관측값","","","","partial","일부 거래일 누락","true","false","2024-10-02","2026-10-02","2026-09-17","2026-10-02","cumulative","2024-10-02"
"aligned","KR","stock","001820","day","KRW","foreign","2024-10-28","","%","네이버 금융 · 종목 투자자 동향","","","","2026-10-03T13:35:38.380Z","","","true","봉 기간의 마지막 유효 관측값","","","","partial","일부 거래일 누락","true","false","2024-10-02","2026-10-02","2026-09-17","2026-10-02","cumulative","2024-10-02"
"aligned","KR","stock","001820","day","KRW","foreign","2024-10-29","","%","네이버 금융 · 종목 투자자 동향","","","","2026-10-03T13:35:38.380Z","","","true","봉 기간의 마지막 유효 관측값","","","","partial","일부 거래일 누락","true","false","2024-10-02","2026-10-02","2026-09-17","2026-10-02","cumulative","2024-10-02"
"aligned","KR","stock","001820","day","KRW","foreign","2024-10-30","","%","네이버 금융 · 종목 투자자 동향","","","","2026-10-03T13:35:38.380Z","","","true","봉 기간의 마지막 유효 관측값","","","","partial","일부 거래일 누락","true","false","2024-10-02","2026-10-02","2026-09-17","2026-10-02","cumulative","2024-10-02"
"aligned","KR","stock","001820","day","KRW","foreign","2024-10-31","","%","네이버 금융 · 종목 투자자 동향","","","","2026-10-03T13:35:38.380Z","","","true","봉 기간의 마지막 유효 관측값","","","","partial","일부 거래일 누락","true","false","2024-10-02","2026-10-02","2026-09-17","2026-10-02","cumulative","2024-10-02"
"aligned","KR","stock","001820","day","KRW","foreign","2024-11-01","","%","네이버 금융 · 종목 투자자 동향","","","","2026-10-03T13:35:38.380Z","","","true","봉 기간의 마지막 유효 관측값","","","","partial","일부 거래일 누락","true","false","2024-10-02","2026-10-02","2026-09-17","2026-10-02","cumulative","2024-10-02"
"aligned","KR","stock","001820","day","KRW","foreign","2024-11-04","","%","네이버 금융 · 종목 투자자 동향","","","","2026-10-03T13:35:38.380Z","","","true","봉 기간의 마지막 유효 관측값","","","","partial","일부 거래일 누락","true","false","2024-10-02","2026-10-02","2026-09-17","2026-10-02","cumulative","2024-10-02"
"aligned","KR","stock","001820","day","KRW","foreign","2024-11-05","","%","네이버 금융 · 종목 투자자 동향","","","","2026-10-03T13:35:38.380Z","","","true","봉 기간의 마지막 유효 관측값","","","","partial","일부 거래일 누락","true","false","2024-10-02","2026-10-02","2026-09-17","2026-10-02","cumulative","2024-10-02"
"aligned","KR","stock","001820","day","KRW","foreign","2024-11-06","","%","네이버 금융 · 종목 투자자 동향","","","","2026-10-03T13:35:38.380Z","","","true","봉 기간의 마지막 유효 관측값","","","","partial","일부 거래일 누락","true","false","2024-10-02","2026-10-02","2026-09-17","2026-10-02","cumulative","2024-10-02"
"aligned","KR","stock","001820","day","KRW","foreign","2024-11-07","","%","네이버 금융 · 종목 투자자 동향","","","","2026-10-03T13:35:38.380Z","","","true","봉 기간의 마지막 유효 관측값","","","","partial","일부 거래일 누락","true","false","2024-10-02","2026-10-02","2026-09-17","2026-10-02","cumulative","2024-10-02"
"aligned","KR","stock","001820","day","KRW","foreign","2024-11-08","","%","네이버 금융 · 종목 투자자 동향","","","","2026-10-03T13:35:38.380Z","","","true","봉 기간의 마지막 유효 관측값","","","","partial","일부 거래일 누락","true","false","2024-10-02","2026-10-02","2026-09-17","2026-10-02","cumulative","2024-10-02"
"aligned","KR","stock","001820","day","KRW","foreign","2024-11-11","","%","네이버 금융 · 종목 투자자 동향","","","","2026-10-03T13:35:38.380Z","","","true","봉 기간의 마지막 유효 관측값","","","","partial","일부 거래일 누락","true","false","2024-10-02","2026-10-02","2026-09-17","2026-10-02","cumulative","2024-10-02"
"aligned","KR","stock","001820","day","KRW","foreign","2024-11-12","","%","네이버 금융 · 종목 투자자 동향","","","","2026-10-03T13:35:38.380Z","","","true","봉 기간의 마지막 유효 관측값","","","","partial","일부 거래일 누락","true","false","2024-10-02","2026-10-02","2026-09-17","2026-10-02","cumulative","2024-10-02"
"aligned","KR","stock","001820","day","KRW","foreign","2024-11-13","","%","네이버 금융 · 종목 투자자 동향","","","","2026-10-03T13:35:38.380Z","","","true","봉 기간의 마지막 유효 관측값","","","","partial","일부 거래일 누락","true","false","2024-10-02","2026-10-02","2026-09-17","2026-10-02","cumulative","2024-10-02"
"aligned","KR","stock","001820","day","KRW","foreign","2024-11-14","","%","네이버 금융 · 종목 투자자 동향","","","","2026-10-03T13:35:38.380Z","","","true","봉 기간의 마지막 유효 관측값","","","","partial","일부 거래일 누락","true","false","2024-10-02","2026-10-02","2026-09-17","2026-10-02","cumulative","2024-10-02"
"aligned","KR","stock","001820","day","KRW","foreign","2024-11-15","","%","네이버 금융 · 종목 투자자 동향","","","","2026-10-03T13:35:38.380Z","","","true","봉 기간의 마지막 유효 관측값","","","","partial","일부 거래일 누락","true","false","2024-10-02","2026-10-02","2026-09-17","2026-10-02","cumulative","2024-10-02"
"aligned","KR","stock","001820","day","KRW","foreign","2024-11-18","","%","네이버 금융 · 종목 투자자 동향","","","","2026-10-03T13:35:38.380Z","","","true","봉 기간의 마지막 유효 관측값","","","","partial","일부 거래일 누락","true","false","2024-10-02","2026-10-02","2026-09-17","2026-10-02","cumulative","2024-10-02"
"aligned","KR","stock","001820","day","KRW","foreign","2024-11-19","","%","네이버 금융 · 종목 투자자 동향","","","","2026-10-03T13:35:38.380Z","","","true","봉 기간의 마지막 유효 관측값","","","","partial","일부 거래일 누락","true","false","2024-10-02","2026-10-02","2026-09-17","2026-10-02","cumulative","2024-10-02"
"aligned","KR","stock","001820","day","KRW","foreign","2024-11-20","","%","네이버 금융 · 종목 투자자 동향","","","","2026-10-03T13:35:38.380Z","","","true","봉 기간의 마지막 유효 관측값","","","","partial","일부 거래일 누락","true","false","2024-10-02","2026-10-02","2026-09-17","2026-10-02","cumulative","2024-10-02"
"aligned","KR","stock","001820","day","KRW","foreign","2024-11-21","","%","네이버 금융 · 종목 투자자 동향","","","","2026-10-03T13:35:38.380Z","","","true","봉 기간의 마지막 유효 관측값","","","","partial","일부 거래일 누락","true","false","2024-10-02","2026-10-02","2026-09-17","2026-10-02","cumulative","2024-10-02"
"aligned","KR","stock","001820","day","KRW","foreign","2024-11-22","","%","네이버 금융 · 종목 투자자 동향","","","","2026-10-03T13:35:38.380Z","","","true","봉 기간의 마지막 유효 관측값","","","","partial","일부 거래일 누락","true","false","2024-10-02","2026-10-02","2026-09-17","2026-10-02","cumulative","2024-10-02"
"aligned","KR","stock","001820","day","KRW","foreign","2024-11-25","","%","네이버 금융 · 종목 투자자 동향","","","","2026-10-03T13:35:38.380Z","","","true","봉 기간의 마지막 유효 관측값","","","","partial","일부 거래일 누락","true","false","2024-10-02","2026-10-02","2026-09-17","2026-10-02","cumulative","2024-10-02"
"aligned","KR","stock","001820","day","KRW","foreign","2024-11-26","","%","네이버 금융 · 종목 투자자 동향","","","","2026-10-03T13:35:38.380Z","","","true","봉 기간의 마지막 유효 관측값","","","","partial","일부 거래일 누락","true","false","2024-10-02","2026-10-02","2026-09-17","2026-10-02","cumulative","2024-10-02"
"aligned","KR","stock","001820","day","KRW","foreign","2024-11-27","","%","네이버 금융 · 종목 투자자 동향","","","","2026-10-03T13:35:38.380Z","","","true","봉 기간의 마지막 유효 관측값","","","","partial","일부 거래일 누락","true","false","2024-10-02","2026-10-02","2026-09-17","2026-10-02","cumulative","2024-10-02"
"aligned","KR","stock","001820","day","KRW","foreign","2024-11-28","","%","네이버 금융 · 종목 투자자 동향","","","","2026-10-03T13:35:38.380Z","","","true","봉 기간의 마지막 유효 관측값","","","","partial","일부 거래일 누락","true","false","2024-10-02","2026-10-02","2026-09-17","2026-10-02","cumulative","2024-10-02"
"aligned","KR","stock","001820","day","KRW","foreign","2024-11-29","","%","네이버 금융 · 종목 투자자 동향","","","","2026-10-03T13:35:38.380Z","","","true","봉 기간의 마지막 유효 관측값","","","","partial","일부 거래일 누락","true","false","2024-10-02","2026-10-02","2026-09-17","2026-10-02","cumulative","2024-10-02"
"aligned","KR","stock","001820","day","KRW","foreign","2024-12-02","","%","네이버 금융 · 종목 투자자 동향","","","","2026-10-03T13:35:38.380Z","","","true","봉 기간의 마지막 유효 관측값","","","","partial","일부 거래일 누락","true","false","2024-10-02","2026-10-02","2026-09-17","2026-10-02","cumulative","2024-10-02"
"aligned","KR","stock","001820","day","KRW","foreign","2024-12-03","","%","네이버 금융 · 종목 투자자 동향","","","","2026-10-03T13:35:38.380Z","","","true","봉 기간의 마지막 유효 관측값","","","","partial","일부 거래일 누락","true","false","2024-10-02","2026-10-02","2026-09-17","2026-10-02","cumulative","2024-10-02"
"aligned","KR","stock","001820","day","KRW","foreign","2024-12-04","","%","네이버 금융 · 종목 투자자 동향","","","","2026-10-03T13:35:38.380Z","","","true","봉 기간의 마지막 유효 관측값","","","","partial","일부 거래일 누락","true","false","2024-10-02","2026-10-02","2026-09-17","2026-10-02","cumulative","2024-10-02"
"aligned","KR","stock","001820","day","KRW","foreign","2024-12-05","","%","네이버 금융 · 종목 투자자 동향","","","","2026-10-03T13:35:38.380Z","","","true","봉 기간의 마지막 유효 관측값","","","","partial","일부 거래일 누락","true","false","2024-10-02","2026-10-02","2026-09-17","2026-10-02","cumulative","2024-10-02"
"aligned","KR","stock","001820","day","KRW","foreign","2024-12-06","","%","네이버 금융 · 종목 투자자 동향","","","","2026-10-03T13:35:38.380Z","","","true","봉 기간의 마지막 유효 관측값","","","","partial","일부 거래일 누락","true","false","2024-10-02","2026-10-02","2026-09-17","2026-10-02","cumulative","2024-10-02"
"aligned","KR","stock","001820","day","KRW","foreign","2024-12-09","","%","네이버 금융 · 종목 투자자 동향","","","","2026-10-03T13:35:38.380Z","","","true","봉 기간의 마지막 유효 관측값","","","","partial","일부 거래일 누락","true","false","2024-10-02","2026-10-02","2026-09-17","2026-10-02","cumulative","2024-10-02"
"aligned","KR","stock","001820","day","KRW","foreign","2024-12-10","","%","네이버 금융 · 종목 투자자 동향","","","","2026-10-03T13:35:38.380Z","","","true","봉 기간의 마지막 유효 관측값","","","","partial","일부 거래일 누락","true","false","2024-10-02","2026-10-02","2026-09-17","2026-10-02","cumulative","2024-10-02"
"aligned","KR","stock","001820","day","KRW","foreign","2024-12-11","","%","네이버 금융 · 종목 투자자 동향","","","","2026-10-03T13:35:38.380Z","","","true","봉 기간의 마지막 유효 관측값","","","","partial","일부 거래일 누락","true","false","2024-10-02","2026-10-02","2026-09-17","2026-10-02","cumulative","2024-10-02"
"aligned","KR","stock","001820","day","KRW","foreign","2024-12-12","","%","네이버 금융 · 종목 투자자 동향","","","","2026-10-03T13:35:38.380Z","","","true","봉 기간의 마지막 유효 관측값","","","","partial","일부 거래일 누락","true","false","2024-10-02","2026-10-02","2026-09-17","2026-10-02","cumulative","2024-10-02"
"aligned","KR","stock","001820","day","KRW","foreign","2024-12-13","","%","네이버 금융 · 종목 투자자 동향","","","","2026-10-03T13:35:38.380Z","","","true","봉 기간의 마지막 유효 관측값","","","","partial","일부 거래일 누락","true","false","2024-10-02","2026-10-02","2026-09-17","2026-10-02","cumulative","2024-10-02"
"aligned","KR","stock","001820","day","KRW","foreign","2024-12-16","","%","네이버 금융 · 종목 투자자 동향","","","","2026-10-03T13:35:38.380Z","","","true","봉 기간의 마지막 유효 관측값","","","","partial","일부 거래일 누락","true","false","2024-10-02","2026-10-02","2026-09-17","2026-10-02","cumulative","2024-10-02"
"aligned","KR","stock","001820","day","KRW","foreign","2024-12-17","","%","네이버 금융 · 종목 투자자 동향","","","","2026-10-03T13:35:38.380Z","","","true","봉 기간의 마지막 유효 관측값","","","","partial","일부 거래일 누락","true","false","2024-10-02","2026-10-02","2026-09-17","2026-10-02","cumulative","2024-10-02"
"aligned","KR","stock","001820","day","KRW","foreign","2024-12-18","","%","네이버 금융 · 종목 투자자 동향","","","","2026-10-03T13:35:38.380Z","","","true","봉 기간의 마지막 유효 관측값","","","","partial","일부 거래일 누락","true","false","2024-10-02","2026-10-02","2026-09-17","2026-10-02","cumulative","2024-10-02"
"aligned","KR","stock","001820","day","KRW","foreign","2024-12-19","","%","네이버 금융 · 종목 투자자 동향","","","","2026-10-03T13:35:38.380Z","","","true","봉 기간의 마지막 유효 관측값","","","","partial","일부 거래일 누락","true","false","2024-10-02","2026-10-02","2026-09-17","2026-10-02","cumulative","2024-10-02"
"aligned","KR","stock","001820","day","KRW","foreign","2024-12-20","","%","네이버 금융 · 종목 투자자 동향","","","","2026-10-03T13:35:38.380Z","","","true","봉 기간의 마지막 유효 관측값","","","","partial","일부 거래일 누락","true","false","2024-10-02","2026-10-02","2026-09-17","2026-10-02","cumulative","2024-10-02"
"aligned","KR","stock","001820","day","KRW","foreign","2024-12-23","","%","네이버 금융 · 종목 투자자 동향","","","","2026-10-03T13:35:38.380Z","","","true","봉 기간의 마지막 유효 관측값","","","","partial","일부 거래일 누락","true","false","2024-10-02","2026-10-02","2026-09-17","2026-10-02","cumulative","2024-10-02"
"aligned","KR","stock","001820","day","KRW","foreign","2024-12-24","","%","네이버 금융 · 종목 투자자 동향","","","","2026-10-03T13:35:38.380Z","","","true","봉 기간의 마지막 유효 관측값","","","","partial","일부 거래일 누락","true","false","2024-10-02","2026-10-02","2026-09-17","2026-10-02","cumulative","2024-10-02"
"aligned","KR","stock","001820","day","KRW","foreign","2024-12-26","","%","네이버 금융 · 종목 투자자 동향","","","","2026-10-03T13:35:38.380Z","","","true","봉 기간의 마지막 유효 관측값","","","","partial","일부 거래일 누락","true","false","2024-10-02","2026-10-02","2026-09-17","2026-10-02","cumulative","2024-10-02"
"aligned","KR","stock","001820","day","KRW","foreign","2024-12-27","","%","네이버 금융 · 종목 투자자 동향","","","","2026-10-03T13:35:38.380Z","","","true","봉 기간의 마지막 유효 관측값","","","","partial","일부 거래일 누락","true","false","2024-10-02","2026-10-02","2026-09-17","2026-10-02","cumulative","2024-10-02"
"aligned","KR","stock","001820","day","KRW","foreign","2024-12-30","","%","네이버 금융 · 종목 투자자 동향","","","","2026-10-03T13:35:38.380Z","","","true","봉 기간의 마지막 유효 관측값","","","","partial","일부 거래일 누락","true","false","2024-10-02","2026-10-02","2026-09-17","2026-10-02","cumulative","2024-10-02"
"aligned","KR","stock","001820","day","KRW","foreign","2025-01-02","","%","네이버 금융 · 종목 투자자 동향","","","","2026-10-03T13:35:38.380Z","","","true","봉 기간의 마지막 유효 관측값","","","","partial","일부 거래일 누락","true","false","2024-10-02","2026-10-02","2026-09-17","2026-10-02","cumulative","2024-10-02"
"aligned","KR","stock","001820","day","KRW","foreign","2025-01-03","","%","네이버 금융 · 종목 투자자 동향","","","","2026-10-03T13:35:38.380Z","","","true","봉 기간의 마지막 유효 관측값","","","","partial","일부 거래일 누락","true","false","2024-10-02","2026-10-02","2026-09-17","2026-10-02","cumulative","2024-10-02"
"aligned","KR","stock","001820","day","KRW","foreign","2025-01-06","","%","네이버 금융 · 종목 투자자 동향","","","","2026-10-03T13:35:38.380Z","","","true","봉 기간의 마지막 유효 관측값","","","","partial","일부 거래일 누락","true","false","2024-10-02","2026-10-02","2026-09-17","2026-10-02","cumulative","2024-10-02"
"aligned","KR","stock","001820","day","KRW","foreign","2025-01-07","","%","네이버 금융 · 종목 투자자 동향","","","","2026-10-03T13:35:38.380Z","","","true","봉 기간의 마지막 유효 관측값","","","","partial","일부 거래일 누락","true","false","2024-10-02","2026-10-02","2026-09-17","2026-10-02","cumulative","2024-10-02"
"aligned","KR","stock","001820","day","KRW","foreign","2025-01-08","","%","네이버 금융 · 종목 투자자 동향","","","","2026-10-03T13:35:38.380Z","","","true","봉 기간의 마지막 유효 관측값","","","","partial","일부 거래일 누락","true","false","2024-10-02","2026-10-02","2026-09-17","2026-10-02","cumulative","2024-10-02"
"aligned","KR","stock","001820","day","KRW","foreign","2025-01-09","","%","네이버 금융 · 종목 투자자 동향","","","","2026-10-03T13:35:38.380Z","","","true","봉 기간의 마지막 유효 관측값","","","","partial","일부 거래일 누락","true","false","2024-10-02","2026-10-02","2026-09-17","2026-10-02","cumulative","2024-10-02"
"aligned","KR","stock","001820","day","KRW","foreign","2025-01-10","","%","네이버 금융 · 종목 투자자 동향","","","","2026-10-03T13:35:38.380Z","","","true","봉 기간의 마지막 유효 관측값","","","","partial","일부 거래일 누락","true","false","2024-10-02","2026-10-02","2026-09-17","2026-10-02","cumulative","2024-10-02"
"aligned","KR","stock","001820","day","KRW","foreign","2025-01-13","","%","네이버 금융 · 종목 투자자 동향","","","","2026-10-03T13:35:38.380Z","","","true","봉 기간의 마지막 유효 관측값","","","","partial","일부 거래일 누락","true","false","2024-10-02","2026-10-02","2026-09-17","2026-10-02","cumulative","2024-10-02"
"aligned","KR","stock","001820","day","KRW","foreign","2025-01-14","","%","네이버 금융 · 종목 투자자 동향","","","","2026-10-03T13:35:38.380Z","","","true","봉 기간의 마지막 유효 관측값","","","","partial","일부 거래일 누락","true","false","2024-10-02","2026-10-02","2026-09-17","2026-10-02","cumulative","2024-10-02"
"aligned","KR","stock","001820","day","KRW","foreign","2025-01-15","","%","네이버 금융 · 종목 투자자 동향","","","","2026-10-03T13:35:38.380Z","","","true","봉 기간의 마지막 유효 관측값","","","","partial","일부 거래일 누락","true","false","2024-10-02","2026-10-02","2026-09-17","2026-10-02","cumulative","2024-10-02"
"aligned","KR","stock","001820","day","KRW","foreign","2025-01-16","","%","네이버 금융 · 종목 투자자 동향","","","","2026-10-03T13:35:38.380Z","","","true","봉 기간의 마지막 유효 관측값","","","","partial","일부 거래일 누락","true","false","2024-10-02","2026-10-02","2026-09-17","2026-10-02","cumulative","2024-10-02"
"aligned","KR","stock","001820","day","KRW","foreign","2025-01-17","","%","네이버 금융 · 종목 투자자 동향","","","","2026-10-03T13:35:38.380Z","","","true","봉 기간의 마지막 유효 관측값","","","","partial","일부 거래일 누락","true","false","2024-10-02","2026-10-02","2026-09-17","2026-10-02","cumulative","2024-10-02"
"aligned","KR","stock","001820","day","KRW","foreign","2025-01-20","","%","네이버 금융 · 종목 투자자 동향","","","","2026-10-03T13:35:38.380Z","","","true","봉 기간의 마지막 유효 관측값","","","","partial","일부 거래일 누락","true","false","2024-10-02","2026-10-02","2026-09-17","2026-10-02","cumulative","2024-10-02"
"aligned","KR","stock","001820","day","KRW","foreign","2025-01-21","","%","네이버 금융 · 종목 투자자 동향","","","","2026-10-03T13:35:38.380Z","","","true","봉 기간의 마지막 유효 관측값","","","","partial","일부 거래일 누락","true","false","2024-10-02","2026-10-02","2026-09-17","2026-10-02","cumulative","2024-10-02"
"aligned","KR","stock","001820","day","KRW","foreign","2025-01-22","","%","네이버 금융 · 종목 투자자 동향","","","","2026-10-03T13:35:38.380Z","","","true","봉 기간의 마지막 유효 관측값","","","","partial","일부 거래일 누락","true","false","2024-10-02","2026-10-02","2026-09-17","2026-10-02","cumulative","2024-10-02"
"aligned","KR","stock","001820","day","KRW","foreign","2025-01-23","","%","네이버 금융 · 종목 투자자 동향","","","","2026-10-03T13:35:38.380Z","","","true","봉 기간의 마지막 유효 관측값","","","","partial","일부 거래일 누락","true","false","2024-10-02","2026-10-02","2026-09-17","2026-10-02","cumulative","2024-10-02"
"aligned","KR","stock","001820","day","KRW","foreign","2025-01-24","","%","네이버 금융 · 종목 투자자 동향","","","","2026-10-03T13:35:38.380Z","","","true","봉 기간의 마지막 유효 관측값","","","","partial","일부 거래일 누락","true","false","2024-10-02","2026-10-02","2026-09-17","2026-10-02","cumulative","2024-10-02"
"aligned","KR","stock","001820","day","KRW","foreign","2025-01-31","","%","네이버 금융 · 종목 투자자 동향","","","","2026-10-03T13:35:38.380Z","","","true","봉 기간의 마지막 유효 관측값","","","","partial","일부 거래일 누락","true","false","2024-10-02","2026-10-02","2026-09-17","2026-10-02","cumulative","2024-10-02"
"aligned","KR","stock","001820","day","KRW","foreign","2025-02-03","","%","네이버 금융 · 종목 투자자 동향","","","","2026-10-03T13:35:38.380Z","","","true","봉 기간의 마지막 유효 관측값","","","","partial","일부 거래일 누락","true","false","2024-10-02","2026-10-02","2026-09-17","2026-10-02","cumulative","2024-10-02"
"aligned","KR","stock","001820","day","KRW","foreign","2025-02-04","","%","네이버 금융 · 종목 투자자 동향","","","","2026-10-03T13:35:38.380Z","","","true","봉 기간의 마지막 유효 관측값","","","","partial","일부 거래일 누락","true","false","2024-10-02","2026-10-02","2026-09-17","2026-10-02","cumulative","2024-10-02"
"aligned","KR","stock","001820","day","KRW","foreign","2025-02-05","","%","네이버 금융 · 종목 투자자 동향","","","","2026-10-03T13:35:38.380Z","","","true","봉 기간의 마지막 유효 관측값","","","","partial","일부 거래일 누락","true","false","2024-10-02","2026-10-02","2026-09-17","2026-10-02","cumulative","2024-10-02"
"aligned","KR","stock","001820","day","KRW","foreign","2025-02-06","","%","네이버 금융 · 종목 투자자 동향","","","","2026-10-03T13:35:38.380Z","","","true","봉 기간의 마지막 유효 관측값","","","","partial","일부 거래일 누락","true","false","2024-10-02","2026-10-02","2026-09-17","2026-10-02","cumulative","2024-10-02"
"aligned","KR","stock","001820","day","KRW","foreign","2025-02-07","","%","네이버 금융 · 종목 투자자 동향","","","","2026-10-03T13:35:38.380Z","","","true","봉 기간의 마지막 유효 관측값","","","","partial","일부 거래일 누락","true","false","2024-10-02","2026-10-02","2026-09-17","2026-10-02","cumulative","2024-10-02"
"aligned","KR","stock","001820","day","KRW","foreign","2025-02-10","","%","네이버 금융 · 종목 투자자 동향","","","","2026-10-03T13:35:38.380Z","","","true","봉 기간의 마지막 유효 관측값","","","","partial","일부 거래일 누락","true","false","2024-10-02","2026-10-02","2026-09-17","2026-10-02","cumulative","2024-10-02"
"aligned","KR","stock","001820","day","KRW","foreign","2025-02-11","","%","네이버 금융 · 종목 투자자 동향","","","","2026-10-03T13:35:38.380Z","","","true","봉 기간의 마지막 유효 관측값","","","","partial","일부 거래일 누락","true","false","2024-10-02","2026-10-02","2026-09-17","2026-10-02","cumulative","2024-10-02"
"aligned","KR","stock","001820","day","KRW","foreign","2025-02-12","","%","네이버 금융 · 종목 투자자 동향","","","","2026-10-03T13:35:38.380Z","","","true","봉 기간의 마지막 유효 관측값","","","","partial","일부 거래일 누락","true","false","2024-10-02","2026-10-02","2026-09-17","2026-10-02","cumulative","2024-10-02"
"aligned","KR","stock","001820","day","KRW","foreign","2025-02-13","","%","네이버 금융 · 종목 투자자 동향","","","","2026-10-03T13:35:38.380Z","","","true","봉 기간의 마지막 유효 관측값","","","","partial","일부 거래일 누락","true","false","2024-10-02","2026-10-02","2026-09-17","2026-10-02","cumulative","2024-10-02"
"aligned","KR","stock","001820","day","KRW","foreign","2025-02-14","","%","네이버 금융 · 종목 투자자 동향","","","","2026-10-03T13:35:38.380Z","","","true","봉 기간의 마지막 유효 관측값","","","","partial","일부 거래일 누락","true","false","2024-10-02","2026-10-02","2026-09-17","2026-10-02","cumulative","2024-10-02"
"aligned","KR","stock","001820","day","KRW","foreign","2025-02-17","","%","네이버 금융 · 종목 투자자 동향","","","","2026-10-03T13:35:38.380Z","","","true","봉 기간의 마지막 유효 관측값","","","","partial","일부 거래일 누락","true","false","2024-10-02","2026-10-02","2026-09-17","2026-10-02","cumulative","2024-10-02"
"aligned","KR","stock","001820","day","KRW","foreign","2025-02-18","","%","네이버 금융 · 종목 투자자 동향","","","","2026-10-03T13:35:38.380Z","","","true","봉 기간의 마지막 유효 관측값","","","","partial","일부 거래일 누락","true","false","2024-10-02","2026-10-02","2026-09-17","2026-10-02","cumulative","2024-10-02"
"aligned","KR","stock","001820","day","KRW","foreign","2025-02-19","","%","네이버 금융 · 종목 투자자 동향","","","","2026-10-03T13:35:38.380Z","","","true","봉 기간의 마지막 유효 관측값","","","","partial","일부 거래일 누락","true","false","2024-10-02","2026-10-02","2026-09-17","2026-10-02","cumulative","2024-10-02"
"aligned","KR","stock","001820","day","KRW","foreign","2025-02-20","","%","네이버 금융 · 종목 투자자 동향","","","","2026-10-03T13:35:38.380Z","","","true","봉 기간의 마지막 유효 관측값","","","","partial","일부 거래일 누락","true","false","2024-10-02","2026-10-02","2026-09-17","2026-10-02","cumulative","2024-10-02"
"aligned","KR","stock","001820","day","KRW","foreign","2025-02-21","","%","네이버 금융 · 종목 투자자 동향","","","","2026-10-03T13:35:38.380Z","","","true","봉 기간의 마지막 유효 관측값","","","","partial","일부 거래일 누락","true","false","2024-10-02","2026-10-02","2026-09-17","2026-10-02","cumulative","2024-10-02"
"aligned","KR","stock","001820","day","KRW","foreign","2025-02-24","","%","네이버 금융 · 종목 투자자 동향","","","","2026-10-03T13:35:38.380Z","","","true","봉 기간의 마지막 유효 관측값","","","","partial","일부 거래일 누락","true","false","2024-10-02","2026-10-02","2026-09-17","2026-10-02","cumulative","2024-10-02"
"aligned","KR","stock","001820","day","KRW","foreign","2025-02-25","","%","네이버 금융 · 종목 투자자 동향","","","","2026-10-03T13:35:38.380Z","","","true","봉 기간의 마지막 유효 관측값","","","","partial","일부 거래일 누락","true","false","2024-10-02","2026-10-02","2026-09-17","2026-10-02","cumulative","2024-10-02"
"aligned","KR","stock","001820","day","KRW","foreign","2025-02-26","","%","네이버 금융 · 종목 투자자 동향","","","","2026-10-03T13:35:38.380Z","","","true","봉 기간의 마지막 유효 관측값","","","","partial","일부 거래일 누락","true","false","2024-10-02","2026-10-02","2026-09-17","2026-10-02","cumulative","2024-10-02"
"aligned","KR","stock","001820","day","KRW","foreign","2025-02-27","","%","네이버 금융 · 종목 투자자 동향","","","","2026-10-03T13:35:38.380Z","","","true","봉 기간의 마지막 유효 관측값","","","","partial","일부 거래일 누락","true","false","2024-10-02","2026-10-02","2026-09-17","2026-10-02","cumulative","2024-10-02"
"aligned","KR","stock","001820","day","KRW","foreign","2025-02-28","","%","네이버 금융 · 종목 투자자 동향","","","","2026-10-03T13:35:38.380Z","","","true","봉 기간의 마지막 유효 관측값","","","","partial","일부 거래일 누락","true","false","2024-10-02","2026-10-02","2026-09-17","2026-10-02","cumulative","2024-10-02"
"aligned","KR","stock","001820","day","KRW","foreign","2025-03-04","","%","네이버 금융 · 종목 투자자 동향","","","","2026-10-03T13:35:38.380Z","","","true","봉 기간의 마지막 유효 관측값","","","","partial","일부 거래일 누락","true","false","2024-10-02","2026-10-02","2026-09-17","2026-10-02","cumulative","2024-10-02"
"aligned","KR","stock","001820","day","KRW","foreign","2025-03-05","","%","네이버 금융 · 종목 투자자 동향","","","","2026-10-03T13:35:38.380Z","","","true","봉 기간의 마지막 유효 관측값","","","","partial","일부 거래일 누락","true","false","2024-10-02","2026-10-02","2026-09-17","2026-10-02","cumulative","2024-10-02"
"aligned","KR","stock","001820","day","KRW","foreign","2025-03-06","","%","네이버 금융 · 종목 투자자 동향","","","","2026-10-03T13:35:38.380Z","","","true","봉 기간의 마지막 유효 관측값","","","","partial","일부 거래일 누락","true","false","2024-10-02","2026-10-02","2026-09-17","2026-10-02","cumulative","2024-10-02"
"aligned","KR","stock","001820","day","KRW","foreign","2025-03-07","","%","네이버 금융 · 종목 투자자 동향","","","","2026-10-03T13:35:38.380Z","","","true","봉 기간의 마지막 유효 관측값","","","","partial","일부 거래일 누락","true","false","2024-10-02","2026-10-02","2026-09-17","2026-10-02","cumulative","2024-10-02"
"aligned","KR","stock","001820","day","KRW","foreign","2025-03-10","","%","네이버 금융 · 종목 투자자 동향","","","","2026-10-03T13:35:38.380Z","","","true","봉 기간의 마지막 유효 관측값","","","","partial","일부 거래일 누락","true","false","2024-10-02","2026-10-02","2026-09-17","2026-10-02","cumulative","2024-10-02"
"aligned","KR","stock","001820","day","KRW","foreign","2025-03-11","","%","네이버 금융 · 종목 투자자 동향","","","","2026-10-03T13:35:38.380Z","","","true","봉 기간의 마지막 유효 관측값","","","","partial","일부 거래일 누락","true","false","2024-10-02","2026-10-02","2026-09-17","2026-10-02","cumulative","2024-10-02"
"aligned","KR","stock","001820","day","KRW","foreign","2025-03-12","","%","네이버 금융 · 종목 투자자 동향","","","","2026-10-03T13:35:38.380Z","","","true","봉 기간의 마지막 유효 관측값","","","","partial","일부 거래일 누락","true","false","2024-10-02","2026-10-02","2026-09-17","2026-10-02","cumulative","2024-10-02"
"aligned","KR","stock","001820","day","KRW","foreign","2025-03-13","","%","네이버 금융 · 종목 투자자 동향","","","","2026-10-03T13:35:38.380Z","","","true","봉 기간의 마지막 유효 관측값","","","","partial","일부 거래일 누락","true","false","2024-10-02","2026-10-02","2026-09-17","2026-10-02","cumulative","2024-10-02"
"aligned","KR","stock","001820","day","KRW","foreign","2025-03-14","","%","네이버 금융 · 종목 투자자 동향","","","","2026-10-03T13:35:38.380Z","","","true","봉 기간의 마지막 유효 관측값","","","","partial","일부 거래일 누락","true","false","2024-10-02","2026-10-02","2026-09-17","2026-10-02","cumulative","2024-10-02"
"aligned","KR","stock","001820","day","KRW","foreign","2025-03-17","","%","네이버 금융 · 종목 투자자 동향","","","","2026-10-03T13:35:38.380Z","","","true","봉 기간의 마지막 유효 관측값","","","","partial","일부 거래일 누락","true","false","2024-10-02","2026-10-02","2026-09-17","2026-10-02","cumulative","2024-10-02"
"aligned","KR","stock","001820","day","KRW","foreign","2025-03-18","","%","네이버 금융 · 종목 투자자 동향","","","","2026-10-03T13:35:38.380Z","","","true","봉 기간의 마지막 유효 관측값","","","","partial","일부 거래일 누락","true","false","2024-10-02","2026-10-02","2026-09-17","2026-10-02","cumulative","2024-10-02"
"aligned","KR","stock","001820","day","KRW","foreign","2025-03-19","","%","네이버 금융 · 종목 투자자 동향","","","","2026-10-03T13:35:38.380Z","","","true","봉 기간의 마지막 유효 관측값","","","","partial","일부 거래일 누락","true","false","2024-10-02","2026-10-02","2026-09-17","2026-10-02","cumulative","2024-10-02"
"aligned","KR","stock","001820","day","KRW","foreign","2025-03-20","","%","네이버 금융 · 종목 투자자 동향","","","","2026-10-03T13:35:38.380Z","","","true","봉 기간의 마지막 유효 관측값","","","","partial","일부 거래일 누락","true","false","2024-10-02","2026-10-02","2026-09-17","2026-10-02","cumulative","2024-10-02"
"aligned","KR","stock","001820","day","KRW","foreign","2025-03-21","","%","네이버 금융 · 종목 투자자 동향","","","","2026-10-03T13:35:38.380Z","","","true","봉 기간의 마지막 유효 관측값","","","","partial","일부 거래일 누락","true","false","2024-10-02","2026-10-02","2026-09-17","2026-10-02","cumulative","2024-10-02"
"aligned","KR","stock","001820","day","KRW","foreign","2025-03-24","","%","네이버 금융 · 종목 투자자 동향","","","","2026-10-03T13:35:38.380Z","","","true","봉 기간의 마지막 유효 관측값","","","","partial","일부 거래일 누락","true","false","2024-10-02","2026-10-02","2026-09-17","2026-10-02","cumulative","2024-10-02"
"aligned","KR","stock","001820","day","KRW","foreign","2025-03-25","","%","네이버 금융 · 종목 투자자 동향","","","","2026-10-03T13:35:38.380Z","","","true","봉 기간의 마지막 유효 관측값","","","","partial","일부 거래일 누락","true","false","2024-10-02","2026-10-02","2026-09-17","2026-10-02","cumulative","2024-10-02"
"aligned","KR","stock","001820","day","KRW","foreign","2025-03-26","","%","네이버 금융 · 종목 투자자 동향","","","","2026-10-03T13:35:38.380Z","","","true","봉 기간의 마지막 유효 관측값","","","","partial","일부 거래일 누락","true","false","2024-10-02","2026-10-02","2026-09-17","2026-10-02","cumulative","2024-10-02"
"aligned","KR","stock","001820","day","KRW","foreign","2025-03-27","","%","네이버 금융 · 종목 투자자 동향","","","","2026-10-03T13:35:38.380Z","","","true","봉 기간의 마지막 유효 관측값","","","","partial","일부 거래일 누락","true","false","2024-10-02","2026-10-02","2026-09-17","2026-10-02","cumulative","2024-10-02"
"aligned","KR","stock","001820","day","KRW","foreign","2025-03-28","","%","네이버 금융 · 종목 투자자 동향","","","","2026-10-03T13:35:38.380Z","","","true","봉 기간의 마지막 유효 관측값","","","","partial","일부 거래일 누락","true","false","2024-10-02","2026-10-02","2026-09-17","2026-10-02","cumulative","2024-10-02"
"aligned","KR","stock","001820","day","KRW","foreign","2025-03-31","","%","네이버 금융 · 종목 투자자 동향","","","","2026-10-03T13:35:38.380Z","","","true","봉 기간의 마지막 유효 관측값","","","","partial","일부 거래일 누락","true","false","2024-10-02","2026-10-02","2026-09-17","2026-10-02","cumulative","2024-10-02"
"aligned","KR","stock","001820","day","KRW","foreign","2025-04-01","","%","네이버 금융 · 종목 투자자 동향","","","","2026-10-03T13:35:38.380Z","","","true","봉 기간의 마지막 유효 관측값","","","","partial","일부 거래일 누락","true","false","2024-10-02","2026-10-02","2026-09-17","2026-10-02","cumulative","2024-10-02"
"aligned","KR","stock","001820","day","KRW","foreign","2025-04-02","","%","네이버 금융 · 종목 투자자 동향","","","","2026-10-03T13:35:38.380Z","","","true","봉 기간의 마지막 유효 관측값","","","","partial","일부 거래일 누락","true","false","2024-10-02","2026-10-02","2026-09-17","2026-10-02","cumulative","2024-10-02"
"aligned","KR","stock","001820","day","KRW","foreign","2025-04-03","","%","네이버 금융 · 종목 투자자 동향","","","","2026-10-03T13:35:38.380Z","","","true","봉 기간의 마지막 유효 관측값","","","","partial","일부 거래일 누락","true","false","2024-10-02","2026-10-02","2026-09-17","2026-10-02","cumulative","2024-10-02"
"aligned","KR","stock","001820","day","KRW","foreign","2025-04-04","","%","네이버 금융 · 종목 투자자 동향","","","","2026-10-03T13:35:38.380Z","","","true","봉 기간의 마지막 유효 관측값","","","","partial","일부 거래일 누락","true","false","2024-10-02","2026-10-02","2026-09-17","2026-10-02","cumulative","2024-10-02"
"aligned","KR","stock","001820","day","KRW","foreign","2025-04-07","","%","네이버 금융 · 종목 투자자 동향","","","","2026-10-03T13:35:38.380Z","","","true","봉 기간의 마지막 유효 관측값","","","","partial","일부 거래일 누락","true","false","2024-10-02","2026-10-02","2026-09-17","2026-10-02","cumulative","2024-10-02"
"aligned","KR","stock","001820","day","KRW","foreign","2025-04-08","","%","네이버 금융 · 종목 투자자 동향","","","","2026-10-03T13:35:38.380Z","","","true","봉 기간의 마지막 유효 관측값","","","","partial","일부 거래일 누락","true","false","2024-10-02","2026-10-02","2026-09-17","2026-10-02","cumulative","2024-10-02"
"aligned","KR","stock","001820","day","KRW","foreign","2025-04-09","","%","네이버 금융 · 종목 투자자 동향","","","","2026-10-03T13:35:38.380Z","","","true","봉 기간의 마지막 유효 관측값","","","","partial","일부 거래일 누락","true","false","2024-10-02","2026-10-02","2026-09-17","2026-10-02","cumulative","2024-10-02"
"aligned","KR","stock","001820","day","KRW","foreign","2025-04-10","","%","네이버 금융 · 종목 투자자 동향","","","","2026-10-03T13:35:38.380Z","","","true","봉 기간의 마지막 유효 관측값","","","","partial","일부 거래일 누락","true","false","2024-10-02","2026-10-02","2026-09-17","2026-10-02","cumulative","2024-10-02"
"aligned","KR","stock","001820","day","KRW","foreign","2025-04-11","","%","네이버 금융 · 종목 투자자 동향","","","","2026-10-03T13:35:38.380Z","","","true","봉 기간의 마지막 유효 관측값","","","","partial","일부 거래일 누락","true","false","2024-10-02","2026-10-02","2026-09-17","2026-10-02","cumulative","2024-10-02"
"aligned","KR","stock","001820","day","KRW","foreign","2025-04-14","","%","네이버 금융 · 종목 투자자 동향","","","","2026-10-03T13:35:38.380Z","","","true","봉 기간의 마지막 유효 관측값","","","","partial","일부 거래일 누락","true","false","2024-10-02","2026-10-02","2026-09-17","2026-10-02","cumulative","2024-10-02"
"aligned","KR","stock","001820","day","KRW","foreign","2025-04-15","","%","네이버 금융 · 종목 투자자 동향","","","","2026-10-03T13:35:38.380Z","","","true","봉 기간의 마지막 유효 관측값","","","","partial","일부 거래일 누락","true","false","2024-10-02","2026-10-02","2026-09-17","2026-10-02","cumulative","2024-10-02"
"aligned","KR","stock","001820","day","KRW","foreign","2025-04-16","","%","네이버 금융 · 종목 투자자 동향","","","","2026-10-03T13:35:38.380Z","","","true","봉 기간의 마지막 유효 관측값","","","","partial","일부 거래일 누락","true","false","2024-10-02","2026-10-02","2026-09-17","2026-10-02","cumulative","2024-10-02"
"aligned","KR","stock","001820","day","KRW","foreign","2025-04-17","","%","네이버 금융 · 종목 투자자 동향","","","","2026-10-03T13:35:38.380Z","","","true","봉 기간의 마지막 유효 관측값","","","","partial","일부 거래일 누락","true","false","2024-10-02","2026-10-02","2026-09-17","2026-10-02","cumulative","2024-10-02"
"aligned","KR","stock","001820","day","KRW","foreign","2025-04-18","","%","네이버 금융 · 종목 투자자 동향","","","","2026-10-03T13:35:38.380Z","","","true","봉 기간의 마지막 유효 관측값","","","","partial","일부 거래일 누락","true","false","2024-10-02","2026-10-02","2026-09-17","2026-10-02","cumulative","2024-10-02"
"aligned","KR","stock","001820","day","KRW","foreign","2025-04-21","","%","네이버 금융 · 종목 투자자 동향","","","","2026-10-03T13:35:38.380Z","","","true","봉 기간의 마지막 유효 관측값","","","","partial","일부 거래일 누락","true","false","2024-10-02","2026-10-02","2026-09-17","2026-10-02","cumulative","2024-10-02"
"aligned","KR","stock","001820","day","KRW","foreign","2025-04-22","","%","네이버 금융 · 종목 투자자 동향","","","","2026-10-03T13:35:38.380Z","","","true","봉 기간의 마지막 유효 관측값","","","","partial","일부 거래일 누락","true","false","2024-10-02","2026-10-02","2026-09-17","2026-10-02","cumulative","2024-10-02"
"aligned","KR","stock","001820","day","KRW","foreign","2025-04-23","","%","네이버 금융 · 종목 투자자 동향","","","","2026-10-03T13:35:38.380Z","","","true","봉 기간의 마지막 유효 관측값","","","","partial","일부 거래일 누락","true","false","2024-10-02","2026-10-02","2026-09-17","2026-10-02","cumulative","2024-10-02"
"aligned","KR","stock","001820","day","KRW","foreign","2025-04-24","","%","네이버 금융 · 종목 투자자 동향","","","","2026-10-03T13:35:38.380Z","","","true","봉 기간의 마지막 유효 관측값","","","","partial","일부 거래일 누락","true","false","2024-10-02","2026-10-02","2026-09-17","2026-10-02","cumulative","2024-10-02"
"aligned","KR","stock","001820","day","KRW","foreign","2025-04-25","","%","네이버 금융 · 종목 투자자 동향","","","","2026-10-03T13:35:38.380Z","","","true","봉 기간의 마지막 유효 관측값","","","","partial","일부 거래일 누락","true","false","2024-10-02","2026-10-02","2026-09-17","2026-10-02","cumulative","2024-10-02"
"aligned","KR","stock","001820","day","KRW","foreign","2025-04-28","","%","네이버 금융 · 종목 투자자 동향","","","","2026-10-03T13:35:38.380Z","","","true","봉 기간의 마지막 유효 관측값","","","","partial","일부 거래일 누락","true","false","2024-10-02","2026-10-02","2026-09-17","2026-10-02","cumulative","2024-10-02"
"aligned","KR","stock","001820","day","KRW","foreign","2025-04-29","","%","네이버 금융 · 종목 투자자 동향","","","","2026-10-03T13:35:38.380Z","","","true","봉 기간의 마지막 유효 관측값","","","","partial","일부 거래일 누락","true","false","2024-10-02","2026-10-02","2026-09-17","2026-10-02","cumulative","2024-10-02"
"aligned","KR","stock","001820","day","KRW","foreign","2025-04-30","","%","네이버 금융 · 종목 투자자 동향","","","","2026-10-03T13:35:38.380Z","","","true","봉 기간의 마지막 유효 관측값","","","","partial","일부 거래일 누락","true","false","2024-10-02","2026-10-02","2026-09-17","2026-10-02","cumulative","2024-10-02"
"aligned","KR","stock","001820","day","KRW","foreign","2025-05-02","","%","네이버 금융 · 종목 투자자 동향","","","","2026-10-03T13:35:38.380Z","","","true","봉 기간의 마지막 유효 관측값","","","","partial","일부 거래일 누락","true","false","2024-10-02","2026-10-02","2026-09-17","2026-10-02","cumulative","2024-10-02"
"aligned","KR","stock","001820","day","KRW","foreign","2025-05-07","","%","네이버 금융 · 종목 투자자 동향","","","","2026-10-03T13:35:38.380Z","","","true","봉 기간의 마지막 유효 관측값","","","","partial","일부 거래일 누락","true","false","2024-10-02","2026-10-02","2026-09-17","2026-10-02","cumulative","2024-10-02"
"aligned","KR","stock","001820","day","KRW","foreign","2025-05-08","","%","네이버 금융 · 종목 투자자 동향","","","","2026-10-03T13:35:38.380Z","","","true","봉 기간의 마지막 유효 관측값","","","","partial","일부 거래일 누락","true","false","2024-10-02","2026-10-02","2026-09-17","2026-10-02","cumulative","2024-10-02"
"aligned","KR","stock","001820","day","KRW","foreign","2025-05-09","","%","네이버 금융 · 종목 투자자 동향","","","","2026-10-03T13:35:38.380Z","","","true","봉 기간의 마지막 유효 관측값","","","","partial","일부 거래일 누락","true","false","2024-10-02","2026-10-02","2026-09-17","2026-10-02","cumulative","2024-10-02"
"aligned","KR","stock","001820","day","KRW","foreign","2025-05-12","","%","네이버 금융 · 종목 투자자 동향","","","","2026-10-03T13:35:38.380Z","","","true","봉 기간의 마지막 유효 관측값","","","","partial","일부 거래일 누락","true","false","2024-10-02","2026-10-02","2026-09-17","2026-10-02","cumulative","2024-10-02"
"aligned","KR","stock","001820","day","KRW","foreign","2025-05-13","","%","네이버 금융 · 종목 투자자 동향","","","","2026-10-03T13:35:38.380Z","","","true","봉 기간의 마지막 유효 관측값","","","","partial","일부 거래일 누락","true","false","2024-10-02","2026-10-02","2026-09-17","2026-10-02","cumulative","2024-10-02"
"aligned","KR","stock","001820","day","KRW","foreign","2025-05-14","","%","네이버 금융 · 종목 투자자 동향","","","","2026-10-03T13:35:38.380Z","","","true","봉 기간의 마지막 유효 관측값","","","","partial","일부 거래일 누락","true","false","2024-10-02","2026-10-02","2026-09-17","2026-10-02","cumulative","2024-10-02"
"aligned","KR","stock","001820","day","KRW","foreign","2025-05-15","","%","네이버 금융 · 종목 투자자 동향","","","","2026-10-03T13:35:38.380Z","","","true","봉 기간의 마지막 유효 관측값","","","","partial","일부 거래일 누락","true","false","2024-10-02","2026-10-02","2026-09-17","2026-10-02","cumulative","2024-10-02"
"aligned","KR","stock","001820","day","KRW","foreign","2025-05-16","","%","네이버 금융 · 종목 투자자 동향","","","","2026-10-03T13:35:38.380Z","","","true","봉 기간의 마지막 유효 관측값","","","","partial","일부 거래일 누락","true","false","2024-10-02","2026-10-02","2026-09-17","2026-10-02","cumulative","2024-10-02"
"aligned","KR","stock","001820","day","KRW","foreign","2025-05-19","","%","네이버 금융 · 종목 투자자 동향","","","","2026-10-03T13:35:38.380Z","","","true","봉 기간의 마지막 유효 관측값","","","","partial","일부 거래일 누락","true","false","2024-10-02","2026-10-02","2026-09-17","2026-10-02","cumulative","2024-10-02"
"aligned","KR","stock","001820","day","KRW","foreign","2025-05-20","","%","네이버 금융 · 종목 투자자 동향","","","","2026-10-03T13:35:38.380Z","","","true","봉 기간의 마지막 유효 관측값","","","","partial","일부 거래일 누락","true","false","2024-10-02","2026-10-02","2026-09-17","2026-10-02","cumulative","2024-10-02"
"aligned","KR","stock","001820","day","KRW","foreign","2025-05-21","","%","네이버 금융 · 종목 투자자 동향","","","","2026-10-03T13:35:38.380Z","","","true","봉 기간의 마지막 유효 관측값","","","","partial","일부 거래일 누락","true","false","2024-10-02","2026-10-02","2026-09-17","2026-10-02","cumulative","2024-10-02"
"aligned","KR","stock","001820","day","KRW","foreign","2025-05-22","","%","네이버 금융 · 종목 투자자 동향","","","","2026-10-03T13:35:38.380Z","","","true","봉 기간의 마지막 유효 관측값","","","","partial","일부 거래일 누락","true","false","2024-10-02","2026-10-02","2026-09-17","2026-10-02","cumulative","2024-10-02"
"aligned","KR","stock","001820","day","KRW","foreign","2025-05-23","","%","네이버 금융 · 종목 투자자 동향","","","","2026-10-03T13:35:38.380Z","","","true","봉 기간의 마지막 유효 관측값","","","","partial","일부 거래일 누락","true","false","2024-10-02","2026-10-02","2026-09-17","2026-10-02","cumulative","2024-10-02"
"aligned","KR","stock","001820","day","KRW","foreign","2025-05-26","","%","네이버 금융 · 종목 투자자 동향","","","","2026-10-03T13:35:38.380Z","","","true","봉 기간의 마지막 유효 관측값","","","","partial","일부 거래일 누락","true","false","2024-10-02","2026-10-02","2026-09-17","2026-10-02","cumulative","2024-10-02"
"aligned","KR","stock","001820","day","KRW","foreign","2025-05-27","","%","네이버 금융 · 종목 투자자 동향","","","","2026-10-03T13:35:38.380Z","","","true","봉 기간의 마지막 유효 관측값","","","","partial","일부 거래일 누락","true","false","2024-10-02","2026-10-02","2026-09-17","2026-10-02","cumulative","2024-10-02"
"aligned","KR","stock","001820","day","KRW","foreign","2025-05-28","","%","네이버 금융 · 종목 투자자 동향","","","","2026-10-03T13:35:38.380Z","","","true","봉 기간의 마지막 유효 관측값","","","","partial","일부 거래일 누락","true","false","2024-10-02","2026-10-02","2026-09-17","2026-10-02","cumulative","2024-10-02"
"aligned","KR","stock","001820","day","KRW","foreign","2025-05-29","","%","네이버 금융 · 종목 투자자 동향","","","","2026-10-03T13:35:38.380Z","","","true","봉 기간의 마지막 유효 관측값","","","","partial","일부 거래일 누락","true","false","2024-10-02","2026-10-02","2026-09-17","2026-10-02","cumulative","2024-10-02"
"aligned","KR","stock","001820","day","KRW","foreign","2025-05-30","","%","네이버 금융 · 종목 투자자 동향","","","","2026-10-03T13:35:38.380Z","","","true","봉 기간의 마지막 유효 관측값","","","","partial","일부 거래일 누락","true","false","2024-10-02","2026-10-02","2026-09-17","2026-10-02","cumulative","2024-10-02"
"aligned","KR","stock","001820","day","KRW","foreign","2025-06-02","","%","네이버 금융 · 종목 투자자 동향","","","","2026-10-03T13:35:38.380Z","","","true","봉 기간의 마지막 유효 관측값","","","","partial","일부 거래일 누락","true","false","2024-10-02","2026-10-02","2026-09-17","2026-10-02","cumulative","2024-10-02"
"aligned","KR","stock","001820","day","KRW","foreign","2025-06-04","","%","네이버 금융 · 종목 투자자 동향","","","","2026-10-03T13:35:38.380Z","","","true","봉 기간의 마지막 유효 관측값","","","","partial","일부 거래일 누락","true","false","2024-10-02","2026-10-02","2026-09-17","2026-10-02","cumulative","2024-10-02"
"aligned","KR","stock","001820","day","KRW","foreign","2025-06-05","","%","네이버 금융 · 종목 투자자 동향","","","","2026-10-03T13:35:38.380Z","","","true","봉 기간의 마지막 유효 관측값","","","","partial","일부 거래일 누락","true","false","2024-10-02","2026-10-02","2026-09-17","2026-10-02","cumulative","2024-10-02"
"aligned","KR","stock","001820","day","KRW","foreign","2025-06-09","","%","네이버 금융 · 종목 투자자 동향","","","","2026-10-03T13:35:38.380Z","","","true","봉 기간의 마지막 유효 관측값","","","","partial","일부 거래일 누락","true","false","2024-10-02","2026-10-02","2026-09-17","2026-10-02","cumulative","2024-10-02"
"aligned","KR","stock","001820","day","KRW","foreign","2025-06-10","","%","네이버 금융 · 종목 투자자 동향","","","","2026-10-03T13:35:38.380Z","","","true","봉 기간의 마지막 유효 관측값","","","","partial","일부 거래일 누락","true","false","2024-10-02","2026-10-02","2026-09-17","2026-10-02","cumulative","2024-10-02"
"aligned","KR","stock","001820","day","KRW","foreign","2025-06-11","","%","네이버 금융 · 종목 투자자 동향","","","","2026-10-03T13:35:38.380Z","","","true","봉 기간의 마지막 유효 관측값","","","","partial","일부 거래일 누락","true","false","2024-10-02","2026-10-02","2026-09-17","2026-10-02","cumulative","2024-10-02"
"aligned","KR","stock","001820","day","KRW","foreign","2025-06-12","","%","네이버 금융 · 종목 투자자 동향","","","","2026-10-03T13:35:38.380Z","","","true","봉 기간의 마지막 유효 관측값","","","","partial","일부 거래일 누락","true","false","2024-10-02","2026-10-02","2026-09-17","2026-10-02","cumulative","2024-10-02"
"aligned","KR","stock","001820","day","KRW","foreign","2025-06-13","","%","네이버 금융 · 종목 투자자 동향","","","","2026-10-03T13:35:38.380Z","","","true","봉 기간의 마지막 유효 관측값","","","","partial","일부 거래일 누락","true","false","2024-10-02","2026-10-02","2026-09-17","2026-10-02","cumulative","2024-10-02"
"aligned","KR","stock","001820","day","KRW","foreign","2025-06-16","","%","네이버 금융 · 종목 투자자 동향","","","","2026-10-03T13:35:38.380Z","","","true","봉 기간의 마지막 유효 관측값","","","","partial","일부 거래일 누락","true","false","2024-10-02","2026-10-02","2026-09-17","2026-10-02","cumulative","2024-10-02"
"aligned","KR","stock","001820","day","KRW","foreign","2025-06-17","","%","네이버 금융 · 종목 투자자 동향","","","","2026-10-03T13:35:38.380Z","","","true","봉 기간의 마지막 유효 관측값","","","","partial","일부 거래일 누락","true","false","2024-10-02","2026-10-02","2026-09-17","2026-10-02","cumulative","2024-10-02"
"aligned","KR","stock","001820","day","KRW","foreign","2025-06-18","","%","네이버 금융 · 종목 투자자 동향","","","","2026-10-03T13:35:38.380Z","","","true","봉 기간의 마지막 유효 관측값","","","","partial","일부 거래일 누락","true","false","2024-10-02","2026-10-02","2026-09-17","2026-10-02","cumulative","2024-10-02"
"aligned","KR","stock","001820","day","KRW","foreign","2025-06-19","","%","네이버 금융 · 종목 투자자 동향","","","","2026-10-03T13:35:38.380Z","","","true","봉 기간의 마지막 유효 관측값","","","","partial","일부 거래일 누락","true","false","2024-10-02","2026-10-02","2026-09-17","2026-10-02","cumulative","2024-10-02"
"aligned","KR","stock","001820","day","KRW","foreign","2025-06-20","","%","네이버 금융 · 종목 투자자 동향","","","","2026-10-03T13:35:38.380Z","","","true","봉 기간의 마지막 유효 관측값","","","","partial","일부 거래일 누락","true","false","2024-10-02","2026-10-02","2026-09-17","2026-10-02","cumulative","2024-10-02"
"aligned","KR","stock","001820","day","KRW","foreign","2025-06-23","","%","네이버 금융 · 종목 투자자 동향","","","","2026-10-03T13:35:38.380Z","","","true","봉 기간의 마지막 유효 관측값","","","","partial","일부 거래일 누락","true","false","2024-10-02","2026-10-02","2026-09-17","2026-10-02","cumulative","2024-10-02"
"aligned","KR","stock","001820","day","KRW","foreign","2025-06-24","","%","네이버 금융 · 종목 투자자 동향","","","","2026-10-03T13:35:38.380Z","","","true","봉 기간의 마지막 유효 관측값","","","","partial","일부 거래일 누락","true","false","2024-10-02","2026-10-02","2026-09-17","2026-10-02","cumulative","2024-10-02"
"aligned","KR","stock","001820","day","KRW","foreign","2025-06-25","","%","네이버 금융 · 종목 투자자 동향","","","","2026-10-03T13:35:38.380Z","","","true","봉 기간의 마지막 유효 관측값","","","","partial","일부 거래일 누락","true","false","2024-10-02","2026-10-02","2026-09-17","2026-10-02","cumulative","2024-10-02"
"aligned","KR","stock","001820","day","KRW","foreign","2025-06-26","","%","네이버 금융 · 종목 투자자 동향","","","","2026-10-03T13:35:38.380Z","","","true","봉 기간의 마지막 유효 관측값","","","","partial","일부 거래일 누락","true","false","2024-10-02","2026-10-02","2026-09-17","2026-10-02","cumulative","2024-10-02"
"aligned","KR","stock","001820","day","KRW","foreign","2025-06-27","","%","네이버 금융 · 종목 투자자 동향","","","","2026-10-03T13:35:38.380Z","","","true","봉 기간의 마지막 유효 관측값","","","","partial","일부 거래일 누락","true","false","2024-10-02","2026-10-02","2026-09-17","2026-10-02","cumulative","2024-10-02"
"aligned","KR","stock","001820","day","KRW","foreign","2025-06-30","","%","네이버 금융 · 종목 투자자 동향","","","","2026-10-03T13:35:38.380Z","","","true","봉 기간의 마지막 유효 관측값","","","","partial","일부 거래일 누락","true","false","2024-10-02","2026-10-02","2026-09-17","2026-10-02","cumulative","2024-10-02"
"aligned","KR","stock","001820","day","KRW","foreign","2025-07-01","","%","네이버 금융 · 종목 투자자 동향","","","","2026-10-03T13:35:38.380Z","","","true","봉 기간의 마지막 유효 관측값","","","","partial","일부 거래일 누락","true","false","2024-10-02","2026-10-02","2026-09-17","2026-10-02","cumulative","2024-10-02"
"aligned","KR","stock","001820","day","KRW","foreign","2025-07-02","","%","네이버 금융 · 종목 투자자 동향","","","","2026-10-03T13:35:38.380Z","","","true","봉 기간의 마지막 유효 관측값","","","","partial","일부 거래일 누락","true","false","2024-10-02","2026-10-02","2026-09-17","2026-10-02","cumulative","2024-10-02"
"aligned","KR","stock","001820","day","KRW","foreign","2025-07-03","","%","네이버 금융 · 종목 투자자 동향","","","","2026-10-03T13:35:38.380Z","","","true","봉 기간의 마지막 유효 관측값","","","","partial","일부 거래일 누락","true","false","2024-10-02","2026-10-02","2026-09-17","2026-10-02","cumulative","2024-10-02"
"aligned","KR","stock","001820","day","KRW","foreign","2025-07-04","","%","네이버 금융 · 종목 투자자 동향","","","","2026-10-03T13:35:38.380Z","","","true","봉 기간의 마지막 유효 관측값","","","","partial","일부 거래일 누락","true","false","2024-10-02","2026-10-02","2026-09-17","2026-10-02","cumulative","2024-10-02"
"aligned","KR","stock","001820","day","KRW","foreign","2025-07-07","","%","네이버 금융 · 종목 투자자 동향","","","","2026-10-03T13:35:38.380Z","","","true","봉 기간의 마지막 유효 관측값","","","","partial","일부 거래일 누락","true","false","2024-10-02","2026-10-02","2026-09-17","2026-10-02","cumulative","2024-10-02"
"aligned","KR","stock","001820","day","KRW","foreign","2025-07-08","","%","네이버 금융 · 종목 투자자 동향","","","","2026-10-03T13:35:38.380Z","","","true","봉 기간의 마지막 유효 관측값","","","","partial","일부 거래일 누락","true","false","2024-10-02","2026-10-02","2026-09-17","2026-10-02","cumulative","2024-10-02"
"aligned","KR","stock","001820","day","KRW","foreign","2025-07-09","","%","네이버 금융 · 종목 투자자 동향","","","","2026-10-03T13:35:38.380Z","","","true","봉 기간의 마지막 유효 관측값","","","","partial","일부 거래일 누락","true","false","2024-10-02","2026-10-02","2026-09-17","2026-10-02","cumulative","2024-10-02"
"aligned","KR","stock","001820","day","KRW","foreign","2025-07-10","","%","네이버 금융 · 종목 투자자 동향","","","","2026-10-03T13:35:38.380Z","","","true","봉 기간의 마지막 유효 관측값","","","","partial","일부 거래일 누락","true","false","2024-10-02","2026-10-02","2026-09-17","2026-10-02","cumulative","2024-10-02"
"aligned","KR","stock","001820","day","KRW","foreign","2025-07-11","","%","네이버 금융 · 종목 투자자 동향","","","","2026-10-03T13:35:38.380Z","","","true","봉 기간의 마지막 유효 관측값","","","","partial","일부 거래일 누락","true","false","2024-10-02","2026-10-02","2026-09-17","2026-10-02","cumulative","2024-10-02"
"aligned","KR","stock","001820","day","KRW","foreign","2025-07-14","","%","네이버 금융 · 종목 투자자 동향","","","","2026-10-03T13:35:38.380Z","","","true","봉 기간의 마지막 유효 관측값","","","","partial","일부 거래일 누락","true","false","2024-10-02","2026-10-02","2026-09-17","2026-10-02","cumulative","2024-10-02"
"aligned","KR","stock","001820","day","KRW","foreign","2025-07-15","","%","네이버 금융 · 종목 투자자 동향","","","","2026-10-03T13:35:38.380Z","","","true","봉 기간의 마지막 유효 관측값","","","","partial","일부 거래일 누락","true","false","2024-10-02","2026-10-02","2026-09-17","2026-10-02","cumulative","2024-10-02"
"aligned","KR","stock","001820","day","KRW","foreign","2025-07-16","","%","네이버 금융 · 종목 투자자 동향","","","","2026-10-03T13:35:38.380Z","","","true","봉 기간의 마지막 유효 관측값","","","","partial","일부 거래일 누락","true","false","2024-10-02","2026-10-02","2026-09-17","2026-10-02","cumulative","2024-10-02"
"aligned","KR","stock","001820","day","KRW","foreign","2025-07-17","","%","네이버 금융 · 종목 투자자 동향","","","","2026-10-03T13:35:38.380Z","","","true","봉 기간의 마지막 유효 관측값","","","","partial","일부 거래일 누락","true","false","2024-10-02","2026-10-02","2026-09-17","2026-10-02","cumulative","2024-10-02"
"aligned","KR","stock","001820","day","KRW","foreign","2025-07-18","","%","네이버 금융 · 종목 투자자 동향","","","","2026-10-03T13:35:38.380Z","","","true","봉 기간의 마지막 유효 관측값","","","","partial","일부 거래일 누락","true","false","2024-10-02","2026-10-02","2026-09-17","2026-10-02","cumulative","2024-10-02"
"aligned","KR","stock","001820","day","KRW","foreign","2025-07-21","","%","네이버 금융 · 종목 투자자 동향","","","","2026-10-03T13:35:38.380Z","","","true","봉 기간의 마지막 유효 관측값","","","","partial","일부 거래일 누락","true","false","2024-10-02","2026-10-02","2026-09-17","2026-10-02","cumulative","2024-10-02"
"aligned","KR","stock","001820","day","KRW","foreign","2025-07-22","","%","네이버 금융 · 종목 투자자 동향","","","","2026-10-03T13:35:38.380Z","","","true","봉 기간의 마지막 유효 관측값","","","","partial","일부 거래일 누락","true","false","2024-10-02","2026-10-02","2026-09-17","2026-10-02","cumulative","2024-10-02"
"aligned","KR","stock","001820","day","KRW","foreign","2025-07-23","","%","네이버 금융 · 종목 투자자 동향","","","","2026-10-03T13:35:38.380Z","","","true","봉 기간의 마지막 유효 관측값","","","","partial","일부 거래일 누락","true","false","2024-10-02","2026-10-02","2026-09-17","2026-10-02","cumulative","2024-10-02"
"aligned","KR","stock","001820","day","KRW","foreign","2025-07-24","","%","네이버 금융 · 종목 투자자 동향","","","","2026-10-03T13:35:38.380Z","","","true","봉 기간의 마지막 유효 관측값","","","","partial","일부 거래일 누락","true","false","2024-10-02","2026-10-02","2026-09-17","2026-10-02","cumulative","2024-10-02"
"aligned","KR","stock","001820","day","KRW","foreign","2025-07-25","","%","네이버 금융 · 종목 투자자 동향","","","","2026-10-03T13:35:38.380Z","","","true","봉 기간의 마지막 유효 관측값","","","","partial","일부 거래일 누락","true","false","2024-10-02","2026-10-02","2026-09-17","2026-10-02","cumulative","2024-10-02"
"aligned","KR","stock","001820","day","KRW","foreign","2025-07-28","","%","네이버 금융 · 종목 투자자 동향","","","","2026-10-03T13:35:38.380Z","","","true","봉 기간의 마지막 유효 관측값","","","","partial","일부 거래일 누락","true","false","2024-10-02","2026-10-02","2026-09-17","2026-10-02","cumulative","2024-10-02"
"aligned","KR","stock","001820","day","KRW","foreign","2025-07-29","","%","네이버 금융 · 종목 투자자 동향","","","","2026-10-03T13:35:38.380Z","","","true","봉 기간의 마지막 유효 관측값","","","","partial","일부 거래일 누락","true","false","2024-10-02","2026-10-02","2026-09-17","2026-10-02","cumulative","2024-10-02"
"aligned","KR","stock","001820","day","KRW","foreign","2025-07-30","","%","네이버 금융 · 종목 투자자 동향","","","","2026-10-03T13:35:38.380Z","","","true","봉 기간의 마지막 유효 관측값","","","","partial","일부 거래일 누락","true","false","2024-10-02","2026-10-02","2026-09-17","2026-10-02","cumulative","2024-10-02"
"aligned","KR","stock","001820","day","KRW","foreign","2025-07-31","","%","네이버 금융 · 종목 투자자 동향","","","","2026-10-03T13:35:38.380Z","","","true","봉 기간의 마지막 유효 관측값","","","","partial","일부 거래일 누락","true","false","2024-10-02","2026-10-02","2026-09-17","2026-10-02","cumulative","2024-10-02"
"aligned","KR","stock","001820","day","KRW","foreign","2025-08-01","","%","네이버 금융 · 종목 투자자 동향","","","","2026-10-03T13:35:38.380Z","","","true","봉 기간의 마지막 유효 관측값","","","","partial","일부 거래일 누락","true","false","2024-10-02","2026-10-02","2026-09-17","2026-10-02","cumulative","2024-10-02"
"aligned","KR","stock","001820","day","KRW","foreign","2025-08-04","","%","네이버 금융 · 종목 투자자 동향","","","","2026-10-03T13:35:38.380Z","","","true","봉 기간의 마지막 유효 관측값","","","","partial","일부 거래일 누락","true","false","2024-10-02","2026-10-02","2026-09-17","2026-10-02","cumulative","2024-10-02"
"aligned","KR","stock","001820","day","KRW","foreign","2025-08-05","","%","네이버 금융 · 종목 투자자 동향","","","","2026-10-03T13:35:38.380Z","","","true","봉 기간의 마지막 유효 관측값","","","","partial","일부 거래일 누락","true","false","2024-10-02","2026-10-02","2026-09-17","2026-10-02","cumulative","2024-10-02"
"aligned","KR","stock","001820","day","KRW","foreign","2025-08-06","","%","네이버 금융 · 종목 투자자 동향","","","","2026-10-03T13:35:38.380Z","","","true","봉 기간의 마지막 유효 관측값","","","","partial","일부 거래일 누락","true","false","2024-10-02","2026-10-02","2026-09-17","2026-10-02","cumulative","2024-10-02"
"aligned","KR","stock","001820","day","KRW","foreign","2025-08-07","","%","네이버 금융 · 종목 투자자 동향","","","","2026-10-03T13:35:38.380Z","","","true","봉 기간의 마지막 유효 관측값","","","","partial","일부 거래일 누락","true","false","2024-10-02","2026-10-02","2026-09-17","2026-10-02","cumulative","2024-10-02"
"aligned","KR","stock","001820","day","KRW","foreign","2025-08-08","","%","네이버 금융 · 종목 투자자 동향","","","","2026-10-03T13:35:38.380Z","","","true","봉 기간의 마지막 유효 관측값","","","","partial","일부 거래일 누락","true","false","2024-10-02","2026-10-02","2026-09-17","2026-10-02","cumulative","2024-10-02"
"aligned","KR","stock","001820","day","KRW","foreign","2025-08-11","","%","네이버 금융 · 종목 투자자 동향","","","","2026-10-03T13:35:38.380Z","","","true","봉 기간의 마지막 유효 관측값","","","","partial","일부 거래일 누락","true","false","2024-10-02","2026-10-02","2026-09-17","2026-10-02","cumulative","2024-10-02"
"aligned","KR","stock","001820","day","KRW","foreign","2025-08-12","","%","네이버 금융 · 종목 투자자 동향","","","","2026-10-03T13:35:38.380Z","","","true","봉 기간의 마지막 유효 관측값","","","","partial","일부 거래일 누락","true","false","2024-10-02","2026-10-02","2026-09-17","2026-10-02","cumulative","2024-10-02"
"aligned","KR","stock","001820","day","KRW","foreign","2025-08-13","","%","네이버 금융 · 종목 투자자 동향","","","","2026-10-03T13:35:38.380Z","","","true","봉 기간의 마지막 유효 관측값","","","","partial","일부 거래일 누락","true","false","2024-10-02","2026-10-02","2026-09-17","2026-10-02","cumulative","2024-10-02"
"aligned","KR","stock","001820","day","KRW","foreign","2025-08-14","","%","네이버 금융 · 종목 투자자 동향","","","","2026-10-03T13:35:38.380Z","","","true","봉 기간의 마지막 유효 관측값","","","","partial","일부 거래일 누락","true","false","2024-10-02","2026-10-02","2026-09-17","2026-10-02","cumulative","2024-10-02"
"aligned","KR","stock","001820","day","KRW","foreign","2025-08-18","","%","네이버 금융 · 종목 투자자 동향","","","","2026-10-03T13:35:38.380Z","","","true","봉 기간의 마지막 유효 관측값","","","","partial","일부 거래일 누락","true","false","2024-10-02","2026-10-02","2026-09-17","2026-10-02","cumulative","2024-10-02"
"aligned","KR","stock","001820","day","KRW","foreign","2025-08-19","","%","네이버 금융 · 종목 투자자 동향","","","","2026-10-03T13:35:38.380Z","","","true","봉 기간의 마지막 유효 관측값","","","","partial","일부 거래일 누락","true","false","2024-10-02","2026-10-02","2026-09-17","2026-10-02","cumulative","2024-10-02"
"aligned","KR","stock","001820","day","KRW","foreign","2025-08-20","","%","네이버 금융 · 종목 투자자 동향","","","","2026-10-03T13:35:38.380Z","","","true","봉 기간의 마지막 유효 관측값","","","","partial","일부 거래일 누락","true","false","2024-10-02","2026-10-02","2026-09-17","2026-10-02","cumulative","2024-10-02"
"aligned","KR","stock","001820","day","KRW","foreign","2025-08-21","","%","네이버 금융 · 종목 투자자 동향","","","","2026-10-03T13:35:38.380Z","","","true","봉 기간의 마지막 유효 관측값","","","","partial","일부 거래일 누락","true","false","2024-10-02","2026-10-02","2026-09-17","2026-10-02","cumulative","2024-10-02"
"aligned","KR","stock","001820","day","KRW","foreign","2025-08-22","","%","네이버 금융 · 종목 투자자 동향","","","","2026-10-03T13:35:38.380Z","","","true","봉 기간의 마지막 유효 관측값","","","","partial","일부 거래일 누락","true","false","2024-10-02","2026-10-02","2026-09-17","2026-10-02","cumulative","2024-10-02"
"aligned","KR","stock","001820","day","KRW","foreign","2025-08-25","","%","네이버 금융 · 종목 투자자 동향","","","","2026-10-03T13:35:38.380Z","","","true","봉 기간의 마지막 유효 관측값","","","","partial","일부 거래일 누락","true","false","2024-10-02","2026-10-02","2026-09-17","2026-10-02","cumulative","2024-10-02"
"aligned","KR","stock","001820","day","KRW","foreign","2025-08-26","","%","네이버 금융 · 종목 투자자 동향","","","","2026-10-03T13:35:38.380Z","","","true","봉 기간의 마지막 유효 관측값","","","","partial","일부 거래일 누락","true","false","2024-10-02","2026-10-02","2026-09-17","2026-10-02","cumulative","2024-10-02"
"aligned","KR","stock","001820","day","KRW","foreign","2025-08-27","","%","네이버 금융 · 종목 투자자 동향","","","","2026-10-03T13:35:38.380Z","","","true","봉 기간의 마지막 유효 관측값","","","","partial","일부 거래일 누락","true","false","2024-10-02","2026-10-02","2026-09-17","2026-10-02","cumulative","2024-10-02"
"aligned","KR","stock","001820","day","KRW","foreign","2025-08-28","","%","네이버 금융 · 종목 투자자 동향","","","","2026-10-03T13:35:38.380Z","","","true","봉 기간의 마지막 유효 관측값","","","","partial","일부 거래일 누락","true","false","2024-10-02","2026-10-02","2026-09-17","2026-10-02","cumulative","2024-10-02"
"aligned","KR","stock","001820","day","KRW","foreign","2025-08-29","","%","네이버 금융 · 종목 투자자 동향","","","","2026-10-03T13:35:38.380Z","","","true","봉 기간의 마지막 유효 관측값","","","","partial","일부 거래일 누락","true","false","2024-10-02","2026-10-02","2026-09-17","2026-10-02","cumulative","2024-10-02"
"aligned","KR","stock","001820","day","KRW","foreign","2025-09-01","","%","네이버 금융 · 종목 투자자 동향","","","","2026-10-03T13:35:38.380Z","","","true","봉 기간의 마지막 유효 관측값","","","","partial","일부 거래일 누락","true","false","2024-10-02","2026-10-02","2026-09-17","2026-10-02","cumulative","2024-10-02"
"aligned","KR","stock","001820","day","KRW","foreign","2025-09-02","","%","네이버 금융 · 종목 투자자 동향","","","","2026-10-03T13:35:38.380Z","","","true","봉 기간의 마지막 유효 관측값","","","","partial","일부 거래일 누락","true","false","2024-10-02","2026-10-02","2026-09-17","2026-10-02","cumulative","2024-10-02"
"aligned","KR","stock","001820","day","KRW","foreign","2025-09-03","","%","네이버 금융 · 종목 투자자 동향","","","","2026-10-03T13:35:38.380Z","","","true","봉 기간의 마지막 유효 관측값","","","","partial","일부 거래일 누락","true","false","2024-10-02","2026-10-02","2026-09-17","2026-10-02","cumulative","2024-10-02"
"aligned","KR","stock","001820","day","KRW","foreign","2025-09-04","","%","네이버 금융 · 종목 투자자 동향","","","","2026-10-03T13:35:38.380Z","","","true","봉 기간의 마지막 유효 관측값","","","","partial","일부 거래일 누락","true","false","2024-10-02","2026-10-02","2026-09-17","2026-10-02","cumulative","2024-10-02"
"aligned","KR","stock","001820","day","KRW","foreign","2025-09-05","","%","네이버 금융 · 종목 투자자 동향","","","","2026-10-03T13:35:38.380Z","","","true","봉 기간의 마지막 유효 관측값","","","","partial","일부 거래일 누락","true","false","2024-10-02","2026-10-02","2026-09-17","2026-10-02","cumulative","2024-10-02"
"aligned","KR","stock","001820","day","KRW","foreign","2025-09-08","","%","네이버 금융 · 종목 투자자 동향","","","","2026-10-03T13:35:38.380Z","","","true","봉 기간의 마지막 유효 관측값","","","","partial","일부 거래일 누락","true","false","2024-10-02","2026-10-02","2026-09-17","2026-10-02","cumulative","2024-10-02"
"aligned","KR","stock","001820","day","KRW","foreign","2025-09-09","","%","네이버 금융 · 종목 투자자 동향","","","","2026-10-03T13:35:38.380Z","","","true","봉 기간의 마지막 유효 관측값","","","","partial","일부 거래일 누락","true","false","2024-10-02","2026-10-02","2026-09-17","2026-10-02","cumulative","2024-10-02"
"aligned","KR","stock","001820","day","KRW","foreign","2025-09-10","","%","네이버 금융 · 종목 투자자 동향","","","","2026-10-03T13:35:38.380Z","","","true","봉 기간의 마지막 유효 관측값","","","","partial","일부 거래일 누락","true","false","2024-10-02","2026-10-02","2026-09-17","2026-10-02","cumulative","2024-10-02"
"aligned","KR","stock","001820","day","KRW","foreign","2025-09-11","","%","네이버 금융 · 종목 투자자 동향","","","","2026-10-03T13:35:38.380Z","","","true","봉 기간의 마지막 유효 관측값","","","","partial","일부 거래일 누락","true","false","2024-10-02","2026-10-02","2026-09-17","2026-10-02","cumulative","2024-10-02"
"aligned","KR","stock","001820","day","KRW","foreign","2025-09-12","","%","네이버 금융 · 종목 투자자 동향","","","","2026-10-03T13:35:38.380Z","","","true","봉 기간의 마지막 유효 관측값","","","","partial","일부 거래일 누락","true","false","2024-10-02","2026-10-02","2026-09-17","2026-10-02","cumulative","2024-10-02"
"aligned","KR","stock","001820","day","KRW","foreign","2025-09-15","","%","네이버 금융 · 종목 투자자 동향","","","","2026-10-03T13:35:38.380Z","","","true","봉 기간의 마지막 유효 관측값","","","","partial","일부 거래일 누락","true","false","2024-10-02","2026-10-02","2026-09-17","2026-10-02","cumulative","2024-10-02"
"aligned","KR","stock","001820","day","KRW","foreign","2025-09-16","","%","네이버 금융 · 종목 투자자 동향","","","","2026-10-03T13:35:38.380Z","","","true","봉 기간의 마지막 유효 관측값","","","","partial","일부 거래일 누락","true","false","2024-10-02","2026-10-02","2026-09-17","2026-10-02","cumulative","2024-10-02"
"aligned","KR","stock","001820","day","KRW","foreign","2025-09-17","","%","네이버 금융 · 종목 투자자 동향","","","","2026-10-03T13:35:38.380Z","","","true","봉 기간의 마지막 유효 관측값","","","","partial","일부 거래일 누락","true","false","2024-10-02","2026-10-02","2026-09-17","2026-10-02","cumulative","2024-10-02"
"aligned","KR","stock","001820","day","KRW","foreign","2025-09-18","","%","네이버 금융 · 종목 투자자 동향","","","","2026-10-03T13:35:38.380Z","","","true","봉 기간의 마지막 유효 관측값","","","","partial","일부 거래일 누락","true","false","2024-10-02","2026-10-02","2026-09-17","2026-10-02","cumulative","2024-10-02"
"aligned","KR","stock","001820","day","KRW","foreign","2025-09-22","","%","네이버 금융 · 종목 투자자 동향","","","","2026-10-03T13:35:38.380Z","","","true","봉 기간의 마지막 유효 관측값","","","","partial","일부 거래일 누락","true","false","2024-10-02","2026-10-02","2026-09-17","2026-10-02","cumulative","2024-10-02"
"aligned","KR","stock","001820","day","KRW","foreign","2025-09-23","","%","네이버 금융 · 종목 투자자 동향","","","","2026-10-03T13:35:38.380Z","","","true","봉 기간의 마지막 유효 관측값","","","","partial","일부 거래일 누락","true","false","2024-10-02","2026-10-02","2026-09-17","2026-10-02","cumulative","2024-10-02"
"aligned","KR","stock","001820","day","KRW","foreign","2025-09-24","","%","네이버 금융 · 종목 투자자 동향","","","","2026-10-03T13:35:38.380Z","","","true","봉 기간의 마지막 유효 관측값","","","","partial","일부 거래일 누락","true","false","2024-10-02","2026-10-02","2026-09-17","2026-10-02","cumulative","2024-10-02"
"aligned","KR","stock","001820","day","KRW","foreign","2025-09-25","","%","네이버 금융 · 종목 투자자 동향","","","","2026-10-03T13:35:38.380Z","","","true","봉 기간의 마지막 유효 관측값","","","","partial","일부 거래일 누락","true","false","2024-10-02","2026-10-02","2026-09-17","2026-10-02","cumulative","2024-10-02"
"aligned","KR","stock","001820","day","KRW","foreign","2025-09-26","","%","네이버 금융 · 종목 투자자 동향","","","","2026-10-03T13:35:38.380Z","","","true","봉 기간의 마지막 유효 관측값","","","","partial","일부 거래일 누락","true","false","2024-10-02","2026-10-02","2026-09-17","2026-10-02","cumulative","2024-10-02"
"aligned","KR","stock","001820","day","KRW","foreign","2025-09-29","","%","네이버 금융 · 종목 투자자 동향","","","","2026-10-03T13:35:38.380Z","","","true","봉 기간의 마지막 유효 관측값","","","","partial","일부 거래일 누락","true","false","2024-10-02","2026-10-02","2026-09-17","2026-10-02","cumulative","2024-10-02"
"aligned","KR","stock","001820","day","KRW","foreign","2025-09-30","","%","네이버 금융 · 종목 투자자 동향","","","","2026-10-03T13:35:38.380Z","","","true","봉 기간의 마지막 유효 관측값","","","","partial","일부 거래일 누락","true","false","2024-10-02","2026-10-02","2026-09-17","2026-10-02","cumulative","2024-10-02"
"aligned","KR","stock","001820","day","KRW","foreign","2025-10-01","","%","네이버 금융 · 종목 투자자 동향","","","","2026-10-03T13:35:38.380Z","","","true","봉 기간의 마지막 유효 관측값","","","","partial","일부 거래일 누락","true","false","2024-10-02","2026-10-02","2026-09-17","2026-10-02","cumulative","2024-10-02"
"aligned","KR","stock","001820","day","KRW","foreign","2025-10-02","","%","네이버 금융 · 종목 투자자 동향","","","","2026-10-03T13:35:38.380Z","","","true","봉 기간의 마지막 유효 관측값","","","","partial","일부 거래일 누락","true","false","2024-10-02","2026-10-02","2026-09-17","2026-10-02","cumulative","2024-10-02"
"aligned","KR","stock","001820","day","KRW","foreign","2025-10-10","","%","네이버 금융 · 종목 투자자 동향","","","","2026-10-03T13:35:38.380Z","","","true","봉 기간의 마지막 유효 관측값","","","","partial","일부 거래일 누락","true","false","2024-10-02","2026-10-02","2026-09-17","2026-10-02","cumulative","2024-10-02"
"aligned","KR","stock","001820","day","KRW","foreign","2025-10-13","","%","네이버 금융 · 종목 투자자 동향","","","","2026-10-03T13:35:38.380Z","","","true","봉 기간의 마지막 유효 관측값","","","","partial","일부 거래일 누락","true","false","2024-10-02","2026-10-02","2026-09-17","2026-10-02","cumulative","2024-10-02"
"aligned","KR","stock","001820","day","KRW","foreign","2025-10-14","","%","네이버 금융 · 종목 투자자 동향","","","","2026-10-03T13:35:38.380Z","","","true","봉 기간의 마지막 유효 관측값","","","","partial","일부 거래일 누락","true","false","2024-10-02","2026-10-02","2026-09-17","2026-10-02","cumulative","2024-10-02"
"aligned","KR","stock","001820","day","KRW","foreign","2025-10-15","","%","네이버 금융 · 종목 투자자 동향","","","","2026-10-03T13:35:38.380Z","","","true","봉 기간의 마지막 유효 관측값","","","","partial","일부 거래일 누락","true","false","2024-10-02","2026-10-02","2026-09-17","2026-10-02","cumulative","2024-10-02"
"aligned","KR","stock","001820","day","KRW","foreign","2025-10-16","","%","네이버 금융 · 종목 투자자 동향","","","","2026-10-03T13:35:38.380Z","","","true","봉 기간의 마지막 유효 관측값","","","","partial","일부 거래일 누락","true","false","2024-10-02","2026-10-02","2026-09-17","2026-10-02","cumulative","2024-10-02"
"aligned","KR","stock","001820","day","KRW","foreign","2025-10-17","","%","네이버 금융 · 종목 투자자 동향","","","","2026-10-03T13:35:38.380Z","","","true","봉 기간의 마지막 유효 관측값","","","","partial","일부 거래일 누락","true","false","2024-10-02","2026-10-02","2026-09-17","2026-10-02","cumulative","2024-10-02"
"aligned","KR","stock","001820","day","KRW","foreign","2025-10-20","","%","네이버 금융 · 종목 투자자 동향","","","","2026-10-03T13:35:38.380Z","","","true","봉 기간의 마지막 유효 관측값","","","","partial","일부 거래일 누락","true","false","2024-10-02","2026-10-02","2026-09-17","2026-10-02","cumulative","2024-10-02"
"aligned","KR","stock","001820","day","KRW","foreign","2025-10-21","","%","네이버 금융 · 종목 투자자 동향","","","","2026-10-03T13:35:38.380Z","","","true","봉 기간의 마지막 유효 관측값","","","","partial","일부 거래일 누락","true","false","2024-10-02","2026-10-02","2026-09-17","2026-10-02","cumulative","2024-10-02"
"aligned","KR","stock","001820","day","KRW","foreign","2025-10-22","","%","네이버 금융 · 종목 투자자 동향","","","","2026-10-03T13:35:38.380Z","","","true","봉 기간의 마지막 유효 관측값","","","","partial","일부 거래일 누락","true","false","2024-10-02","2026-10-02","2026-09-17","2026-10-02","cumulative","2024-10-02"
"aligned","KR","stock","001820","day","KRW","foreign","2025-10-23","","%","네이버 금융 · 종목 투자자 동향","","","","2026-10-03T13:35:38.380Z","","","true","봉 기간의 마지막 유효 관측값","","","","partial","일부 거래일 누락","true","false","2024-10-02","2026-10-02","2026-09-17","2026-10-02","cumulative","2024-10-02"
"aligned","KR","stock","001820","day","KRW","foreign","2025-10-24","","%","네이버 금융 · 종목 투자자 동향","","","","2026-10-03T13:35:38.380Z","","","true","봉 기간의 마지막 유효 관측값","","","","partial","일부 거래일 누락","true","false","2024-10-02","2026-10-02","2026-09-17","2026-10-02","cumulative","2024-10-02"
"aligned","KR","stock","001820","day","KRW","foreign","2025-10-27","","%","네이버 금융 · 종목 투자자 동향","","","","2026-10-03T13:35:38.380Z","","","true","봉 기간의 마지막 유효 관측값","","","","partial","일부 거래일 누락","true","false","2024-10-02","2026-10-02","2026-09-17","2026-10-02","cumulative","2024-10-02"
"aligned","KR","stock","001820","day","KRW","foreign","2025-10-28","","%","네이버 금융 · 종목 투자자 동향","","","","2026-10-03T13:35:38.380Z","","","true","봉 기간의 마지막 유효 관측값","","","","partial","일부 거래일 누락","true","false","2024-10-02","2026-10-02","2026-09-17","2026-10-02","cumulative","2024-10-02"
"aligned","KR","stock","001820","day","KRW","foreign","2025-10-29","","%","네이버 금융 · 종목 투자자 동향","","","","2026-10-03T13:35:38.380Z","","","true","봉 기간의 마지막 유효 관측값","","","","partial","일부 거래일 누락","true","false","2024-10-02","2026-10-02","2026-09-17","2026-10-02","cumulative","2024-10-02"
"aligned","KR","stock","001820","day","KRW","foreign","2025-10-30","","%","네이버 금융 · 종목 투자자 동향","","","","2026-10-03T13:35:38.380Z","","","true","봉 기간의 마지막 유효 관측값","","","","partial","일부 거래일 누락","true","false","2024-10-02","2026-10-02","2026-09-17","2026-10-02","cumulative","2024-10-02"
"aligned","KR","stock","001820","day","KRW","foreign","2025-10-31","","%","네이버 금융 · 종목 투자자 동향","","","","2026-10-03T13:35:38.380Z","","","true","봉 기간의 마지막 유효 관측값","","","","partial","일부 거래일 누락","true","false","2024-10-02","2026-10-02","2026-09-17","2026-10-02","cumulative","2024-10-02"
"aligned","KR","stock","001820","day","KRW","foreign","2025-11-03","","%","네이버 금융 · 종목 투자자 동향","","","","2026-10-03T13:35:38.380Z","","","true","봉 기간의 마지막 유효 관측값","","","","partial","일부 거래일 누락","true","false","2024-10-02","2026-10-02","2026-09-17","2026-10-02","cumulative","2024-10-02"
"aligned","KR","stock","001820","day","KRW","foreign","2025-11-04","","%","네이버 금융 · 종목 투자자 동향","","","","2026-10-03T13:35:38.380Z","","","true","봉 기간의 마지막 유효 관측값","","","","partial","일부 거래일 누락","true","false","2024-10-02","2026-10-02","2026-09-17","2026-10-02","cumulative","2024-10-02"
"aligned","KR","stock","001820","day","KRW","foreign","2025-11-05","","%","네이버 금융 · 종목 투자자 동향","","","","2026-10-03T13:35:38.380Z","","","true","봉 기간의 마지막 유효 관측값","","","","partial","일부 거래일 누락","true","false","2024-10-02","2026-10-02","2026-09-17","2026-10-02","cumulative","2024-10-02"
"aligned","KR","stock","001820","day","KRW","foreign","2025-11-06","","%","네이버 금융 · 종목 투자자 동향","","","","2026-10-03T13:35:38.380Z","","","true","봉 기간의 마지막 유효 관측값","","","","partial","일부 거래일 누락","true","false","2024-10-02","2026-10-02","2026-09-17","2026-10-02","cumulative","2024-10-02"
"aligned","KR","stock","001820","day","KRW","foreign","2025-11-07","","%","네이버 금융 · 종목 투자자 동향","","","","2026-10-03T13:35:38.380Z","","","true","봉 기간의 마지막 유효 관측값","","","","partial","일부 거래일 누락","true","false","2024-10-02","2026-10-02","2026-09-17","2026-10-02","cumulative","2024-10-02"
"aligned","KR","stock","001820","day","KRW","foreign","2025-11-10","","%","네이버 금융 · 종목 투자자 동향","","","","2026-10-03T13:35:38.380Z","","","true","봉 기간의 마지막 유효 관측값","","","","partial","일부 거래일 누락","true","false","2024-10-02","2026-10-02","2026-09-17","2026-10-02","cumulative","2024-10-02"
"aligned","KR","stock","001820","day","KRW","foreign","2025-11-11","","%","네이버 금융 · 종목 투자자 동향","","","","2026-10-03T13:35:38.380Z","","","true","봉 기간의 마지막 유효 관측값","","","","partial","일부 거래일 누락","true","false","2024-10-02","2026-10-02","2026-09-17","2026-10-02","cumulative","2024-10-02"
"aligned","KR","stock","001820","day","KRW","foreign","2025-11-12","","%","네이버 금융 · 종목 투자자 동향","","","","2026-10-03T13:35:38.380Z","","","true","봉 기간의 마지막 유효 관측값","","","","partial","일부 거래일 누락","true","false","2024-10-02","2026-10-02","2026-09-17","2026-10-02","cumulative","2024-10-02"
"aligned","KR","stock","001820","day","KRW","foreign","2025-11-13","","%","네이버 금융 · 종목 투자자 동향","","","","2026-10-03T13:35:38.380Z","","","true","봉 기간의 마지막 유효 관측값","","","","partial","일부 거래일 누락","true","false","2024-10-02","2026-10-02","2026-09-17","2026-10-02","cumulative","2024-10-02"
"aligned","KR","stock","001820","day","KRW","foreign","2025-11-14","","%","네이버 금융 · 종목 투자자 동향","","","","2026-10-03T13:35:38.380Z","","","true","봉 기간의 마지막 유효 관측값","","","","partial","일부 거래일 누락","true","false","2024-10-02","2026-10-02","2026-09-17","2026-10-02","cumulative","2024-10-02"
"aligned","KR","stock","001820","day","KRW","foreign","2025-11-17","","%","네이버 금융 · 종목 투자자 동향","","","","2026-10-03T13:35:38.380Z","","","true","봉 기간의 마지막 유효 관측값","","","","partial","일부 거래일 누락","true","false","2024-10-02","2026-10-02","2026-09-17","2026-10-02","cumulative","2024-10-02"
"aligned","KR","stock","001820","day","KRW","foreign","2025-11-18","","%","네이버 금융 · 종목 투자자 동향","","","","2026-10-03T13:35:38.380Z","","","true","봉 기간의 마지막 유효 관측값","","","","partial","일부 거래일 누락","true","false","2024-10-02","2026-10-02","2026-09-17","2026-10-02","cumulative","2024-10-02"
"aligned","KR","stock","001820","day","KRW","foreign","2025-11-19","","%","네이버 금융 · 종목 투자자 동향","","","","2026-10-03T13:35:38.380Z","","","true","봉 기간의 마지막 유효 관측값","","","","partial","일부 거래일 누락","true","false","2024-10-02","2026-10-02","2026-09-17","2026-10-02","cumulative","2024-10-02"
"aligned","KR","stock","001820","day","KRW","foreign","2025-11-20","","%","네이버 금융 · 종목 투자자 동향","","","","2026-10-03T13:35:38.380Z","","","true","봉 기간의 마지막 유효 관측값","","","","partial","일부 거래일 누락","true","false","2024-10-02","2026-10-02","2026-09-17","2026-10-02","cumulative","2024-10-02"
"aligned","KR","stock","001820","day","KRW","foreign","2025-11-21","","%","네이버 금융 · 종목 투자자 동향","","","","2026-10-03T13:35:38.380Z","","","true","봉 기간의 마지막 유효 관측값","","","","partial","일부 거래일 누락","true","false","2024-10-02","2026-10-02","2026-09-17","2026-10-02","cumulative","2024-10-02"
"aligned","KR","stock","001820","day","KRW","foreign","2025-11-24","","%","네이버 금융 · 종목 투자자 동향","","","","2026-10-03T13:35:38.380Z","","","true","봉 기간의 마지막 유효 관측값","","","","partial","일부 거래일 누락","true","false","2024-10-02","2026-10-02","2026-09-17","2026-10-02","cumulative","2024-10-02"
"aligned","KR","stock","001820","day","KRW","foreign","2025-11-25","","%","네이버 금융 · 종목 투자자 동향","","","","2026-10-03T13:35:38.380Z","","","true","봉 기간의 마지막 유효 관측값","","","","partial","일부 거래일 누락","true","false","2024-10-02","2026-10-02","2026-09-17","2026-10-02","cumulative","2024-10-02"
"aligned","KR","stock","001820","day","KRW","foreign","2025-11-26","","%","네이버 금융 · 종목 투자자 동향","","","","2026-10-03T13:35:38.380Z","","","true","봉 기간의 마지막 유효 관측값","","","","partial","일부 거래일 누락","true","false","2024-10-02","2026-10-02","2026-09-17","2026-10-02","cumulative","2024-10-02"
"aligned","KR","stock","001820","day","KRW","foreign","2025-11-27","","%","네이버 금융 · 종목 투자자 동향","","","","2026-10-03T13:35:38.380Z","","","true","봉 기간의 마지막 유효 관측값","","","","partial","일부 거래일 누락","true","false","2024-10-02","2026-10-02","2026-09-17","2026-10-02","cumulative","2024-10-02"
"aligned","KR","stock","001820","day","KRW","foreign","2025-11-28","","%","네이버 금융 · 종목 투자자 동향","","","","2026-10-03T13:35:38.380Z","","","true","봉 기간의 마지막 유효 관측값","","","","partial","일부 거래일 누락","true","false","2024-10-02","2026-10-02","2026-09-17","2026-10-02","cumulative","2024-10-02"
"aligned","KR","stock","001820","day","KRW","foreign","2025-12-01","","%","네이버 금융 · 종목 투자자 동향","","","","2026-10-03T13:35:38.380Z","","","true","봉 기간의 마지막 유효 관측값","","","","partial","일부 거래일 누락","true","false","2024-10-02","2026-10-02","2026-09-17","2026-10-02","cumulative","2024-10-02"
"aligned","KR","stock","001820","day","KRW","foreign","2025-12-02","","%","네이버 금융 · 종목 투자자 동향","","","","2026-10-03T13:35:38.380Z","","","true","봉 기간의 마지막 유효 관측값","","","","partial","일부 거래일 누락","true","false","2024-10-02","2026-10-02","2026-09-17","2026-10-02","cumulative","2024-10-02"
"aligned","KR","stock","001820","day","KRW","foreign","2025-12-03","","%","네이버 금융 · 종목 투자자 동향","","","","2026-10-03T13:35:38.380Z","","","true","봉 기간의 마지막 유효 관측값","","","","partial","일부 거래일 누락","true","false","2024-10-02","2026-10-02","2026-09-17","2026-10-02","cumulative","2024-10-02"
"aligned","KR","stock","001820","day","KRW","foreign","2025-12-04","","%","네이버 금융 · 종목 투자자 동향","","","","2026-10-03T13:35:38.380Z","","","true","봉 기간의 마지막 유효 관측값","","","","partial","일부 거래일 누락","true","false","2024-10-02","2026-10-02","2026-09-17","2026-10-02","cumulative","2024-10-02"
"aligned","KR","stock","001820","day","KRW","foreign","2025-12-05","","%","네이버 금융 · 종목 투자자 동향","","","","2026-10-03T13:35:38.380Z","","","true","봉 기간의 마지막 유효 관측값","","","","partial","일부 거래일 누락","true","false","2024-10-02","2026-10-02","2026-09-17","2026-10-02","cumulative","2024-10-02"
"aligned","KR","stock","001820","day","KRW","foreign","2025-12-08","","%","네이버 금융 · 종목 투자자 동향","","","","2026-10-03T13:35:38.380Z","","","true","봉 기간의 마지막 유효 관측값","","","","partial","일부 거래일 누락","true","false","2024-10-02","2026-10-02","2026-09-17","2026-10-02","cumulative","2024-10-02"
"aligned","KR","stock","001820","day","KRW","foreign","2025-12-09","","%","네이버 금융 · 종목 투자자 동향","","","","2026-10-03T13:35:38.380Z","","","true","봉 기간의 마지막 유효 관측값","","","","partial","일부 거래일 누락","true","false","2024-10-02","2026-10-02","2026-09-17","2026-10-02","cumulative","2024-10-02"
"aligned","KR","stock","001820","day","KRW","foreign","2025-12-10","","%","네이버 금융 · 종목 투자자 동향","","","","2026-10-03T13:35:38.380Z","","","true","봉 기간의 마지막 유효 관측값","","","","partial","일부 거래일 누락","true","false","2024-10-02","2026-10-02","2026-09-17","2026-10-02","cumulative","2024-10-02"
"aligned","KR","stock","001820","day","KRW","foreign","2025-12-11","","%","네이버 금융 · 종목 투자자 동향","","","","2026-10-03T13:35:38.380Z","","","true","봉 기간의 마지막 유효 관측값","","","","partial","일부 거래일 누락","true","false","2024-10-02","2026-10-02","2026-09-17","2026-10-02","cumulative","2024-10-02"
"aligned","KR","stock","001820","day","KRW","foreign","2025-12-12","","%","네이버 금융 · 종목 투자자 동향","","","","2026-10-03T13:35:38.380Z","","","true","봉 기간의 마지막 유효 관측값","","","","partial","일부 거래일 누락","true","false","2024-10-02","2026-10-02","2026-09-17","2026-10-02","cumulative","2024-10-02"
"aligned","KR","stock","001820","day","KRW","foreign","2025-12-15","","%","네이버 금융 · 종목 투자자 동향","","","","2026-10-03T13:35:38.380Z","","","true","봉 기간의 마지막 유효 관측값","","","","partial","일부 거래일 누락","true","false","2024-10-02","2026-10-02","2026-09-17","2026-10-02","cumulative","2024-10-02"
"aligned","KR","stock","001820","day","KRW","foreign","2025-12-16","","%","네이버 금융 · 종목 투자자 동향","","","","2026-10-03T13:35:38.380Z","","","true","봉 기간의 마지막 유효 관측값","","","","partial","일부 거래일 누락","true","false","2024-10-02","2026-10-02","2026-09-17","2026-10-02","cumulative","2024-10-02"
"aligned","KR","stock","001820","day","KRW","foreign","2025-12-17","","%","네이버 금융 · 종목 투자자 동향","","","","2026-10-03T13:35:38.380Z","","","true","봉 기간의 마지막 유효 관측값","","","","partial","일부 거래일 누락","true","false","2024-10-02","2026-10-02","2026-09-17","2026-10-02","cumulative","2024-10-02"
"aligned","KR","stock","001820","day","KRW","foreign","2025-12-18","","%","네이버 금융 · 종목 투자자 동향","","","","2026-10-03T13:35:38.380Z","","","true","봉 기간의 마지막 유효 관측값","","","","partial","일부 거래일 누락","true","false","2024-10-02","2026-10-02","2026-09-17","2026-10-02","cumulative","2024-10-02"
"aligned","KR","stock","001820","day","KRW","foreign","2025-12-19","","%","네이버 금융 · 종목 투자자 동향","","","","2026-10-03T13:35:38.380Z","","","true","봉 기간의 마지막 유효 관측값","","","","partial","일부 거래일 누락","true","false","2024-10-02","2026-10-02","2026-09-17","2026-10-02","cumulative","2024-10-02"
"aligned","KR","stock","001820","day","KRW","foreign","2025-12-22","","%","네이버 금융 · 종목 투자자 동향","","","","2026-10-03T13:35:38.380Z","","","true","봉 기간의 마지막 유효 관측값","","","","partial","일부 거래일 누락","true","false","2024-10-02","2026-10-02","2026-09-17","2026-10-02","cumulative","2024-10-02"
"aligned","KR","stock","001820","day","KRW","foreign","2025-12-23","","%","네이버 금융 · 종목 투자자 동향","","","","2026-10-03T13:35:38.380Z","","","true","봉 기간의 마지막 유효 관측값","","","","partial","일부 거래일 누락","true","false","2024-10-02","2026-10-02","2026-09-17","2026-10-02","cumulative","2024-10-02"
"aligned","KR","stock","001820","day","KRW","foreign","2025-12-24","","%","네이버 금융 · 종목 투자자 동향","","","","2026-10-03T13:35:38.380Z","","","true","봉 기간의 마지막 유효 관측값","","","","partial","일부 거래일 누락","true","false","2024-10-02","2026-10-02","2026-09-17","2026-10-02","cumulative","2024-10-02"
"aligned","KR","stock","001820","day","KRW","foreign","2025-12-26","","%","네이버 금융 · 종목 투자자 동향","","","","2026-10-03T13:35:38.380Z","","","true","봉 기간의 마지막 유효 관측값","","","","partial","일부 거래일 누락","true","false","2024-10-02","2026-10-02","2026-09-17","2026-10-02","cumulative","2024-10-02"
"aligned","KR","stock","001820","day","KRW","foreign","2025-12-29","","%","네이버 금융 · 종목 투자자 동향","","","","2026-10-03T13:35:38.380Z","","","true","봉 기간의 마지막 유효 관측값","","","","partial","일부 거래일 누락","true","false","2024-10-02","2026-10-02","2026-09-17","2026-10-02","cumulative","2024-10-02"
"aligned","KR","stock","001820","day","KRW","foreign","2025-12-30","","%","네이버 금융 · 종목 투자자 동향","","","","2026-10-03T13:35:38.380Z","","","true","봉 기간의 마지막 유효 관측값","","","","partial","일부 거래일 누락","true","false","2024-10-02","2026-10-02","2026-09-17","2026-10-02","cumulative","2024-10-02"
"aligned","KR","stock","001820","day","KRW","foreign","2026-01-02","","%","네이버 금융 · 종목 투자자 동향","","","","2026-10-03T13:35:38.380Z","","","true","봉 기간의 마지막 유효 관측값","","","","partial","일부 거래일 누락","true","false","2024-10-02","2026-10-02","2026-09-17","2026-10-02","cumulative","2024-10-02"
"aligned","KR","stock","001820","day","KRW","foreign","2026-01-05","","%","네이버 금융 · 종목 투자자 동향","","","","2026-10-03T13:35:38.380Z","","","true","봉 기간의 마지막 유효 관측값","","","","partial","일부 거래일 누락","true","false","2024-10-02","2026-10-02","2026-09-17","2026-10-02","cumulative","2024-10-02"
"aligned","KR","stock","001820","day","KRW","foreign","2026-01-06","","%","네이버 금융 · 종목 투자자 동향","","","","2026-10-03T13:35:38.380Z","","","true","봉 기간의 마지막 유효 관측값","","","","partial","일부 거래일 누락","true","false","2024-10-02","2026-10-02","2026-09-17","2026-10-02","cumulative","2024-10-02"
"aligned","KR","stock","001820","day","KRW","foreign","2026-01-07","","%","네이버 금융 · 종목 투자자 동향","","","","2026-10-03T13:35:38.380Z","","","true","봉 기간의 마지막 유효 관측값","","","","partial","일부 거래일 누락","true","false","2024-10-02","2026-10-02","2026-09-17","2026-10-02","cumulative","2024-10-02"
"aligned","KR","stock","001820","day","KRW","foreign","2026-01-08","","%","네이버 금융 · 종목 투자자 동향","","","","2026-10-03T13:35:38.380Z","","","true","봉 기간의 마지막 유효 관측값","","","","partial","일부 거래일 누락","true","false","2024-10-02","2026-10-02","2026-09-17","2026-10-02","cumulative","2024-10-02"
"aligned","KR","stock","001820","day","KRW","foreign","2026-01-09","","%","네이버 금융 · 종목 투자자 동향","","","","2026-10-03T13:35:38.380Z","","","true","봉 기간의 마지막 유효 관측값","","","","partial","일부 거래일 누락","true","false","2024-10-02","2026-10-02","2026-09-17","2026-10-02","cumulative","2024-10-02"
"aligned","KR","stock","001820","day","KRW","foreign","2026-01-12","","%","네이버 금융 · 종목 투자자 동향","","","","2026-10-03T13:35:38.380Z","","","true","봉 기간의 마지막 유효 관측값","","","","partial","일부 거래일 누락","true","false","2024-10-02","2026-10-02","2026-09-17","2026-10-02","cumulative","2024-10-02"
"aligned","KR","stock","001820","day","KRW","foreign","2026-01-13","","%","네이버 금융 · 종목 투자자 동향","","","","2026-10-03T13:35:38.380Z","","","true","봉 기간의 마지막 유효 관측값","","","","partial","일부 거래일 누락","true","false","2024-10-02","2026-10-02","2026-09-17","2026-10-02","cumulative","2024-10-02"
"aligned","KR","stock","001820","day","KRW","foreign","2026-01-14","","%","네이버 금융 · 종목 투자자 동향","","","","2026-10-03T13:35:38.380Z","","","true","봉 기간의 마지막 유효 관측값","","","","partial","일부 거래일 누락","true","false","2024-10-02","2026-10-02","2026-09-17","2026-10-02","cumulative","2024-10-02"
"aligned","KR","stock","001820","day","KRW","foreign","2026-01-15","","%","네이버 금융 · 종목 투자자 동향","","","","2026-10-03T13:35:38.380Z","","","true","봉 기간의 마지막 유효 관측값","","","","partial","일부 거래일 누락","true","false","2024-10-02","2026-10-02","2026-09-17","2026-10-02","cumulative","2024-10-02"
"aligned","KR","stock","001820","day","KRW","foreign","2026-01-16","","%","네이버 금융 · 종목 투자자 동향","","","","2026-10-03T13:35:38.380Z","","","true","봉 기간의 마지막 유효 관측값","","","","partial","일부 거래일 누락","true","false","2024-10-02","2026-10-02","2026-09-17","2026-10-02","cumulative","2024-10-02"
"aligned","KR","stock","001820","day","KRW","foreign","2026-01-19","","%","네이버 금융 · 종목 투자자 동향","","","","2026-10-03T13:35:38.380Z","","","true","봉 기간의 마지막 유효 관측값","","","","partial","일부 거래일 누락","true","false","2024-10-02","2026-10-02","2026-09-17","2026-10-02","cumulative","2024-10-02"
"aligned","KR","stock","001820","day","KRW","foreign","2026-01-20","","%","네이버 금융 · 종목 투자자 동향","","","","2026-10-03T13:35:38.380Z","","","true","봉 기간의 마지막 유효 관측값","","","","partial","일부 거래일 누락","true","false","2024-10-02","2026-10-02","2026-09-17","2026-10-02","cumulative","2024-10-02"
"aligned","KR","stock","001820","day","KRW","foreign","2026-01-21","","%","네이버 금융 · 종목 투자자 동향","","","","2026-10-03T13:35:38.380Z","","","true","봉 기간의 마지막 유효 관측값","","","","partial","일부 거래일 누락","true","false","2024-10-02","2026-10-02","2026-09-17","2026-10-02","cumulative","2024-10-02"
"aligned","KR","stock","001820","day","KRW","foreign","2026-01-22","","%","네이버 금융 · 종목 투자자 동향","","","","2026-10-03T13:35:38.380Z","","","true","봉 기간의 마지막 유효 관측값","","","","partial","일부 거래일 누락","true","false","2024-10-02","2026-10-02","2026-09-17","2026-10-02","cumulative","2024-10-02"
"aligned","KR","stock","001820","day","KRW","foreign","2026-01-23","","%","네이버 금융 · 종목 투자자 동향","","","","2026-10-03T13:35:38.380Z","","","true","봉 기간의 마지막 유효 관측값","","","","partial","일부 거래일 누락","true","false","2024-10-02","2026-10-02","2026-09-17","2026-10-02","cumulative","2024-10-02"
"aligned","KR","stock","001820","day","KRW","foreign","2026-01-26","","%","네이버 금융 · 종목 투자자 동향","","","","2026-10-03T13:35:38.380Z","","","true","봉 기간의 마지막 유효 관측값","","","","partial","일부 거래일 누락","true","false","2024-10-02","2026-10-02","2026-09-17","2026-10-02","cumulative","2024-10-02"
"aligned","KR","stock","001820","day","KRW","foreign","2026-01-27","","%","네이버 금융 · 종목 투자자 동향","","","","2026-10-03T13:35:38.380Z","","","true","봉 기간의 마지막 유효 관측값","","","","partial","일부 거래일 누락","true","false","2024-10-02","2026-10-02","2026-09-17","2026-10-02","cumulative","2024-10-02"
"aligned","KR","stock","001820","day","KRW","foreign","2026-01-28","","%","네이버 금융 · 종목 투자자 동향","","","","2026-10-03T13:35:38.380Z","","","true","봉 기간의 마지막 유효 관측값","","","","partial","일부 거래일 누락","true","false","2024-10-02","2026-10-02","2026-09-17","2026-10-02","cumulative","2024-10-02"
"aligned","KR","stock","001820","day","KRW","foreign","2026-01-29","","%","네이버 금융 · 종목 투자자 동향","","","","2026-10-03T13:35:38.380Z","","","true","봉 기간의 마지막 유효 관측값","","","","partial","일부 거래일 누락","true","false","2024-10-02","2026-10-02","2026-09-17","2026-10-02","cumulative","2024-10-02"
"aligned","KR","stock","001820","day","KRW","foreign","2026-01-30","","%","네이버 금융 · 종목 투자자 동향","","","","2026-10-03T13:35:38.380Z","","","true","봉 기간의 마지막 유효 관측값","","","","partial","일부 거래일 누락","true","false","2024-10-02","2026-10-02","2026-09-17","2026-10-02","cumulative","2024-10-02"
"aligned","KR","stock","001820","day","KRW","foreign","2026-02-02","","%","네이버 금융 · 종목 투자자 동향","","","","2026-10-03T13:35:38.380Z","","","true","봉 기간의 마지막 유효 관측값","","","","partial","일부 거래일 누락","true","false","2024-10-02","2026-10-02","2026-09-17","2026-10-02","cumulative","2024-10-02"
"aligned","KR","stock","001820","day","KRW","foreign","2026-02-03","","%","네이버 금융 · 종목 투자자 동향","","","","2026-10-03T13:35:38.380Z","","","true","봉 기간의 마지막 유효 관측값","","","","partial","일부 거래일 누락","true","false","2024-10-02","2026-10-02","2026-09-17","2026-10-02","cumulative","2024-10-02"
"aligned","KR","stock","001820","day","KRW","foreign","2026-02-04","","%","네이버 금융 · 종목 투자자 동향","","","","2026-10-03T13:35:38.380Z","","","true","봉 기간의 마지막 유효 관측값","","","","partial","일부 거래일 누락","true","false","2024-10-02","2026-10-02","2026-09-17","2026-10-02","cumulative","2024-10-02"
"aligned","KR","stock","001820","day","KRW","foreign","2026-02-05","","%","네이버 금융 · 종목 투자자 동향","","","","2026-10-03T13:35:38.380Z","","","true","봉 기간의 마지막 유효 관측값","","","","partial","일부 거래일 누락","true","false","2024-10-02","2026-10-02","2026-09-17","2026-10-02","cumulative","2024-10-02"
"aligned","KR","stock","001820","day","KRW","foreign","2026-02-06","","%","네이버 금융 · 종목 투자자 동향","","","","2026-10-03T13:35:38.380Z","","","true","봉 기간의 마지막 유효 관측값","","","","partial","일부 거래일 누락","true","false","2024-10-02","2026-10-02","2026-09-17","2026-10-02","cumulative","2024-10-02"
"aligned","KR","stock","001820","day","KRW","foreign","2026-02-09","","%","네이버 금융 · 종목 투자자 동향","","","","2026-10-03T13:35:38.380Z","","","true","봉 기간의 마지막 유효 관측값","","","","partial","일부 거래일 누락","true","false","2024-10-02","2026-10-02","2026-09-17","2026-10-02","cumulative","2024-10-02"
"aligned","KR","stock","001820","day","KRW","foreign","2026-02-10","","%","네이버 금융 · 종목 투자자 동향","","","","2026-10-03T13:35:38.380Z","","","true","봉 기간의 마지막 유효 관측값","","","","partial","일부 거래일 누락","true","false","2024-10-02","2026-10-02","2026-09-17","2026-10-02","cumulative","2024-10-02"
"aligned","KR","stock","001820","day","KRW","foreign","2026-02-11","","%","네이버 금융 · 종목 투자자 동향","","","","2026-10-03T13:35:38.380Z","","","true","봉 기간의 마지막 유효 관측값","","","","partial","일부 거래일 누락","true","false","2024-10-02","2026-10-02","2026-09-17","2026-10-02","cumulative","2024-10-02"
"aligned","KR","stock","001820","day","KRW","foreign","2026-02-12","","%","네이버 금융 · 종목 투자자 동향","","","","2026-10-03T13:35:38.380Z","","","true","봉 기간의 마지막 유효 관측값","","","","partial","일부 거래일 누락","true","false","2024-10-02","2026-10-02","2026-09-17","2026-10-02","cumulative","2024-10-02"
"aligned","KR","stock","001820","day","KRW","foreign","2026-02-13","","%","네이버 금융 · 종목 투자자 동향","","","","2026-10-03T13:35:38.380Z","","","true","봉 기간의 마지막 유효 관측값","","","","partial","일부 거래일 누락","true","false","2024-10-02","2026-10-02","2026-09-17","2026-10-02","cumulative","2024-10-02"
"aligned","KR","stock","001820","day","KRW","foreign","2026-02-19","","%","네이버 금융 · 종목 투자자 동향","","","","2026-10-03T13:35:38.380Z","","","true","봉 기간의 마지막 유효 관측값","","","","partial","일부 거래일 누락","true","false","2024-10-02","2026-10-02","2026-09-17","2026-10-02","cumulative","2024-10-02"
"aligned","KR","stock","001820","day","KRW","foreign","2026-02-20","","%","네이버 금융 · 종목 투자자 동향","","","","2026-10-03T13:35:38.380Z","","","true","봉 기간의 마지막 유효 관측값","","","","partial","일부 거래일 누락","true","false","2024-10-02","2026-10-02","2026-09-17","2026-10-02","cumulative","2024-10-02"
"aligned","KR","stock","001820","day","KRW","foreign","2026-02-23","","%","네이버 금융 · 종목 투자자 동향","","","","2026-10-03T13:35:38.380Z","","","true","봉 기간의 마지막 유효 관측값","","","","partial","일부 거래일 누락","true","false","2024-10-02","2026-10-02","2026-09-17","2026-10-02","cumulative","2024-10-02"
"aligned","KR","stock","001820","day","KRW","foreign","2026-02-24","","%","네이버 금융 · 종목 투자자 동향","","","","2026-10-03T13:35:38.380Z","","","true","봉 기간의 마지막 유효 관측값","","","","partial","일부 거래일 누락","true","false","2024-10-02","2026-10-02","2026-09-17","2026-10-02","cumulative","2024-10-02"
"aligned","KR","stock","001820","day","KRW","foreign","2026-02-25","","%","네이버 금융 · 종목 투자자 동향","","","","2026-10-03T13:35:38.380Z","","","true","봉 기간의 마지막 유효 관측값","","","","partial","일부 거래일 누락","true","false","2024-10-02","2026-10-02","2026-09-17","2026-10-02","cumulative","2024-10-02"
"aligned","KR","stock","001820","day","KRW","foreign","2026-02-26","","%","네이버 금융 · 종목 투자자 동향","","","","2026-10-03T13:35:38.380Z","","","true","봉 기간의 마지막 유효 관측값","","","","partial","일부 거래일 누락","true","false","2024-10-02","2026-10-02","2026-09-17","2026-10-02","cumulative","2024-10-02"
"aligned","KR","stock","001820","day","KRW","foreign","2026-02-27","","%","네이버 금융 · 종목 투자자 동향","","","","2026-10-03T13:35:38.380Z","","","true","봉 기간의 마지막 유효 관측값","","","","partial","일부 거래일 누락","true","false","2024-10-02","2026-10-02","2026-09-17","2026-10-02","cumulative","2024-10-02"
"aligned","KR","stock","001820","day","KRW","foreign","2026-03-03","","%","네이버 금융 · 종목 투자자 동향","","","","2026-10-03T13:35:38.380Z","","","true","봉 기간의 마지막 유효 관측값","","","","partial","일부 거래일 누락","true","false","2024-10-02","2026-10-02","2026-09-17","2026-10-02","cumulative","2024-10-02"
"aligned","KR","stock","001820","day","KRW","foreign","2026-03-04","","%","네이버 금융 · 종목 투자자 동향","","","","2026-10-03T13:35:38.380Z","","","true","봉 기간의 마지막 유효 관측값","","","","partial","일부 거래일 누락","true","false","2024-10-02","2026-10-02","2026-09-17","2026-10-02","cumulative","2024-10-02"
"aligned","KR","stock","001820","day","KRW","foreign","2026-03-05","","%","네이버 금융 · 종목 투자자 동향","","","","2026-10-03T13:35:38.380Z","","","true","봉 기간의 마지막 유효 관측값","","","","partial","일부 거래일 누락","true","false","2024-10-02","2026-10-02","2026-09-17","2026-10-02","cumulative","2024-10-02"
"aligned","KR","stock","001820","day","KRW","foreign","2026-03-06","","%","네이버 금융 · 종목 투자자 동향","","","","2026-10-03T13:35:38.380Z","","","true","봉 기간의 마지막 유효 관측값","","","","partial","일부 거래일 누락","true","false","2024-10-02","2026-10-02","2026-09-17","2026-10-02","cumulative","2024-10-02"
"aligned","KR","stock","001820","day","KRW","foreign","2026-03-09","","%","네이버 금융 · 종목 투자자 동향","","","","2026-10-03T13:35:38.380Z","","","true","봉 기간의 마지막 유효 관측값","","","","partial","일부 거래일 누락","true","false","2024-10-02","2026-10-02","2026-09-17","2026-10-02","cumulative","2024-10-02"
"aligned","KR","stock","001820","day","KRW","foreign","2026-03-10","","%","네이버 금융 · 종목 투자자 동향","","","","2026-10-03T13:35:38.380Z","","","true","봉 기간의 마지막 유효 관측값","","","","partial","일부 거래일 누락","true","false","2024-10-02","2026-10-02","2026-09-17","2026-10-02","cumulative","2024-10-02"
"aligned","KR","stock","001820","day","KRW","foreign","2026-03-11","","%","네이버 금융 · 종목 투자자 동향","","","","2026-10-03T13:35:38.380Z","","","true","봉 기간의 마지막 유효 관측값","","","","partial","일부 거래일 누락","true","false","2024-10-02","2026-10-02","2026-09-17","2026-10-02","cumulative","2024-10-02"
"aligned","KR","stock","001820","day","KRW","foreign","2026-03-12","","%","네이버 금융 · 종목 투자자 동향","","","","2026-10-03T13:35:38.380Z","","","true","봉 기간의 마지막 유효 관측값","","","","partial","일부 거래일 누락","true","false","2024-10-02","2026-10-02","2026-09-17","2026-10-02","cumulative","2024-10-02"
"aligned","KR","stock","001820","day","KRW","foreign","2026-03-13","","%","네이버 금융 · 종목 투자자 동향","","","","2026-10-03T13:35:38.380Z","","","true","봉 기간의 마지막 유효 관측값","","","","partial","일부 거래일 누락","true","false","2024-10-02","2026-10-02","2026-09-17","2026-10-02","cumulative","2024-10-02"
"aligned","KR","stock","001820","day","KRW","foreign","2026-03-16","","%","네이버 금융 · 종목 투자자 동향","","","","2026-10-03T13:35:38.380Z","","","true","봉 기간의 마지막 유효 관측값","","","","partial","일부 거래일 누락","true","false","2024-10-02","2026-10-02","2026-09-17","2026-10-02","cumulative","2024-10-02"
"aligned","KR","stock","001820","day","KRW","foreign","2026-03-17","","%","네이버 금융 · 종목 투자자 동향","","","","2026-10-03T13:35:38.380Z","","","true","봉 기간의 마지막 유효 관측값","","","","partial","일부 거래일 누락","true","false","2024-10-02","2026-10-02","2026-09-17","2026-10-02","cumulative","2024-10-02"
"aligned","KR","stock","001820","day","KRW","foreign","2026-03-18","","%","네이버 금융 · 종목 투자자 동향","","","","2026-10-03T13:35:38.380Z","","","true","봉 기간의 마지막 유효 관측값","","","","partial","일부 거래일 누락","true","false","2024-10-02","2026-10-02","2026-09-17","2026-10-02","cumulative","2024-10-02"
"aligned","KR","stock","001820","day","KRW","foreign","2026-03-19","","%","네이버 금융 · 종목 투자자 동향","","","","2026-10-03T13:35:38.380Z","","","true","봉 기간의 마지막 유효 관측값","","","","partial","일부 거래일 누락","true","false","2024-10-02","2026-10-02","2026-09-17","2026-10-02","cumulative","2024-10-02"
"aligned","KR","stock","001820","day","KRW","foreign","2026-03-20","","%","네이버 금융 · 종목 투자자 동향","","","","2026-10-03T13:35:38.380Z","","","true","봉 기간의 마지막 유효 관측값","","","","partial","일부 거래일 누락","true","false","2024-10-02","2026-10-02","2026-09-17","2026-10-02","cumulative","2024-10-02"
"aligned","KR","stock","001820","day","KRW","foreign","2026-03-23","","%","네이버 금융 · 종목 투자자 동향","","","","2026-10-03T13:35:38.380Z","","","true","봉 기간의 마지막 유효 관측값","","","","partial","일부 거래일 누락","true","false","2024-10-02","2026-10-02","2026-09-17","2026-10-02","cumulative","2024-10-02"
"aligned","KR","stock","001820","day","KRW","foreign","2026-03-24","","%","네이버 금융 · 종목 투자자 동향","","","","2026-10-03T13:35:38.380Z","","","true","봉 기간의 마지막 유효 관측값","","","","partial","일부 거래일 누락","true","false","2024-10-02","2026-10-02","2026-09-17","2026-10-02","cumulative","2024-10-02"
"aligned","KR","stock","001820","day","KRW","foreign","2026-03-25","","%","네이버 금융 · 종목 투자자 동향","","","","2026-10-03T13:35:38.380Z","","","true","봉 기간의 마지막 유효 관측값","","","","partial","일부 거래일 누락","true","false","2024-10-02","2026-10-02","2026-09-17","2026-10-02","cumulative","2024-10-02"
"aligned","KR","stock","001820","day","KRW","foreign","2026-03-26","","%","네이버 금융 · 종목 투자자 동향","","","","2026-10-03T13:35:38.380Z","","","true","봉 기간의 마지막 유효 관측값","","","","partial","일부 거래일 누락","true","false","2024-10-02","2026-10-02","2026-09-17","2026-10-02","cumulative","2024-10-02"
"aligned","KR","stock","001820","day","KRW","foreign","2026-03-27","","%","네이버 금융 · 종목 투자자 동향","","","","2026-10-03T13:35:38.380Z","","","true","봉 기간의 마지막 유효 관측값","","","","partial","일부 거래일 누락","true","false","2024-10-02","2026-10-02","2026-09-17","2026-10-02","cumulative","2024-10-02"
"aligned","KR","stock","001820","day","KRW","foreign","2026-03-30","","%","네이버 금융 · 종목 투자자 동향","","","","2026-10-03T13:35:38.380Z","","","true","봉 기간의 마지막 유효 관측값","","","","partial","일부 거래일 누락","true","false","2024-10-02","2026-10-02","2026-09-17","2026-10-02","cumulative","2024-10-02"
"aligned","KR","stock","001820","day","KRW","foreign","2026-03-31","","%","네이버 금융 · 종목 투자자 동향","","","","2026-10-03T13:35:38.380Z","","","true","봉 기간의 마지막 유효 관측값","","","","partial","일부 거래일 누락","true","false","2024-10-02","2026-10-02","2026-09-17","2026-10-02","cumulative","2024-10-02"
"aligned","KR","stock","001820","day","KRW","foreign","2026-04-01","","%","네이버 금융 · 종목 투자자 동향","","","","2026-10-03T13:35:38.380Z","","","true","봉 기간의 마지막 유효 관측값","","","","partial","일부 거래일 누락","true","false","2024-10-02","2026-10-02","2026-09-17","2026-10-02","cumulative","2024-10-02"
"aligned","KR","stock","001820","day","KRW","foreign","2026-04-02","","%","네이버 금융 · 종목 투자자 동향","","","","2026-10-03T13:35:38.380Z","","","true","봉 기간의 마지막 유효 관측값","","","","partial","일부 거래일 누락","true","false","2024-10-02","2026-10-02","2026-09-17","2026-10-02","cumulative","2024-10-02"
"aligned","KR","stock","001820","day","KRW","foreign","2026-04-03","","%","네이버 금융 · 종목 투자자 동향","","","","2026-10-03T13:35:38.380Z","","","true","봉 기간의 마지막 유효 관측값","","","","partial","일부 거래일 누락","true","false","2024-10-02","2026-10-02","2026-09-17","2026-10-02","cumulative","2024-10-02"
"aligned","KR","stock","001820","day","KRW","foreign","2026-04-06","","%","네이버 금융 · 종목 투자자 동향","","","","2026-10-03T13:35:38.380Z","","","true","봉 기간의 마지막 유효 관측값","","","","partial","일부 거래일 누락","true","false","2024-10-02","2026-10-02","2026-09-17","2026-10-02","cumulative","2024-10-02"
"aligned","KR","stock","001820","day","KRW","foreign","2026-04-07","","%","네이버 금융 · 종목 투자자 동향","","","","2026-10-03T13:35:38.380Z","","","true","봉 기간의 마지막 유효 관측값","","","","partial","일부 거래일 누락","true","false","2024-10-02","2026-10-02","2026-09-17","2026-10-02","cumulative","2024-10-02"
"aligned","KR","stock","001820","day","KRW","foreign","2026-04-08","","%","네이버 금융 · 종목 투자자 동향","","","","2026-10-03T13:35:38.380Z","","","true","봉 기간의 마지막 유효 관측값","","","","partial","일부 거래일 누락","true","false","2024-10-02","2026-10-02","2026-09-17","2026-10-02","cumulative","2024-10-02"
"aligned","KR","stock","001820","day","KRW","foreign","2026-04-09","","%","네이버 금융 · 종목 투자자 동향","","","","2026-10-03T13:35:38.380Z","","","true","봉 기간의 마지막 유효 관측값","","","","partial","일부 거래일 누락","true","false","2024-10-02","2026-10-02","2026-09-17","2026-10-02","cumulative","2024-10-02"
"aligned","KR","stock","001820","day","KRW","foreign","2026-04-10","","%","네이버 금융 · 종목 투자자 동향","","","","2026-10-03T13:35:38.380Z","","","true","봉 기간의 마지막 유효 관측값","","","","partial","일부 거래일 누락","true","false","2024-10-02","2026-10-02","2026-09-17","2026-10-02","cumulative","2024-10-02"
"aligned","KR","stock","001820","day","KRW","foreign","2026-04-13","","%","네이버 금융 · 종목 투자자 동향","","","","2026-10-03T13:35:38.380Z","","","true","봉 기간의 마지막 유효 관측값","","","","partial","일부 거래일 누락","true","false","2024-10-02","2026-10-02","2026-09-17","2026-10-02","cumulative","2024-10-02"
"aligned","KR","stock","001820","day","KRW","foreign","2026-04-14","","%","네이버 금융 · 종목 투자자 동향","","","","2026-10-03T13:35:38.380Z","","","true","봉 기간의 마지막 유효 관측값","","","","partial","일부 거래일 누락","true","false","2024-10-02","2026-10-02","2026-09-17","2026-10-02","cumulative","2024-10-02"
"aligned","KR","stock","001820","day","KRW","foreign","2026-04-15","","%","네이버 금융 · 종목 투자자 동향","","","","2026-10-03T13:35:38.380Z","","","true","봉 기간의 마지막 유효 관측값","","","","partial","일부 거래일 누락","true","false","2024-10-02","2026-10-02","2026-09-17","2026-10-02","cumulative","2024-10-02"
"aligned","KR","stock","001820","day","KRW","foreign","2026-04-16","","%","네이버 금융 · 종목 투자자 동향","","","","2026-10-03T13:35:38.380Z","","","true","봉 기간의 마지막 유효 관측값","","","","partial","일부 거래일 누락","true","false","2024-10-02","2026-10-02","2026-09-17","2026-10-02","cumulative","2024-10-02"
"aligned","KR","stock","001820","day","KRW","foreign","2026-04-17","","%","네이버 금융 · 종목 투자자 동향","","","","2026-10-03T13:35:38.380Z","","","true","봉 기간의 마지막 유효 관측값","","","","partial","일부 거래일 누락","true","false","2024-10-02","2026-10-02","2026-09-17","2026-10-02","cumulative","2024-10-02"
"aligned","KR","stock","001820","day","KRW","foreign","2026-04-20","","%","네이버 금융 · 종목 투자자 동향","","","","2026-10-03T13:35:38.380Z","","","true","봉 기간의 마지막 유효 관측값","","","","partial","일부 거래일 누락","true","false","2024-10-02","2026-10-02","2026-09-17","2026-10-02","cumulative","2024-10-02"
"aligned","KR","stock","001820","day","KRW","foreign","2026-04-21","","%","네이버 금융 · 종목 투자자 동향","","","","2026-10-03T13:35:38.380Z","","","true","봉 기간의 마지막 유효 관측값","","","","partial","일부 거래일 누락","true","false","2024-10-02","2026-10-02","2026-09-17","2026-10-02","cumulative","2024-10-02"
"aligned","KR","stock","001820","day","KRW","foreign","2026-04-22","","%","네이버 금융 · 종목 투자자 동향","","","","2026-10-03T13:35:38.380Z","","","true","봉 기간의 마지막 유효 관측값","","","","partial","일부 거래일 누락","true","false","2024-10-02","2026-10-02","2026-09-17","2026-10-02","cumulative","2024-10-02"
"aligned","KR","stock","001820","day","KRW","foreign","2026-04-23","","%","네이버 금융 · 종목 투자자 동향","","","","2026-10-03T13:35:38.380Z","","","true","봉 기간의 마지막 유효 관측값","","","","partial","일부 거래일 누락","true","false","2024-10-02","2026-10-02","2026-09-17","2026-10-02","cumulative","2024-10-02"
"aligned","KR","stock","001820","day","KRW","foreign","2026-04-24","","%","네이버 금융 · 종목 투자자 동향","","","","2026-10-03T13:35:38.380Z","","","true","봉 기간의 마지막 유효 관측값","","","","partial","일부 거래일 누락","true","false","2024-10-02","2026-10-02","2026-09-17","2026-10-02","cumulative","2024-10-02"
"aligned","KR","stock","001820","day","KRW","foreign","2026-04-27","","%","네이버 금융 · 종목 투자자 동향","","","","2026-10-03T13:35:38.380Z","","","true","봉 기간의 마지막 유효 관측값","","","","partial","일부 거래일 누락","true","false","2024-10-02","2026-10-02","2026-09-17","2026-10-02","cumulative","2024-10-02"
"aligned","KR","stock","001820","day","KRW","foreign","2026-04-28","","%","네이버 금융 · 종목 투자자 동향","","","","2026-10-03T13:35:38.380Z","","","true","봉 기간의 마지막 유효 관측값","","","","partial","일부 거래일 누락","true","false","2024-10-02","2026-10-02","2026-09-17","2026-10-02","cumulative","2024-10-02"
"aligned","KR","stock","001820","day","KRW","foreign","2026-04-29","","%","네이버 금융 · 종목 투자자 동향","","","","2026-10-03T13:35:38.380Z","","","true","봉 기간의 마지막 유효 관측값","","","","partial","일부 거래일 누락","true","false","2024-10-02","2026-10-02","2026-09-17","2026-10-02","cumulative","2024-10-02"
"aligned","KR","stock","001820","day","KRW","foreign","2026-04-30","","%","네이버 금융 · 종목 투자자 동향","","","","2026-10-03T13:35:38.380Z","","","true","봉 기간의 마지막 유효 관측값","","","","partial","일부 거래일 누락","true","false","2024-10-02","2026-10-02","2026-09-17","2026-10-02","cumulative","2024-10-02"
"aligned","KR","stock","001820","day","KRW","foreign","2026-05-04","","%","네이버 금융 · 종목 투자자 동향","","","","2026-10-03T13:35:38.380Z","","","true","봉 기간의 마지막 유효 관측값","","","","partial","일부 거래일 누락","true","false","2024-10-02","2026-10-02","2026-09-17","2026-10-02","cumulative","2024-10-02"
"aligned","KR","stock","001820","day","KRW","foreign","2026-05-06","","%","네이버 금융 · 종목 투자자 동향","","","","2026-10-03T13:35:38.380Z","","","true","봉 기간의 마지막 유효 관측값","","","","partial","일부 거래일 누락","true","false","2024-10-02","2026-10-02","2026-09-17","2026-10-02","cumulative","2024-10-02"
"aligned","KR","stock","001820","day","KRW","foreign","2026-05-07","","%","네이버 금융 · 종목 투자자 동향","","","","2026-10-03T13:35:38.380Z","","","true","봉 기간의 마지막 유효 관측값","","","","partial","일부 거래일 누락","true","false","2024-10-02","2026-10-02","2026-09-17","2026-10-02","cumulative","2024-10-02"
"aligned","KR","stock","001820","day","KRW","foreign","2026-05-08","","%","네이버 금융 · 종목 투자자 동향","","","","2026-10-03T13:35:38.380Z","","","true","봉 기간의 마지막 유효 관측값","","","","partial","일부 거래일 누락","true","false","2024-10-02","2026-10-02","2026-09-17","2026-10-02","cumulative","2024-10-02"
"aligned","KR","stock","001820","day","KRW","foreign","2026-05-11","","%","네이버 금융 · 종목 투자자 동향","","","","2026-10-03T13:35:38.380Z","","","true","봉 기간의 마지막 유효 관측값","","","","partial","일부 거래일 누락","true","false","2024-10-02","2026-10-02","2026-09-17","2026-10-02","cumulative","2024-10-02"
"aligned","KR","stock","001820","day","KRW","foreign","2026-05-12","","%","네이버 금융 · 종목 투자자 동향","","","","2026-10-03T13:35:38.380Z","","","true","봉 기간의 마지막 유효 관측값","","","","partial","일부 거래일 누락","true","false","2024-10-02","2026-10-02","2026-09-17","2026-10-02","cumulative","2024-10-02"
"aligned","KR","stock","001820","day","KRW","foreign","2026-05-13","","%","네이버 금융 · 종목 투자자 동향","","","","2026-10-03T13:35:38.380Z","","","true","봉 기간의 마지막 유효 관측값","","","","partial","일부 거래일 누락","true","false","2024-10-02","2026-10-02","2026-09-17","2026-10-02","cumulative","2024-10-02"
"aligned","KR","stock","001820","day","KRW","foreign","2026-05-14","","%","네이버 금융 · 종목 투자자 동향","","","","2026-10-03T13:35:38.380Z","","","true","봉 기간의 마지막 유효 관측값","","","","partial","일부 거래일 누락","true","false","2024-10-02","2026-10-02","2026-09-17","2026-10-02","cumulative","2024-10-02"
"aligned","KR","stock","001820","day","KRW","foreign","2026-05-15","","%","네이버 금융 · 종목 투자자 동향","","","","2026-10-03T13:35:38.380Z","","","true","봉 기간의 마지막 유효 관측값","","","","partial","일부 거래일 누락","true","false","2024-10-02","2026-10-02","2026-09-17","2026-10-02","cumulative","2024-10-02"
"aligned","KR","stock","001820","day","KRW","foreign","2026-05-18","","%","네이버 금융 · 종목 투자자 동향","","","","2026-10-03T13:35:38.380Z","","","true","봉 기간의 마지막 유효 관측값","","","","partial","일부 거래일 누락","true","false","2024-10-02","2026-10-02","2026-09-17","2026-10-02","cumulative","2024-10-02"
"aligned","KR","stock","001820","day","KRW","foreign","2026-05-19","","%","네이버 금융 · 종목 투자자 동향","","","","2026-10-03T13:35:38.380Z","","","true","봉 기간의 마지막 유효 관측값","","","","partial","일부 거래일 누락","true","false","2024-10-02","2026-10-02","2026-09-17","2026-10-02","cumulative","2024-10-02"
"aligned","KR","stock","001820","day","KRW","foreign","2026-05-20","","%","네이버 금융 · 종목 투자자 동향","","","","2026-10-03T13:35:38.380Z","","","true","봉 기간의 마지막 유효 관측값","","","","partial","일부 거래일 누락","true","false","2024-10-02","2026-10-02","2026-09-17","2026-10-02","cumulative","2024-10-02"
"aligned","KR","stock","001820","day","KRW","foreign","2026-05-21","","%","네이버 금융 · 종목 투자자 동향","","","","2026-10-03T13:35:38.380Z","","","true","봉 기간의 마지막 유효 관측값","","","","partial","일부 거래일 누락","true","false","2024-10-02","2026-10-02","2026-09-17","2026-10-02","cumulative","2024-10-02"
"aligned","KR","stock","001820","day","KRW","foreign","2026-05-22","","%","네이버 금융 · 종목 투자자 동향","","","","2026-10-03T13:35:38.380Z","","","true","봉 기간의 마지막 유효 관측값","","","","partial","일부 거래일 누락","true","false","2024-10-02","2026-10-02","2026-09-17","2026-10-02","cumulative","2024-10-02"
"aligned","KR","stock","001820","day","KRW","foreign","2026-05-26","","%","네이버 금융 · 종목 투자자 동향","","","","2026-10-03T13:35:38.380Z","","","true","봉 기간의 마지막 유효 관측값","","","","partial","일부 거래일 누락","true","false","2024-10-02","2026-10-02","2026-09-17","2026-10-02","cumulative","2024-10-02"
"aligned","KR","stock","001820","day","KRW","foreign","2026-05-27","","%","네이버 금융 · 종목 투자자 동향","","","","2026-10-03T13:35:38.380Z","","","true","봉 기간의 마지막 유효 관측값","","","","partial","일부 거래일 누락","true","false","2024-10-02","2026-10-02","2026-09-17","2026-10-02","cumulative","2024-10-02"
"aligned","KR","stock","001820","day","KRW","foreign","2026-05-28","","%","네이버 금융 · 종목 투자자 동향","","","","2026-10-03T13:35:38.380Z","","","true","봉 기간의 마지막 유효 관측값","","","","partial","일부 거래일 누락","true","false","2024-10-02","2026-10-02","2026-09-17","2026-10-02","cumulative","2024-10-02"
"aligned","KR","stock","001820","day","KRW","foreign","2026-05-29","","%","네이버 금융 · 종목 투자자 동향","","","","2026-10-03T13:35:38.380Z","","","true","봉 기간의 마지막 유효 관측값","","","","partial","일부 거래일 누락","true","false","2024-10-02","2026-10-02","2026-09-17","2026-10-02","cumulative","2024-10-02"
"aligned","KR","stock","001820","day","KRW","foreign","2026-06-01","","%","네이버 금융 · 종목 투자자 동향","","","","2026-10-03T13:35:38.380Z","","","true","봉 기간의 마지막 유효 관측값","","","","partial","일부 거래일 누락","true","false","2024-10-02","2026-10-02","2026-09-17","2026-10-02","cumulative","2024-10-02"
"aligned","KR","stock","001820","day","KRW","foreign","2026-06-02","","%","네이버 금융 · 종목 투자자 동향","","","","2026-10-03T13:35:38.380Z","","","true","봉 기간의 마지막 유효 관측값","","","","partial","일부 거래일 누락","true","false","2024-10-02","2026-10-02","2026-09-17","2026-10-02","cumulative","2024-10-02"
"aligned","KR","stock","001820","day","KRW","foreign","2026-06-04","","%","네이버 금융 · 종목 투자자 동향","","","","2026-10-03T13:35:38.380Z","","","true","봉 기간의 마지막 유효 관측값","","","","partial","일부 거래일 누락","true","false","2024-10-02","2026-10-02","2026-09-17","2026-10-02","cumulative","2024-10-02"
"aligned","KR","stock","001820","day","KRW","foreign","2026-06-05","","%","네이버 금융 · 종목 투자자 동향","","","","2026-10-03T13:35:38.380Z","","","true","봉 기간의 마지막 유효 관측값","","","","partial","일부 거래일 누락","true","false","2024-10-02","2026-10-02","2026-09-17","2026-10-02","cumulative","2024-10-02"
"aligned","KR","stock","001820","day","KRW","foreign","2026-06-08","","%","네이버 금융 · 종목 투자자 동향","","","","2026-10-03T13:35:38.380Z","","","true","봉 기간의 마지막 유효 관측값","","","","partial","일부 거래일 누락","true","false","2024-10-02","2026-10-02","2026-09-17","2026-10-02","cumulative","2024-10-02"
"aligned","KR","stock","001820","day","KRW","foreign","2026-06-09","","%","네이버 금융 · 종목 투자자 동향","","","","2026-10-03T13:35:38.380Z","","","true","봉 기간의 마지막 유효 관측값","","","","partial","일부 거래일 누락","true","false","2024-10-02","2026-10-02","2026-09-17","2026-10-02","cumulative","2024-10-02"
"aligned","KR","stock","001820","day","KRW","foreign","2026-06-10","","%","네이버 금융 · 종목 투자자 동향","","","","2026-10-03T13:35:38.380Z","","","true","봉 기간의 마지막 유효 관측값","","","","partial","일부 거래일 누락","true","false","2024-10-02","2026-10-02","2026-09-17","2026-10-02","cumulative","2024-10-02"
"aligned","KR","stock","001820","day","KRW","foreign","2026-06-11","","%","네이버 금융 · 종목 투자자 동향","","","","2026-10-03T13:35:38.380Z","","","true","봉 기간의 마지막 유효 관측값","","","","partial","일부 거래일 누락","true","false","2024-10-02","2026-10-02","2026-09-17","2026-10-02","cumulative","2024-10-02"
"aligned","KR","stock","001820","day","KRW","foreign","2026-06-12","","%","네이버 금융 · 종목 투자자 동향","","","","2026-10-03T13:35:38.380Z","","","true","봉 기간의 마지막 유효 관측값","","","","partial","일부 거래일 누락","true","false","2024-10-02","2026-10-02","2026-09-17","2026-10-02","cumulative","2024-10-02"
"aligned","KR","stock","001820","day","KRW","foreign","2026-06-15","","%","네이버 금융 · 종목 투자자 동향","","","","2026-10-03T13:35:38.380Z","","","true","봉 기간의 마지막 유효 관측값","","","","partial","일부 거래일 누락","true","false","2024-10-02","2026-10-02","2026-09-17","2026-10-02","cumulative","2024-10-02"
"aligned","KR","stock","001820","day","KRW","foreign","2026-06-16","","%","네이버 금융 · 종목 투자자 동향","","","","2026-10-03T13:35:38.380Z","","","true","봉 기간의 마지막 유효 관측값","","","","partial","일부 거래일 누락","true","false","2024-10-02","2026-10-02","2026-09-17","2026-10-02","cumulative","2024-10-02"
"aligned","KR","stock","001820","day","KRW","foreign","2026-06-17","","%","네이버 금융 · 종목 투자자 동향","","","","2026-10-03T13:35:38.380Z","","","true","봉 기간의 마지막 유효 관측값","","","","partial","일부 거래일 누락","true","false","2024-10-02","2026-10-02","2026-09-17","2026-10-02","cumulative","2024-10-02"
"aligned","KR","stock","001820","day","KRW","foreign","2026-06-18","","%","네이버 금융 · 종목 투자자 동향","","","","2026-10-03T13:35:38.380Z","","","true","봉 기간의 마지막 유효 관측값","","","","partial","일부 거래일 누락","true","false","2024-10-02","2026-10-02","2026-09-17","2026-10-02","cumulative","2024-10-02"
"aligned","KR","stock","001820","day","KRW","foreign","2026-06-19","","%","네이버 금융 · 종목 투자자 동향","","","","2026-10-03T13:35:38.380Z","","","true","봉 기간의 마지막 유효 관측값","","","","partial","일부 거래일 누락","true","false","2024-10-02","2026-10-02","2026-09-17","2026-10-02","cumulative","2024-10-02"
"aligned","KR","stock","001820","day","KRW","foreign","2026-06-22","","%","네이버 금융 · 종목 투자자 동향","","","","2026-10-03T13:35:38.380Z","","","true","봉 기간의 마지막 유효 관측값","","","","partial","일부 거래일 누락","true","false","2024-10-02","2026-10-02","2026-09-17","2026-10-02","cumulative","2024-10-02"
"aligned","KR","stock","001820","day","KRW","foreign","2026-06-23","","%","네이버 금융 · 종목 투자자 동향","","","","2026-10-03T13:35:38.380Z","","","true","봉 기간의 마지막 유효 관측값","","","","partial","일부 거래일 누락","true","false","2024-10-02","2026-10-02","2026-09-17","2026-10-02","cumulative","2024-10-02"
"aligned","KR","stock","001820","day","KRW","foreign","2026-06-24","","%","네이버 금융 · 종목 투자자 동향","","","","2026-10-03T13:35:38.380Z","","","true","봉 기간의 마지막 유효 관측값","","","","partial","일부 거래일 누락","true","false","2024-10-02","2026-10-02","2026-09-17","2026-10-02","cumulative","2024-10-02"
"aligned","KR","stock","001820","day","KRW","foreign","2026-06-25","","%","네이버 금융 · 종목 투자자 동향","","","","2026-10-03T13:35:38.380Z","","","true","봉 기간의 마지막 유효 관측값","","","","partial","일부 거래일 누락","true","false","2024-10-02","2026-10-02","2026-09-17","2026-10-02","cumulative","2024-10-02"
"aligned","KR","stock","001820","day","KRW","foreign","2026-06-26","","%","네이버 금융 · 종목 투자자 동향","","","","2026-10-03T13:35:38.380Z","","","true","봉 기간의 마지막 유효 관측값","","","","partial","일부 거래일 누락","true","false","2024-10-02","2026-10-02","2026-09-17","2026-10-02","cumulative","2024-10-02"
"aligned","KR","stock","001820","day","KRW","foreign","2026-06-29","","%","네이버 금융 · 종목 투자자 동향","","","","2026-10-03T13:35:38.380Z","","","true","봉 기간의 마지막 유효 관측값","","","","partial","일부 거래일 누락","true","false","2024-10-02","2026-10-02","2026-09-17","2026-10-02","cumulative","2024-10-02"
"aligned","KR","stock","001820","day","KRW","foreign","2026-06-30","","%","네이버 금융 · 종목 투자자 동향","","","","2026-10-03T13:35:38.380Z","","","true","봉 기간의 마지막 유효 관측값","","","","partial","일부 거래일 누락","true","false","2024-10-02","2026-10-02","2026-09-17","2026-10-02","cumulative","2024-10-02"
"aligned","KR","stock","001820","day","KRW","foreign","2026-07-01","","%","네이버 금융 · 종목 투자자 동향","","","","2026-10-03T13:35:38.380Z","","","true","봉 기간의 마지막 유효 관측값","","","","partial","일부 거래일 누락","true","false","2024-10-02","2026-10-02","2026-09-17","2026-10-02","cumulative","2024-10-02"
"aligned","KR","stock","001820","day","KRW","foreign","2026-07-02","","%","네이버 금융 · 종목 투자자 동향","","","","2026-10-03T13:35:38.380Z","","","true","봉 기간의 마지막 유효 관측값","","","","partial","일부 거래일 누락","true","false","2024-10-02","2026-10-02","2026-09-17","2026-10-02","cumulative","2024-10-02"
"aligned","KR","stock","001820","day","KRW","foreign","2026-07-03","","%","네이버 금융 · 종목 투자자 동향","","","","2026-10-03T13:35:38.380Z","","","true","봉 기간의 마지막 유효 관측값","","","","partial","일부 거래일 누락","true","false","2024-10-02","2026-10-02","2026-09-17","2026-10-02","cumulative","2024-10-02"
"aligned","KR","stock","001820","day","KRW","foreign","2026-07-06","","%","네이버 금융 · 종목 투자자 동향","","","","2026-10-03T13:35:38.380Z","","","true","봉 기간의 마지막 유효 관측값","","","","partial","일부 거래일 누락","true","false","2024-10-02","2026-10-02","2026-09-17","2026-10-02","cumulative","2024-10-02"
"aligned","KR","stock","001820","day","KRW","foreign","2026-07-07","","%","네이버 금융 · 종목 투자자 동향","","","","2026-10-03T13:35:38.380Z","","","true","봉 기간의 마지막 유효 관측값","","","","partial","일부 거래일 누락","true","false","2024-10-02","2026-10-02","2026-09-17","2026-10-02","cumulative","2024-10-02"
"aligned","KR","stock","001820","day","KRW","foreign","2026-07-08","","%","네이버 금융 · 종목 투자자 동향","","","","2026-10-03T13:35:38.380Z","","","true","봉 기간의 마지막 유효 관측값","","","","partial","일부 거래일 누락","true","false","2024-10-02","2026-10-02","2026-09-17","2026-10-02","cumulative","2024-10-02"
"aligned","KR","stock","001820","day","KRW","foreign","2026-07-09","","%","네이버 금융 · 종목 투자자 동향","","","","2026-10-03T13:35:38.380Z","","","true","봉 기간의 마지막 유효 관측값","","","","partial","일부 거래일 누락","true","false","2024-10-02","2026-10-02","2026-09-17","2026-10-02","cumulative","2024-10-02"
"aligned","KR","stock","001820","day","KRW","foreign","2026-07-10","","%","네이버 금융 · 종목 투자자 동향","","","","2026-10-03T13:35:38.380Z","","","true","봉 기간의 마지막 유효 관측값","","","","partial","일부 거래일 누락","true","false","2024-10-02","2026-10-02","2026-09-17","2026-10-02","cumulative","2024-10-02"
"aligned","KR","stock","001820","day","KRW","foreign","2026-07-13","","%","네이버 금융 · 종목 투자자 동향","","","","2026-10-03T13:35:38.380Z","","","true","봉 기간의 마지막 유효 관측값","","","","partial","일부 거래일 누락","true","false","2024-10-02","2026-10-02","2026-09-17","2026-10-02","cumulative","2024-10-02"
"aligned","KR","stock","001820","day","KRW","foreign","2026-07-14","","%","네이버 금융 · 종목 투자자 동향","","","","2026-10-03T13:35:38.380Z","","","true","봉 기간의 마지막 유효 관측값","","","","partial","일부 거래일 누락","true","false","2024-10-02","2026-10-02","2026-09-17","2026-10-02","cumulative","2024-10-02"
"aligned","KR","stock","001820","day","KRW","foreign","2026-07-15","","%","네이버 금융 · 종목 투자자 동향","","","","2026-10-03T13:35:38.380Z","","","true","봉 기간의 마지막 유효 관측값","","","","partial","일부 거래일 누락","true","false","2024-10-02","2026-10-02","2026-09-17","2026-10-02","cumulative","2024-10-02"
"aligned","KR","stock","001820","day","KRW","foreign","2026-07-16","","%","네이버 금융 · 종목 투자자 동향","","","","2026-10-03T13:35:38.380Z","","","true","봉 기간의 마지막 유효 관측값","","","","partial","일부 거래일 누락","true","false","2024-10-02","2026-10-02","2026-09-17","2026-10-02","cumulative","2024-10-02"
"aligned","KR","stock","001820","day","KRW","foreign","2026-07-20","","%","네이버 금융 · 종목 투자자 동향","","","","2026-10-03T13:35:38.380Z","","","true","봉 기간의 마지막 유효 관측값","","","","partial","일부 거래일 누락","true","false","2024-10-02","2026-10-02","2026-09-17","2026-10-02","cumulative","2024-10-02"
"aligned","KR","stock","001820","day","KRW","foreign","2026-07-21","","%","네이버 금융 · 종목 투자자 동향","","","","2026-10-03T13:35:38.380Z","","","true","봉 기간의 마지막 유효 관측값","","","","partial","일부 거래일 누락","true","false","2024-10-02","2026-10-02","2026-09-17","2026-10-02","cumulative","2024-10-02"
"aligned","KR","stock","001820","day","KRW","foreign","2026-07-22","","%","네이버 금융 · 종목 투자자 동향","","","","2026-10-03T13:35:38.380Z","","","true","봉 기간의 마지막 유효 관측값","","","","partial","일부 거래일 누락","true","false","2024-10-02","2026-10-02","2026-09-17","2026-10-02","cumulative","2024-10-02"
"aligned","KR","stock","001820","day","KRW","foreign","2026-07-23","","%","네이버 금융 · 종목 투자자 동향","","","","2026-10-03T13:35:38.380Z","","","true","봉 기간의 마지막 유효 관측값","","","","partial","일부 거래일 누락","true","false","2024-10-02","2026-10-02","2026-09-17","2026-10-02","cumulative","2024-10-02"
"aligned","KR","stock","001820","day","KRW","foreign","2026-07-24","","%","네이버 금융 · 종목 투자자 동향","","","","2026-10-03T13:35:38.380Z","","","true","봉 기간의 마지막 유효 관측값","","","","partial","일부 거래일 누락","true","false","2024-10-02","2026-10-02","2026-09-17","2026-10-02","cumulative","2024-10-02"
"aligned","KR","stock","001820","day","KRW","foreign","2026-07-27","","%","네이버 금융 · 종목 투자자 동향","","","","2026-10-03T13:35:38.380Z","","","true","봉 기간의 마지막 유효 관측값","","","","partial","일부 거래일 누락","true","false","2024-10-02","2026-10-02","2026-09-17","2026-10-02","cumulative","2024-10-02"
"aligned","KR","stock","001820","day","KRW","foreign","2026-07-28","","%","네이버 금융 · 종목 투자자 동향","","","","2026-10-03T13:35:38.380Z","","","true","봉 기간의 마지막 유효 관측값","","","","partial","일부 거래일 누락","true","false","2024-10-02","2026-10-02","2026-09-17","2026-10-02","cumulative","2024-10-02"
"aligned","KR","stock","001820","day","KRW","foreign","2026-07-29","","%","네이버 금융 · 종목 투자자 동향","","","","2026-10-03T13:35:38.380Z","","","true","봉 기간의 마지막 유효 관측값","","","","partial","일부 거래일 누락","true","false","2024-10-02","2026-10-02","2026-09-17","2026-10-02","cumulative","2024-10-02"
"aligned","KR","stock","001820","day","KRW","foreign","2026-07-30","","%","네이버 금융 · 종목 투자자 동향","","","","2026-10-03T13:35:38.380Z","","","true","봉 기간의 마지막 유효 관측값","","","","partial","일부 거래일 누락","true","false","2024-10-02","2026-10-02","2026-09-17","2026-10-02","cumulative","2024-10-02"
"aligned","KR","stock","001820","day","KRW","foreign","2026-07-31","","%","네이버 금융 · 종목 투자자 동향","","","","2026-10-03T13:35:38.380Z","","","true","봉 기간의 마지막 유효 관측값","","","","partial","일부 거래일 누락","true","false","2024-10-02","2026-10-02","2026-09-17","2026-10-02","cumulative","2024-10-02"
"aligned","KR","stock","001820","day","KRW","foreign","2026-08-03","","%","네이버 금융 · 종목 투자자 동향","","","","2026-10-03T13:35:38.380Z","","","true","봉 기간의 마지막 유효 관측값","","","","partial","일부 거래일 누락","true","false","2024-10-02","2026-10-02","2026-09-17","2026-10-02","cumulative","2024-10-02"
"aligned","KR","stock","001820","day","KRW","foreign","2026-08-04","","%","네이버 금융 · 종목 투자자 동향","","","","2026-10-03T13:35:38.380Z","","","true","봉 기간의 마지막 유효 관측값","","","","partial","일부 거래일 누락","true","false","2024-10-02","2026-10-02","2026-09-17","2026-10-02","cumulative","2024-10-02"
"aligned","KR","stock","001820","day","KRW","foreign","2026-08-05","","%","네이버 금융 · 종목 투자자 동향","","","","2026-10-03T13:35:38.380Z","","","true","봉 기간의 마지막 유효 관측값","","","","partial","일부 거래일 누락","true","false","2024-10-02","2026-10-02","2026-09-17","2026-10-02","cumulative","2024-10-02"
"aligned","KR","stock","001820","day","KRW","foreign","2026-08-06","","%","네이버 금융 · 종목 투자자 동향","","","","2026-10-03T13:35:38.380Z","","","true","봉 기간의 마지막 유효 관측값","","","","partial","일부 거래일 누락","true","false","2024-10-02","2026-10-02","2026-09-17","2026-10-02","cumulative","2024-10-02"
"aligned","KR","stock","001820","day","KRW","foreign","2026-08-07","","%","네이버 금융 · 종목 투자자 동향","","","","2026-10-03T13:35:38.380Z","","","true","봉 기간의 마지막 유효 관측값","","","","partial","일부 거래일 누락","true","false","2024-10-02","2026-10-02","2026-09-17","2026-10-02","cumulative","2024-10-02"
"aligned","KR","stock","001820","day","KRW","foreign","2026-08-10","","%","네이버 금융 · 종목 투자자 동향","","","","2026-10-03T13:35:38.380Z","","","true","봉 기간의 마지막 유효 관측값","","","","partial","일부 거래일 누락","true","false","2024-10-02","2026-10-02","2026-09-17","2026-10-02","cumulative","2024-10-02"
"aligned","KR","stock","001820","day","KRW","foreign","2026-08-11","","%","네이버 금융 · 종목 투자자 동향","","","","2026-10-03T13:35:38.380Z","","","true","봉 기간의 마지막 유효 관측값","","","","partial","일부 거래일 누락","true","false","2024-10-02","2026-10-02","2026-09-17","2026-10-02","cumulative","2024-10-02"
"aligned","KR","stock","001820","day","KRW","foreign","2026-08-12","","%","네이버 금융 · 종목 투자자 동향","","","","2026-10-03T13:35:38.380Z","","","true","봉 기간의 마지막 유효 관측값","","","","partial","일부 거래일 누락","true","false","2024-10-02","2026-10-02","2026-09-17","2026-10-02","cumulative","2024-10-02"
"aligned","KR","stock","001820","day","KRW","foreign","2026-08-13","","%","네이버 금융 · 종목 투자자 동향","","","","2026-10-03T13:35:38.380Z","","","true","봉 기간의 마지막 유효 관측값","","","","partial","일부 거래일 누락","true","false","2024-10-02","2026-10-02","2026-09-17","2026-10-02","cumulative","2024-10-02"
"aligned","KR","stock","001820","day","KRW","foreign","2026-08-14","","%","네이버 금융 · 종목 투자자 동향","","","","2026-10-03T13:35:38.380Z","","","true","봉 기간의 마지막 유효 관측값","","","","partial","일부 거래일 누락","true","false","2024-10-02","2026-10-02","2026-09-17","2026-10-02","cumulative","2024-10-02"
"aligned","KR","stock","001820","day","KRW","foreign","2026-08-18","","%","네이버 금융 · 종목 투자자 동향","","","","2026-10-03T13:35:38.380Z","","","true","봉 기간의 마지막 유효 관측값","","","","partial","일부 거래일 누락","true","false","2024-10-02","2026-10-02","2026-09-17","2026-10-02","cumulative","2024-10-02"
"aligned","KR","stock","001820","day","KRW","foreign","2026-08-19","","%","네이버 금융 · 종목 투자자 동향","","","","2026-10-03T13:35:38.380Z","","","true","봉 기간의 마지막 유효 관측값","","","","partial","일부 거래일 누락","true","false","2024-10-02","2026-10-02","2026-09-17","2026-10-02","cumulative","2024-10-02"
"aligned","KR","stock","001820","day","KRW","foreign","2026-08-20","","%","네이버 금융 · 종목 투자자 동향","","","","2026-10-03T13:35:38.380Z","","","true","봉 기간의 마지막 유효 관측값","","","","partial","일부 거래일 누락","true","false","2024-10-02","2026-10-02","2026-09-17","2026-10-02","cumulative","2024-10-02"
"aligned","KR","stock","001820","day","KRW","foreign","2026-08-21","","%","네이버 금융 · 종목 투자자 동향","","","","2026-10-03T13:35:38.380Z","","","true","봉 기간의 마지막 유효 관측값","","","","partial","일부 거래일 누락","true","false","2024-10-02","2026-10-02","2026-09-17","2026-10-02","cumulative","2024-10-02"
"aligned","KR","stock","001820","day","KRW","foreign","2026-08-24","","%","네이버 금융 · 종목 투자자 동향","","","","2026-10-03T13:35:38.380Z","","","true","봉 기간의 마지막 유효 관측값","","","","partial","일부 거래일 누락","true","false","2024-10-02","2026-10-02","2026-09-17","2026-10-02","cumulative","2024-10-02"
"aligned","KR","stock","001820","day","KRW","foreign","2026-08-25","","%","네이버 금융 · 종목 투자자 동향","","","","2026-10-03T13:35:38.380Z","","","true","봉 기간의 마지막 유효 관측값","","","","partial","일부 거래일 누락","true","false","2024-10-02","2026-10-02","2026-09-17","2026-10-02","cumulative","2024-10-02"
"aligned","KR","stock","001820","day","KRW","foreign","2026-08-26","","%","네이버 금융 · 종목 투자자 동향","","","","2026-10-03T13:35:38.380Z","","","true","봉 기간의 마지막 유효 관측값","","","","partial","일부 거래일 누락","true","false","2024-10-02","2026-10-02","2026-09-17","2026-10-02","cumulative","2024-10-02"
"aligned","KR","stock","001820","day","KRW","foreign","2026-08-27","","%","네이버 금융 · 종목 투자자 동향","","","","2026-10-03T13:35:38.380Z","","","true","봉 기간의 마지막 유효 관측값","","","","partial","일부 거래일 누락","true","false","2024-10-02","2026-10-02","2026-09-17","2026-10-02","cumulative","2024-10-02"
"aligned","KR","stock","001820","day","KRW","foreign","2026-08-28","","%","네이버 금융 · 종목 투자자 동향","","","","2026-10-03T13:35:38.380Z","","","true","봉 기간의 마지막 유효 관측값","","","","partial","일부 거래일 누락","true","false","2024-10-02","2026-10-02","2026-09-17","2026-10-02","cumulative","2024-10-02"
"aligned","KR","stock","001820","day","KRW","foreign","2026-08-31","","%","네이버 금융 · 종목 투자자 동향","","","","2026-10-03T13:35:38.380Z","","","true","봉 기간의 마지막 유효 관측값","","","","partial","일부 거래일 누락","true","false","2024-10-02","2026-10-02","2026-09-17","2026-10-02","cumulative","2024-10-02"
"aligned","KR","stock","001820","day","KRW","foreign","2026-09-01","","%","네이버 금융 · 종목 투자자 동향","","","","2026-10-03T13:35:38.380Z","","","true","봉 기간의 마지막 유효 관측값","","","","partial","일부 거래일 누락","true","false","2024-10-02","2026-10-02","2026-09-17","2026-10-02","cumulative","2024-10-02"
"aligned","KR","stock","001820","day","KRW","foreign","2026-09-02","","%","네이버 금융 · 종목 투자자 동향","","","","2026-10-03T13:35:38.380Z","","","true","봉 기간의 마지막 유효 관측값","","","","partial","일부 거래일 누락","true","false","2024-10-02","2026-10-02","2026-09-17","2026-10-02","cumulative","2024-10-02"
"aligned","KR","stock","001820","day","KRW","foreign","2026-09-03","","%","네이버 금융 · 종목 투자자 동향","","","","2026-10-03T13:35:38.380Z","","","true","봉 기간의 마지막 유효 관측값","","","","partial","일부 거래일 누락","true","false","2024-10-02","2026-10-02","2026-09-17","2026-10-02","cumulative","2024-10-02"
"aligned","KR","stock","001820","day","KRW","foreign","2026-09-04","","%","네이버 금융 · 종목 투자자 동향","","","","2026-10-03T13:35:38.380Z","","","true","봉 기간의 마지막 유효 관측값","","","","partial","일부 거래일 누락","true","false","2024-10-02","2026-10-02","2026-09-17","2026-10-02","cumulative","2024-10-02"
"aligned","KR","stock","001820","day","KRW","foreign","2026-09-07","","%","네이버 금융 · 종목 투자자 동향","","","","2026-10-03T13:35:38.380Z","","","true","봉 기간의 마지막 유효 관측값","","","","partial","일부 거래일 누락","true","false","2024-10-02","2026-10-02","2026-09-17","2026-10-02","cumulative","2024-10-02"
"aligned","KR","stock","001820","day","KRW","foreign","2026-09-08","","%","네이버 금융 · 종목 투자자 동향","","","","2026-10-03T13:35:38.380Z","","","true","봉 기간의 마지막 유효 관측값","","","","partial","일부 거래일 누락","true","false","2024-10-02","2026-10-02","2026-09-17","2026-10-02","cumulative","2024-10-02"
"aligned","KR","stock","001820","day","KRW","foreign","2026-09-09","","%","네이버 금융 · 종목 투자자 동향","","","","2026-10-03T13:35:38.380Z","","","true","봉 기간의 마지막 유효 관측값","","","","partial","일부 거래일 누락","true","false","2024-10-02","2026-10-02","2026-09-17","2026-10-02","cumulative","2024-10-02"
"aligned","KR","stock","001820","day","KRW","foreign","2026-09-10","","%","네이버 금융 · 종목 투자자 동향","","","","2026-10-03T13:35:38.380Z","","","true","봉 기간의 마지막 유효 관측값","","","","partial","일부 거래일 누락","true","false","2024-10-02","2026-10-02","2026-09-17","2026-10-02","cumulative","2024-10-02"
"aligned","KR","stock","001820","day","KRW","foreign","2026-09-11","","%","네이버 금융 · 종목 투자자 동향","","","","2026-10-03T13:35:38.380Z","","","true","봉 기간의 마지막 유효 관측값","","","","partial","일부 거래일 누락","true","false","2024-10-02","2026-10-02","2026-09-17","2026-10-02","cumulative","2024-10-02"
"aligned","KR","stock","001820","day","KRW","foreign","2026-09-14","","%","네이버 금융 · 종목 투자자 동향","","","","2026-10-03T13:35:38.380Z","","","true","봉 기간의 마지막 유효 관측값","","","","partial","일부 거래일 누락","true","false","2024-10-02","2026-10-02","2026-09-17","2026-10-02","cumulative","2024-10-02"
"aligned","KR","stock","001820","day","KRW","foreign","2026-09-15","","%","네이버 금융 · 종목 투자자 동향","","","","2026-10-03T13:35:38.380Z","","","true","봉 기간의 마지막 유효 관측값","","","","partial","일부 거래일 누락","true","false","2024-10-02","2026-10-02","2026-09-17","2026-10-02","cumulative","2024-10-02"
"aligned","KR","stock","001820","day","KRW","foreign","2026-09-16","","%","네이버 금융 · 종목 투자자 동향","","","","2026-10-03T13:35:38.380Z","","","true","봉 기간의 마지막 유효 관측값","","","","partial","일부 거래일 누락","true","false","2024-10-02","2026-10-02","2026-09-17","2026-10-02","cumulative","2024-10-02"
"aligned","KR","stock","001820","day","KRW","foreign","2026-09-17","5.24","%","네이버 금융 · 종목 투자자 동향","foreignerHoldRatio","2026-09-17","trade-date","2026-10-03T13:35:38.380Z","","","true","봉 기간의 마지막 유효 관측값","","","","partial","요청 범위 중 일부 날짜만 제공 · 공표 시각/확정 여부 미확인","false","false","2024-10-02","2026-10-02","2026-09-17","2026-10-02","cumulative","2024-10-02"
"aligned","KR","stock","001820","day","KRW","foreign","2026-09-18","6.04","%","네이버 금융 · 종목 투자자 동향","foreignerHoldRatio","2026-09-18","trade-date","2026-10-03T13:35:38.380Z","","","true","봉 기간의 마지막 유효 관측값","","","","partial","요청 범위 중 일부 날짜만 제공 · 공표 시각/확정 여부 미확인","false","false","2024-10-02","2026-10-02","2026-09-17","2026-10-02","cumulative","2024-10-02"
"aligned","KR","stock","001820","day","KRW","foreign","2026-09-21","5.82","%","네이버 금융 · 종목 투자자 동향","foreignerHoldRatio","2026-09-21","trade-date","2026-10-03T13:35:38.380Z","","","true","봉 기간의 마지막 유효 관측값","","","","partial","요청 범위 중 일부 날짜만 제공 · 공표 시각/확정 여부 미확인","false","false","2024-10-02","2026-10-02","2026-09-17","2026-10-02","cumulative","2024-10-02"
"aligned","KR","stock","001820","day","KRW","foreign","2026-09-22","6.07","%","네이버 금융 · 종목 투자자 동향","foreignerHoldRatio","2026-09-22","trade-date","2026-10-03T13:35:38.380Z","","","true","봉 기간의 마지막 유효 관측값","","","","partial","요청 범위 중 일부 날짜만 제공 · 공표 시각/확정 여부 미확인","false","false","2024-10-02","2026-10-02","2026-09-17","2026-10-02","cumulative","2024-10-02"
"aligned","KR","stock","001820","day","KRW","foreign","2026-09-23","6.33","%","네이버 금융 · 종목 투자자 동향","foreignerHoldRatio","2026-09-23","trade-date","2026-10-03T13:35:38.380Z","","","true","봉 기간의 마지막 유효 관측값","","","","partial","요청 범위 중 일부 날짜만 제공 · 공표 시각/확정 여부 미확인","false","false","2024-10-02","2026-10-02","2026-09-17","2026-10-02","cumulative","2024-10-02"
"aligned","KR","stock","001820","day","KRW","foreign","2026-09-28","6.62","%","네이버 금융 · 종목 투자자 동향","foreignerHoldRatio","2026-09-28","trade-date","2026-10-03T13:35:38.380Z","","","true","봉 기간의 마지막 유효 관측값","","","","partial","요청 범위 중 일부 날짜만 제공 · 공표 시각/확정 여부 미확인","false","false","2024-10-02","2026-10-02","2026-09-17","2026-10-02","cumulative","2024-10-02"
"aligned","KR","stock","001820","day","KRW","foreign","2026-09-29","9.36","%","네이버 금융 · 종목 투자자 동향","foreignerHoldRatio","2026-09-29","trade-date","2026-10-03T13:35:38.380Z","","","true","봉 기간의 마지막 유효 관측값","","","","partial","요청 범위 중 일부 날짜만 제공 · 공표 시각/확정 여부 미확인","false","false","2024-10-02","2026-10-02","2026-09-17","2026-10-02","cumulative","2024-10-02"
"aligned","KR","stock","001820","day","KRW","foreign","2026-09-30","6.94","%","네이버 금융 · 종목 투자자 동향","foreignerHoldRatio","2026-09-30","trade-date","2026-10-03T13:35:38.380Z","","","true","봉 기간의 마지막 유효 관측값","","","","partial","요청 범위 중 일부 날짜만 제공 · 공표 시각/확정 여부 미확인","false","false","2024-10-02","2026-10-02","2026-09-17","2026-10-02","cumulative","2024-10-02"
"aligned","KR","stock","001820","day","KRW","foreign","2026-10-01","9.42","%","네이버 금융 · 종목 투자자 동향","foreignerHoldRatio","2026-10-01","trade-date","2026-10-03T13:35:38.380Z","","","true","봉 기간의 마지막 유효 관측값","","","","partial","요청 범위 중 일부 날짜만 제공 · 공표 시각/확정 여부 미확인","false","false","2024-10-02","2026-10-02","2026-09-17","2026-10-02","cumulative","2024-10-02"
"aligned","KR","stock","001820","day","KRW","foreign","2026-10-02","8.58","%","네이버 금융 · 종목 투자자 동향","foreignerHoldRatio","2026-10-02","trade-date","2026-10-03T13:35:38.380Z","","","true","봉 기간의 마지막 유효 관측값","","","","partial","요청 범위 중 일부 날짜만 제공 · 공표 시각/확정 여부 미확인","false","false","2024-10-02","2026-10-02","2026-09-17","2026-10-02","cumulative","2024-10-02"
"status","KR","stock","001820","day","KRW","investmentTrust","","","주","한국투자증권 · 종목별 투자자매매동향(일별)","","","","2026-10-03T13:35:38.380Z","","","","","","","","not-configured","KIS_APP_KEY / KIS_APP_SECRET 인증 미설정 · 해당 종목 실응답 미검증","","false","2024-10-02","2026-10-02","","","cumulative","2024-10-02"
"aligned","KR","stock","001820","day","KRW","investmentTrust","2024-10-02","","주","한국투자증권 · 종목별 투자자매매동향(일별)","","2024-10-02","","2026-10-03T13:35:38.380Z","","","true","Σ dailyNet[2024-10-02..asOf]","","","","not-configured","기준일 이후 누락: 누적순매수 미확정","true","false","2024-10-02","2026-10-02","","","cumulative","2024-10-02"
"aligned","KR","stock","001820","day","KRW","investmentTrust","2024-10-04","","주","한국투자증권 · 종목별 투자자매매동향(일별)","","2024-10-04","","2026-10-03T13:35:38.380Z","","","true","Σ dailyNet[2024-10-02..asOf]","","","","not-configured","기준일 이후 누락: 누적순매수 미확정","true","false","2024-10-02","2026-10-02","","","cumulative","2024-10-02"
"aligned","KR","stock","001820","day","KRW","investmentTrust","2024-10-07","","주","한국투자증권 · 종목별 투자자매매동향(일별)","","2024-10-07","","2026-10-03T13:35:38.380Z","","","true","Σ dailyNet[2024-10-02..asOf]","","","","not-configured","기준일 이후 누락: 누적순매수 미확정","true","false","2024-10-02","2026-10-02","","","cumulative","2024-10-02"
"aligned","KR","stock","001820","day","KRW","investmentTrust","2024-10-08","","주","한국투자증권 · 종목별 투자자매매동향(일별)","","2024-10-08","","2026-10-03T13:35:38.380Z","","","true","Σ dailyNet[2024-10-02..asOf]","","","","not-configured","기준일 이후 누락: 누적순매수 미확정","true","false","2024-10-02","2026-10-02","","","cumulative","2024-10-02"
"aligned","KR","stock","001820","day","KRW","investmentTrust","2024-10-10","","주","한국투자증권 · 종목별 투자자매매동향(일별)","","2024-10-10","","2026-10-03T13:35:38.380Z","","","true","Σ dailyNet[2024-10-02..asOf]","","","","not-configured","기준일 이후 누락: 누적순매수 미확정","true","false","2024-10-02","2026-10-02","","","cumulative","2024-10-02"
"aligned","KR","stock","001820","day","KRW","investmentTrust","2024-10-11","","주","한국투자증권 · 종목별 투자자매매동향(일별)","","2024-10-11","","2026-10-03T13:35:38.380Z","","","true","Σ dailyNet[2024-10-02..asOf]","","","","not-configured","기준일 이후 누락: 누적순매수 미확정","true","false","2024-10-02","2026-10-02","","","cumulative","2024-10-02"
"aligned","KR","stock","001820","day","KRW","investmentTrust","2024-10-14","","주","한국투자증권 · 종목별 투자자매매동향(일별)","","2024-10-14","","2026-10-03T13:35:38.380Z","","","true","Σ dailyNet[2024-10-02..asOf]","","","","not-configured","기준일 이후 누락: 누적순매수 미확정","true","false","2024-10-02","2026-10-02","","","cumulative","2024-10-02"
"aligned","KR","stock","001820","day","KRW","investmentTrust","2024-10-15","","주","한국투자증권 · 종목별 투자자매매동향(일별)","","2024-10-15","","2026-10-03T13:35:38.380Z","","","true","Σ dailyNet[2024-10-02..asOf]","","","","not-configured","기준일 이후 누락: 누적순매수 미확정","true","false","2024-10-02","2026-10-02","","","cumulative","2024-10-02"
"aligned","KR","stock","001820","day","KRW","investmentTrust","2024-10-16","","주","한국투자증권 · 종목별 투자자매매동향(일별)","","2024-10-16","","2026-10-03T13:35:38.380Z","","","true","Σ dailyNet[2024-10-02..asOf]","","","","not-configured","기준일 이후 누락: 누적순매수 미확정","true","false","2024-10-02","2026-10-02","","","cumulative","2024-10-02"
"aligned","KR","stock","001820","day","KRW","investmentTrust","2024-10-17","","주","한국투자증권 · 종목별 투자자매매동향(일별)","","2024-10-17","","2026-10-03T13:35:38.380Z","","","true","Σ dailyNet[2024-10-02..asOf]","","","","not-configured","기준일 이후 누락: 누적순매수 미확정","true","false","2024-10-02","2026-10-02","","","cumulative","2024-10-02"
"aligned","KR","stock","001820","day","KRW","investmentTrust","2024-10-18","","주","한국투자증권 · 종목별 투자자매매동향(일별)","","2024-10-18","","2026-10-03T13:35:38.380Z","","","true","Σ dailyNet[2024-10-02..asOf]","","","","not-configured","기준일 이후 누락: 누적순매수 미확정","true","false","2024-10-02","2026-10-02","","","cumulative","2024-10-02"
"aligned","KR","stock","001820","day","KRW","investmentTrust","2024-10-21","","주","한국투자증권 · 종목별 투자자매매동향(일별)","","2024-10-21","","2026-10-03T13:35:38.380Z","","","true","Σ dailyNet[2024-10-02..asOf]","","","","not-configured","기준일 이후 누락: 누적순매수 미확정","true","false","2024-10-02","2026-10-02","","","cumulative","2024-10-02"
"aligned","KR","stock","001820","day","KRW","investmentTrust","2024-10-22","","주","한국투자증권 · 종목별 투자자매매동향(일별)","","2024-10-22","","2026-10-03T13:35:38.380Z","","","true","Σ dailyNet[2024-10-02..asOf]","","","","not-configured","기준일 이후 누락: 누적순매수 미확정","true","false","2024-10-02","2026-10-02","","","cumulative","2024-10-02"
"aligned","KR","stock","001820","day","KRW","investmentTrust","2024-10-23","","주","한국투자증권 · 종목별 투자자매매동향(일별)","","2024-10-23","","2026-10-03T13:35:38.380Z","","","true","Σ dailyNet[2024-10-02..asOf]","","","","not-configured","기준일 이후 누락: 누적순매수 미확정","true","false","2024-10-02","2026-10-02","","","cumulative","2024-10-02"
"aligned","KR","stock","001820","day","KRW","investmentTrust","2024-10-24","","주","한국투자증권 · 종목별 투자자매매동향(일별)","","2024-10-24","","2026-10-03T13:35:38.380Z","","","true","Σ dailyNet[2024-10-02..asOf]","","","","not-configured","기준일 이후 누락: 누적순매수 미확정","true","false","2024-10-02","2026-10-02","","","cumulative","2024-10-02"
"aligned","KR","stock","001820","day","KRW","investmentTrust","2024-10-25","","주","한국투자증권 · 종목별 투자자매매동향(일별)","","2024-10-25","","2026-10-03T13:35:38.380Z","","","true","Σ dailyNet[2024-10-02..asOf]","","","","not-configured","기준일 이후 누락: 누적순매수 미확정","true","false","2024-10-02","2026-10-02","","","cumulative","2024-10-02"
"aligned","KR","stock","001820","day","KRW","investmentTrust","2024-10-28","","주","한국투자증권 · 종목별 투자자매매동향(일별)","","2024-10-28","","2026-10-03T13:35:38.380Z","","","true","Σ dailyNet[2024-10-02..asOf]","","","","not-configured","기준일 이후 누락: 누적순매수 미확정","true","false","2024-10-02","2026-10-02","","","cumulative","2024-10-02"
"aligned","KR","stock","001820","day","KRW","investmentTrust","2024-10-29","","주","한국투자증권 · 종목별 투자자매매동향(일별)","","2024-10-29","","2026-10-03T13:35:38.380Z","","","true","Σ dailyNet[2024-10-02..asOf]","","","","not-configured","기준일 이후 누락: 누적순매수 미확정","true","false","2024-10-02","2026-10-02","","","cumulative","2024-10-02"
"aligned","KR","stock","001820","day","KRW","investmentTrust","2024-10-30","","주","한국투자증권 · 종목별 투자자매매동향(일별)","","2024-10-30","","2026-10-03T13:35:38.380Z","","","true","Σ dailyNet[2024-10-02..asOf]","","","","not-configured","기준일 이후 누락: 누적순매수 미확정","true","false","2024-10-02","2026-10-02","","","cumulative","2024-10-02"
"aligned","KR","stock","001820","day","KRW","investmentTrust","2024-10-31","","주","한국투자증권 · 종목별 투자자매매동향(일별)","","2024-10-31","","2026-10-03T13:35:38.380Z","","","true","Σ dailyNet[2024-10-02..asOf]","","","","not-configured","기준일 이후 누락: 누적순매수 미확정","true","false","2024-10-02","2026-10-02","","","cumulative","2024-10-02"
"aligned","KR","stock","001820","day","KRW","investmentTrust","2024-11-01","","주","한국투자증권 · 종목별 투자자매매동향(일별)","","2024-11-01","","2026-10-03T13:35:38.380Z","","","true","Σ dailyNet[2024-10-02..asOf]","","","","not-configured","기준일 이후 누락: 누적순매수 미확정","true","false","2024-10-02","2026-10-02","","","cumulative","2024-10-02"
"aligned","KR","stock","001820","day","KRW","investmentTrust","2024-11-04","","주","한국투자증권 · 종목별 투자자매매동향(일별)","","2024-11-04","","2026-10-03T13:35:38.380Z","","","true","Σ dailyNet[2024-10-02..asOf]","","","","not-configured","기준일 이후 누락: 누적순매수 미확정","true","false","2024-10-02","2026-10-02","","","cumulative","2024-10-02"
"aligned","KR","stock","001820","day","KRW","investmentTrust","2024-11-05","","주","한국투자증권 · 종목별 투자자매매동향(일별)","","2024-11-05","","2026-10-03T13:35:38.380Z","","","true","Σ dailyNet[2024-10-02..asOf]","","","","not-configured","기준일 이후 누락: 누적순매수 미확정","true","false","2024-10-02","2026-10-02","","","cumulative","2024-10-02"
"aligned","KR","stock","001820","day","KRW","investmentTrust","2024-11-06","","주","한국투자증권 · 종목별 투자자매매동향(일별)","","2024-11-06","","2026-10-03T13:35:38.380Z","","","true","Σ dailyNet[2024-10-02..asOf]","","","","not-configured","기준일 이후 누락: 누적순매수 미확정","true","false","2024-10-02","2026-10-02","","","cumulative","2024-10-02"
"aligned","KR","stock","001820","day","KRW","investmentTrust","2024-11-07","","주","한국투자증권 · 종목별 투자자매매동향(일별)","","2024-11-07","","2026-10-03T13:35:38.380Z","","","true","Σ dailyNet[2024-10-02..asOf]","","","","not-configured","기준일 이후 누락: 누적순매수 미확정","true","false","2024-10-02","2026-10-02","","","cumulative","2024-10-02"
"aligned","KR","stock","001820","day","KRW","investmentTrust","2024-11-08","","주","한국투자증권 · 종목별 투자자매매동향(일별)","","2024-11-08","","2026-10-03T13:35:38.380Z","","","true","Σ dailyNet[2024-10-02..asOf]","","","","not-configured","기준일 이후 누락: 누적순매수 미확정","true","false","2024-10-02","2026-10-02","","","cumulative","2024-10-02"
"aligned","KR","stock","001820","day","KRW","investmentTrust","2024-11-11","","주","한국투자증권 · 종목별 투자자매매동향(일별)","","2024-11-11","","2026-10-03T13:35:38.380Z","","","true","Σ dailyNet[2024-10-02..asOf]","","","","not-configured","기준일 이후 누락: 누적순매수 미확정","true","false","2024-10-02","2026-10-02","","","cumulative","2024-10-02"
"aligned","KR","stock","001820","day","KRW","investmentTrust","2024-11-12","","주","한국투자증권 · 종목별 투자자매매동향(일별)","","2024-11-12","","2026-10-03T13:35:38.380Z","","","true","Σ dailyNet[2024-10-02..asOf]","","","","not-configured","기준일 이후 누락: 누적순매수 미확정","true","false","2024-10-02","2026-10-02","","","cumulative","2024-10-02"
"aligned","KR","stock","001820","day","KRW","investmentTrust","2024-11-13","","주","한국투자증권 · 종목별 투자자매매동향(일별)","","2024-11-13","","2026-10-03T13:35:38.380Z","","","true","Σ dailyNet[2024-10-02..asOf]","","","","not-configured","기준일 이후 누락: 누적순매수 미확정","true","false","2024-10-02","2026-10-02","","","cumulative","2024-10-02"
"aligned","KR","stock","001820","day","KRW","investmentTrust","2024-11-14","","주","한국투자증권 · 종목별 투자자매매동향(일별)","","2024-11-14","","2026-10-03T13:35:38.380Z","","","true","Σ dailyNet[2024-10-02..asOf]","","","","not-configured","기준일 이후 누락: 누적순매수 미확정","true","false","2024-10-02","2026-10-02","","","cumulative","2024-10-02"
"aligned","KR","stock","001820","day","KRW","investmentTrust","2024-11-15","","주","한국투자증권 · 종목별 투자자매매동향(일별)","","2024-11-15","","2026-10-03T13:35:38.380Z","","","true","Σ dailyNet[2024-10-02..asOf]","","","","not-configured","기준일 이후 누락: 누적순매수 미확정","true","false","2024-10-02","2026-10-02","","","cumulative","2024-10-02"
"aligned","KR","stock","001820","day","KRW","investmentTrust","2024-11-18","","주","한국투자증권 · 종목별 투자자매매동향(일별)","","2024-11-18","","2026-10-03T13:35:38.380Z","","","true","Σ dailyNet[2024-10-02..asOf]","","","","not-configured","기준일 이후 누락: 누적순매수 미확정","true","false","2024-10-02","2026-10-02","","","cumulative","2024-10-02"
"aligned","KR","stock","001820","day","KRW","investmentTrust","2024-11-19","","주","한국투자증권 · 종목별 투자자매매동향(일별)","","2024-11-19","","2026-10-03T13:35:38.380Z","","","true","Σ dailyNet[2024-10-02..asOf]","","","","not-configured","기준일 이후 누락: 누적순매수 미확정","true","false","2024-10-02","2026-10-02","","","cumulative","2024-10-02"
"aligned","KR","stock","001820","day","KRW","investmentTrust","2024-11-20","","주","한국투자증권 · 종목별 투자자매매동향(일별)","","2024-11-20","","2026-10-03T13:35:38.380Z","","","true","Σ dailyNet[2024-10-02..asOf]","","","","not-configured","기준일 이후 누락: 누적순매수 미확정","true","false","2024-10-02","2026-10-02","","","cumulative","2024-10-02"
"aligned","KR","stock","001820","day","KRW","investmentTrust","2024-11-21","","주","한국투자증권 · 종목별 투자자매매동향(일별)","","2024-11-21","","2026-10-03T13:35:38.380Z","","","true","Σ dailyNet[2024-10-02..asOf]","","","","not-configured","기준일 이후 누락: 누적순매수 미확정","true","false","2024-10-02","2026-10-02","","","cumulative","2024-10-02"
"aligned","KR","stock","001820","day","KRW","investmentTrust","2024-11-22","","주","한국투자증권 · 종목별 투자자매매동향(일별)","","2024-11-22","","2026-10-03T13:35:38.380Z","","","true","Σ dailyNet[2024-10-02..asOf]","","","","not-configured","기준일 이후 누락: 누적순매수 미확정","true","false","2024-10-02","2026-10-02","","","cumulative","2024-10-02"
"aligned","KR","stock","001820","day","KRW","investmentTrust","2024-11-25","","주","한국투자증권 · 종목별 투자자매매동향(일별)","","2024-11-25","","2026-10-03T13:35:38.380Z","","","true","Σ dailyNet[2024-10-02..asOf]","","","","not-configured","기준일 이후 누락: 누적순매수 미확정","true","false","2024-10-02","2026-10-02","","","cumulative","2024-10-02"
"aligned","KR","stock","001820","day","KRW","investmentTrust","2024-11-26","","주","한국투자증권 · 종목별 투자자매매동향(일별)","","2024-11-26","","2026-10-03T13:35:38.380Z","","","true","Σ dailyNet[2024-10-02..asOf]","","","","not-configured","기준일 이후 누락: 누적순매수 미확정","true","false","2024-10-02","2026-10-02","","","cumulative","2024-10-02"
"aligned","KR","stock","001820","day","KRW","investmentTrust","2024-11-27","","주","한국투자증권 · 종목별 투자자매매동향(일별)","","2024-11-27","","2026-10-03T13:35:38.380Z","","","true","Σ dailyNet[2024-10-02..asOf]","","","","not-configured","기준일 이후 누락: 누적순매수 미확정","true","false","2024-10-02","2026-10-02","","","cumulative","2024-10-02"
"aligned","KR","stock","001820","day","KRW","investmentTrust","2024-11-28","","주","한국투자증권 · 종목별 투자자매매동향(일별)","","2024-11-28","","2026-10-03T13:35:38.380Z","","","true","Σ dailyNet[2024-10-02..asOf]","","","","not-configured","기준일 이후 누락: 누적순매수 미확정","true","false","2024-10-02","2026-10-02","","","cumulative","2024-10-02"
"aligned","KR","stock","001820","day","KRW","investmentTrust","2024-11-29","","주","한국투자증권 · 종목별 투자자매매동향(일별)","","2024-11-29","","2026-10-03T13:35:38.380Z","","","true","Σ dailyNet[2024-10-02..asOf]","","","","not-configured","기준일 이후 누락: 누적순매수 미확정","true","false","2024-10-02","2026-10-02","","","cumulative","2024-10-02"
"aligned","KR","stock","001820","day","KRW","investmentTrust","2024-12-02","","주","한국투자증권 · 종목별 투자자매매동향(일별)","","2024-12-02","","2026-10-03T13:35:38.380Z","","","true","Σ dailyNet[2024-10-02..asOf]","","","","not-configured","기준일 이후 누락: 누적순매수 미확정","true","false","2024-10-02","2026-10-02","","","cumulative","2024-10-02"
"aligned","KR","stock","001820","day","KRW","investmentTrust","2024-12-03","","주","한국투자증권 · 종목별 투자자매매동향(일별)","","2024-12-03","","2026-10-03T13:35:38.380Z","","","true","Σ dailyNet[2024-10-02..asOf]","","","","not-configured","기준일 이후 누락: 누적순매수 미확정","true","false","2024-10-02","2026-10-02","","","cumulative","2024-10-02"
"aligned","KR","stock","001820","day","KRW","investmentTrust","2024-12-04","","주","한국투자증권 · 종목별 투자자매매동향(일별)","","2024-12-04","","2026-10-03T13:35:38.380Z","","","true","Σ dailyNet[2024-10-02..asOf]","","","","not-configured","기준일 이후 누락: 누적순매수 미확정","true","false","2024-10-02","2026-10-02","","","cumulative","2024-10-02"
"aligned","KR","stock","001820","day","KRW","investmentTrust","2024-12-05","","주","한국투자증권 · 종목별 투자자매매동향(일별)","","2024-12-05","","2026-10-03T13:35:38.380Z","","","true","Σ dailyNet[2024-10-02..asOf]","","","","not-configured","기준일 이후 누락: 누적순매수 미확정","true","false","2024-10-02","2026-10-02","","","cumulative","2024-10-02"
"aligned","KR","stock","001820","day","KRW","investmentTrust","2024-12-06","","주","한국투자증권 · 종목별 투자자매매동향(일별)","","2024-12-06","","2026-10-03T13:35:38.380Z","","","true","Σ dailyNet[2024-10-02..asOf]","","","","not-configured","기준일 이후 누락: 누적순매수 미확정","true","false","2024-10-02","2026-10-02","","","cumulative","2024-10-02"
"aligned","KR","stock","001820","day","KRW","investmentTrust","2024-12-09","","주","한국투자증권 · 종목별 투자자매매동향(일별)","","2024-12-09","","2026-10-03T13:35:38.380Z","","","true","Σ dailyNet[2024-10-02..asOf]","","","","not-configured","기준일 이후 누락: 누적순매수 미확정","true","false","2024-10-02","2026-10-02","","","cumulative","2024-10-02"
"aligned","KR","stock","001820","day","KRW","investmentTrust","2024-12-10","","주","한국투자증권 · 종목별 투자자매매동향(일별)","","2024-12-10","","2026-10-03T13:35:38.380Z","","","true","Σ dailyNet[2024-10-02..asOf]","","","","not-configured","기준일 이후 누락: 누적순매수 미확정","true","false","2024-10-02","2026-10-02","","","cumulative","2024-10-02"
"aligned","KR","stock","001820","day","KRW","investmentTrust","2024-12-11","","주","한국투자증권 · 종목별 투자자매매동향(일별)","","2024-12-11","","2026-10-03T13:35:38.380Z","","","true","Σ dailyNet[2024-10-02..asOf]","","","","not-configured","기준일 이후 누락: 누적순매수 미확정","true","false","2024-10-02","2026-10-02","","","cumulative","2024-10-02"
"aligned","KR","stock","001820","day","KRW","investmentTrust","2024-12-12","","주","한국투자증권 · 종목별 투자자매매동향(일별)","","2024-12-12","","2026-10-03T13:35:38.380Z","","","true","Σ dailyNet[2024-10-02..asOf]","","","","not-configured","기준일 이후 누락: 누적순매수 미확정","true","false","2024-10-02","2026-10-02","","","cumulative","2024-10-02"
"aligned","KR","stock","001820","day","KRW","investmentTrust","2024-12-13","","주","한국투자증권 · 종목별 투자자매매동향(일별)","","2024-12-13","","2026-10-03T13:35:38.380Z","","","true","Σ dailyNet[2024-10-02..asOf]","","","","not-configured","기준일 이후 누락: 누적순매수 미확정","true","false","2024-10-02","2026-10-02","","","cumulative","2024-10-02"
"aligned","KR","stock","001820","day","KRW","investmentTrust","2024-12-16","","주","한국투자증권 · 종목별 투자자매매동향(일별)","","2024-12-16","","2026-10-03T13:35:38.380Z","","","true","Σ dailyNet[2024-10-02..asOf]","","","","not-configured","기준일 이후 누락: 누적순매수 미확정","true","false","2024-10-02","2026-10-02","","","cumulative","2024-10-02"
"aligned","KR","stock","001820","day","KRW","investmentTrust","2024-12-17","","주","한국투자증권 · 종목별 투자자매매동향(일별)","","2024-12-17","","2026-10-03T13:35:38.380Z","","","true","Σ dailyNet[2024-10-02..asOf]","","","","not-configured","기준일 이후 누락: 누적순매수 미확정","true","false","2024-10-02","2026-10-02","","","cumulative","2024-10-02"
"aligned","KR","stock","001820","day","KRW","investmentTrust","2024-12-18","","주","한국투자증권 · 종목별 투자자매매동향(일별)","","2024-12-18","","2026-10-03T13:35:38.380Z","","","true","Σ dailyNet[2024-10-02..asOf]","","","","not-configured","기준일 이후 누락: 누적순매수 미확정","true","false","2024-10-02","2026-10-02","","","cumulative","2024-10-02"
"aligned","KR","stock","001820","day","KRW","investmentTrust","2024-12-19","","주","한국투자증권 · 종목별 투자자매매동향(일별)","","2024-12-19","","2026-10-03T13:35:38.380Z","","","true","Σ dailyNet[2024-10-02..asOf]","","","","not-configured","기준일 이후 누락: 누적순매수 미확정","true","false","2024-10-02","2026-10-02","","","cumulative","2024-10-02"
"aligned","KR","stock","001820","day","KRW","investmentTrust","2024-12-20","","주","한국투자증권 · 종목별 투자자매매동향(일별)","","2024-12-20","","2026-10-03T13:35:38.380Z","","","true","Σ dailyNet[2024-10-02..asOf]","","","","not-configured","기준일 이후 누락: 누적순매수 미확정","true","false","2024-10-02","2026-10-02","","","cumulative","2024-10-02"
"aligned","KR","stock","001820","day","KRW","investmentTrust","2024-12-23","","주","한국투자증권 · 종목별 투자자매매동향(일별)","","2024-12-23","","2026-10-03T13:35:38.380Z","","","true","Σ dailyNet[2024-10-02..asOf]","","","","not-configured","기준일 이후 누락: 누적순매수 미확정","true","false","2024-10-02","2026-10-02","","","cumulative","2024-10-02"
"aligned","KR","stock","001820","day","KRW","investmentTrust","2024-12-24","","주","한국투자증권 · 종목별 투자자매매동향(일별)","","2024-12-24","","2026-10-03T13:35:38.380Z","","","true","Σ dailyNet[2024-10-02..asOf]","","","","not-configured","기준일 이후 누락: 누적순매수 미확정","true","false","2024-10-02","2026-10-02","","","cumulative","2024-10-02"
"aligned","KR","stock","001820","day","KRW","investmentTrust","2024-12-26","","주","한국투자증권 · 종목별 투자자매매동향(일별)","","2024-12-26","","2026-10-03T13:35:38.380Z","","","true","Σ dailyNet[2024-10-02..asOf]","","","","not-configured","기준일 이후 누락: 누적순매수 미확정","true","false","2024-10-02","2026-10-02","","","cumulative","2024-10-02"
"aligned","KR","stock","001820","day","KRW","investmentTrust","2024-12-27","","주","한국투자증권 · 종목별 투자자매매동향(일별)","","2024-12-27","","2026-10-03T13:35:38.380Z","","","true","Σ dailyNet[2024-10-02..asOf]","","","","not-configured","기준일 이후 누락: 누적순매수 미확정","true","false","2024-10-02","2026-10-02","","","cumulative","2024-10-02"
"aligned","KR","stock","001820","day","KRW","investmentTrust","2024-12-30","","주","한국투자증권 · 종목별 투자자매매동향(일별)","","2024-12-30","","2026-10-03T13:35:38.380Z","","","true","Σ dailyNet[2024-10-02..asOf]","","","","not-configured","기준일 이후 누락: 누적순매수 미확정","true","false","2024-10-02","2026-10-02","","","cumulative","2024-10-02"
"aligned","KR","stock","001820","day","KRW","investmentTrust","2025-01-02","","주","한국투자증권 · 종목별 투자자매매동향(일별)","","2025-01-02","","2026-10-03T13:35:38.380Z","","","true","Σ dailyNet[2024-10-02..asOf]","","","","not-configured","기준일 이후 누락: 누적순매수 미확정","true","false","2024-10-02","2026-10-02","","","cumulative","2024-10-02"
"aligned","KR","stock","001820","day","KRW","investmentTrust","2025-01-03","","주","한국투자증권 · 종목별 투자자매매동향(일별)","","2025-01-03","","2026-10-03T13:35:38.380Z","","","true","Σ dailyNet[2024-10-02..asOf]","","","","not-configured","기준일 이후 누락: 누적순매수 미확정","true","false","2024-10-02","2026-10-02","","","cumulative","2024-10-02"
"aligned","KR","stock","001820","day","KRW","investmentTrust","2025-01-06","","주","한국투자증권 · 종목별 투자자매매동향(일별)","","2025-01-06","","2026-10-03T13:35:38.380Z","","","true","Σ dailyNet[2024-10-02..asOf]","","","","not-configured","기준일 이후 누락: 누적순매수 미확정","true","false","2024-10-02","2026-10-02","","","cumulative","2024-10-02"
"aligned","KR","stock","001820","day","KRW","investmentTrust","2025-01-07","","주","한국투자증권 · 종목별 투자자매매동향(일별)","","2025-01-07","","2026-10-03T13:35:38.380Z","","","true","Σ dailyNet[2024-10-02..asOf]","","","","not-configured","기준일 이후 누락: 누적순매수 미확정","true","false","2024-10-02","2026-10-02","","","cumulative","2024-10-02"
"aligned","KR","stock","001820","day","KRW","investmentTrust","2025-01-08","","주","한국투자증권 · 종목별 투자자매매동향(일별)","","2025-01-08","","2026-10-03T13:35:38.380Z","","","true","Σ dailyNet[2024-10-02..asOf]","","","","not-configured","기준일 이후 누락: 누적순매수 미확정","true","false","2024-10-02","2026-10-02","","","cumulative","2024-10-02"
"aligned","KR","stock","001820","day","KRW","investmentTrust","2025-01-09","","주","한국투자증권 · 종목별 투자자매매동향(일별)","","2025-01-09","","2026-10-03T13:35:38.380Z","","","true","Σ dailyNet[2024-10-02..asOf]","","","","not-configured","기준일 이후 누락: 누적순매수 미확정","true","false","2024-10-02","2026-10-02","","","cumulative","2024-10-02"
"aligned","KR","stock","001820","day","KRW","investmentTrust","2025-01-10","","주","한국투자증권 · 종목별 투자자매매동향(일별)","","2025-01-10","","2026-10-03T13:35:38.380Z","","","true","Σ dailyNet[2024-10-02..asOf]","","","","not-configured","기준일 이후 누락: 누적순매수 미확정","true","false","2024-10-02","2026-10-02","","","cumulative","2024-10-02"
"aligned","KR","stock","001820","day","KRW","investmentTrust","2025-01-13","","주","한국투자증권 · 종목별 투자자매매동향(일별)","","2025-01-13","","2026-10-03T13:35:38.380Z","","","true","Σ dailyNet[2024-10-02..asOf]","","","","not-configured","기준일 이후 누락: 누적순매수 미확정","true","false","2024-10-02","2026-10-02","","","cumulative","2024-10-02"
"aligned","KR","stock","001820","day","KRW","investmentTrust","2025-01-14","","주","한국투자증권 · 종목별 투자자매매동향(일별)","","2025-01-14","","2026-10-03T13:35:38.380Z","","","true","Σ dailyNet[2024-10-02..asOf]","","","","not-configured","기준일 이후 누락: 누적순매수 미확정","true","false","2024-10-02","2026-10-02","","","cumulative","2024-10-02"
"aligned","KR","stock","001820","day","KRW","investmentTrust","2025-01-15","","주","한국투자증권 · 종목별 투자자매매동향(일별)","","2025-01-15","","2026-10-03T13:35:38.380Z","","","true","Σ dailyNet[2024-10-02..asOf]","","","","not-configured","기준일 이후 누락: 누적순매수 미확정","true","false","2024-10-02","2026-10-02","","","cumulative","2024-10-02"
"aligned","KR","stock","001820","day","KRW","investmentTrust","2025-01-16","","주","한국투자증권 · 종목별 투자자매매동향(일별)","","2025-01-16","","2026-10-03T13:35:38.380Z","","","true","Σ dailyNet[2024-10-02..asOf]","","","","not-configured","기준일 이후 누락: 누적순매수 미확정","true","false","2024-10-02","2026-10-02","","","cumulative","2024-10-02"
"aligned","KR","stock","001820","day","KRW","investmentTrust","2025-01-17","","주","한국투자증권 · 종목별 투자자매매동향(일별)","","2025-01-17","","2026-10-03T13:35:38.380Z","","","true","Σ dailyNet[2024-10-02..asOf]","","","","not-configured","기준일 이후 누락: 누적순매수 미확정","true","false","2024-10-02","2026-10-02","","","cumulative","2024-10-02"
"aligned","KR","stock","001820","day","KRW","investmentTrust","2025-01-20","","주","한국투자증권 · 종목별 투자자매매동향(일별)","","2025-01-20","","2026-10-03T13:35:38.380Z","","","true","Σ dailyNet[2024-10-02..asOf]","","","","not-configured","기준일 이후 누락: 누적순매수 미확정","true","false","2024-10-02","2026-10-02","","","cumulative","2024-10-02"
"aligned","KR","stock","001820","day","KRW","investmentTrust","2025-01-21","","주","한국투자증권 · 종목별 투자자매매동향(일별)","","2025-01-21","","2026-10-03T13:35:38.380Z","","","true","Σ dailyNet[2024-10-02..asOf]","","","","not-configured","기준일 이후 누락: 누적순매수 미확정","true","false","2024-10-02","2026-10-02","","","cumulative","2024-10-02"
"aligned","KR","stock","001820","day","KRW","investmentTrust","2025-01-22","","주","한국투자증권 · 종목별 투자자매매동향(일별)","","2025-01-22","","2026-10-03T13:35:38.380Z","","","true","Σ dailyNet[2024-10-02..asOf]","","","","not-configured","기준일 이후 누락: 누적순매수 미확정","true","false","2024-10-02","2026-10-02","","","cumulative","2024-10-02"
"aligned","KR","stock","001820","day","KRW","investmentTrust","2025-01-23","","주","한국투자증권 · 종목별 투자자매매동향(일별)","","2025-01-23","","2026-10-03T13:35:38.380Z","","","true","Σ dailyNet[2024-10-02..asOf]","","","","not-configured","기준일 이후 누락: 누적순매수 미확정","true","false","2024-10-02","2026-10-02","","","cumulative","2024-10-02"
"aligned","KR","stock","001820","day","KRW","investmentTrust","2025-01-24","","주","한국투자증권 · 종목별 투자자매매동향(일별)","","2025-01-24","","2026-10-03T13:35:38.380Z","","","true","Σ dailyNet[2024-10-02..asOf]","","","","not-configured","기준일 이후 누락: 누적순매수 미확정","true","false","2024-10-02","2026-10-02","","","cumulative","2024-10-02"
"aligned","KR","stock","001820","day","KRW","investmentTrust","2025-01-31","","주","한국투자증권 · 종목별 투자자매매동향(일별)","","2025-01-31","","2026-10-03T13:35:38.380Z","","","true","Σ dailyNet[2024-10-02..asOf]","","","","not-configured","기준일 이후 누락: 누적순매수 미확정","true","false","2024-10-02","2026-10-02","","","cumulative","2024-10-02"
"aligned","KR","stock","001820","day","KRW","investmentTrust","2025-02-03","","주","한국투자증권 · 종목별 투자자매매동향(일별)","","2025-02-03","","2026-10-03T13:35:38.380Z","","","true","Σ dailyNet[2024-10-02..asOf]","","","","not-configured","기준일 이후 누락: 누적순매수 미확정","true","false","2024-10-02","2026-10-02","","","cumulative","2024-10-02"
"aligned","KR","stock","001820","day","KRW","investmentTrust","2025-02-04","","주","한국투자증권 · 종목별 투자자매매동향(일별)","","2025-02-04","","2026-10-03T13:35:38.380Z","","","true","Σ dailyNet[2024-10-02..asOf]","","","","not-configured","기준일 이후 누락: 누적순매수 미확정","true","false","2024-10-02","2026-10-02","","","cumulative","2024-10-02"
"aligned","KR","stock","001820","day","KRW","investmentTrust","2025-02-05","","주","한국투자증권 · 종목별 투자자매매동향(일별)","","2025-02-05","","2026-10-03T13:35:38.380Z","","","true","Σ dailyNet[2024-10-02..asOf]","","","","not-configured","기준일 이후 누락: 누적순매수 미확정","true","false","2024-10-02","2026-10-02","","","cumulative","2024-10-02"
"aligned","KR","stock","001820","day","KRW","investmentTrust","2025-02-06","","주","한국투자증권 · 종목별 투자자매매동향(일별)","","2025-02-06","","2026-10-03T13:35:38.380Z","","","true","Σ dailyNet[2024-10-02..asOf]","","","","not-configured","기준일 이후 누락: 누적순매수 미확정","true","false","2024-10-02","2026-10-02","","","cumulative","2024-10-02"
"aligned","KR","stock","001820","day","KRW","investmentTrust","2025-02-07","","주","한국투자증권 · 종목별 투자자매매동향(일별)","","2025-02-07","","2026-10-03T13:35:38.380Z","","","true","Σ dailyNet[2024-10-02..asOf]","","","","not-configured","기준일 이후 누락: 누적순매수 미확정","true","false","2024-10-02","2026-10-02","","","cumulative","2024-10-02"
"aligned","KR","stock","001820","day","KRW","investmentTrust","2025-02-10","","주","한국투자증권 · 종목별 투자자매매동향(일별)","","2025-02-10","","2026-10-03T13:35:38.380Z","","","true","Σ dailyNet[2024-10-02..asOf]","","","","not-configured","기준일 이후 누락: 누적순매수 미확정","true","false","2024-10-02","2026-10-02","","","cumulative","2024-10-02"
"aligned","KR","stock","001820","day","KRW","investmentTrust","2025-02-11","","주","한국투자증권 · 종목별 투자자매매동향(일별)","","2025-02-11","","2026-10-03T13:35:38.380Z","","","true","Σ dailyNet[2024-10-02..asOf]","","","","not-configured","기준일 이후 누락: 누적순매수 미확정","true","false","2024-10-02","2026-10-02","","","cumulative","2024-10-02"
"aligned","KR","stock","001820","day","KRW","investmentTrust","2025-02-12","","주","한국투자증권 · 종목별 투자자매매동향(일별)","","2025-02-12","","2026-10-03T13:35:38.380Z","","","true","Σ dailyNet[2024-10-02..asOf]","","","","not-configured","기준일 이후 누락: 누적순매수 미확정","true","false","2024-10-02","2026-10-02","","","cumulative","2024-10-02"
"aligned","KR","stock","001820","day","KRW","investmentTrust","2025-02-13","","주","한국투자증권 · 종목별 투자자매매동향(일별)","","2025-02-13","","2026-10-03T13:35:38.380Z","","","true","Σ dailyNet[2024-10-02..asOf]","","","","not-configured","기준일 이후 누락: 누적순매수 미확정","true","false","2024-10-02","2026-10-02","","","cumulative","2024-10-02"
"aligned","KR","stock","001820","day","KRW","investmentTrust","2025-02-14","","주","한국투자증권 · 종목별 투자자매매동향(일별)","","2025-02-14","","2026-10-03T13:35:38.380Z","","","true","Σ dailyNet[2024-10-02..asOf]","","","","not-configured","기준일 이후 누락: 누적순매수 미확정","true","false","2024-10-02","2026-10-02","","","cumulative","2024-10-02"
"aligned","KR","stock","001820","day","KRW","investmentTrust","2025-02-17","","주","한국투자증권 · 종목별 투자자매매동향(일별)","","2025-02-17","","2026-10-03T13:35:38.380Z","","","true","Σ dailyNet[2024-10-02..asOf]","","","","not-configured","기준일 이후 누락: 누적순매수 미확정","true","false","2024-10-02","2026-10-02","","","cumulative","2024-10-02"
"aligned","KR","stock","001820","day","KRW","investmentTrust","2025-02-18","","주","한국투자증권 · 종목별 투자자매매동향(일별)","","2025-02-18","","2026-10-03T13:35:38.380Z","","","true","Σ dailyNet[2024-10-02..asOf]","","","","not-configured","기준일 이후 누락: 누적순매수 미확정","true","false","2024-10-02","2026-10-02","","","cumulative","2024-10-02"
"aligned","KR","stock","001820","day","KRW","investmentTrust","2025-02-19","","주","한국투자증권 · 종목별 투자자매매동향(일별)","","2025-02-19","","2026-10-03T13:35:38.380Z","","","true","Σ dailyNet[2024-10-02..asOf]","","","","not-configured","기준일 이후 누락: 누적순매수 미확정","true","false","2024-10-02","2026-10-02","","","cumulative","2024-10-02"
"aligned","KR","stock","001820","day","KRW","investmentTrust","2025-02-20","","주","한국투자증권 · 종목별 투자자매매동향(일별)","","2025-02-20","","2026-10-03T13:35:38.380Z","","","true","Σ dailyNet[2024-10-02..asOf]","","","","not-configured","기준일 이후 누락: 누적순매수 미확정","true","false","2024-10-02","2026-10-02","","","cumulative","2024-10-02"
"aligned","KR","stock","001820","day","KRW","investmentTrust","2025-02-21","","주","한국투자증권 · 종목별 투자자매매동향(일별)","","2025-02-21","","2026-10-03T13:35:38.380Z","","","true","Σ dailyNet[2024-10-02..asOf]","","","","not-configured","기준일 이후 누락: 누적순매수 미확정","true","false","2024-10-02","2026-10-02","","","cumulative","2024-10-02"
"aligned","KR","stock","001820","day","KRW","investmentTrust","2025-02-24","","주","한국투자증권 · 종목별 투자자매매동향(일별)","","2025-02-24","","2026-10-03T13:35:38.380Z","","","true","Σ dailyNet[2024-10-02..asOf]","","","","not-configured","기준일 이후 누락: 누적순매수 미확정","true","false","2024-10-02","2026-10-02","","","cumulative","2024-10-02"
"aligned","KR","stock","001820","day","KRW","investmentTrust","2025-02-25","","주","한국투자증권 · 종목별 투자자매매동향(일별)","","2025-02-25","","2026-10-03T13:35:38.380Z","","","true","Σ dailyNet[2024-10-02..asOf]","","","","not-configured","기준일 이후 누락: 누적순매수 미확정","true","false","2024-10-02","2026-10-02","","","cumulative","2024-10-02"
"aligned","KR","stock","001820","day","KRW","investmentTrust","2025-02-26","","주","한국투자증권 · 종목별 투자자매매동향(일별)","","2025-02-26","","2026-10-03T13:35:38.380Z","","","true","Σ dailyNet[2024-10-02..asOf]","","","","not-configured","기준일 이후 누락: 누적순매수 미확정","true","false","2024-10-02","2026-10-02","","","cumulative","2024-10-02"
"aligned","KR","stock","001820","day","KRW","investmentTrust","2025-02-27","","주","한국투자증권 · 종목별 투자자매매동향(일별)","","2025-02-27","","2026-10-03T13:35:38.380Z","","","true","Σ dailyNet[2024-10-02..asOf]","","","","not-configured","기준일 이후 누락: 누적순매수 미확정","true","false","2024-10-02","2026-10-02","","","cumulative","2024-10-02"
"aligned","KR","stock","001820","day","KRW","investmentTrust","2025-02-28","","주","한국투자증권 · 종목별 투자자매매동향(일별)","","2025-02-28","","2026-10-03T13:35:38.380Z","","","true","Σ dailyNet[2024-10-02..asOf]","","","","not-configured","기준일 이후 누락: 누적순매수 미확정","true","false","2024-10-02","2026-10-02","","","cumulative","2024-10-02"
"aligned","KR","stock","001820","day","KRW","investmentTrust","2025-03-04","","주","한국투자증권 · 종목별 투자자매매동향(일별)","","2025-03-04","","2026-10-03T13:35:38.380Z","","","true","Σ dailyNet[2024-10-02..asOf]","","","","not-configured","기준일 이후 누락: 누적순매수 미확정","true","false","2024-10-02","2026-10-02","","","cumulative","2024-10-02"
"aligned","KR","stock","001820","day","KRW","investmentTrust","2025-03-05","","주","한국투자증권 · 종목별 투자자매매동향(일별)","","2025-03-05","","2026-10-03T13:35:38.380Z","","","true","Σ dailyNet[2024-10-02..asOf]","","","","not-configured","기준일 이후 누락: 누적순매수 미확정","true","false","2024-10-02","2026-10-02","","","cumulative","2024-10-02"
"aligned","KR","stock","001820","day","KRW","investmentTrust","2025-03-06","","주","한국투자증권 · 종목별 투자자매매동향(일별)","","2025-03-06","","2026-10-03T13:35:38.380Z","","","true","Σ dailyNet[2024-10-02..asOf]","","","","not-configured","기준일 이후 누락: 누적순매수 미확정","true","false","2024-10-02","2026-10-02","","","cumulative","2024-10-02"
"aligned","KR","stock","001820","day","KRW","investmentTrust","2025-03-07","","주","한국투자증권 · 종목별 투자자매매동향(일별)","","2025-03-07","","2026-10-03T13:35:38.380Z","","","true","Σ dailyNet[2024-10-02..asOf]","","","","not-configured","기준일 이후 누락: 누적순매수 미확정","true","false","2024-10-02","2026-10-02","","","cumulative","2024-10-02"
"aligned","KR","stock","001820","day","KRW","investmentTrust","2025-03-10","","주","한국투자증권 · 종목별 투자자매매동향(일별)","","2025-03-10","","2026-10-03T13:35:38.380Z","","","true","Σ dailyNet[2024-10-02..asOf]","","","","not-configured","기준일 이후 누락: 누적순매수 미확정","true","false","2024-10-02","2026-10-02","","","cumulative","2024-10-02"
"aligned","KR","stock","001820","day","KRW","investmentTrust","2025-03-11","","주","한국투자증권 · 종목별 투자자매매동향(일별)","","2025-03-11","","2026-10-03T13:35:38.380Z","","","true","Σ dailyNet[2024-10-02..asOf]","","","","not-configured","기준일 이후 누락: 누적순매수 미확정","true","false","2024-10-02","2026-10-02","","","cumulative","2024-10-02"
"aligned","KR","stock","001820","day","KRW","investmentTrust","2025-03-12","","주","한국투자증권 · 종목별 투자자매매동향(일별)","","2025-03-12","","2026-10-03T13:35:38.380Z","","","true","Σ dailyNet[2024-10-02..asOf]","","","","not-configured","기준일 이후 누락: 누적순매수 미확정","true","false","2024-10-02","2026-10-02","","","cumulative","2024-10-02"
"aligned","KR","stock","001820","day","KRW","investmentTrust","2025-03-13","","주","한국투자증권 · 종목별 투자자매매동향(일별)","","2025-03-13","","2026-10-03T13:35:38.380Z","","","true","Σ dailyNet[2024-10-02..asOf]","","","","not-configured","기준일 이후 누락: 누적순매수 미확정","true","false","2024-10-02","2026-10-02","","","cumulative","2024-10-02"
"aligned","KR","stock","001820","day","KRW","investmentTrust","2025-03-14","","주","한국투자증권 · 종목별 투자자매매동향(일별)","","2025-03-14","","2026-10-03T13:35:38.380Z","","","true","Σ dailyNet[2024-10-02..asOf]","","","","not-configured","기준일 이후 누락: 누적순매수 미확정","true","false","2024-10-02","2026-10-02","","","cumulative","2024-10-02"
"aligned","KR","stock","001820","day","KRW","investmentTrust","2025-03-17","","주","한국투자증권 · 종목별 투자자매매동향(일별)","","2025-03-17","","2026-10-03T13:35:38.380Z","","","true","Σ dailyNet[2024-10-02..asOf]","","","","not-configured","기준일 이후 누락: 누적순매수 미확정","true","false","2024-10-02","2026-10-02","","","cumulative","2024-10-02"
"aligned","KR","stock","001820","day","KRW","investmentTrust","2025-03-18","","주","한국투자증권 · 종목별 투자자매매동향(일별)","","2025-03-18","","2026-10-03T13:35:38.380Z","","","true","Σ dailyNet[2024-10-02..asOf]","","","","not-configured","기준일 이후 누락: 누적순매수 미확정","true","false","2024-10-02","2026-10-02","","","cumulative","2024-10-02"
"aligned","KR","stock","001820","day","KRW","investmentTrust","2025-03-19","","주","한국투자증권 · 종목별 투자자매매동향(일별)","","2025-03-19","","2026-10-03T13:35:38.380Z","","","true","Σ dailyNet[2024-10-02..asOf]","","","","not-configured","기준일 이후 누락: 누적순매수 미확정","true","false","2024-10-02","2026-10-02","","","cumulative","2024-10-02"
"aligned","KR","stock","001820","day","KRW","investmentTrust","2025-03-20","","주","한국투자증권 · 종목별 투자자매매동향(일별)","","2025-03-20","","2026-10-03T13:35:38.380Z","","","true","Σ dailyNet[2024-10-02..asOf]","","","","not-configured","기준일 이후 누락: 누적순매수 미확정","true","false","2024-10-02","2026-10-02","","","cumulative","2024-10-02"
"aligned","KR","stock","001820","day","KRW","investmentTrust","2025-03-21","","주","한국투자증권 · 종목별 투자자매매동향(일별)","","2025-03-21","","2026-10-03T13:35:38.380Z","","","true","Σ dailyNet[2024-10-02..asOf]","","","","not-configured","기준일 이후 누락: 누적순매수 미확정","true","false","2024-10-02","2026-10-02","","","cumulative","2024-10-02"
"aligned","KR","stock","001820","day","KRW","investmentTrust","2025-03-24","","주","한국투자증권 · 종목별 투자자매매동향(일별)","","2025-03-24","","2026-10-03T13:35:38.380Z","","","true","Σ dailyNet[2024-10-02..asOf]","","","","not-configured","기준일 이후 누락: 누적순매수 미확정","true","false","2024-10-02","2026-10-02","","","cumulative","2024-10-02"
"aligned","KR","stock","001820","day","KRW","investmentTrust","2025-03-25","","주","한국투자증권 · 종목별 투자자매매동향(일별)","","2025-03-25","","2026-10-03T13:35:38.380Z","","","true","Σ dailyNet[2024-10-02..asOf]","","","","not-configured","기준일 이후 누락: 누적순매수 미확정","true","false","2024-10-02","2026-10-02","","","cumulative","2024-10-02"
"aligned","KR","stock","001820","day","KRW","investmentTrust","2025-03-26","","주","한국투자증권 · 종목별 투자자매매동향(일별)","","2025-03-26","","2026-10-03T13:35:38.380Z","","","true","Σ dailyNet[2024-10-02..asOf]","","","","not-configured","기준일 이후 누락: 누적순매수 미확정","true","false","2024-10-02","2026-10-02","","","cumulative","2024-10-02"
"aligned","KR","stock","001820","day","KRW","investmentTrust","2025-03-27","","주","한국투자증권 · 종목별 투자자매매동향(일별)","","2025-03-27","","2026-10-03T13:35:38.380Z","","","true","Σ dailyNet[2024-10-02..asOf]","","","","not-configured","기준일 이후 누락: 누적순매수 미확정","true","false","2024-10-02","2026-10-02","","","cumulative","2024-10-02"
"aligned","KR","stock","001820","day","KRW","investmentTrust","2025-03-28","","주","한국투자증권 · 종목별 투자자매매동향(일별)","","2025-03-28","","2026-10-03T13:35:38.380Z","","","true","Σ dailyNet[2024-10-02..asOf]","","","","not-configured","기준일 이후 누락: 누적순매수 미확정","true","false","2024-10-02","2026-10-02","","","cumulative","2024-10-02"
"aligned","KR","stock","001820","day","KRW","investmentTrust","2025-03-31","","주","한국투자증권 · 종목별 투자자매매동향(일별)","","2025-03-31","","2026-10-03T13:35:38.380Z","","","true","Σ dailyNet[2024-10-02..asOf]","","","","not-configured","기준일 이후 누락: 누적순매수 미확정","true","false","2024-10-02","2026-10-02","","","cumulative","2024-10-02"
"aligned","KR","stock","001820","day","KRW","investmentTrust","2025-04-01","","주","한국투자증권 · 종목별 투자자매매동향(일별)","","2025-04-01","","2026-10-03T13:35:38.380Z","","","true","Σ dailyNet[2024-10-02..asOf]","","","","not-configured","기준일 이후 누락: 누적순매수 미확정","true","false","2024-10-02","2026-10-02","","","cumulative","2024-10-02"
"aligned","KR","stock","001820","day","KRW","investmentTrust","2025-04-02","","주","한국투자증권 · 종목별 투자자매매동향(일별)","","2025-04-02","","2026-10-03T13:35:38.380Z","","","true","Σ dailyNet[2024-10-02..asOf]","","","","not-configured","기준일 이후 누락: 누적순매수 미확정","true","false","2024-10-02","2026-10-02","","","cumulative","2024-10-02"
"aligned","KR","stock","001820","day","KRW","investmentTrust","2025-04-03","","주","한국투자증권 · 종목별 투자자매매동향(일별)","","2025-04-03","","2026-10-03T13:35:38.380Z","","","true","Σ dailyNet[2024-10-02..asOf]","","","","not-configured","기준일 이후 누락: 누적순매수 미확정","true","false","2024-10-02","2026-10-02","","","cumulative","2024-10-02"
"aligned","KR","stock","001820","day","KRW","investmentTrust","2025-04-04","","주","한국투자증권 · 종목별 투자자매매동향(일별)","","2025-04-04","","2026-10-03T13:35:38.380Z","","","true","Σ dailyNet[2024-10-02..asOf]","","","","not-configured","기준일 이후 누락: 누적순매수 미확정","true","false","2024-10-02","2026-10-02","","","cumulative","2024-10-02"
"aligned","KR","stock","001820","day","KRW","investmentTrust","2025-04-07","","주","한국투자증권 · 종목별 투자자매매동향(일별)","","2025-04-07","","2026-10-03T13:35:38.380Z","","","true","Σ dailyNet[2024-10-02..asOf]","","","","not-configured","기준일 이후 누락: 누적순매수 미확정","true","false","2024-10-02","2026-10-02","","","cumulative","2024-10-02"
"aligned","KR","stock","001820","day","KRW","investmentTrust","2025-04-08","","주","한국투자증권 · 종목별 투자자매매동향(일별)","","2025-04-08","","2026-10-03T13:35:38.380Z","","","true","Σ dailyNet[2024-10-02..asOf]","","","","not-configured","기준일 이후 누락: 누적순매수 미확정","true","false","2024-10-02","2026-10-02","","","cumulative","2024-10-02"
"aligned","KR","stock","001820","day","KRW","investmentTrust","2025-04-09","","주","한국투자증권 · 종목별 투자자매매동향(일별)","","2025-04-09","","2026-10-03T13:35:38.380Z","","","true","Σ dailyNet[2024-10-02..asOf]","","","","not-configured","기준일 이후 누락: 누적순매수 미확정","true","false","2024-10-02","2026-10-02","","","cumulative","2024-10-02"
"aligned","KR","stock","001820","day","KRW","investmentTrust","2025-04-10","","주","한국투자증권 · 종목별 투자자매매동향(일별)","","2025-04-10","","2026-10-03T13:35:38.380Z","","","true","Σ dailyNet[2024-10-02..asOf]","","","","not-configured","기준일 이후 누락: 누적순매수 미확정","true","false","2024-10-02","2026-10-02","","","cumulative","2024-10-02"
"aligned","KR","stock","001820","day","KRW","investmentTrust","2025-04-11","","주","한국투자증권 · 종목별 투자자매매동향(일별)","","2025-04-11","","2026-10-03T13:35:38.380Z","","","true","Σ dailyNet[2024-10-02..asOf]","","","","not-configured","기준일 이후 누락: 누적순매수 미확정","true","false","2024-10-02","2026-10-02","","","cumulative","2024-10-02"
"aligned","KR","stock","001820","day","KRW","investmentTrust","2025-04-14","","주","한국투자증권 · 종목별 투자자매매동향(일별)","","2025-04-14","","2026-10-03T13:35:38.380Z","","","true","Σ dailyNet[2024-10-02..asOf]","","","","not-configured","기준일 이후 누락: 누적순매수 미확정","true","false","2024-10-02","2026-10-02","","","cumulative","2024-10-02"
"aligned","KR","stock","001820","day","KRW","investmentTrust","2025-04-15","","주","한국투자증권 · 종목별 투자자매매동향(일별)","","2025-04-15","","2026-10-03T13:35:38.380Z","","","true","Σ dailyNet[2024-10-02..asOf]","","","","not-configured","기준일 이후 누락: 누적순매수 미확정","true","false","2024-10-02","2026-10-02","","","cumulative","2024-10-02"
"aligned","KR","stock","001820","day","KRW","investmentTrust","2025-04-16","","주","한국투자증권 · 종목별 투자자매매동향(일별)","","2025-04-16","","2026-10-03T13:35:38.380Z","","","true","Σ dailyNet[2024-10-02..asOf]","","","","not-configured","기준일 이후 누락: 누적순매수 미확정","true","false","2024-10-02","2026-10-02","","","cumulative","2024-10-02"
"aligned","KR","stock","001820","day","KRW","investmentTrust","2025-04-17","","주","한국투자증권 · 종목별 투자자매매동향(일별)","","2025-04-17","","2026-10-03T13:35:38.380Z","","","true","Σ dailyNet[2024-10-02..asOf]","","","","not-configured","기준일 이후 누락: 누적순매수 미확정","true","false","2024-10-02","2026-10-02","","","cumulative","2024-10-02"
"aligned","KR","stock","001820","day","KRW","investmentTrust","2025-04-18","","주","한국투자증권 · 종목별 투자자매매동향(일별)","","2025-04-18","","2026-10-03T13:35:38.380Z","","","true","Σ dailyNet[2024-10-02..asOf]","","","","not-configured","기준일 이후 누락: 누적순매수 미확정","true","false","2024-10-02","2026-10-02","","","cumulative","2024-10-02"
"aligned","KR","stock","001820","day","KRW","investmentTrust","2025-04-21","","주","한국투자증권 · 종목별 투자자매매동향(일별)","","2025-04-21","","2026-10-03T13:35:38.380Z","","","true","Σ dailyNet[2024-10-02..asOf]","","","","not-configured","기준일 이후 누락: 누적순매수 미확정","true","false","2024-10-02","2026-10-02","","","cumulative","2024-10-02"
"aligned","KR","stock","001820","day","KRW","investmentTrust","2025-04-22","","주","한국투자증권 · 종목별 투자자매매동향(일별)","","2025-04-22","","2026-10-03T13:35:38.380Z","","","true","Σ dailyNet[2024-10-02..asOf]","","","","not-configured","기준일 이후 누락: 누적순매수 미확정","true","false","2024-10-02","2026-10-02","","","cumulative","2024-10-02"
"aligned","KR","stock","001820","day","KRW","investmentTrust","2025-04-23","","주","한국투자증권 · 종목별 투자자매매동향(일별)","","2025-04-23","","2026-10-03T13:35:38.380Z","","","true","Σ dailyNet[2024-10-02..asOf]","","","","not-configured","기준일 이후 누락: 누적순매수 미확정","true","false","2024-10-02","2026-10-02","","","cumulative","2024-10-02"
"aligned","KR","stock","001820","day","KRW","investmentTrust","2025-04-24","","주","한국투자증권 · 종목별 투자자매매동향(일별)","","2025-04-24","","2026-10-03T13:35:38.380Z","","","true","Σ dailyNet[2024-10-02..asOf]","","","","not-configured","기준일 이후 누락: 누적순매수 미확정","true","false","2024-10-02","2026-10-02","","","cumulative","2024-10-02"
"aligned","KR","stock","001820","day","KRW","investmentTrust","2025-04-25","","주","한국투자증권 · 종목별 투자자매매동향(일별)","","2025-04-25","","2026-10-03T13:35:38.380Z","","","true","Σ dailyNet[2024-10-02..asOf]","","","","not-configured","기준일 이후 누락: 누적순매수 미확정","true","false","2024-10-02","2026-10-02","","","cumulative","2024-10-02"
"aligned","KR","stock","001820","day","KRW","investmentTrust","2025-04-28","","주","한국투자증권 · 종목별 투자자매매동향(일별)","","2025-04-28","","2026-10-03T13:35:38.380Z","","","true","Σ dailyNet[2024-10-02..asOf]","","","","not-configured","기준일 이후 누락: 누적순매수 미확정","true","false","2024-10-02","2026-10-02","","","cumulative","2024-10-02"
"aligned","KR","stock","001820","day","KRW","investmentTrust","2025-04-29","","주","한국투자증권 · 종목별 투자자매매동향(일별)","","2025-04-29","","2026-10-03T13:35:38.380Z","","","true","Σ dailyNet[2024-10-02..asOf]","","","","not-configured","기준일 이후 누락: 누적순매수 미확정","true","false","2024-10-02","2026-10-02","","","cumulative","2024-10-02"
"aligned","KR","stock","001820","day","KRW","investmentTrust","2025-04-30","","주","한국투자증권 · 종목별 투자자매매동향(일별)","","2025-04-30","","2026-10-03T13:35:38.380Z","","","true","Σ dailyNet[2024-10-02..asOf]","","","","not-configured","기준일 이후 누락: 누적순매수 미확정","true","false","2024-10-02","2026-10-02","","","cumulative","2024-10-02"
"aligned","KR","stock","001820","day","KRW","investmentTrust","2025-05-02","","주","한국투자증권 · 종목별 투자자매매동향(일별)","","2025-05-02","","2026-10-03T13:35:38.380Z","","","true","Σ dailyNet[2024-10-02..asOf]","","","","not-configured","기준일 이후 누락: 누적순매수 미확정","true","false","2024-10-02","2026-10-02","","","cumulative","2024-10-02"
"aligned","KR","stock","001820","day","KRW","investmentTrust","2025-05-07","","주","한국투자증권 · 종목별 투자자매매동향(일별)","","2025-05-07","","2026-10-03T13:35:38.380Z","","","true","Σ dailyNet[2024-10-02..asOf]","","","","not-configured","기준일 이후 누락: 누적순매수 미확정","true","false","2024-10-02","2026-10-02","","","cumulative","2024-10-02"
"aligned","KR","stock","001820","day","KRW","investmentTrust","2025-05-08","","주","한국투자증권 · 종목별 투자자매매동향(일별)","","2025-05-08","","2026-10-03T13:35:38.380Z","","","true","Σ dailyNet[2024-10-02..asOf]","","","","not-configured","기준일 이후 누락: 누적순매수 미확정","true","false","2024-10-02","2026-10-02","","","cumulative","2024-10-02"
"aligned","KR","stock","001820","day","KRW","investmentTrust","2025-05-09","","주","한국투자증권 · 종목별 투자자매매동향(일별)","","2025-05-09","","2026-10-03T13:35:38.380Z","","","true","Σ dailyNet[2024-10-02..asOf]","","","","not-configured","기준일 이후 누락: 누적순매수 미확정","true","false","2024-10-02","2026-10-02","","","cumulative","2024-10-02"
"aligned","KR","stock","001820","day","KRW","investmentTrust","2025-05-12","","주","한국투자증권 · 종목별 투자자매매동향(일별)","","2025-05-12","","2026-10-03T13:35:38.380Z","","","true","Σ dailyNet[2024-10-02..asOf]","","","","not-configured","기준일 이후 누락: 누적순매수 미확정","true","false","2024-10-02","2026-10-02","","","cumulative","2024-10-02"
"aligned","KR","stock","001820","day","KRW","investmentTrust","2025-05-13","","주","한국투자증권 · 종목별 투자자매매동향(일별)","","2025-05-13","","2026-10-03T13:35:38.380Z","","","true","Σ dailyNet[2024-10-02..asOf]","","","","not-configured","기준일 이후 누락: 누적순매수 미확정","true","false","2024-10-02","2026-10-02","","","cumulative","2024-10-02"
"aligned","KR","stock","001820","day","KRW","investmentTrust","2025-05-14","","주","한국투자증권 · 종목별 투자자매매동향(일별)","","2025-05-14","","2026-10-03T13:35:38.380Z","","","true","Σ dailyNet[2024-10-02..asOf]","","","","not-configured","기준일 이후 누락: 누적순매수 미확정","true","false","2024-10-02","2026-10-02","","","cumulative","2024-10-02"
"aligned","KR","stock","001820","day","KRW","investmentTrust","2025-05-15","","주","한국투자증권 · 종목별 투자자매매동향(일별)","","2025-05-15","","2026-10-03T13:35:38.380Z","","","true","Σ dailyNet[2024-10-02..asOf]","","","","not-configured","기준일 이후 누락: 누적순매수 미확정","true","false","2024-10-02","2026-10-02","","","cumulative","2024-10-02"
"aligned","KR","stock","001820","day","KRW","investmentTrust","2025-05-16","","주","한국투자증권 · 종목별 투자자매매동향(일별)","","2025-05-16","","2026-10-03T13:35:38.380Z","","","true","Σ dailyNet[2024-10-02..asOf]","","","","not-configured","기준일 이후 누락: 누적순매수 미확정","true","false","2024-10-02","2026-10-02","","","cumulative","2024-10-02"
"aligned","KR","stock","001820","day","KRW","investmentTrust","2025-05-19","","주","한국투자증권 · 종목별 투자자매매동향(일별)","","2025-05-19","","2026-10-03T13:35:38.380Z","","","true","Σ dailyNet[2024-10-02..asOf]","","","","not-configured","기준일 이후 누락: 누적순매수 미확정","true","false","2024-10-02","2026-10-02","","","cumulative","2024-10-02"
"aligned","KR","stock","001820","day","KRW","investmentTrust","2025-05-20","","주","한국투자증권 · 종목별 투자자매매동향(일별)","","2025-05-20","","2026-10-03T13:35:38.380Z","","","true","Σ dailyNet[2024-10-02..asOf]","","","","not-configured","기준일 이후 누락: 누적순매수 미확정","true","false","2024-10-02","2026-10-02","","","cumulative","2024-10-02"
"aligned","KR","stock","001820","day","KRW","investmentTrust","2025-05-21","","주","한국투자증권 · 종목별 투자자매매동향(일별)","","2025-05-21","","2026-10-03T13:35:38.380Z","","","true","Σ dailyNet[2024-10-02..asOf]","","","","not-configured","기준일 이후 누락: 누적순매수 미확정","true","false","2024-10-02","2026-10-02","","","cumulative","2024-10-02"
"aligned","KR","stock","001820","day","KRW","investmentTrust","2025-05-22","","주","한국투자증권 · 종목별 투자자매매동향(일별)","","2025-05-22","","2026-10-03T13:35:38.380Z","","","true","Σ dailyNet[2024-10-02..asOf]","","","","not-configured","기준일 이후 누락: 누적순매수 미확정","true","false","2024-10-02","2026-10-02","","","cumulative","2024-10-02"
"aligned","KR","stock","001820","day","KRW","investmentTrust","2025-05-23","","주","한국투자증권 · 종목별 투자자매매동향(일별)","","2025-05-23","","2026-10-03T13:35:38.380Z","","","true","Σ dailyNet[2024-10-02..asOf]","","","","not-configured","기준일 이후 누락: 누적순매수 미확정","true","false","2024-10-02","2026-10-02","","","cumulative","2024-10-02"
"aligned","KR","stock","001820","day","KRW","investmentTrust","2025-05-26","","주","한국투자증권 · 종목별 투자자매매동향(일별)","","2025-05-26","","2026-10-03T13:35:38.380Z","","","true","Σ dailyNet[2024-10-02..asOf]","","","","not-configured","기준일 이후 누락: 누적순매수 미확정","true","false","2024-10-02","2026-10-02","","","cumulative","2024-10-02"
"aligned","KR","stock","001820","day","KRW","investmentTrust","2025-05-27","","주","한국투자증권 · 종목별 투자자매매동향(일별)","","2025-05-27","","2026-10-03T13:35:38.380Z","","","true","Σ dailyNet[2024-10-02..asOf]","","","","not-configured","기준일 이후 누락: 누적순매수 미확정","true","false","2024-10-02","2026-10-02","","","cumulative","2024-10-02"
"aligned","KR","stock","001820","day","KRW","investmentTrust","2025-05-28","","주","한국투자증권 · 종목별 투자자매매동향(일별)","","2025-05-28","","2026-10-03T13:35:38.380Z","","","true","Σ dailyNet[2024-10-02..asOf]","","","","not-configured","기준일 이후 누락: 누적순매수 미확정","true","false","2024-10-02","2026-10-02","","","cumulative","2024-10-02"
"aligned","KR","stock","001820","day","KRW","investmentTrust","2025-05-29","","주","한국투자증권 · 종목별 투자자매매동향(일별)","","2025-05-29","","2026-10-03T13:35:38.380Z","","","true","Σ dailyNet[2024-10-02..asOf]","","","","not-configured","기준일 이후 누락: 누적순매수 미확정","true","false","2024-10-02","2026-10-02","","","cumulative","2024-10-02"
"aligned","KR","stock","001820","day","KRW","investmentTrust","2025-05-30","","주","한국투자증권 · 종목별 투자자매매동향(일별)","","2025-05-30","","2026-10-03T13:35:38.380Z","","","true","Σ dailyNet[2024-10-02..asOf]","","","","not-configured","기준일 이후 누락: 누적순매수 미확정","true","false","2024-10-02","2026-10-02","","","cumulative","2024-10-02"
"aligned","KR","stock","001820","day","KRW","investmentTrust","2025-06-02","","주","한국투자증권 · 종목별 투자자매매동향(일별)","","2025-06-02","","2026-10-03T13:35:38.380Z","","","true","Σ dailyNet[2024-10-02..asOf]","","","","not-configured","기준일 이후 누락: 누적순매수 미확정","true","false","2024-10-02","2026-10-02","","","cumulative","2024-10-02"
"aligned","KR","stock","001820","day","KRW","investmentTrust","2025-06-04","","주","한국투자증권 · 종목별 투자자매매동향(일별)","","2025-06-04","","2026-10-03T13:35:38.380Z","","","true","Σ dailyNet[2024-10-02..asOf]","","","","not-configured","기준일 이후 누락: 누적순매수 미확정","true","false","2024-10-02","2026-10-02","","","cumulative","2024-10-02"
"aligned","KR","stock","001820","day","KRW","investmentTrust","2025-06-05","","주","한국투자증권 · 종목별 투자자매매동향(일별)","","2025-06-05","","2026-10-03T13:35:38.380Z","","","true","Σ dailyNet[2024-10-02..asOf]","","","","not-configured","기준일 이후 누락: 누적순매수 미확정","true","false","2024-10-02","2026-10-02","","","cumulative","2024-10-02"
"aligned","KR","stock","001820","day","KRW","investmentTrust","2025-06-09","","주","한국투자증권 · 종목별 투자자매매동향(일별)","","2025-06-09","","2026-10-03T13:35:38.380Z","","","true","Σ dailyNet[2024-10-02..asOf]","","","","not-configured","기준일 이후 누락: 누적순매수 미확정","true","false","2024-10-02","2026-10-02","","","cumulative","2024-10-02"
"aligned","KR","stock","001820","day","KRW","investmentTrust","2025-06-10","","주","한국투자증권 · 종목별 투자자매매동향(일별)","","2025-06-10","","2026-10-03T13:35:38.380Z","","","true","Σ dailyNet[2024-10-02..asOf]","","","","not-configured","기준일 이후 누락: 누적순매수 미확정","true","false","2024-10-02","2026-10-02","","","cumulative","2024-10-02"
"aligned","KR","stock","001820","day","KRW","investmentTrust","2025-06-11","","주","한국투자증권 · 종목별 투자자매매동향(일별)","","2025-06-11","","2026-10-03T13:35:38.380Z","","","true","Σ dailyNet[2024-10-02..asOf]","","","","not-configured","기준일 이후 누락: 누적순매수 미확정","true","false","2024-10-02","2026-10-02","","","cumulative","2024-10-02"
"aligned","KR","stock","001820","day","KRW","investmentTrust","2025-06-12","","주","한국투자증권 · 종목별 투자자매매동향(일별)","","2025-06-12","","2026-10-03T13:35:38.380Z","","","true","Σ dailyNet[2024-10-02..asOf]","","","","not-configured","기준일 이후 누락: 누적순매수 미확정","true","false","2024-10-02","2026-10-02","","","cumulative","2024-10-02"
"aligned","KR","stock","001820","day","KRW","investmentTrust","2025-06-13","","주","한국투자증권 · 종목별 투자자매매동향(일별)","","2025-06-13","","2026-10-03T13:35:38.380Z","","","true","Σ dailyNet[2024-10-02..asOf]","","","","not-configured","기준일 이후 누락: 누적순매수 미확정","true","false","2024-10-02","2026-10-02","","","cumulative","2024-10-02"
"aligned","KR","stock","001820","day","KRW","investmentTrust","2025-06-16","","주","한국투자증권 · 종목별 투자자매매동향(일별)","","2025-06-16","","2026-10-03T13:35:38.380Z","","","true","Σ dailyNet[2024-10-02..asOf]","","","","not-configured","기준일 이후 누락: 누적순매수 미확정","true","false","2024-10-02","2026-10-02","","","cumulative","2024-10-02"
"aligned","KR","stock","001820","day","KRW","investmentTrust","2025-06-17","","주","한국투자증권 · 종목별 투자자매매동향(일별)","","2025-06-17","","2026-10-03T13:35:38.380Z","","","true","Σ dailyNet[2024-10-02..asOf]","","","","not-configured","기준일 이후 누락: 누적순매수 미확정","true","false","2024-10-02","2026-10-02","","","cumulative","2024-10-02"
"aligned","KR","stock","001820","day","KRW","investmentTrust","2025-06-18","","주","한국투자증권 · 종목별 투자자매매동향(일별)","","2025-06-18","","2026-10-03T13:35:38.380Z","","","true","Σ dailyNet[2024-10-02..asOf]","","","","not-configured","기준일 이후 누락: 누적순매수 미확정","true","false","2024-10-02","2026-10-02","","","cumulative","2024-10-02"
"aligned","KR","stock","001820","day","KRW","investmentTrust","2025-06-19","","주","한국투자증권 · 종목별 투자자매매동향(일별)","","2025-06-19","","2026-10-03T13:35:38.380Z","","","true","Σ dailyNet[2024-10-02..asOf]","","","","not-configured","기준일 이후 누락: 누적순매수 미확정","true","false","2024-10-02","2026-10-02","","","cumulative","2024-10-02"
"aligned","KR","stock","001820","day","KRW","investmentTrust","2025-06-20","","주","한국투자증권 · 종목별 투자자매매동향(일별)","","2025-06-20","","2026-10-03T13:35:38.380Z","","","true","Σ dailyNet[2024-10-02..asOf]","","","","not-configured","기준일 이후 누락: 누적순매수 미확정","true","false","2024-10-02","2026-10-02","","","cumulative","2024-10-02"
"aligned","KR","stock","001820","day","KRW","investmentTrust","2025-06-23","","주","한국투자증권 · 종목별 투자자매매동향(일별)","","2025-06-23","","2026-10-03T13:35:38.380Z","","","true","Σ dailyNet[2024-10-02..asOf]","","","","not-configured","기준일 이후 누락: 누적순매수 미확정","true","false","2024-10-02","2026-10-02","","","cumulative","2024-10-02"
"aligned","KR","stock","001820","day","KRW","investmentTrust","2025-06-24","","주","한국투자증권 · 종목별 투자자매매동향(일별)","","2025-06-24","","2026-10-03T13:35:38.380Z","","","true","Σ dailyNet[2024-10-02..asOf]","","","","not-configured","기준일 이후 누락: 누적순매수 미확정","true","false","2024-10-02","2026-10-02","","","cumulative","2024-10-02"
"aligned","KR","stock","001820","day","KRW","investmentTrust","2025-06-25","","주","한국투자증권 · 종목별 투자자매매동향(일별)","","2025-06-25","","2026-10-03T13:35:38.380Z","","","true","Σ dailyNet[2024-10-02..asOf]","","","","not-configured","기준일 이후 누락: 누적순매수 미확정","true","false","2024-10-02","2026-10-02","","","cumulative","2024-10-02"
"aligned","KR","stock","001820","day","KRW","investmentTrust","2025-06-26","","주","한국투자증권 · 종목별 투자자매매동향(일별)","","2025-06-26","","2026-10-03T13:35:38.380Z","","","true","Σ dailyNet[2024-10-02..asOf]","","","","not-configured","기준일 이후 누락: 누적순매수 미확정","true","false","2024-10-02","2026-10-02","","","cumulative","2024-10-02"
"aligned","KR","stock","001820","day","KRW","investmentTrust","2025-06-27","","주","한국투자증권 · 종목별 투자자매매동향(일별)","","2025-06-27","","2026-10-03T13:35:38.380Z","","","true","Σ dailyNet[2024-10-02..asOf]","","","","not-configured","기준일 이후 누락: 누적순매수 미확정","true","false","2024-10-02","2026-10-02","","","cumulative","2024-10-02"
"aligned","KR","stock","001820","day","KRW","investmentTrust","2025-06-30","","주","한국투자증권 · 종목별 투자자매매동향(일별)","","2025-06-30","","2026-10-03T13:35:38.380Z","","","true","Σ dailyNet[2024-10-02..asOf]","","","","not-configured","기준일 이후 누락: 누적순매수 미확정","true","false","2024-10-02","2026-10-02","","","cumulative","2024-10-02"
"aligned","KR","stock","001820","day","KRW","investmentTrust","2025-07-01","","주","한국투자증권 · 종목별 투자자매매동향(일별)","","2025-07-01","","2026-10-03T13:35:38.380Z","","","true","Σ dailyNet[2024-10-02..asOf]","","","","not-configured","기준일 이후 누락: 누적순매수 미확정","true","false","2024-10-02","2026-10-02","","","cumulative","2024-10-02"
"aligned","KR","stock","001820","day","KRW","investmentTrust","2025-07-02","","주","한국투자증권 · 종목별 투자자매매동향(일별)","","2025-07-02","","2026-10-03T13:35:38.380Z","","","true","Σ dailyNet[2024-10-02..asOf]","","","","not-configured","기준일 이후 누락: 누적순매수 미확정","true","false","2024-10-02","2026-10-02","","","cumulative","2024-10-02"
"aligned","KR","stock","001820","day","KRW","investmentTrust","2025-07-03","","주","한국투자증권 · 종목별 투자자매매동향(일별)","","2025-07-03","","2026-10-03T13:35:38.380Z","","","true","Σ dailyNet[2024-10-02..asOf]","","","","not-configured","기준일 이후 누락: 누적순매수 미확정","true","false","2024-10-02","2026-10-02","","","cumulative","2024-10-02"
"aligned","KR","stock","001820","day","KRW","investmentTrust","2025-07-04","","주","한국투자증권 · 종목별 투자자매매동향(일별)","","2025-07-04","","2026-10-03T13:35:38.380Z","","","true","Σ dailyNet[2024-10-02..asOf]","","","","not-configured","기준일 이후 누락: 누적순매수 미확정","true","false","2024-10-02","2026-10-02","","","cumulative","2024-10-02"
"aligned","KR","stock","001820","day","KRW","investmentTrust","2025-07-07","","주","한국투자증권 · 종목별 투자자매매동향(일별)","","2025-07-07","","2026-10-03T13:35:38.380Z","","","true","Σ dailyNet[2024-10-02..asOf]","","","","not-configured","기준일 이후 누락: 누적순매수 미확정","true","false","2024-10-02","2026-10-02","","","cumulative","2024-10-02"
"aligned","KR","stock","001820","day","KRW","investmentTrust","2025-07-08","","주","한국투자증권 · 종목별 투자자매매동향(일별)","","2025-07-08","","2026-10-03T13:35:38.380Z","","","true","Σ dailyNet[2024-10-02..asOf]","","","","not-configured","기준일 이후 누락: 누적순매수 미확정","true","false","2024-10-02","2026-10-02","","","cumulative","2024-10-02"
"aligned","KR","stock","001820","day","KRW","investmentTrust","2025-07-09","","주","한국투자증권 · 종목별 투자자매매동향(일별)","","2025-07-09","","2026-10-03T13:35:38.380Z","","","true","Σ dailyNet[2024-10-02..asOf]","","","","not-configured","기준일 이후 누락: 누적순매수 미확정","true","false","2024-10-02","2026-10-02","","","cumulative","2024-10-02"
"aligned","KR","stock","001820","day","KRW","investmentTrust","2025-07-10","","주","한국투자증권 · 종목별 투자자매매동향(일별)","","2025-07-10","","2026-10-03T13:35:38.380Z","","","true","Σ dailyNet[2024-10-02..asOf]","","","","not-configured","기준일 이후 누락: 누적순매수 미확정","true","false","2024-10-02","2026-10-02","","","cumulative","2024-10-02"
"aligned","KR","stock","001820","day","KRW","investmentTrust","2025-07-11","","주","한국투자증권 · 종목별 투자자매매동향(일별)","","2025-07-11","","2026-10-03T13:35:38.380Z","","","true","Σ dailyNet[2024-10-02..asOf]","","","","not-configured","기준일 이후 누락: 누적순매수 미확정","true","false","2024-10-02","2026-10-02","","","cumulative","2024-10-02"
"aligned","KR","stock","001820","day","KRW","investmentTrust","2025-07-14","","주","한국투자증권 · 종목별 투자자매매동향(일별)","","2025-07-14","","2026-10-03T13:35:38.380Z","","","true","Σ dailyNet[2024-10-02..asOf]","","","","not-configured","기준일 이후 누락: 누적순매수 미확정","true","false","2024-10-02","2026-10-02","","","cumulative","2024-10-02"
"aligned","KR","stock","001820","day","KRW","investmentTrust","2025-07-15","","주","한국투자증권 · 종목별 투자자매매동향(일별)","","2025-07-15","","2026-10-03T13:35:38.380Z","","","true","Σ dailyNet[2024-10-02..asOf]","","","","not-configured","기준일 이후 누락: 누적순매수 미확정","true","false","2024-10-02","2026-10-02","","","cumulative","2024-10-02"
"aligned","KR","stock","001820","day","KRW","investmentTrust","2025-07-16","","주","한국투자증권 · 종목별 투자자매매동향(일별)","","2025-07-16","","2026-10-03T13:35:38.380Z","","","true","Σ dailyNet[2024-10-02..asOf]","","","","not-configured","기준일 이후 누락: 누적순매수 미확정","true","false","2024-10-02","2026-10-02","","","cumulative","2024-10-02"
"aligned","KR","stock","001820","day","KRW","investmentTrust","2025-07-17","","주","한국투자증권 · 종목별 투자자매매동향(일별)","","2025-07-17","","2026-10-03T13:35:38.380Z","","","true","Σ dailyNet[2024-10-02..asOf]","","","","not-configured","기준일 이후 누락: 누적순매수 미확정","true","false","2024-10-02","2026-10-02","","","cumulative","2024-10-02"
"aligned","KR","stock","001820","day","KRW","investmentTrust","2025-07-18","","주","한국투자증권 · 종목별 투자자매매동향(일별)","","2025-07-18","","2026-10-03T13:35:38.380Z","","","true","Σ dailyNet[2024-10-02..asOf]","","","","not-configured","기준일 이후 누락: 누적순매수 미확정","true","false","2024-10-02","2026-10-02","","","cumulative","2024-10-02"
"aligned","KR","stock","001820","day","KRW","investmentTrust","2025-07-21","","주","한국투자증권 · 종목별 투자자매매동향(일별)","","2025-07-21","","2026-10-03T13:35:38.380Z","","","true","Σ dailyNet[2024-10-02..asOf]","","","","not-configured","기준일 이후 누락: 누적순매수 미확정","true","false","2024-10-02","2026-10-02","","","cumulative","2024-10-02"
"aligned","KR","stock","001820","day","KRW","investmentTrust","2025-07-22","","주","한국투자증권 · 종목별 투자자매매동향(일별)","","2025-07-22","","2026-10-03T13:35:38.380Z","","","true","Σ dailyNet[2024-10-02..asOf]","","","","not-configured","기준일 이후 누락: 누적순매수 미확정","true","false","2024-10-02","2026-10-02","","","cumulative","2024-10-02"
"aligned","KR","stock","001820","day","KRW","investmentTrust","2025-07-23","","주","한국투자증권 · 종목별 투자자매매동향(일별)","","2025-07-23","","2026-10-03T13:35:38.380Z","","","true","Σ dailyNet[2024-10-02..asOf]","","","","not-configured","기준일 이후 누락: 누적순매수 미확정","true","false","2024-10-02","2026-10-02","","","cumulative","2024-10-02"
"aligned","KR","stock","001820","day","KRW","investmentTrust","2025-07-24","","주","한국투자증권 · 종목별 투자자매매동향(일별)","","2025-07-24","","2026-10-03T13:35:38.380Z","","","true","Σ dailyNet[2024-10-02..asOf]","","","","not-configured","기준일 이후 누락: 누적순매수 미확정","true","false","2024-10-02","2026-10-02","","","cumulative","2024-10-02"
"aligned","KR","stock","001820","day","KRW","investmentTrust","2025-07-25","","주","한국투자증권 · 종목별 투자자매매동향(일별)","","2025-07-25","","2026-10-03T13:35:38.380Z","","","true","Σ dailyNet[2024-10-02..asOf]","","","","not-configured","기준일 이후 누락: 누적순매수 미확정","true","false","2024-10-02","2026-10-02","","","cumulative","2024-10-02"
"aligned","KR","stock","001820","day","KRW","investmentTrust","2025-07-28","","주","한국투자증권 · 종목별 투자자매매동향(일별)","","2025-07-28","","2026-10-03T13:35:38.380Z","","","true","Σ dailyNet[2024-10-02..asOf]","","","","not-configured","기준일 이후 누락: 누적순매수 미확정","true","false","2024-10-02","2026-10-02","","","cumulative","2024-10-02"
"aligned","KR","stock","001820","day","KRW","investmentTrust","2025-07-29","","주","한국투자증권 · 종목별 투자자매매동향(일별)","","2025-07-29","","2026-10-03T13:35:38.380Z","","","true","Σ dailyNet[2024-10-02..asOf]","","","","not-configured","기준일 이후 누락: 누적순매수 미확정","true","false","2024-10-02","2026-10-02","","","cumulative","2024-10-02"
"aligned","KR","stock","001820","day","KRW","investmentTrust","2025-07-30","","주","한국투자증권 · 종목별 투자자매매동향(일별)","","2025-07-30","","2026-10-03T13:35:38.380Z","","","true","Σ dailyNet[2024-10-02..asOf]","","","","not-configured","기준일 이후 누락: 누적순매수 미확정","true","false","2024-10-02","2026-10-02","","","cumulative","2024-10-02"
"aligned","KR","stock","001820","day","KRW","investmentTrust","2025-07-31","","주","한국투자증권 · 종목별 투자자매매동향(일별)","","2025-07-31","","2026-10-03T13:35:38.380Z","","","true","Σ dailyNet[2024-10-02..asOf]","","","","not-configured","기준일 이후 누락: 누적순매수 미확정","true","false","2024-10-02","2026-10-02","","","cumulative","2024-10-02"
"aligned","KR","stock","001820","day","KRW","investmentTrust","2025-08-01","","주","한국투자증권 · 종목별 투자자매매동향(일별)","","2025-08-01","","2026-10-03T13:35:38.380Z","","","true","Σ dailyNet[2024-10-02..asOf]","","","","not-configured","기준일 이후 누락: 누적순매수 미확정","true","false","2024-10-02","2026-10-02","","","cumulative","2024-10-02"
"aligned","KR","stock","001820","day","KRW","investmentTrust","2025-08-04","","주","한국투자증권 · 종목별 투자자매매동향(일별)","","2025-08-04","","2026-10-03T13:35:38.380Z","","","true","Σ dailyNet[2024-10-02..asOf]","","","","not-configured","기준일 이후 누락: 누적순매수 미확정","true","false","2024-10-02","2026-10-02","","","cumulative","2024-10-02"
"aligned","KR","stock","001820","day","KRW","investmentTrust","2025-08-05","","주","한국투자증권 · 종목별 투자자매매동향(일별)","","2025-08-05","","2026-10-03T13:35:38.380Z","","","true","Σ dailyNet[2024-10-02..asOf]","","","","not-configured","기준일 이후 누락: 누적순매수 미확정","true","false","2024-10-02","2026-10-02","","","cumulative","2024-10-02"
"aligned","KR","stock","001820","day","KRW","investmentTrust","2025-08-06","","주","한국투자증권 · 종목별 투자자매매동향(일별)","","2025-08-06","","2026-10-03T13:35:38.380Z","","","true","Σ dailyNet[2024-10-02..asOf]","","","","not-configured","기준일 이후 누락: 누적순매수 미확정","true","false","2024-10-02","2026-10-02","","","cumulative","2024-10-02"
"aligned","KR","stock","001820","day","KRW","investmentTrust","2025-08-07","","주","한국투자증권 · 종목별 투자자매매동향(일별)","","2025-08-07","","2026-10-03T13:35:38.380Z","","","true","Σ dailyNet[2024-10-02..asOf]","","","","not-configured","기준일 이후 누락: 누적순매수 미확정","true","false","2024-10-02","2026-10-02","","","cumulative","2024-10-02"
"aligned","KR","stock","001820","day","KRW","investmentTrust","2025-08-08","","주","한국투자증권 · 종목별 투자자매매동향(일별)","","2025-08-08","","2026-10-03T13:35:38.380Z","","","true","Σ dailyNet[2024-10-02..asOf]","","","","not-configured","기준일 이후 누락: 누적순매수 미확정","true","false","2024-10-02","2026-10-02","","","cumulative","2024-10-02"
"aligned","KR","stock","001820","day","KRW","investmentTrust","2025-08-11","","주","한국투자증권 · 종목별 투자자매매동향(일별)","","2025-08-11","","2026-10-03T13:35:38.380Z","","","true","Σ dailyNet[2024-10-02..asOf]","","","","not-configured","기준일 이후 누락: 누적순매수 미확정","true","false","2024-10-02","2026-10-02","","","cumulative","2024-10-02"
"aligned","KR","stock","001820","day","KRW","investmentTrust","2025-08-12","","주","한국투자증권 · 종목별 투자자매매동향(일별)","","2025-08-12","","2026-10-03T13:35:38.380Z","","","true","Σ dailyNet[2024-10-02..asOf]","","","","not-configured","기준일 이후 누락: 누적순매수 미확정","true","false","2024-10-02","2026-10-02","","","cumulative","2024-10-02"
"aligned","KR","stock","001820","day","KRW","investmentTrust","2025-08-13","","주","한국투자증권 · 종목별 투자자매매동향(일별)","","2025-08-13","","2026-10-03T13:35:38.380Z","","","true","Σ dailyNet[2024-10-02..asOf]","","","","not-configured","기준일 이후 누락: 누적순매수 미확정","true","false","2024-10-02","2026-10-02","","","cumulative","2024-10-02"
"aligned","KR","stock","001820","day","KRW","investmentTrust","2025-08-14","","주","한국투자증권 · 종목별 투자자매매동향(일별)","","2025-08-14","","2026-10-03T13:35:38.380Z","","","true","Σ dailyNet[2024-10-02..asOf]","","","","not-configured","기준일 이후 누락: 누적순매수 미확정","true","false","2024-10-02","2026-10-02","","","cumulative","2024-10-02"
"aligned","KR","stock","001820","day","KRW","investmentTrust","2025-08-18","","주","한국투자증권 · 종목별 투자자매매동향(일별)","","2025-08-18","","2026-10-03T13:35:38.380Z","","","true","Σ dailyNet[2024-10-02..asOf]","","","","not-configured","기준일 이후 누락: 누적순매수 미확정","true","false","2024-10-02","2026-10-02","","","cumulative","2024-10-02"
"aligned","KR","stock","001820","day","KRW","investmentTrust","2025-08-19","","주","한국투자증권 · 종목별 투자자매매동향(일별)","","2025-08-19","","2026-10-03T13:35:38.380Z","","","true","Σ dailyNet[2024-10-02..asOf]","","","","not-configured","기준일 이후 누락: 누적순매수 미확정","true","false","2024-10-02","2026-10-02","","","cumulative","2024-10-02"
"aligned","KR","stock","001820","day","KRW","investmentTrust","2025-08-20","","주","한국투자증권 · 종목별 투자자매매동향(일별)","","2025-08-20","","2026-10-03T13:35:38.380Z","","","true","Σ dailyNet[2024-10-02..asOf]","","","","not-configured","기준일 이후 누락: 누적순매수 미확정","true","false","2024-10-02","2026-10-02","","","cumulative","2024-10-02"
"aligned","KR","stock","001820","day","KRW","investmentTrust","2025-08-21","","주","한국투자증권 · 종목별 투자자매매동향(일별)","","2025-08-21","","2026-10-03T13:35:38.380Z","","","true","Σ dailyNet[2024-10-02..asOf]","","","","not-configured","기준일 이후 누락: 누적순매수 미확정","true","false","2024-10-02","2026-10-02","","","cumulative","2024-10-02"
"aligned","KR","stock","001820","day","KRW","investmentTrust","2025-08-22","","주","한국투자증권 · 종목별 투자자매매동향(일별)","","2025-08-22","","2026-10-03T13:35:38.380Z","","","true","Σ dailyNet[2024-10-02..asOf]","","","","not-configured","기준일 이후 누락: 누적순매수 미확정","true","false","2024-10-02","2026-10-02","","","cumulative","2024-10-02"
"aligned","KR","stock","001820","day","KRW","investmentTrust","2025-08-25","","주","한국투자증권 · 종목별 투자자매매동향(일별)","","2025-08-25","","2026-10-03T13:35:38.380Z","","","true","Σ dailyNet[2024-10-02..asOf]","","","","not-configured","기준일 이후 누락: 누적순매수 미확정","true","false","2024-10-02","2026-10-02","","","cumulative","2024-10-02"
"aligned","KR","stock","001820","day","KRW","investmentTrust","2025-08-26","","주","한국투자증권 · 종목별 투자자매매동향(일별)","","2025-08-26","","2026-10-03T13:35:38.380Z","","","true","Σ dailyNet[2024-10-02..asOf]","","","","not-configured","기준일 이후 누락: 누적순매수 미확정","true","false","2024-10-02","2026-10-02","","","cumulative","2024-10-02"
"aligned","KR","stock","001820","day","KRW","investmentTrust","2025-08-27","","주","한국투자증권 · 종목별 투자자매매동향(일별)","","2025-08-27","","2026-10-03T13:35:38.380Z","","","true","Σ dailyNet[2024-10-02..asOf]","","","","not-configured","기준일 이후 누락: 누적순매수 미확정","true","false","2024-10-02","2026-10-02","","","cumulative","2024-10-02"
"aligned","KR","stock","001820","day","KRW","investmentTrust","2025-08-28","","주","한국투자증권 · 종목별 투자자매매동향(일별)","","2025-08-28","","2026-10-03T13:35:38.380Z","","","true","Σ dailyNet[2024-10-02..asOf]","","","","not-configured","기준일 이후 누락: 누적순매수 미확정","true","false","2024-10-02","2026-10-02","","","cumulative","2024-10-02"
"aligned","KR","stock","001820","day","KRW","investmentTrust","2025-08-29","","주","한국투자증권 · 종목별 투자자매매동향(일별)","","2025-08-29","","2026-10-03T13:35:38.380Z","","","true","Σ dailyNet[2024-10-02..asOf]","","","","not-configured","기준일 이후 누락: 누적순매수 미확정","true","false","2024-10-02","2026-10-02","","","cumulative","2024-10-02"
"aligned","KR","stock","001820","day","KRW","investmentTrust","2025-09-01","","주","한국투자증권 · 종목별 투자자매매동향(일별)","","2025-09-01","","2026-10-03T13:35:38.380Z","","","true","Σ dailyNet[2024-10-02..asOf]","","","","not-configured","기준일 이후 누락: 누적순매수 미확정","true","false","2024-10-02","2026-10-02","","","cumulative","2024-10-02"
"aligned","KR","stock","001820","day","KRW","investmentTrust","2025-09-02","","주","한국투자증권 · 종목별 투자자매매동향(일별)","","2025-09-02","","2026-10-03T13:35:38.380Z","","","true","Σ dailyNet[2024-10-02..asOf]","","","","not-configured","기준일 이후 누락: 누적순매수 미확정","true","false","2024-10-02","2026-10-02","","","cumulative","2024-10-02"
"aligned","KR","stock","001820","day","KRW","investmentTrust","2025-09-03","","주","한국투자증권 · 종목별 투자자매매동향(일별)","","2025-09-03","","2026-10-03T13:35:38.380Z","","","true","Σ dailyNet[2024-10-02..asOf]","","","","not-configured","기준일 이후 누락: 누적순매수 미확정","true","false","2024-10-02","2026-10-02","","","cumulative","2024-10-02"
"aligned","KR","stock","001820","day","KRW","investmentTrust","2025-09-04","","주","한국투자증권 · 종목별 투자자매매동향(일별)","","2025-09-04","","2026-10-03T13:35:38.380Z","","","true","Σ dailyNet[2024-10-02..asOf]","","","","not-configured","기준일 이후 누락: 누적순매수 미확정","true","false","2024-10-02","2026-10-02","","","cumulative","2024-10-02"
"aligned","KR","stock","001820","day","KRW","investmentTrust","2025-09-05","","주","한국투자증권 · 종목별 투자자매매동향(일별)","","2025-09-05","","2026-10-03T13:35:38.380Z","","","true","Σ dailyNet[2024-10-02..asOf]","","","","not-configured","기준일 이후 누락: 누적순매수 미확정","true","false","2024-10-02","2026-10-02","","","cumulative","2024-10-02"
"aligned","KR","stock","001820","day","KRW","investmentTrust","2025-09-08","","주","한국투자증권 · 종목별 투자자매매동향(일별)","","2025-09-08","","2026-10-03T13:35:38.380Z","","","true","Σ dailyNet[2024-10-02..asOf]","","","","not-configured","기준일 이후 누락: 누적순매수 미확정","true","false","2024-10-02","2026-10-02","","","cumulative","2024-10-02"
"aligned","KR","stock","001820","day","KRW","investmentTrust","2025-09-09","","주","한국투자증권 · 종목별 투자자매매동향(일별)","","2025-09-09","","2026-10-03T13:35:38.380Z","","","true","Σ dailyNet[2024-10-02..asOf]","","","","not-configured","기준일 이후 누락: 누적순매수 미확정","true","false","2024-10-02","2026-10-02","","","cumulative","2024-10-02"
"aligned","KR","stock","001820","day","KRW","investmentTrust","2025-09-10","","주","한국투자증권 · 종목별 투자자매매동향(일별)","","2025-09-10","","2026-10-03T13:35:38.380Z","","","true","Σ dailyNet[2024-10-02..asOf]","","","","not-configured","기준일 이후 누락: 누적순매수 미확정","true","false","2024-10-02","2026-10-02","","","cumulative","2024-10-02"
"aligned","KR","stock","001820","day","KRW","investmentTrust","2025-09-11","","주","한국투자증권 · 종목별 투자자매매동향(일별)","","2025-09-11","","2026-10-03T13:35:38.380Z","","","true","Σ dailyNet[2024-10-02..asOf]","","","","not-configured","기준일 이후 누락: 누적순매수 미확정","true","false","2024-10-02","2026-10-02","","","cumulative","2024-10-02"
"aligned","KR","stock","001820","day","KRW","investmentTrust","2025-09-12","","주","한국투자증권 · 종목별 투자자매매동향(일별)","","2025-09-12","","2026-10-03T13:35:38.380Z","","","true","Σ dailyNet[2024-10-02..asOf]","","","","not-configured","기준일 이후 누락: 누적순매수 미확정","true","false","2024-10-02","2026-10-02","","","cumulative","2024-10-02"
"aligned","KR","stock","001820","day","KRW","investmentTrust","2025-09-15","","주","한국투자증권 · 종목별 투자자매매동향(일별)","","2025-09-15","","2026-10-03T13:35:38.380Z","","","true","Σ dailyNet[2024-10-02..asOf]","","","","not-configured","기준일 이후 누락: 누적순매수 미확정","true","false","2024-10-02","2026-10-02","","","cumulative","2024-10-02"
"aligned","KR","stock","001820","day","KRW","investmentTrust","2025-09-16","","주","한국투자증권 · 종목별 투자자매매동향(일별)","","2025-09-16","","2026-10-03T13:35:38.380Z","","","true","Σ dailyNet[2024-10-02..asOf]","","","","not-configured","기준일 이후 누락: 누적순매수 미확정","true","false","2024-10-02","2026-10-02","","","cumulative","2024-10-02"
"aligned","KR","stock","001820","day","KRW","investmentTrust","2025-09-17","","주","한국투자증권 · 종목별 투자자매매동향(일별)","","2025-09-17","","2026-10-03T13:35:38.380Z","","","true","Σ dailyNet[2024-10-02..asOf]","","","","not-configured","기준일 이후 누락: 누적순매수 미확정","true","false","2024-10-02","2026-10-02","","","cumulative","2024-10-02"
"aligned","KR","stock","001820","day","KRW","investmentTrust","2025-09-18","","주","한국투자증권 · 종목별 투자자매매동향(일별)","","2025-09-18","","2026-10-03T13:35:38.380Z","","","true","Σ dailyNet[2024-10-02..asOf]","","","","not-configured","기준일 이후 누락: 누적순매수 미확정","true","false","2024-10-02","2026-10-02","","","cumulative","2024-10-02"
"aligned","KR","stock","001820","day","KRW","investmentTrust","2025-09-22","","주","한국투자증권 · 종목별 투자자매매동향(일별)","","2025-09-22","","2026-10-03T13:35:38.380Z","","","true","Σ dailyNet[2024-10-02..asOf]","","","","not-configured","기준일 이후 누락: 누적순매수 미확정","true","false","2024-10-02","2026-10-02","","","cumulative","2024-10-02"
"aligned","KR","stock","001820","day","KRW","investmentTrust","2025-09-23","","주","한국투자증권 · 종목별 투자자매매동향(일별)","","2025-09-23","","2026-10-03T13:35:38.380Z","","","true","Σ dailyNet[2024-10-02..asOf]","","","","not-configured","기준일 이후 누락: 누적순매수 미확정","true","false","2024-10-02","2026-10-02","","","cumulative","2024-10-02"
"aligned","KR","stock","001820","day","KRW","investmentTrust","2025-09-24","","주","한국투자증권 · 종목별 투자자매매동향(일별)","","2025-09-24","","2026-10-03T13:35:38.380Z","","","true","Σ dailyNet[2024-10-02..asOf]","","","","not-configured","기준일 이후 누락: 누적순매수 미확정","true","false","2024-10-02","2026-10-02","","","cumulative","2024-10-02"
"aligned","KR","stock","001820","day","KRW","investmentTrust","2025-09-25","","주","한국투자증권 · 종목별 투자자매매동향(일별)","","2025-09-25","","2026-10-03T13:35:38.380Z","","","true","Σ dailyNet[2024-10-02..asOf]","","","","not-configured","기준일 이후 누락: 누적순매수 미확정","true","false","2024-10-02","2026-10-02","","","cumulative","2024-10-02"
"aligned","KR","stock","001820","day","KRW","investmentTrust","2025-09-26","","주","한국투자증권 · 종목별 투자자매매동향(일별)","","2025-09-26","","2026-10-03T13:35:38.380Z","","","true","Σ dailyNet[2024-10-02..asOf]","","","","not-configured","기준일 이후 누락: 누적순매수 미확정","true","false","2024-10-02","2026-10-02","","","cumulative","2024-10-02"
"aligned","KR","stock","001820","day","KRW","investmentTrust","2025-09-29","","주","한국투자증권 · 종목별 투자자매매동향(일별)","","2025-09-29","","2026-10-03T13:35:38.380Z","","","true","Σ dailyNet[2024-10-02..asOf]","","","","not-configured","기준일 이후 누락: 누적순매수 미확정","true","false","2024-10-02","2026-10-02","","","cumulative","2024-10-02"
"aligned","KR","stock","001820","day","KRW","investmentTrust","2025-09-30","","주","한국투자증권 · 종목별 투자자매매동향(일별)","","2025-09-30","","2026-10-03T13:35:38.380Z","","","true","Σ dailyNet[2024-10-02..asOf]","","","","not-configured","기준일 이후 누락: 누적순매수 미확정","true","false","2024-10-02","2026-10-02","","","cumulative","2024-10-02"
"aligned","KR","stock","001820","day","KRW","investmentTrust","2025-10-01","","주","한국투자증권 · 종목별 투자자매매동향(일별)","","2025-10-01","","2026-10-03T13:35:38.380Z","","","true","Σ dailyNet[2024-10-02..asOf]","","","","not-configured","기준일 이후 누락: 누적순매수 미확정","true","false","2024-10-02","2026-10-02","","","cumulative","2024-10-02"
"aligned","KR","stock","001820","day","KRW","investmentTrust","2025-10-02","","주","한국투자증권 · 종목별 투자자매매동향(일별)","","2025-10-02","","2026-10-03T13:35:38.380Z","","","true","Σ dailyNet[2024-10-02..asOf]","","","","not-configured","기준일 이후 누락: 누적순매수 미확정","true","false","2024-10-02","2026-10-02","","","cumulative","2024-10-02"
"aligned","KR","stock","001820","day","KRW","investmentTrust","2025-10-10","","주","한국투자증권 · 종목별 투자자매매동향(일별)","","2025-10-10","","2026-10-03T13:35:38.380Z","","","true","Σ dailyNet[2024-10-02..asOf]","","","","not-configured","기준일 이후 누락: 누적순매수 미확정","true","false","2024-10-02","2026-10-02","","","cumulative","2024-10-02"
"aligned","KR","stock","001820","day","KRW","investmentTrust","2025-10-13","","주","한국투자증권 · 종목별 투자자매매동향(일별)","","2025-10-13","","2026-10-03T13:35:38.380Z","","","true","Σ dailyNet[2024-10-02..asOf]","","","","not-configured","기준일 이후 누락: 누적순매수 미확정","true","false","2024-10-02","2026-10-02","","","cumulative","2024-10-02"
"aligned","KR","stock","001820","day","KRW","investmentTrust","2025-10-14","","주","한국투자증권 · 종목별 투자자매매동향(일별)","","2025-10-14","","2026-10-03T13:35:38.380Z","","","true","Σ dailyNet[2024-10-02..asOf]","","","","not-configured","기준일 이후 누락: 누적순매수 미확정","true","false","2024-10-02","2026-10-02","","","cumulative","2024-10-02"
"aligned","KR","stock","001820","day","KRW","investmentTrust","2025-10-15","","주","한국투자증권 · 종목별 투자자매매동향(일별)","","2025-10-15","","2026-10-03T13:35:38.380Z","","","true","Σ dailyNet[2024-10-02..asOf]","","","","not-configured","기준일 이후 누락: 누적순매수 미확정","true","false","2024-10-02","2026-10-02","","","cumulative","2024-10-02"
"aligned","KR","stock","001820","day","KRW","investmentTrust","2025-10-16","","주","한국투자증권 · 종목별 투자자매매동향(일별)","","2025-10-16","","2026-10-03T13:35:38.380Z","","","true","Σ dailyNet[2024-10-02..asOf]","","","","not-configured","기준일 이후 누락: 누적순매수 미확정","true","false","2024-10-02","2026-10-02","","","cumulative","2024-10-02"
"aligned","KR","stock","001820","day","KRW","investmentTrust","2025-10-17","","주","한국투자증권 · 종목별 투자자매매동향(일별)","","2025-10-17","","2026-10-03T13:35:38.380Z","","","true","Σ dailyNet[2024-10-02..asOf]","","","","not-configured","기준일 이후 누락: 누적순매수 미확정","true","false","2024-10-02","2026-10-02","","","cumulative","2024-10-02"
"aligned","KR","stock","001820","day","KRW","investmentTrust","2025-10-20","","주","한국투자증권 · 종목별 투자자매매동향(일별)","","2025-10-20","","2026-10-03T13:35:38.380Z","","","true","Σ dailyNet[2024-10-02..asOf]","","","","not-configured","기준일 이후 누락: 누적순매수 미확정","true","false","2024-10-02","2026-10-02","","","cumulative","2024-10-02"
"aligned","KR","stock","001820","day","KRW","investmentTrust","2025-10-21","","주","한국투자증권 · 종목별 투자자매매동향(일별)","","2025-10-21","","2026-10-03T13:35:38.380Z","","","true","Σ dailyNet[2024-10-02..asOf]","","","","not-configured","기준일 이후 누락: 누적순매수 미확정","true","false","2024-10-02","2026-10-02","","","cumulative","2024-10-02"
"aligned","KR","stock","001820","day","KRW","investmentTrust","2025-10-22","","주","한국투자증권 · 종목별 투자자매매동향(일별)","","2025-10-22","","2026-10-03T13:35:38.380Z","","","true","Σ dailyNet[2024-10-02..asOf]","","","","not-configured","기준일 이후 누락: 누적순매수 미확정","true","false","2024-10-02","2026-10-02","","","cumulative","2024-10-02"
"aligned","KR","stock","001820","day","KRW","investmentTrust","2025-10-23","","주","한국투자증권 · 종목별 투자자매매동향(일별)","","2025-10-23","","2026-10-03T13:35:38.380Z","","","true","Σ dailyNet[2024-10-02..asOf]","","","","not-configured","기준일 이후 누락: 누적순매수 미확정","true","false","2024-10-02","2026-10-02","","","cumulative","2024-10-02"
"aligned","KR","stock","001820","day","KRW","investmentTrust","2025-10-24","","주","한국투자증권 · 종목별 투자자매매동향(일별)","","2025-10-24","","2026-10-03T13:35:38.380Z","","","true","Σ dailyNet[2024-10-02..asOf]","","","","not-configured","기준일 이후 누락: 누적순매수 미확정","true","false","2024-10-02","2026-10-02","","","cumulative","2024-10-02"
"aligned","KR","stock","001820","day","KRW","investmentTrust","2025-10-27","","주","한국투자증권 · 종목별 투자자매매동향(일별)","","2025-10-27","","2026-10-03T13:35:38.380Z","","","true","Σ dailyNet[2024-10-02..asOf]","","","","not-configured","기준일 이후 누락: 누적순매수 미확정","true","false","2024-10-02","2026-10-02","","","cumulative","2024-10-02"
"aligned","KR","stock","001820","day","KRW","investmentTrust","2025-10-28","","주","한국투자증권 · 종목별 투자자매매동향(일별)","","2025-10-28","","2026-10-03T13:35:38.380Z","","","true","Σ dailyNet[2024-10-02..asOf]","","","","not-configured","기준일 이후 누락: 누적순매수 미확정","true","false","2024-10-02","2026-10-02","","","cumulative","2024-10-02"
"aligned","KR","stock","001820","day","KRW","investmentTrust","2025-10-29","","주","한국투자증권 · 종목별 투자자매매동향(일별)","","2025-10-29","","2026-10-03T13:35:38.380Z","","","true","Σ dailyNet[2024-10-02..asOf]","","","","not-configured","기준일 이후 누락: 누적순매수 미확정","true","false","2024-10-02","2026-10-02","","","cumulative","2024-10-02"
"aligned","KR","stock","001820","day","KRW","investmentTrust","2025-10-30","","주","한국투자증권 · 종목별 투자자매매동향(일별)","","2025-10-30","","2026-10-03T13:35:38.380Z","","","true","Σ dailyNet[2024-10-02..asOf]","","","","not-configured","기준일 이후 누락: 누적순매수 미확정","true","false","2024-10-02","2026-10-02","","","cumulative","2024-10-02"
"aligned","KR","stock","001820","day","KRW","investmentTrust","2025-10-31","","주","한국투자증권 · 종목별 투자자매매동향(일별)","","2025-10-31","","2026-10-03T13:35:38.380Z","","","true","Σ dailyNet[2024-10-02..asOf]","","","","not-configured","기준일 이후 누락: 누적순매수 미확정","true","false","2024-10-02","2026-10-02","","","cumulative","2024-10-02"
"aligned","KR","stock","001820","day","KRW","investmentTrust","2025-11-03","","주","한국투자증권 · 종목별 투자자매매동향(일별)","","2025-11-03","","2026-10-03T13:35:38.380Z","","","true","Σ dailyNet[2024-10-02..asOf]","","","","not-configured","기준일 이후 누락: 누적순매수 미확정","true","false","2024-10-02","2026-10-02","","","cumulative","2024-10-02"
"aligned","KR","stock","001820","day","KRW","investmentTrust","2025-11-04","","주","한국투자증권 · 종목별 투자자매매동향(일별)","","2025-11-04","","2026-10-03T13:35:38.380Z","","","true","Σ dailyNet[2024-10-02..asOf]","","","","not-configured","기준일 이후 누락: 누적순매수 미확정","true","false","2024-10-02","2026-10-02","","","cumulative","2024-10-02"
"aligned","KR","stock","001820","day","KRW","investmentTrust","2025-11-05","","주","한국투자증권 · 종목별 투자자매매동향(일별)","","2025-11-05","","2026-10-03T13:35:38.380Z","","","true","Σ dailyNet[2024-10-02..asOf]","","","","not-configured","기준일 이후 누락: 누적순매수 미확정","true","false","2024-10-02","2026-10-02","","","cumulative","2024-10-02"
"aligned","KR","stock","001820","day","KRW","investmentTrust","2025-11-06","","주","한국투자증권 · 종목별 투자자매매동향(일별)","","2025-11-06","","2026-10-03T13:35:38.380Z","","","true","Σ dailyNet[2024-10-02..asOf]","","","","not-configured","기준일 이후 누락: 누적순매수 미확정","true","false","2024-10-02","2026-10-02","","","cumulative","2024-10-02"
"aligned","KR","stock","001820","day","KRW","investmentTrust","2025-11-07","","주","한국투자증권 · 종목별 투자자매매동향(일별)","","2025-11-07","","2026-10-03T13:35:38.380Z","","","true","Σ dailyNet[2024-10-02..asOf]","","","","not-configured","기준일 이후 누락: 누적순매수 미확정","true","false","2024-10-02","2026-10-02","","","cumulative","2024-10-02"
"aligned","KR","stock","001820","day","KRW","investmentTrust","2025-11-10","","주","한국투자증권 · 종목별 투자자매매동향(일별)","","2025-11-10","","2026-10-03T13:35:38.380Z","","","true","Σ dailyNet[2024-10-02..asOf]","","","","not-configured","기준일 이후 누락: 누적순매수 미확정","true","false","2024-10-02","2026-10-02","","","cumulative","2024-10-02"
"aligned","KR","stock","001820","day","KRW","investmentTrust","2025-11-11","","주","한국투자증권 · 종목별 투자자매매동향(일별)","","2025-11-11","","2026-10-03T13:35:38.380Z","","","true","Σ dailyNet[2024-10-02..asOf]","","","","not-configured","기준일 이후 누락: 누적순매수 미확정","true","false","2024-10-02","2026-10-02","","","cumulative","2024-10-02"
"aligned","KR","stock","001820","day","KRW","investmentTrust","2025-11-12","","주","한국투자증권 · 종목별 투자자매매동향(일별)","","2025-11-12","","2026-10-03T13:35:38.380Z","","","true","Σ dailyNet[2024-10-02..asOf]","","","","not-configured","기준일 이후 누락: 누적순매수 미확정","true","false","2024-10-02","2026-10-02","","","cumulative","2024-10-02"
"aligned","KR","stock","001820","day","KRW","investmentTrust","2025-11-13","","주","한국투자증권 · 종목별 투자자매매동향(일별)","","2025-11-13","","2026-10-03T13:35:38.380Z","","","true","Σ dailyNet[2024-10-02..asOf]","","","","not-configured","기준일 이후 누락: 누적순매수 미확정","true","false","2024-10-02","2026-10-02","","","cumulative","2024-10-02"
"aligned","KR","stock","001820","day","KRW","investmentTrust","2025-11-14","","주","한국투자증권 · 종목별 투자자매매동향(일별)","","2025-11-14","","2026-10-03T13:35:38.380Z","","","true","Σ dailyNet[2024-10-02..asOf]","","","","not-configured","기준일 이후 누락: 누적순매수 미확정","true","false","2024-10-02","2026-10-02","","","cumulative","2024-10-02"
"aligned","KR","stock","001820","day","KRW","investmentTrust","2025-11-17","","주","한국투자증권 · 종목별 투자자매매동향(일별)","","2025-11-17","","2026-10-03T13:35:38.380Z","","","true","Σ dailyNet[2024-10-02..asOf]","","","","not-configured","기준일 이후 누락: 누적순매수 미확정","true","false","2024-10-02","2026-10-02","","","cumulative","2024-10-02"
"aligned","KR","stock","001820","day","KRW","investmentTrust","2025-11-18","","주","한국투자증권 · 종목별 투자자매매동향(일별)","","2025-11-18","","2026-10-03T13:35:38.380Z","","","true","Σ dailyNet[2024-10-02..asOf]","","","","not-configured","기준일 이후 누락: 누적순매수 미확정","true","false","2024-10-02","2026-10-02","","","cumulative","2024-10-02"
"aligned","KR","stock","001820","day","KRW","investmentTrust","2025-11-19","","주","한국투자증권 · 종목별 투자자매매동향(일별)","","2025-11-19","","2026-10-03T13:35:38.380Z","","","true","Σ dailyNet[2024-10-02..asOf]","","","","not-configured","기준일 이후 누락: 누적순매수 미확정","true","false","2024-10-02","2026-10-02","","","cumulative","2024-10-02"
"aligned","KR","stock","001820","day","KRW","investmentTrust","2025-11-20","","주","한국투자증권 · 종목별 투자자매매동향(일별)","","2025-11-20","","2026-10-03T13:35:38.380Z","","","true","Σ dailyNet[2024-10-02..asOf]","","","","not-configured","기준일 이후 누락: 누적순매수 미확정","true","false","2024-10-02","2026-10-02","","","cumulative","2024-10-02"
"aligned","KR","stock","001820","day","KRW","investmentTrust","2025-11-21","","주","한국투자증권 · 종목별 투자자매매동향(일별)","","2025-11-21","","2026-10-03T13:35:38.380Z","","","true","Σ dailyNet[2024-10-02..asOf]","","","","not-configured","기준일 이후 누락: 누적순매수 미확정","true","false","2024-10-02","2026-10-02","","","cumulative","2024-10-02"
"aligned","KR","stock","001820","day","KRW","investmentTrust","2025-11-24","","주","한국투자증권 · 종목별 투자자매매동향(일별)","","2025-11-24","","2026-10-03T13:35:38.380Z","","","true","Σ dailyNet[2024-10-02..asOf]","","","","not-configured","기준일 이후 누락: 누적순매수 미확정","true","false","2024-10-02","2026-10-02","","","cumulative","2024-10-02"
"aligned","KR","stock","001820","day","KRW","investmentTrust","2025-11-25","","주","한국투자증권 · 종목별 투자자매매동향(일별)","","2025-11-25","","2026-10-03T13:35:38.380Z","","","true","Σ dailyNet[2024-10-02..asOf]","","","","not-configured","기준일 이후 누락: 누적순매수 미확정","true","false","2024-10-02","2026-10-02","","","cumulative","2024-10-02"
"aligned","KR","stock","001820","day","KRW","investmentTrust","2025-11-26","","주","한국투자증권 · 종목별 투자자매매동향(일별)","","2025-11-26","","2026-10-03T13:35:38.380Z","","","true","Σ dailyNet[2024-10-02..asOf]","","","","not-configured","기준일 이후 누락: 누적순매수 미확정","true","false","2024-10-02","2026-10-02","","","cumulative","2024-10-02"
"aligned","KR","stock","001820","day","KRW","investmentTrust","2025-11-27","","주","한국투자증권 · 종목별 투자자매매동향(일별)","","2025-11-27","","2026-10-03T13:35:38.380Z","","","true","Σ dailyNet[2024-10-02..asOf]","","","","not-configured","기준일 이후 누락: 누적순매수 미확정","true","false","2024-10-02","2026-10-02","","","cumulative","2024-10-02"
"aligned","KR","stock","001820","day","KRW","investmentTrust","2025-11-28","","주","한국투자증권 · 종목별 투자자매매동향(일별)","","2025-11-28","","2026-10-03T13:35:38.380Z","","","true","Σ dailyNet[2024-10-02..asOf]","","","","not-configured","기준일 이후 누락: 누적순매수 미확정","true","false","2024-10-02","2026-10-02","","","cumulative","2024-10-02"
"aligned","KR","stock","001820","day","KRW","investmentTrust","2025-12-01","","주","한국투자증권 · 종목별 투자자매매동향(일별)","","2025-12-01","","2026-10-03T13:35:38.380Z","","","true","Σ dailyNet[2024-10-02..asOf]","","","","not-configured","기준일 이후 누락: 누적순매수 미확정","true","false","2024-10-02","2026-10-02","","","cumulative","2024-10-02"
"aligned","KR","stock","001820","day","KRW","investmentTrust","2025-12-02","","주","한국투자증권 · 종목별 투자자매매동향(일별)","","2025-12-02","","2026-10-03T13:35:38.380Z","","","true","Σ dailyNet[2024-10-02..asOf]","","","","not-configured","기준일 이후 누락: 누적순매수 미확정","true","false","2024-10-02","2026-10-02","","","cumulative","2024-10-02"
"aligned","KR","stock","001820","day","KRW","investmentTrust","2025-12-03","","주","한국투자증권 · 종목별 투자자매매동향(일별)","","2025-12-03","","2026-10-03T13:35:38.380Z","","","true","Σ dailyNet[2024-10-02..asOf]","","","","not-configured","기준일 이후 누락: 누적순매수 미확정","true","false","2024-10-02","2026-10-02","","","cumulative","2024-10-02"
"aligned","KR","stock","001820","day","KRW","investmentTrust","2025-12-04","","주","한국투자증권 · 종목별 투자자매매동향(일별)","","2025-12-04","","2026-10-03T13:35:38.380Z","","","true","Σ dailyNet[2024-10-02..asOf]","","","","not-configured","기준일 이후 누락: 누적순매수 미확정","true","false","2024-10-02","2026-10-02","","","cumulative","2024-10-02"
"aligned","KR","stock","001820","day","KRW","investmentTrust","2025-12-05","","주","한국투자증권 · 종목별 투자자매매동향(일별)","","2025-12-05","","2026-10-03T13:35:38.380Z","","","true","Σ dailyNet[2024-10-02..asOf]","","","","not-configured","기준일 이후 누락: 누적순매수 미확정","true","false","2024-10-02","2026-10-02","","","cumulative","2024-10-02"
"aligned","KR","stock","001820","day","KRW","investmentTrust","2025-12-08","","주","한국투자증권 · 종목별 투자자매매동향(일별)","","2025-12-08","","2026-10-03T13:35:38.380Z","","","true","Σ dailyNet[2024-10-02..asOf]","","","","not-configured","기준일 이후 누락: 누적순매수 미확정","true","false","2024-10-02","2026-10-02","","","cumulative","2024-10-02"
"aligned","KR","stock","001820","day","KRW","investmentTrust","2025-12-09","","주","한국투자증권 · 종목별 투자자매매동향(일별)","","2025-12-09","","2026-10-03T13:35:38.380Z","","","true","Σ dailyNet[2024-10-02..asOf]","","","","not-configured","기준일 이후 누락: 누적순매수 미확정","true","false","2024-10-02","2026-10-02","","","cumulative","2024-10-02"
"aligned","KR","stock","001820","day","KRW","investmentTrust","2025-12-10","","주","한국투자증권 · 종목별 투자자매매동향(일별)","","2025-12-10","","2026-10-03T13:35:38.380Z","","","true","Σ dailyNet[2024-10-02..asOf]","","","","not-configured","기준일 이후 누락: 누적순매수 미확정","true","false","2024-10-02","2026-10-02","","","cumulative","2024-10-02"
"aligned","KR","stock","001820","day","KRW","investmentTrust","2025-12-11","","주","한국투자증권 · 종목별 투자자매매동향(일별)","","2025-12-11","","2026-10-03T13:35:38.380Z","","","true","Σ dailyNet[2024-10-02..asOf]","","","","not-configured","기준일 이후 누락: 누적순매수 미확정","true","false","2024-10-02","2026-10-02","","","cumulative","2024-10-02"
"aligned","KR","stock","001820","day","KRW","investmentTrust","2025-12-12","","주","한국투자증권 · 종목별 투자자매매동향(일별)","","2025-12-12","","2026-10-03T13:35:38.380Z","","","true","Σ dailyNet[2024-10-02..asOf]","","","","not-configured","기준일 이후 누락: 누적순매수 미확정","true","false","2024-10-02","2026-10-02","","","cumulative","2024-10-02"
"aligned","KR","stock","001820","day","KRW","investmentTrust","2025-12-15","","주","한국투자증권 · 종목별 투자자매매동향(일별)","","2025-12-15","","2026-10-03T13:35:38.380Z","","","true","Σ dailyNet[2024-10-02..asOf]","","","","not-configured","기준일 이후 누락: 누적순매수 미확정","true","false","2024-10-02","2026-10-02","","","cumulative","2024-10-02"
"aligned","KR","stock","001820","day","KRW","investmentTrust","2025-12-16","","주","한국투자증권 · 종목별 투자자매매동향(일별)","","2025-12-16","","2026-10-03T13:35:38.380Z","","","true","Σ dailyNet[2024-10-02..asOf]","","","","not-configured","기준일 이후 누락: 누적순매수 미확정","true","false","2024-10-02","2026-10-02","","","cumulative","2024-10-02"
"aligned","KR","stock","001820","day","KRW","investmentTrust","2025-12-17","","주","한국투자증권 · 종목별 투자자매매동향(일별)","","2025-12-17","","2026-10-03T13:35:38.380Z","","","true","Σ dailyNet[2024-10-02..asOf]","","","","not-configured","기준일 이후 누락: 누적순매수 미확정","true","false","2024-10-02","2026-10-02","","","cumulative","2024-10-02"
"aligned","KR","stock","001820","day","KRW","investmentTrust","2025-12-18","","주","한국투자증권 · 종목별 투자자매매동향(일별)","","2025-12-18","","2026-10-03T13:35:38.380Z","","","true","Σ dailyNet[2024-10-02..asOf]","","","","not-configured","기준일 이후 누락: 누적순매수 미확정","true","false","2024-10-02","2026-10-02","","","cumulative","2024-10-02"
"aligned","KR","stock","001820","day","KRW","investmentTrust","2025-12-19","","주","한국투자증권 · 종목별 투자자매매동향(일별)","","2025-12-19","","2026-10-03T13:35:38.380Z","","","true","Σ dailyNet[2024-10-02..asOf]","","","","not-configured","기준일 이후 누락: 누적순매수 미확정","true","false","2024-10-02","2026-10-02","","","cumulative","2024-10-02"
"aligned","KR","stock","001820","day","KRW","investmentTrust","2025-12-22","","주","한국투자증권 · 종목별 투자자매매동향(일별)","","2025-12-22","","2026-10-03T13:35:38.380Z","","","true","Σ dailyNet[2024-10-02..asOf]","","","","not-configured","기준일 이후 누락: 누적순매수 미확정","true","false","2024-10-02","2026-10-02","","","cumulative","2024-10-02"
"aligned","KR","stock","001820","day","KRW","investmentTrust","2025-12-23","","주","한국투자증권 · 종목별 투자자매매동향(일별)","","2025-12-23","","2026-10-03T13:35:38.380Z","","","true","Σ dailyNet[2024-10-02..asOf]","","","","not-configured","기준일 이후 누락: 누적순매수 미확정","true","false","2024-10-02","2026-10-02","","","cumulative","2024-10-02"
"aligned","KR","stock","001820","day","KRW","investmentTrust","2025-12-24","","주","한국투자증권 · 종목별 투자자매매동향(일별)","","2025-12-24","","2026-10-03T13:35:38.380Z","","","true","Σ dailyNet[2024-10-02..asOf]","","","","not-configured","기준일 이후 누락: 누적순매수 미확정","true","false","2024-10-02","2026-10-02","","","cumulative","2024-10-02"
"aligned","KR","stock","001820","day","KRW","investmentTrust","2025-12-26","","주","한국투자증권 · 종목별 투자자매매동향(일별)","","2025-12-26","","2026-10-03T13:35:38.380Z","","","true","Σ dailyNet[2024-10-02..asOf]","","","","not-configured","기준일 이후 누락: 누적순매수 미확정","true","false","2024-10-02","2026-10-02","","","cumulative","2024-10-02"
"aligned","KR","stock","001820","day","KRW","investmentTrust","2025-12-29","","주","한국투자증권 · 종목별 투자자매매동향(일별)","","2025-12-29","","2026-10-03T13:35:38.380Z","","","true","Σ dailyNet[2024-10-02..asOf]","","","","not-configured","기준일 이후 누락: 누적순매수 미확정","true","false","2024-10-02","2026-10-02","","","cumulative","2024-10-02"
"aligned","KR","stock","001820","day","KRW","investmentTrust","2025-12-30","","주","한국투자증권 · 종목별 투자자매매동향(일별)","","2025-12-30","","2026-10-03T13:35:38.380Z","","","true","Σ dailyNet[2024-10-02..asOf]","","","","not-configured","기준일 이후 누락: 누적순매수 미확정","true","false","2024-10-02","2026-10-02","","","cumulative","2024-10-02"
"aligned","KR","stock","001820","day","KRW","investmentTrust","2026-01-02","","주","한국투자증권 · 종목별 투자자매매동향(일별)","","2026-01-02","","2026-10-03T13:35:38.380Z","","","true","Σ dailyNet[2024-10-02..asOf]","","","","not-configured","기준일 이후 누락: 누적순매수 미확정","true","false","2024-10-02","2026-10-02","","","cumulative","2024-10-02"
"aligned","KR","stock","001820","day","KRW","investmentTrust","2026-01-05","","주","한국투자증권 · 종목별 투자자매매동향(일별)","","2026-01-05","","2026-10-03T13:35:38.380Z","","","true","Σ dailyNet[2024-10-02..asOf]","","","","not-configured","기준일 이후 누락: 누적순매수 미확정","true","false","2024-10-02","2026-10-02","","","cumulative","2024-10-02"
"aligned","KR","stock","001820","day","KRW","investmentTrust","2026-01-06","","주","한국투자증권 · 종목별 투자자매매동향(일별)","","2026-01-06","","2026-10-03T13:35:38.380Z","","","true","Σ dailyNet[2024-10-02..asOf]","","","","not-configured","기준일 이후 누락: 누적순매수 미확정","true","false","2024-10-02","2026-10-02","","","cumulative","2024-10-02"
"aligned","KR","stock","001820","day","KRW","investmentTrust","2026-01-07","","주","한국투자증권 · 종목별 투자자매매동향(일별)","","2026-01-07","","2026-10-03T13:35:38.380Z","","","true","Σ dailyNet[2024-10-02..asOf]","","","","not-configured","기준일 이후 누락: 누적순매수 미확정","true","false","2024-10-02","2026-10-02","","","cumulative","2024-10-02"
"aligned","KR","stock","001820","day","KRW","investmentTrust","2026-01-08","","주","한국투자증권 · 종목별 투자자매매동향(일별)","","2026-01-08","","2026-10-03T13:35:38.380Z","","","true","Σ dailyNet[2024-10-02..asOf]","","","","not-configured","기준일 이후 누락: 누적순매수 미확정","true","false","2024-10-02","2026-10-02","","","cumulative","2024-10-02"
"aligned","KR","stock","001820","day","KRW","investmentTrust","2026-01-09","","주","한국투자증권 · 종목별 투자자매매동향(일별)","","2026-01-09","","2026-10-03T13:35:38.380Z","","","true","Σ dailyNet[2024-10-02..asOf]","","","","not-configured","기준일 이후 누락: 누적순매수 미확정","true","false","2024-10-02","2026-10-02","","","cumulative","2024-10-02"
"aligned","KR","stock","001820","day","KRW","investmentTrust","2026-01-12","","주","한국투자증권 · 종목별 투자자매매동향(일별)","","2026-01-12","","2026-10-03T13:35:38.380Z","","","true","Σ dailyNet[2024-10-02..asOf]","","","","not-configured","기준일 이후 누락: 누적순매수 미확정","true","false","2024-10-02","2026-10-02","","","cumulative","2024-10-02"
"aligned","KR","stock","001820","day","KRW","investmentTrust","2026-01-13","","주","한국투자증권 · 종목별 투자자매매동향(일별)","","2026-01-13","","2026-10-03T13:35:38.380Z","","","true","Σ dailyNet[2024-10-02..asOf]","","","","not-configured","기준일 이후 누락: 누적순매수 미확정","true","false","2024-10-02","2026-10-02","","","cumulative","2024-10-02"
"aligned","KR","stock","001820","day","KRW","investmentTrust","2026-01-14","","주","한국투자증권 · 종목별 투자자매매동향(일별)","","2026-01-14","","2026-10-03T13:35:38.380Z","","","true","Σ dailyNet[2024-10-02..asOf]","","","","not-configured","기준일 이후 누락: 누적순매수 미확정","true","false","2024-10-02","2026-10-02","","","cumulative","2024-10-02"
"aligned","KR","stock","001820","day","KRW","investmentTrust","2026-01-15","","주","한국투자증권 · 종목별 투자자매매동향(일별)","","2026-01-15","","2026-10-03T13:35:38.380Z","","","true","Σ dailyNet[2024-10-02..asOf]","","","","not-configured","기준일 이후 누락: 누적순매수 미확정","true","false","2024-10-02","2026-10-02","","","cumulative","2024-10-02"
"aligned","KR","stock","001820","day","KRW","investmentTrust","2026-01-16","","주","한국투자증권 · 종목별 투자자매매동향(일별)","","2026-01-16","","2026-10-03T13:35:38.380Z","","","true","Σ dailyNet[2024-10-02..asOf]","","","","not-configured","기준일 이후 누락: 누적순매수 미확정","true","false","2024-10-02","2026-10-02","","","cumulative","2024-10-02"
"aligned","KR","stock","001820","day","KRW","investmentTrust","2026-01-19","","주","한국투자증권 · 종목별 투자자매매동향(일별)","","2026-01-19","","2026-10-03T13:35:38.380Z","","","true","Σ dailyNet[2024-10-02..asOf]","","","","not-configured","기준일 이후 누락: 누적순매수 미확정","true","false","2024-10-02","2026-10-02","","","cumulative","2024-10-02"
"aligned","KR","stock","001820","day","KRW","investmentTrust","2026-01-20","","주","한국투자증권 · 종목별 투자자매매동향(일별)","","2026-01-20","","2026-10-03T13:35:38.380Z","","","true","Σ dailyNet[2024-10-02..asOf]","","","","not-configured","기준일 이후 누락: 누적순매수 미확정","true","false","2024-10-02","2026-10-02","","","cumulative","2024-10-02"
"aligned","KR","stock","001820","day","KRW","investmentTrust","2026-01-21","","주","한국투자증권 · 종목별 투자자매매동향(일별)","","2026-01-21","","2026-10-03T13:35:38.380Z","","","true","Σ dailyNet[2024-10-02..asOf]","","","","not-configured","기준일 이후 누락: 누적순매수 미확정","true","false","2024-10-02","2026-10-02","","","cumulative","2024-10-02"
"aligned","KR","stock","001820","day","KRW","investmentTrust","2026-01-22","","주","한국투자증권 · 종목별 투자자매매동향(일별)","","2026-01-22","","2026-10-03T13:35:38.380Z","","","true","Σ dailyNet[2024-10-02..asOf]","","","","not-configured","기준일 이후 누락: 누적순매수 미확정","true","false","2024-10-02","2026-10-02","","","cumulative","2024-10-02"
"aligned","KR","stock","001820","day","KRW","investmentTrust","2026-01-23","","주","한국투자증권 · 종목별 투자자매매동향(일별)","","2026-01-23","","2026-10-03T13:35:38.380Z","","","true","Σ dailyNet[2024-10-02..asOf]","","","","not-configured","기준일 이후 누락: 누적순매수 미확정","true","false","2024-10-02","2026-10-02","","","cumulative","2024-10-02"
"aligned","KR","stock","001820","day","KRW","investmentTrust","2026-01-26","","주","한국투자증권 · 종목별 투자자매매동향(일별)","","2026-01-26","","2026-10-03T13:35:38.380Z","","","true","Σ dailyNet[2024-10-02..asOf]","","","","not-configured","기준일 이후 누락: 누적순매수 미확정","true","false","2024-10-02","2026-10-02","","","cumulative","2024-10-02"
"aligned","KR","stock","001820","day","KRW","investmentTrust","2026-01-27","","주","한국투자증권 · 종목별 투자자매매동향(일별)","","2026-01-27","","2026-10-03T13:35:38.380Z","","","true","Σ dailyNet[2024-10-02..asOf]","","","","not-configured","기준일 이후 누락: 누적순매수 미확정","true","false","2024-10-02","2026-10-02","","","cumulative","2024-10-02"
"aligned","KR","stock","001820","day","KRW","investmentTrust","2026-01-28","","주","한국투자증권 · 종목별 투자자매매동향(일별)","","2026-01-28","","2026-10-03T13:35:38.380Z","","","true","Σ dailyNet[2024-10-02..asOf]","","","","not-configured","기준일 이후 누락: 누적순매수 미확정","true","false","2024-10-02","2026-10-02","","","cumulative","2024-10-02"
"aligned","KR","stock","001820","day","KRW","investmentTrust","2026-01-29","","주","한국투자증권 · 종목별 투자자매매동향(일별)","","2026-01-29","","2026-10-03T13:35:38.380Z","","","true","Σ dailyNet[2024-10-02..asOf]","","","","not-configured","기준일 이후 누락: 누적순매수 미확정","true","false","2024-10-02","2026-10-02","","","cumulative","2024-10-02"
"aligned","KR","stock","001820","day","KRW","investmentTrust","2026-01-30","","주","한국투자증권 · 종목별 투자자매매동향(일별)","","2026-01-30","","2026-10-03T13:35:38.380Z","","","true","Σ dailyNet[2024-10-02..asOf]","","","","not-configured","기준일 이후 누락: 누적순매수 미확정","true","false","2024-10-02","2026-10-02","","","cumulative","2024-10-02"
"aligned","KR","stock","001820","day","KRW","investmentTrust","2026-02-02","","주","한국투자증권 · 종목별 투자자매매동향(일별)","","2026-02-02","","2026-10-03T13:35:38.380Z","","","true","Σ dailyNet[2024-10-02..asOf]","","","","not-configured","기준일 이후 누락: 누적순매수 미확정","true","false","2024-10-02","2026-10-02","","","cumulative","2024-10-02"
"aligned","KR","stock","001820","day","KRW","investmentTrust","2026-02-03","","주","한국투자증권 · 종목별 투자자매매동향(일별)","","2026-02-03","","2026-10-03T13:35:38.380Z","","","true","Σ dailyNet[2024-10-02..asOf]","","","","not-configured","기준일 이후 누락: 누적순매수 미확정","true","false","2024-10-02","2026-10-02","","","cumulative","2024-10-02"
"aligned","KR","stock","001820","day","KRW","investmentTrust","2026-02-04","","주","한국투자증권 · 종목별 투자자매매동향(일별)","","2026-02-04","","2026-10-03T13:35:38.380Z","","","true","Σ dailyNet[2024-10-02..asOf]","","","","not-configured","기준일 이후 누락: 누적순매수 미확정","true","false","2024-10-02","2026-10-02","","","cumulative","2024-10-02"
"aligned","KR","stock","001820","day","KRW","investmentTrust","2026-02-05","","주","한국투자증권 · 종목별 투자자매매동향(일별)","","2026-02-05","","2026-10-03T13:35:38.380Z","","","true","Σ dailyNet[2024-10-02..asOf]","","","","not-configured","기준일 이후 누락: 누적순매수 미확정","true","false","2024-10-02","2026-10-02","","","cumulative","2024-10-02"
"aligned","KR","stock","001820","day","KRW","investmentTrust","2026-02-06","","주","한국투자증권 · 종목별 투자자매매동향(일별)","","2026-02-06","","2026-10-03T13:35:38.380Z","","","true","Σ dailyNet[2024-10-02..asOf]","","","","not-configured","기준일 이후 누락: 누적순매수 미확정","true","false","2024-10-02","2026-10-02","","","cumulative","2024-10-02"
"aligned","KR","stock","001820","day","KRW","investmentTrust","2026-02-09","","주","한국투자증권 · 종목별 투자자매매동향(일별)","","2026-02-09","","2026-10-03T13:35:38.380Z","","","true","Σ dailyNet[2024-10-02..asOf]","","","","not-configured","기준일 이후 누락: 누적순매수 미확정","true","false","2024-10-02","2026-10-02","","","cumulative","2024-10-02"
"aligned","KR","stock","001820","day","KRW","investmentTrust","2026-02-10","","주","한국투자증권 · 종목별 투자자매매동향(일별)","","2026-02-10","","2026-10-03T13:35:38.380Z","","","true","Σ dailyNet[2024-10-02..asOf]","","","","not-configured","기준일 이후 누락: 누적순매수 미확정","true","false","2024-10-02","2026-10-02","","","cumulative","2024-10-02"
"aligned","KR","stock","001820","day","KRW","investmentTrust","2026-02-11","","주","한국투자증권 · 종목별 투자자매매동향(일별)","","2026-02-11","","2026-10-03T13:35:38.380Z","","","true","Σ dailyNet[2024-10-02..asOf]","","","","not-configured","기준일 이후 누락: 누적순매수 미확정","true","false","2024-10-02","2026-10-02","","","cumulative","2024-10-02"
"aligned","KR","stock","001820","day","KRW","investmentTrust","2026-02-12","","주","한국투자증권 · 종목별 투자자매매동향(일별)","","2026-02-12","","2026-10-03T13:35:38.380Z","","","true","Σ dailyNet[2024-10-02..asOf]","","","","not-configured","기준일 이후 누락: 누적순매수 미확정","true","false","2024-10-02","2026-10-02","","","cumulative","2024-10-02"
"aligned","KR","stock","001820","day","KRW","investmentTrust","2026-02-13","","주","한국투자증권 · 종목별 투자자매매동향(일별)","","2026-02-13","","2026-10-03T13:35:38.380Z","","","true","Σ dailyNet[2024-10-02..asOf]","","","","not-configured","기준일 이후 누락: 누적순매수 미확정","true","false","2024-10-02","2026-10-02","","","cumulative","2024-10-02"
"aligned","KR","stock","001820","day","KRW","investmentTrust","2026-02-19","","주","한국투자증권 · 종목별 투자자매매동향(일별)","","2026-02-19","","2026-10-03T13:35:38.380Z","","","true","Σ dailyNet[2024-10-02..asOf]","","","","not-configured","기준일 이후 누락: 누적순매수 미확정","true","false","2024-10-02","2026-10-02","","","cumulative","2024-10-02"
"aligned","KR","stock","001820","day","KRW","investmentTrust","2026-02-20","","주","한국투자증권 · 종목별 투자자매매동향(일별)","","2026-02-20","","2026-10-03T13:35:38.380Z","","","true","Σ dailyNet[2024-10-02..asOf]","","","","not-configured","기준일 이후 누락: 누적순매수 미확정","true","false","2024-10-02","2026-10-02","","","cumulative","2024-10-02"
"aligned","KR","stock","001820","day","KRW","investmentTrust","2026-02-23","","주","한국투자증권 · 종목별 투자자매매동향(일별)","","2026-02-23","","2026-10-03T13:35:38.380Z","","","true","Σ dailyNet[2024-10-02..asOf]","","","","not-configured","기준일 이후 누락: 누적순매수 미확정","true","false","2024-10-02","2026-10-02","","","cumulative","2024-10-02"
"aligned","KR","stock","001820","day","KRW","investmentTrust","2026-02-24","","주","한국투자증권 · 종목별 투자자매매동향(일별)","","2026-02-24","","2026-10-03T13:35:38.380Z","","","true","Σ dailyNet[2024-10-02..asOf]","","","","not-configured","기준일 이후 누락: 누적순매수 미확정","true","false","2024-10-02","2026-10-02","","","cumulative","2024-10-02"
"aligned","KR","stock","001820","day","KRW","investmentTrust","2026-02-25","","주","한국투자증권 · 종목별 투자자매매동향(일별)","","2026-02-25","","2026-10-03T13:35:38.380Z","","","true","Σ dailyNet[2024-10-02..asOf]","","","","not-configured","기준일 이후 누락: 누적순매수 미확정","true","false","2024-10-02","2026-10-02","","","cumulative","2024-10-02"
"aligned","KR","stock","001820","day","KRW","investmentTrust","2026-02-26","","주","한국투자증권 · 종목별 투자자매매동향(일별)","","2026-02-26","","2026-10-03T13:35:38.380Z","","","true","Σ dailyNet[2024-10-02..asOf]","","","","not-configured","기준일 이후 누락: 누적순매수 미확정","true","false","2024-10-02","2026-10-02","","","cumulative","2024-10-02"
"aligned","KR","stock","001820","day","KRW","investmentTrust","2026-02-27","","주","한국투자증권 · 종목별 투자자매매동향(일별)","","2026-02-27","","2026-10-03T13:35:38.380Z","","","true","Σ dailyNet[2024-10-02..asOf]","","","","not-configured","기준일 이후 누락: 누적순매수 미확정","true","false","2024-10-02","2026-10-02","","","cumulative","2024-10-02"
"aligned","KR","stock","001820","day","KRW","investmentTrust","2026-03-03","","주","한국투자증권 · 종목별 투자자매매동향(일별)","","2026-03-03","","2026-10-03T13:35:38.380Z","","","true","Σ dailyNet[2024-10-02..asOf]","","","","not-configured","기준일 이후 누락: 누적순매수 미확정","true","false","2024-10-02","2026-10-02","","","cumulative","2024-10-02"
"aligned","KR","stock","001820","day","KRW","investmentTrust","2026-03-04","","주","한국투자증권 · 종목별 투자자매매동향(일별)","","2026-03-04","","2026-10-03T13:35:38.380Z","","","true","Σ dailyNet[2024-10-02..asOf]","","","","not-configured","기준일 이후 누락: 누적순매수 미확정","true","false","2024-10-02","2026-10-02","","","cumulative","2024-10-02"
"aligned","KR","stock","001820","day","KRW","investmentTrust","2026-03-05","","주","한국투자증권 · 종목별 투자자매매동향(일별)","","2026-03-05","","2026-10-03T13:35:38.380Z","","","true","Σ dailyNet[2024-10-02..asOf]","","","","not-configured","기준일 이후 누락: 누적순매수 미확정","true","false","2024-10-02","2026-10-02","","","cumulative","2024-10-02"
"aligned","KR","stock","001820","day","KRW","investmentTrust","2026-03-06","","주","한국투자증권 · 종목별 투자자매매동향(일별)","","2026-03-06","","2026-10-03T13:35:38.380Z","","","true","Σ dailyNet[2024-10-02..asOf]","","","","not-configured","기준일 이후 누락: 누적순매수 미확정","true","false","2024-10-02","2026-10-02","","","cumulative","2024-10-02"
"aligned","KR","stock","001820","day","KRW","investmentTrust","2026-03-09","","주","한국투자증권 · 종목별 투자자매매동향(일별)","","2026-03-09","","2026-10-03T13:35:38.380Z","","","true","Σ dailyNet[2024-10-02..asOf]","","","","not-configured","기준일 이후 누락: 누적순매수 미확정","true","false","2024-10-02","2026-10-02","","","cumulative","2024-10-02"
"aligned","KR","stock","001820","day","KRW","investmentTrust","2026-03-10","","주","한국투자증권 · 종목별 투자자매매동향(일별)","","2026-03-10","","2026-10-03T13:35:38.380Z","","","true","Σ dailyNet[2024-10-02..asOf]","","","","not-configured","기준일 이후 누락: 누적순매수 미확정","true","false","2024-10-02","2026-10-02","","","cumulative","2024-10-02"
"aligned","KR","stock","001820","day","KRW","investmentTrust","2026-03-11","","주","한국투자증권 · 종목별 투자자매매동향(일별)","","2026-03-11","","2026-10-03T13:35:38.380Z","","","true","Σ dailyNet[2024-10-02..asOf]","","","","not-configured","기준일 이후 누락: 누적순매수 미확정","true","false","2024-10-02","2026-10-02","","","cumulative","2024-10-02"
"aligned","KR","stock","001820","day","KRW","investmentTrust","2026-03-12","","주","한국투자증권 · 종목별 투자자매매동향(일별)","","2026-03-12","","2026-10-03T13:35:38.380Z","","","true","Σ dailyNet[2024-10-02..asOf]","","","","not-configured","기준일 이후 누락: 누적순매수 미확정","true","false","2024-10-02","2026-10-02","","","cumulative","2024-10-02"
"aligned","KR","stock","001820","day","KRW","investmentTrust","2026-03-13","","주","한국투자증권 · 종목별 투자자매매동향(일별)","","2026-03-13","","2026-10-03T13:35:38.380Z","","","true","Σ dailyNet[2024-10-02..asOf]","","","","not-configured","기준일 이후 누락: 누적순매수 미확정","true","false","2024-10-02","2026-10-02","","","cumulative","2024-10-02"
"aligned","KR","stock","001820","day","KRW","investmentTrust","2026-03-16","","주","한국투자증권 · 종목별 투자자매매동향(일별)","","2026-03-16","","2026-10-03T13:35:38.380Z","","","true","Σ dailyNet[2024-10-02..asOf]","","","","not-configured","기준일 이후 누락: 누적순매수 미확정","true","false","2024-10-02","2026-10-02","","","cumulative","2024-10-02"
"aligned","KR","stock","001820","day","KRW","investmentTrust","2026-03-17","","주","한국투자증권 · 종목별 투자자매매동향(일별)","","2026-03-17","","2026-10-03T13:35:38.380Z","","","true","Σ dailyNet[2024-10-02..asOf]","","","","not-configured","기준일 이후 누락: 누적순매수 미확정","true","false","2024-10-02","2026-10-02","","","cumulative","2024-10-02"
"aligned","KR","stock","001820","day","KRW","investmentTrust","2026-03-18","","주","한국투자증권 · 종목별 투자자매매동향(일별)","","2026-03-18","","2026-10-03T13:35:38.380Z","","","true","Σ dailyNet[2024-10-02..asOf]","","","","not-configured","기준일 이후 누락: 누적순매수 미확정","true","false","2024-10-02","2026-10-02","","","cumulative","2024-10-02"
"aligned","KR","stock","001820","day","KRW","investmentTrust","2026-03-19","","주","한국투자증권 · 종목별 투자자매매동향(일별)","","2026-03-19","","2026-10-03T13:35:38.380Z","","","true","Σ dailyNet[2024-10-02..asOf]","","","","not-configured","기준일 이후 누락: 누적순매수 미확정","true","false","2024-10-02","2026-10-02","","","cumulative","2024-10-02"
"aligned","KR","stock","001820","day","KRW","investmentTrust","2026-03-20","","주","한국투자증권 · 종목별 투자자매매동향(일별)","","2026-03-20","","2026-10-03T13:35:38.380Z","","","true","Σ dailyNet[2024-10-02..asOf]","","","","not-configured","기준일 이후 누락: 누적순매수 미확정","true","false","2024-10-02","2026-10-02","","","cumulative","2024-10-02"
"aligned","KR","stock","001820","day","KRW","investmentTrust","2026-03-23","","주","한국투자증권 · 종목별 투자자매매동향(일별)","","2026-03-23","","2026-10-03T13:35:38.380Z","","","true","Σ dailyNet[2024-10-02..asOf]","","","","not-configured","기준일 이후 누락: 누적순매수 미확정","true","false","2024-10-02","2026-10-02","","","cumulative","2024-10-02"
"aligned","KR","stock","001820","day","KRW","investmentTrust","2026-03-24","","주","한국투자증권 · 종목별 투자자매매동향(일별)","","2026-03-24","","2026-10-03T13:35:38.380Z","","","true","Σ dailyNet[2024-10-02..asOf]","","","","not-configured","기준일 이후 누락: 누적순매수 미확정","true","false","2024-10-02","2026-10-02","","","cumulative","2024-10-02"
"aligned","KR","stock","001820","day","KRW","investmentTrust","2026-03-25","","주","한국투자증권 · 종목별 투자자매매동향(일별)","","2026-03-25","","2026-10-03T13:35:38.380Z","","","true","Σ dailyNet[2024-10-02..asOf]","","","","not-configured","기준일 이후 누락: 누적순매수 미확정","true","false","2024-10-02","2026-10-02","","","cumulative","2024-10-02"
"aligned","KR","stock","001820","day","KRW","investmentTrust","2026-03-26","","주","한국투자증권 · 종목별 투자자매매동향(일별)","","2026-03-26","","2026-10-03T13:35:38.380Z","","","true","Σ dailyNet[2024-10-02..asOf]","","","","not-configured","기준일 이후 누락: 누적순매수 미확정","true","false","2024-10-02","2026-10-02","","","cumulative","2024-10-02"
"aligned","KR","stock","001820","day","KRW","investmentTrust","2026-03-27","","주","한국투자증권 · 종목별 투자자매매동향(일별)","","2026-03-27","","2026-10-03T13:35:38.380Z","","","true","Σ dailyNet[2024-10-02..asOf]","","","","not-configured","기준일 이후 누락: 누적순매수 미확정","true","false","2024-10-02","2026-10-02","","","cumulative","2024-10-02"
"aligned","KR","stock","001820","day","KRW","investmentTrust","2026-03-30","","주","한국투자증권 · 종목별 투자자매매동향(일별)","","2026-03-30","","2026-10-03T13:35:38.380Z","","","true","Σ dailyNet[2024-10-02..asOf]","","","","not-configured","기준일 이후 누락: 누적순매수 미확정","true","false","2024-10-02","2026-10-02","","","cumulative","2024-10-02"
"aligned","KR","stock","001820","day","KRW","investmentTrust","2026-03-31","","주","한국투자증권 · 종목별 투자자매매동향(일별)","","2026-03-31","","2026-10-03T13:35:38.380Z","","","true","Σ dailyNet[2024-10-02..asOf]","","","","not-configured","기준일 이후 누락: 누적순매수 미확정","true","false","2024-10-02","2026-10-02","","","cumulative","2024-10-02"
"aligned","KR","stock","001820","day","KRW","investmentTrust","2026-04-01","","주","한국투자증권 · 종목별 투자자매매동향(일별)","","2026-04-01","","2026-10-03T13:35:38.380Z","","","true","Σ dailyNet[2024-10-02..asOf]","","","","not-configured","기준일 이후 누락: 누적순매수 미확정","true","false","2024-10-02","2026-10-02","","","cumulative","2024-10-02"
"aligned","KR","stock","001820","day","KRW","investmentTrust","2026-04-02","","주","한국투자증권 · 종목별 투자자매매동향(일별)","","2026-04-02","","2026-10-03T13:35:38.380Z","","","true","Σ dailyNet[2024-10-02..asOf]","","","","not-configured","기준일 이후 누락: 누적순매수 미확정","true","false","2024-10-02","2026-10-02","","","cumulative","2024-10-02"
"aligned","KR","stock","001820","day","KRW","investmentTrust","2026-04-03","","주","한국투자증권 · 종목별 투자자매매동향(일별)","","2026-04-03","","2026-10-03T13:35:38.380Z","","","true","Σ dailyNet[2024-10-02..asOf]","","","","not-configured","기준일 이후 누락: 누적순매수 미확정","true","false","2024-10-02","2026-10-02","","","cumulative","2024-10-02"
"aligned","KR","stock","001820","day","KRW","investmentTrust","2026-04-06","","주","한국투자증권 · 종목별 투자자매매동향(일별)","","2026-04-06","","2026-10-03T13:35:38.380Z","","","true","Σ dailyNet[2024-10-02..asOf]","","","","not-configured","기준일 이후 누락: 누적순매수 미확정","true","false","2024-10-02","2026-10-02","","","cumulative","2024-10-02"
"aligned","KR","stock","001820","day","KRW","investmentTrust","2026-04-07","","주","한국투자증권 · 종목별 투자자매매동향(일별)","","2026-04-07","","2026-10-03T13:35:38.380Z","","","true","Σ dailyNet[2024-10-02..asOf]","","","","not-configured","기준일 이후 누락: 누적순매수 미확정","true","false","2024-10-02","2026-10-02","","","cumulative","2024-10-02"
"aligned","KR","stock","001820","day","KRW","investmentTrust","2026-04-08","","주","한국투자증권 · 종목별 투자자매매동향(일별)","","2026-04-08","","2026-10-03T13:35:38.380Z","","","true","Σ dailyNet[2024-10-02..asOf]","","","","not-configured","기준일 이후 누락: 누적순매수 미확정","true","false","2024-10-02","2026-10-02","","","cumulative","2024-10-02"
"aligned","KR","stock","001820","day","KRW","investmentTrust","2026-04-09","","주","한국투자증권 · 종목별 투자자매매동향(일별)","","2026-04-09","","2026-10-03T13:35:38.380Z","","","true","Σ dailyNet[2024-10-02..asOf]","","","","not-configured","기준일 이후 누락: 누적순매수 미확정","true","false","2024-10-02","2026-10-02","","","cumulative","2024-10-02"
"aligned","KR","stock","001820","day","KRW","investmentTrust","2026-04-10","","주","한국투자증권 · 종목별 투자자매매동향(일별)","","2026-04-10","","2026-10-03T13:35:38.380Z","","","true","Σ dailyNet[2024-10-02..asOf]","","","","not-configured","기준일 이후 누락: 누적순매수 미확정","true","false","2024-10-02","2026-10-02","","","cumulative","2024-10-02"
"aligned","KR","stock","001820","day","KRW","investmentTrust","2026-04-13","","주","한국투자증권 · 종목별 투자자매매동향(일별)","","2026-04-13","","2026-10-03T13:35:38.380Z","","","true","Σ dailyNet[2024-10-02..asOf]","","","","not-configured","기준일 이후 누락: 누적순매수 미확정","true","false","2024-10-02","2026-10-02","","","cumulative","2024-10-02"
"aligned","KR","stock","001820","day","KRW","investmentTrust","2026-04-14","","주","한국투자증권 · 종목별 투자자매매동향(일별)","","2026-04-14","","2026-10-03T13:35:38.380Z","","","true","Σ dailyNet[2024-10-02..asOf]","","","","not-configured","기준일 이후 누락: 누적순매수 미확정","true","false","2024-10-02","2026-10-02","","","cumulative","2024-10-02"
"aligned","KR","stock","001820","day","KRW","investmentTrust","2026-04-15","","주","한국투자증권 · 종목별 투자자매매동향(일별)","","2026-04-15","","2026-10-03T13:35:38.380Z","","","true","Σ dailyNet[2024-10-02..asOf]","","","","not-configured","기준일 이후 누락: 누적순매수 미확정","true","false","2024-10-02","2026-10-02","","","cumulative","2024-10-02"
"aligned","KR","stock","001820","day","KRW","investmentTrust","2026-04-16","","주","한국투자증권 · 종목별 투자자매매동향(일별)","","2026-04-16","","2026-10-03T13:35:38.380Z","","","true","Σ dailyNet[2024-10-02..asOf]","","","","not-configured","기준일 이후 누락: 누적순매수 미확정","true","false","2024-10-02","2026-10-02","","","cumulative","2024-10-02"
"aligned","KR","stock","001820","day","KRW","investmentTrust","2026-04-17","","주","한국투자증권 · 종목별 투자자매매동향(일별)","","2026-04-17","","2026-10-03T13:35:38.380Z","","","true","Σ dailyNet[2024-10-02..asOf]","","","","not-configured","기준일 이후 누락: 누적순매수 미확정","true","false","2024-10-02","2026-10-02","","","cumulative","2024-10-02"
"aligned","KR","stock","001820","day","KRW","investmentTrust","2026-04-20","","주","한국투자증권 · 종목별 투자자매매동향(일별)","","2026-04-20","","2026-10-03T13:35:38.380Z","","","true","Σ dailyNet[2024-10-02..asOf]","","","","not-configured","기준일 이후 누락: 누적순매수 미확정","true","false","2024-10-02","2026-10-02","","","cumulative","2024-10-02"
"aligned","KR","stock","001820","day","KRW","investmentTrust","2026-04-21","","주","한국투자증권 · 종목별 투자자매매동향(일별)","","2026-04-21","","2026-10-03T13:35:38.380Z","","","true","Σ dailyNet[2024-10-02..asOf]","","","","not-configured","기준일 이후 누락: 누적순매수 미확정","true","false","2024-10-02","2026-10-02","","","cumulative","2024-10-02"
"aligned","KR","stock","001820","day","KRW","investmentTrust","2026-04-22","","주","한국투자증권 · 종목별 투자자매매동향(일별)","","2026-04-22","","2026-10-03T13:35:38.380Z","","","true","Σ dailyNet[2024-10-02..asOf]","","","","not-configured","기준일 이후 누락: 누적순매수 미확정","true","false","2024-10-02","2026-10-02","","","cumulative","2024-10-02"
"aligned","KR","stock","001820","day","KRW","investmentTrust","2026-04-23","","주","한국투자증권 · 종목별 투자자매매동향(일별)","","2026-04-23","","2026-10-03T13:35:38.380Z","","","true","Σ dailyNet[2024-10-02..asOf]","","","","not-configured","기준일 이후 누락: 누적순매수 미확정","true","false","2024-10-02","2026-10-02","","","cumulative","2024-10-02"
"aligned","KR","stock","001820","day","KRW","investmentTrust","2026-04-24","","주","한국투자증권 · 종목별 투자자매매동향(일별)","","2026-04-24","","2026-10-03T13:35:38.380Z","","","true","Σ dailyNet[2024-10-02..asOf]","","","","not-configured","기준일 이후 누락: 누적순매수 미확정","true","false","2024-10-02","2026-10-02","","","cumulative","2024-10-02"
"aligned","KR","stock","001820","day","KRW","investmentTrust","2026-04-27","","주","한국투자증권 · 종목별 투자자매매동향(일별)","","2026-04-27","","2026-10-03T13:35:38.380Z","","","true","Σ dailyNet[2024-10-02..asOf]","","","","not-configured","기준일 이후 누락: 누적순매수 미확정","true","false","2024-10-02","2026-10-02","","","cumulative","2024-10-02"
"aligned","KR","stock","001820","day","KRW","investmentTrust","2026-04-28","","주","한국투자증권 · 종목별 투자자매매동향(일별)","","2026-04-28","","2026-10-03T13:35:38.380Z","","","true","Σ dailyNet[2024-10-02..asOf]","","","","not-configured","기준일 이후 누락: 누적순매수 미확정","true","false","2024-10-02","2026-10-02","","","cumulative","2024-10-02"
"aligned","KR","stock","001820","day","KRW","investmentTrust","2026-04-29","","주","한국투자증권 · 종목별 투자자매매동향(일별)","","2026-04-29","","2026-10-03T13:35:38.380Z","","","true","Σ dailyNet[2024-10-02..asOf]","","","","not-configured","기준일 이후 누락: 누적순매수 미확정","true","false","2024-10-02","2026-10-02","","","cumulative","2024-10-02"
"aligned","KR","stock","001820","day","KRW","investmentTrust","2026-04-30","","주","한국투자증권 · 종목별 투자자매매동향(일별)","","2026-04-30","","2026-10-03T13:35:38.380Z","","","true","Σ dailyNet[2024-10-02..asOf]","","","","not-configured","기준일 이후 누락: 누적순매수 미확정","true","false","2024-10-02","2026-10-02","","","cumulative","2024-10-02"
"aligned","KR","stock","001820","day","KRW","investmentTrust","2026-05-04","","주","한국투자증권 · 종목별 투자자매매동향(일별)","","2026-05-04","","2026-10-03T13:35:38.380Z","","","true","Σ dailyNet[2024-10-02..asOf]","","","","not-configured","기준일 이후 누락: 누적순매수 미확정","true","false","2024-10-02","2026-10-02","","","cumulative","2024-10-02"
"aligned","KR","stock","001820","day","KRW","investmentTrust","2026-05-06","","주","한국투자증권 · 종목별 투자자매매동향(일별)","","2026-05-06","","2026-10-03T13:35:38.380Z","","","true","Σ dailyNet[2024-10-02..asOf]","","","","not-configured","기준일 이후 누락: 누적순매수 미확정","true","false","2024-10-02","2026-10-02","","","cumulative","2024-10-02"
"aligned","KR","stock","001820","day","KRW","investmentTrust","2026-05-07","","주","한국투자증권 · 종목별 투자자매매동향(일별)","","2026-05-07","","2026-10-03T13:35:38.380Z","","","true","Σ dailyNet[2024-10-02..asOf]","","","","not-configured","기준일 이후 누락: 누적순매수 미확정","true","false","2024-10-02","2026-10-02","","","cumulative","2024-10-02"
"aligned","KR","stock","001820","day","KRW","investmentTrust","2026-05-08","","주","한국투자증권 · 종목별 투자자매매동향(일별)","","2026-05-08","","2026-10-03T13:35:38.380Z","","","true","Σ dailyNet[2024-10-02..asOf]","","","","not-configured","기준일 이후 누락: 누적순매수 미확정","true","false","2024-10-02","2026-10-02","","","cumulative","2024-10-02"
"aligned","KR","stock","001820","day","KRW","investmentTrust","2026-05-11","","주","한국투자증권 · 종목별 투자자매매동향(일별)","","2026-05-11","","2026-10-03T13:35:38.380Z","","","true","Σ dailyNet[2024-10-02..asOf]","","","","not-configured","기준일 이후 누락: 누적순매수 미확정","true","false","2024-10-02","2026-10-02","","","cumulative","2024-10-02"
"aligned","KR","stock","001820","day","KRW","investmentTrust","2026-05-12","","주","한국투자증권 · 종목별 투자자매매동향(일별)","","2026-05-12","","2026-10-03T13:35:38.380Z","","","true","Σ dailyNet[2024-10-02..asOf]","","","","not-configured","기준일 이후 누락: 누적순매수 미확정","true","false","2024-10-02","2026-10-02","","","cumulative","2024-10-02"
"aligned","KR","stock","001820","day","KRW","investmentTrust","2026-05-13","","주","한국투자증권 · 종목별 투자자매매동향(일별)","","2026-05-13","","2026-10-03T13:35:38.380Z","","","true","Σ dailyNet[2024-10-02..asOf]","","","","not-configured","기준일 이후 누락: 누적순매수 미확정","true","false","2024-10-02","2026-10-02","","","cumulative","2024-10-02"
"aligned","KR","stock","001820","day","KRW","investmentTrust","2026-05-14","","주","한국투자증권 · 종목별 투자자매매동향(일별)","","2026-05-14","","2026-10-03T13:35:38.380Z","","","true","Σ dailyNet[2024-10-02..asOf]","","","","not-configured","기준일 이후 누락: 누적순매수 미확정","true","false","2024-10-02","2026-10-02","","","cumulative","2024-10-02"
"aligned","KR","stock","001820","day","KRW","investmentTrust","2026-05-15","","주","한국투자증권 · 종목별 투자자매매동향(일별)","","2026-05-15","","2026-10-03T13:35:38.380Z","","","true","Σ dailyNet[2024-10-02..asOf]","","","","not-configured","기준일 이후 누락: 누적순매수 미확정","true","false","2024-10-02","2026-10-02","","","cumulative","2024-10-02"
"aligned","KR","stock","001820","day","KRW","investmentTrust","2026-05-18","","주","한국투자증권 · 종목별 투자자매매동향(일별)","","2026-05-18","","2026-10-03T13:35:38.380Z","","","true","Σ dailyNet[2024-10-02..asOf]","","","","not-configured","기준일 이후 누락: 누적순매수 미확정","true","false","2024-10-02","2026-10-02","","","cumulative","2024-10-02"
"aligned","KR","stock","001820","day","KRW","investmentTrust","2026-05-19","","주","한국투자증권 · 종목별 투자자매매동향(일별)","","2026-05-19","","2026-10-03T13:35:38.380Z","","","true","Σ dailyNet[2024-10-02..asOf]","","","","not-configured","기준일 이후 누락: 누적순매수 미확정","true","false","2024-10-02","2026-10-02","","","cumulative","2024-10-02"
"aligned","KR","stock","001820","day","KRW","investmentTrust","2026-05-20","","주","한국투자증권 · 종목별 투자자매매동향(일별)","","2026-05-20","","2026-10-03T13:35:38.380Z","","","true","Σ dailyNet[2024-10-02..asOf]","","","","not-configured","기준일 이후 누락: 누적순매수 미확정","true","false","2024-10-02","2026-10-02","","","cumulative","2024-10-02"
"aligned","KR","stock","001820","day","KRW","investmentTrust","2026-05-21","","주","한국투자증권 · 종목별 투자자매매동향(일별)","","2026-05-21","","2026-10-03T13:35:38.380Z","","","true","Σ dailyNet[2024-10-02..asOf]","","","","not-configured","기준일 이후 누락: 누적순매수 미확정","true","false","2024-10-02","2026-10-02","","","cumulative","2024-10-02"
"aligned","KR","stock","001820","day","KRW","investmentTrust","2026-05-22","","주","한국투자증권 · 종목별 투자자매매동향(일별)","","2026-05-22","","2026-10-03T13:35:38.380Z","","","true","Σ dailyNet[2024-10-02..asOf]","","","","not-configured","기준일 이후 누락: 누적순매수 미확정","true","false","2024-10-02","2026-10-02","","","cumulative","2024-10-02"
"aligned","KR","stock","001820","day","KRW","investmentTrust","2026-05-26","","주","한국투자증권 · 종목별 투자자매매동향(일별)","","2026-05-26","","2026-10-03T13:35:38.380Z","","","true","Σ dailyNet[2024-10-02..asOf]","","","","not-configured","기준일 이후 누락: 누적순매수 미확정","true","false","2024-10-02","2026-10-02","","","cumulative","2024-10-02"
"aligned","KR","stock","001820","day","KRW","investmentTrust","2026-05-27","","주","한국투자증권 · 종목별 투자자매매동향(일별)","","2026-05-27","","2026-10-03T13:35:38.380Z","","","true","Σ dailyNet[2024-10-02..asOf]","","","","not-configured","기준일 이후 누락: 누적순매수 미확정","true","false","2024-10-02","2026-10-02","","","cumulative","2024-10-02"
"aligned","KR","stock","001820","day","KRW","investmentTrust","2026-05-28","","주","한국투자증권 · 종목별 투자자매매동향(일별)","","2026-05-28","","2026-10-03T13:35:38.380Z","","","true","Σ dailyNet[2024-10-02..asOf]","","","","not-configured","기준일 이후 누락: 누적순매수 미확정","true","false","2024-10-02","2026-10-02","","","cumulative","2024-10-02"
"aligned","KR","stock","001820","day","KRW","investmentTrust","2026-05-29","","주","한국투자증권 · 종목별 투자자매매동향(일별)","","2026-05-29","","2026-10-03T13:35:38.380Z","","","true","Σ dailyNet[2024-10-02..asOf]","","","","not-configured","기준일 이후 누락: 누적순매수 미확정","true","false","2024-10-02","2026-10-02","","","cumulative","2024-10-02"
"aligned","KR","stock","001820","day","KRW","investmentTrust","2026-06-01","","주","한국투자증권 · 종목별 투자자매매동향(일별)","","2026-06-01","","2026-10-03T13:35:38.380Z","","","true","Σ dailyNet[2024-10-02..asOf]","","","","not-configured","기준일 이후 누락: 누적순매수 미확정","true","false","2024-10-02","2026-10-02","","","cumulative","2024-10-02"
"aligned","KR","stock","001820","day","KRW","investmentTrust","2026-06-02","","주","한국투자증권 · 종목별 투자자매매동향(일별)","","2026-06-02","","2026-10-03T13:35:38.380Z","","","true","Σ dailyNet[2024-10-02..asOf]","","","","not-configured","기준일 이후 누락: 누적순매수 미확정","true","false","2024-10-02","2026-10-02","","","cumulative","2024-10-02"
"aligned","KR","stock","001820","day","KRW","investmentTrust","2026-06-04","","주","한국투자증권 · 종목별 투자자매매동향(일별)","","2026-06-04","","2026-10-03T13:35:38.380Z","","","true","Σ dailyNet[2024-10-02..asOf]","","","","not-configured","기준일 이후 누락: 누적순매수 미확정","true","false","2024-10-02","2026-10-02","","","cumulative","2024-10-02"
"aligned","KR","stock","001820","day","KRW","investmentTrust","2026-06-05","","주","한국투자증권 · 종목별 투자자매매동향(일별)","","2026-06-05","","2026-10-03T13:35:38.380Z","","","true","Σ dailyNet[2024-10-02..asOf]","","","","not-configured","기준일 이후 누락: 누적순매수 미확정","true","false","2024-10-02","2026-10-02","","","cumulative","2024-10-02"
"aligned","KR","stock","001820","day","KRW","investmentTrust","2026-06-08","","주","한국투자증권 · 종목별 투자자매매동향(일별)","","2026-06-08","","2026-10-03T13:35:38.380Z","","","true","Σ dailyNet[2024-10-02..asOf]","","","","not-configured","기준일 이후 누락: 누적순매수 미확정","true","false","2024-10-02","2026-10-02","","","cumulative","2024-10-02"
"aligned","KR","stock","001820","day","KRW","investmentTrust","2026-06-09","","주","한국투자증권 · 종목별 투자자매매동향(일별)","","2026-06-09","","2026-10-03T13:35:38.380Z","","","true","Σ dailyNet[2024-10-02..asOf]","","","","not-configured","기준일 이후 누락: 누적순매수 미확정","true","false","2024-10-02","2026-10-02","","","cumulative","2024-10-02"
"aligned","KR","stock","001820","day","KRW","investmentTrust","2026-06-10","","주","한국투자증권 · 종목별 투자자매매동향(일별)","","2026-06-10","","2026-10-03T13:35:38.380Z","","","true","Σ dailyNet[2024-10-02..asOf]","","","","not-configured","기준일 이후 누락: 누적순매수 미확정","true","false","2024-10-02","2026-10-02","","","cumulative","2024-10-02"
"aligned","KR","stock","001820","day","KRW","investmentTrust","2026-06-11","","주","한국투자증권 · 종목별 투자자매매동향(일별)","","2026-06-11","","2026-10-03T13:35:38.380Z","","","true","Σ dailyNet[2024-10-02..asOf]","","","","not-configured","기준일 이후 누락: 누적순매수 미확정","true","false","2024-10-02","2026-10-02","","","cumulative","2024-10-02"
"aligned","KR","stock","001820","day","KRW","investmentTrust","2026-06-12","","주","한국투자증권 · 종목별 투자자매매동향(일별)","","2026-06-12","","2026-10-03T13:35:38.380Z","","","true","Σ dailyNet[2024-10-02..asOf]","","","","not-configured","기준일 이후 누락: 누적순매수 미확정","true","false","2024-10-02","2026-10-02","","","cumulative","2024-10-02"
"aligned","KR","stock","001820","day","KRW","investmentTrust","2026-06-15","","주","한국투자증권 · 종목별 투자자매매동향(일별)","","2026-06-15","","2026-10-03T13:35:38.380Z","","","true","Σ dailyNet[2024-10-02..asOf]","","","","not-configured","기준일 이후 누락: 누적순매수 미확정","true","false","2024-10-02","2026-10-02","","","cumulative","2024-10-02"
"aligned","KR","stock","001820","day","KRW","investmentTrust","2026-06-16","","주","한국투자증권 · 종목별 투자자매매동향(일별)","","2026-06-16","","2026-10-03T13:35:38.380Z","","","true","Σ dailyNet[2024-10-02..asOf]","","","","not-configured","기준일 이후 누락: 누적순매수 미확정","true","false","2024-10-02","2026-10-02","","","cumulative","2024-10-02"
"aligned","KR","stock","001820","day","KRW","investmentTrust","2026-06-17","","주","한국투자증권 · 종목별 투자자매매동향(일별)","","2026-06-17","","2026-10-03T13:35:38.380Z","","","true","Σ dailyNet[2024-10-02..asOf]","","","","not-configured","기준일 이후 누락: 누적순매수 미확정","true","false","2024-10-02","2026-10-02","","","cumulative","2024-10-02"
"aligned","KR","stock","001820","day","KRW","investmentTrust","2026-06-18","","주","한국투자증권 · 종목별 투자자매매동향(일별)","","2026-06-18","","2026-10-03T13:35:38.380Z","","","true","Σ dailyNet[2024-10-02..asOf]","","","","not-configured","기준일 이후 누락: 누적순매수 미확정","true","false","2024-10-02","2026-10-02","","","cumulative","2024-10-02"
"aligned","KR","stock","001820","day","KRW","investmentTrust","2026-06-19","","주","한국투자증권 · 종목별 투자자매매동향(일별)","","2026-06-19","","2026-10-03T13:35:38.380Z","","","true","Σ dailyNet[2024-10-02..asOf]","","","","not-configured","기준일 이후 누락: 누적순매수 미확정","true","false","2024-10-02","2026-10-02","","","cumulative","2024-10-02"
"aligned","KR","stock","001820","day","KRW","investmentTrust","2026-06-22","","주","한국투자증권 · 종목별 투자자매매동향(일별)","","2026-06-22","","2026-10-03T13:35:38.380Z","","","true","Σ dailyNet[2024-10-02..asOf]","","","","not-configured","기준일 이후 누락: 누적순매수 미확정","true","false","2024-10-02","2026-10-02","","","cumulative","2024-10-02"
"aligned","KR","stock","001820","day","KRW","investmentTrust","2026-06-23","","주","한국투자증권 · 종목별 투자자매매동향(일별)","","2026-06-23","","2026-10-03T13:35:38.380Z","","","true","Σ dailyNet[2024-10-02..asOf]","","","","not-configured","기준일 이후 누락: 누적순매수 미확정","true","false","2024-10-02","2026-10-02","","","cumulative","2024-10-02"
"aligned","KR","stock","001820","day","KRW","investmentTrust","2026-06-24","","주","한국투자증권 · 종목별 투자자매매동향(일별)","","2026-06-24","","2026-10-03T13:35:38.380Z","","","true","Σ dailyNet[2024-10-02..asOf]","","","","not-configured","기준일 이후 누락: 누적순매수 미확정","true","false","2024-10-02","2026-10-02","","","cumulative","2024-10-02"
"aligned","KR","stock","001820","day","KRW","investmentTrust","2026-06-25","","주","한국투자증권 · 종목별 투자자매매동향(일별)","","2026-06-25","","2026-10-03T13:35:38.380Z","","","true","Σ dailyNet[2024-10-02..asOf]","","","","not-configured","기준일 이후 누락: 누적순매수 미확정","true","false","2024-10-02","2026-10-02","","","cumulative","2024-10-02"
"aligned","KR","stock","001820","day","KRW","investmentTrust","2026-06-26","","주","한국투자증권 · 종목별 투자자매매동향(일별)","","2026-06-26","","2026-10-03T13:35:38.380Z","","","true","Σ dailyNet[2024-10-02..asOf]","","","","not-configured","기준일 이후 누락: 누적순매수 미확정","true","false","2024-10-02","2026-10-02","","","cumulative","2024-10-02"
"aligned","KR","stock","001820","day","KRW","investmentTrust","2026-06-29","","주","한국투자증권 · 종목별 투자자매매동향(일별)","","2026-06-29","","2026-10-03T13:35:38.380Z","","","true","Σ dailyNet[2024-10-02..asOf]","","","","not-configured","기준일 이후 누락: 누적순매수 미확정","true","false","2024-10-02","2026-10-02","","","cumulative","2024-10-02"
"aligned","KR","stock","001820","day","KRW","investmentTrust","2026-06-30","","주","한국투자증권 · 종목별 투자자매매동향(일별)","","2026-06-30","","2026-10-03T13:35:38.380Z","","","true","Σ dailyNet[2024-10-02..asOf]","","","","not-configured","기준일 이후 누락: 누적순매수 미확정","true","false","2024-10-02","2026-10-02","","","cumulative","2024-10-02"
"aligned","KR","stock","001820","day","KRW","investmentTrust","2026-07-01","","주","한국투자증권 · 종목별 투자자매매동향(일별)","","2026-07-01","","2026-10-03T13:35:38.380Z","","","true","Σ dailyNet[2024-10-02..asOf]","","","","not-configured","기준일 이후 누락: 누적순매수 미확정","true","false","2024-10-02","2026-10-02","","","cumulative","2024-10-02"
"aligned","KR","stock","001820","day","KRW","investmentTrust","2026-07-02","","주","한국투자증권 · 종목별 투자자매매동향(일별)","","2026-07-02","","2026-10-03T13:35:38.380Z","","","true","Σ dailyNet[2024-10-02..asOf]","","","","not-configured","기준일 이후 누락: 누적순매수 미확정","true","false","2024-10-02","2026-10-02","","","cumulative","2024-10-02"
"aligned","KR","stock","001820","day","KRW","investmentTrust","2026-07-03","","주","한국투자증권 · 종목별 투자자매매동향(일별)","","2026-07-03","","2026-10-03T13:35:38.380Z","","","true","Σ dailyNet[2024-10-02..asOf]","","","","not-configured","기준일 이후 누락: 누적순매수 미확정","true","false","2024-10-02","2026-10-02","","","cumulative","2024-10-02"
"aligned","KR","stock","001820","day","KRW","investmentTrust","2026-07-06","","주","한국투자증권 · 종목별 투자자매매동향(일별)","","2026-07-06","","2026-10-03T13:35:38.380Z","","","true","Σ dailyNet[2024-10-02..asOf]","","","","not-configured","기준일 이후 누락: 누적순매수 미확정","true","false","2024-10-02","2026-10-02","","","cumulative","2024-10-02"
"aligned","KR","stock","001820","day","KRW","investmentTrust","2026-07-07","","주","한국투자증권 · 종목별 투자자매매동향(일별)","","2026-07-07","","2026-10-03T13:35:38.380Z","","","true","Σ dailyNet[2024-10-02..asOf]","","","","not-configured","기준일 이후 누락: 누적순매수 미확정","true","false","2024-10-02","2026-10-02","","","cumulative","2024-10-02"
"aligned","KR","stock","001820","day","KRW","investmentTrust","2026-07-08","","주","한국투자증권 · 종목별 투자자매매동향(일별)","","2026-07-08","","2026-10-03T13:35:38.380Z","","","true","Σ dailyNet[2024-10-02..asOf]","","","","not-configured","기준일 이후 누락: 누적순매수 미확정","true","false","2024-10-02","2026-10-02","","","cumulative","2024-10-02"
"aligned","KR","stock","001820","day","KRW","investmentTrust","2026-07-09","","주","한국투자증권 · 종목별 투자자매매동향(일별)","","2026-07-09","","2026-10-03T13:35:38.380Z","","","true","Σ dailyNet[2024-10-02..asOf]","","","","not-configured","기준일 이후 누락: 누적순매수 미확정","true","false","2024-10-02","2026-10-02","","","cumulative","2024-10-02"
"aligned","KR","stock","001820","day","KRW","investmentTrust","2026-07-10","","주","한국투자증권 · 종목별 투자자매매동향(일별)","","2026-07-10","","2026-10-03T13:35:38.380Z","","","true","Σ dailyNet[2024-10-02..asOf]","","","","not-configured","기준일 이후 누락: 누적순매수 미확정","true","false","2024-10-02","2026-10-02","","","cumulative","2024-10-02"
"aligned","KR","stock","001820","day","KRW","investmentTrust","2026-07-13","","주","한국투자증권 · 종목별 투자자매매동향(일별)","","2026-07-13","","2026-10-03T13:35:38.380Z","","","true","Σ dailyNet[2024-10-02..asOf]","","","","not-configured","기준일 이후 누락: 누적순매수 미확정","true","false","2024-10-02","2026-10-02","","","cumulative","2024-10-02"
"aligned","KR","stock","001820","day","KRW","investmentTrust","2026-07-14","","주","한국투자증권 · 종목별 투자자매매동향(일별)","","2026-07-14","","2026-10-03T13:35:38.380Z","","","true","Σ dailyNet[2024-10-02..asOf]","","","","not-configured","기준일 이후 누락: 누적순매수 미확정","true","false","2024-10-02","2026-10-02","","","cumulative","2024-10-02"
"aligned","KR","stock","001820","day","KRW","investmentTrust","2026-07-15","","주","한국투자증권 · 종목별 투자자매매동향(일별)","","2026-07-15","","2026-10-03T13:35:38.380Z","","","true","Σ dailyNet[2024-10-02..asOf]","","","","not-configured","기준일 이후 누락: 누적순매수 미확정","true","false","2024-10-02","2026-10-02","","","cumulative","2024-10-02"
"aligned","KR","stock","001820","day","KRW","investmentTrust","2026-07-16","","주","한국투자증권 · 종목별 투자자매매동향(일별)","","2026-07-16","","2026-10-03T13:35:38.380Z","","","true","Σ dailyNet[2024-10-02..asOf]","","","","not-configured","기준일 이후 누락: 누적순매수 미확정","true","false","2024-10-02","2026-10-02","","","cumulative","2024-10-02"
"aligned","KR","stock","001820","day","KRW","investmentTrust","2026-07-20","","주","한국투자증권 · 종목별 투자자매매동향(일별)","","2026-07-20","","2026-10-03T13:35:38.380Z","","","true","Σ dailyNet[2024-10-02..asOf]","","","","not-configured","기준일 이후 누락: 누적순매수 미확정","true","false","2024-10-02","2026-10-02","","","cumulative","2024-10-02"
"aligned","KR","stock","001820","day","KRW","investmentTrust","2026-07-21","","주","한국투자증권 · 종목별 투자자매매동향(일별)","","2026-07-21","","2026-10-03T13:35:38.380Z","","","true","Σ dailyNet[2024-10-02..asOf]","","","","not-configured","기준일 이후 누락: 누적순매수 미확정","true","false","2024-10-02","2026-10-02","","","cumulative","2024-10-02"
"aligned","KR","stock","001820","day","KRW","investmentTrust","2026-07-22","","주","한국투자증권 · 종목별 투자자매매동향(일별)","","2026-07-22","","2026-10-03T13:35:38.380Z","","","true","Σ dailyNet[2024-10-02..asOf]","","","","not-configured","기준일 이후 누락: 누적순매수 미확정","true","false","2024-10-02","2026-10-02","","","cumulative","2024-10-02"
"aligned","KR","stock","001820","day","KRW","investmentTrust","2026-07-23","","주","한국투자증권 · 종목별 투자자매매동향(일별)","","2026-07-23","","2026-10-03T13:35:38.380Z","","","true","Σ dailyNet[2024-10-02..asOf]","","","","not-configured","기준일 이후 누락: 누적순매수 미확정","true","false","2024-10-02","2026-10-02","","","cumulative","2024-10-02"
"aligned","KR","stock","001820","day","KRW","investmentTrust","2026-07-24","","주","한국투자증권 · 종목별 투자자매매동향(일별)","","2026-07-24","","2026-10-03T13:35:38.380Z","","","true","Σ dailyNet[2024-10-02..asOf]","","","","not-configured","기준일 이후 누락: 누적순매수 미확정","true","false","2024-10-02","2026-10-02","","","cumulative","2024-10-02"
"aligned","KR","stock","001820","day","KRW","investmentTrust","2026-07-27","","주","한국투자증권 · 종목별 투자자매매동향(일별)","","2026-07-27","","2026-10-03T13:35:38.380Z","","","true","Σ dailyNet[2024-10-02..asOf]","","","","not-configured","기준일 이후 누락: 누적순매수 미확정","true","false","2024-10-02","2026-10-02","","","cumulative","2024-10-02"
"aligned","KR","stock","001820","day","KRW","investmentTrust","2026-07-28","","주","한국투자증권 · 종목별 투자자매매동향(일별)","","2026-07-28","","2026-10-03T13:35:38.380Z","","","true","Σ dailyNet[2024-10-02..asOf]","","","","not-configured","기준일 이후 누락: 누적순매수 미확정","true","false","2024-10-02","2026-10-02","","","cumulative","2024-10-02"
"aligned","KR","stock","001820","day","KRW","investmentTrust","2026-07-29","","주","한국투자증권 · 종목별 투자자매매동향(일별)","","2026-07-29","","2026-10-03T13:35:38.380Z","","","true","Σ dailyNet[2024-10-02..asOf]","","","","not-configured","기준일 이후 누락: 누적순매수 미확정","true","false","2024-10-02","2026-10-02","","","cumulative","2024-10-02"
"aligned","KR","stock","001820","day","KRW","investmentTrust","2026-07-30","","주","한국투자증권 · 종목별 투자자매매동향(일별)","","2026-07-30","","2026-10-03T13:35:38.380Z","","","true","Σ dailyNet[2024-10-02..asOf]","","","","not-configured","기준일 이후 누락: 누적순매수 미확정","true","false","2024-10-02","2026-10-02","","","cumulative","2024-10-02"
"aligned","KR","stock","001820","day","KRW","investmentTrust","2026-07-31","","주","한국투자증권 · 종목별 투자자매매동향(일별)","","2026-07-31","","2026-10-03T13:35:38.380Z","","","true","Σ dailyNet[2024-10-02..asOf]","","","","not-configured","기준일 이후 누락: 누적순매수 미확정","true","false","2024-10-02","2026-10-02","","","cumulative","2024-10-02"
"aligned","KR","stock","001820","day","KRW","investmentTrust","2026-08-03","","주","한국투자증권 · 종목별 투자자매매동향(일별)","","2026-08-03","","2026-10-03T13:35:38.380Z","","","true","Σ dailyNet[2024-10-02..asOf]","","","","not-configured","기준일 이후 누락: 누적순매수 미확정","true","false","2024-10-02","2026-10-02","","","cumulative","2024-10-02"
"aligned","KR","stock","001820","day","KRW","investmentTrust","2026-08-04","","주","한국투자증권 · 종목별 투자자매매동향(일별)","","2026-08-04","","2026-10-03T13:35:38.380Z","","","true","Σ dailyNet[2024-10-02..asOf]","","","","not-configured","기준일 이후 누락: 누적순매수 미확정","true","false","2024-10-02","2026-10-02","","","cumulative","2024-10-02"
"aligned","KR","stock","001820","day","KRW","investmentTrust","2026-08-05","","주","한국투자증권 · 종목별 투자자매매동향(일별)","","2026-08-05","","2026-10-03T13:35:38.380Z","","","true","Σ dailyNet[2024-10-02..asOf]","","","","not-configured","기준일 이후 누락: 누적순매수 미확정","true","false","2024-10-02","2026-10-02","","","cumulative","2024-10-02"
"aligned","KR","stock","001820","day","KRW","investmentTrust","2026-08-06","","주","한국투자증권 · 종목별 투자자매매동향(일별)","","2026-08-06","","2026-10-03T13:35:38.380Z","","","true","Σ dailyNet[2024-10-02..asOf]","","","","not-configured","기준일 이후 누락: 누적순매수 미확정","true","false","2024-10-02","2026-10-02","","","cumulative","2024-10-02"
"aligned","KR","stock","001820","day","KRW","investmentTrust","2026-08-07","","주","한국투자증권 · 종목별 투자자매매동향(일별)","","2026-08-07","","2026-10-03T13:35:38.380Z","","","true","Σ dailyNet[2024-10-02..asOf]","","","","not-configured","기준일 이후 누락: 누적순매수 미확정","true","false","2024-10-02","2026-10-02","","","cumulative","2024-10-02"
"aligned","KR","stock","001820","day","KRW","investmentTrust","2026-08-10","","주","한국투자증권 · 종목별 투자자매매동향(일별)","","2026-08-10","","2026-10-03T13:35:38.380Z","","","true","Σ dailyNet[2024-10-02..asOf]","","","","not-configured","기준일 이후 누락: 누적순매수 미확정","true","false","2024-10-02","2026-10-02","","","cumulative","2024-10-02"
"aligned","KR","stock","001820","day","KRW","investmentTrust","2026-08-11","","주","한국투자증권 · 종목별 투자자매매동향(일별)","","2026-08-11","","2026-10-03T13:35:38.380Z","","","true","Σ dailyNet[2024-10-02..asOf]","","","","not-configured","기준일 이후 누락: 누적순매수 미확정","true","false","2024-10-02","2026-10-02","","","cumulative","2024-10-02"
"aligned","KR","stock","001820","day","KRW","investmentTrust","2026-08-12","","주","한국투자증권 · 종목별 투자자매매동향(일별)","","2026-08-12","","2026-10-03T13:35:38.380Z","","","true","Σ dailyNet[2024-10-02..asOf]","","","","not-configured","기준일 이후 누락: 누적순매수 미확정","true","false","2024-10-02","2026-10-02","","","cumulative","2024-10-02"
"aligned","KR","stock","001820","day","KRW","investmentTrust","2026-08-13","","주","한국투자증권 · 종목별 투자자매매동향(일별)","","2026-08-13","","2026-10-03T13:35:38.380Z","","","true","Σ dailyNet[2024-10-02..asOf]","","","","not-configured","기준일 이후 누락: 누적순매수 미확정","true","false","2024-10-02","2026-10-02","","","cumulative","2024-10-02"
"aligned","KR","stock","001820","day","KRW","investmentTrust","2026-08-14","","주","한국투자증권 · 종목별 투자자매매동향(일별)","","2026-08-14","","2026-10-03T13:35:38.380Z","","","true","Σ dailyNet[2024-10-02..asOf]","","","","not-configured","기준일 이후 누락: 누적순매수 미확정","true","false","2024-10-02","2026-10-02","","","cumulative","2024-10-02"
"aligned","KR","stock","001820","day","KRW","investmentTrust","2026-08-18","","주","한국투자증권 · 종목별 투자자매매동향(일별)","","2026-08-18","","2026-10-03T13:35:38.380Z","","","true","Σ dailyNet[2024-10-02..asOf]","","","","not-configured","기준일 이후 누락: 누적순매수 미확정","true","false","2024-10-02","2026-10-02","","","cumulative","2024-10-02"
"aligned","KR","stock","001820","day","KRW","investmentTrust","2026-08-19","","주","한국투자증권 · 종목별 투자자매매동향(일별)","","2026-08-19","","2026-10-03T13:35:38.380Z","","","true","Σ dailyNet[2024-10-02..asOf]","","","","not-configured","기준일 이후 누락: 누적순매수 미확정","true","false","2024-10-02","2026-10-02","","","cumulative","2024-10-02"
"aligned","KR","stock","001820","day","KRW","investmentTrust","2026-08-20","","주","한국투자증권 · 종목별 투자자매매동향(일별)","","2026-08-20","","2026-10-03T13:35:38.380Z","","","true","Σ dailyNet[2024-10-02..asOf]","","","","not-configured","기준일 이후 누락: 누적순매수 미확정","true","false","2024-10-02","2026-10-02","","","cumulative","2024-10-02"
"aligned","KR","stock","001820","day","KRW","investmentTrust","2026-08-21","","주","한국투자증권 · 종목별 투자자매매동향(일별)","","2026-08-21","","2026-10-03T13:35:38.380Z","","","true","Σ dailyNet[2024-10-02..asOf]","","","","not-configured","기준일 이후 누락: 누적순매수 미확정","true","false","2024-10-02","2026-10-02","","","cumulative","2024-10-02"
"aligned","KR","stock","001820","day","KRW","investmentTrust","2026-08-24","","주","한국투자증권 · 종목별 투자자매매동향(일별)","","2026-08-24","","2026-10-03T13:35:38.380Z","","","true","Σ dailyNet[2024-10-02..asOf]","","","","not-configured","기준일 이후 누락: 누적순매수 미확정","true","false","2024-10-02","2026-10-02","","","cumulative","2024-10-02"
"aligned","KR","stock","001820","day","KRW","investmentTrust","2026-08-25","","주","한국투자증권 · 종목별 투자자매매동향(일별)","","2026-08-25","","2026-10-03T13:35:38.380Z","","","true","Σ dailyNet[2024-10-02..asOf]","","","","not-configured","기준일 이후 누락: 누적순매수 미확정","true","false","2024-10-02","2026-10-02","","","cumulative","2024-10-02"
"aligned","KR","stock","001820","day","KRW","investmentTrust","2026-08-26","","주","한국투자증권 · 종목별 투자자매매동향(일별)","","2026-08-26","","2026-10-03T13:35:38.380Z","","","true","Σ dailyNet[2024-10-02..asOf]","","","","not-configured","기준일 이후 누락: 누적순매수 미확정","true","false","2024-10-02","2026-10-02","","","cumulative","2024-10-02"
"aligned","KR","stock","001820","day","KRW","investmentTrust","2026-08-27","","주","한국투자증권 · 종목별 투자자매매동향(일별)","","2026-08-27","","2026-10-03T13:35:38.380Z","","","true","Σ dailyNet[2024-10-02..asOf]","","","","not-configured","기준일 이후 누락: 누적순매수 미확정","true","false","2024-10-02","2026-10-02","","","cumulative","2024-10-02"
"aligned","KR","stock","001820","day","KRW","investmentTrust","2026-08-28","","주","한국투자증권 · 종목별 투자자매매동향(일별)","","2026-08-28","","2026-10-03T13:35:38.380Z","","","true","Σ dailyNet[2024-10-02..asOf]","","","","not-configured","기준일 이후 누락: 누적순매수 미확정","true","false","2024-10-02","2026-10-02","","","cumulative","2024-10-02"
"aligned","KR","stock","001820","day","KRW","investmentTrust","2026-08-31","","주","한국투자증권 · 종목별 투자자매매동향(일별)","","2026-08-31","","2026-10-03T13:35:38.380Z","","","true","Σ dailyNet[2024-10-02..asOf]","","","","not-configured","기준일 이후 누락: 누적순매수 미확정","true","false","2024-10-02","2026-10-02","","","cumulative","2024-10-02"
"aligned","KR","stock","001820","day","KRW","investmentTrust","2026-09-01","","주","한국투자증권 · 종목별 투자자매매동향(일별)","","2026-09-01","","2026-10-03T13:35:38.380Z","","","true","Σ dailyNet[2024-10-02..asOf]","","","","not-configured","기준일 이후 누락: 누적순매수 미확정","true","false","2024-10-02","2026-10-02","","","cumulative","2024-10-02"
"aligned","KR","stock","001820","day","KRW","investmentTrust","2026-09-02","","주","한국투자증권 · 종목별 투자자매매동향(일별)","","2026-09-02","","2026-10-03T13:35:38.380Z","","","true","Σ dailyNet[2024-10-02..asOf]","","","","not-configured","기준일 이후 누락: 누적순매수 미확정","true","false","2024-10-02","2026-10-02","","","cumulative","2024-10-02"
"aligned","KR","stock","001820","day","KRW","investmentTrust","2026-09-03","","주","한국투자증권 · 종목별 투자자매매동향(일별)","","2026-09-03","","2026-10-03T13:35:38.380Z","","","true","Σ dailyNet[2024-10-02..asOf]","","","","not-configured","기준일 이후 누락: 누적순매수 미확정","true","false","2024-10-02","2026-10-02","","","cumulative","2024-10-02"
"aligned","KR","stock","001820","day","KRW","investmentTrust","2026-09-04","","주","한국투자증권 · 종목별 투자자매매동향(일별)","","2026-09-04","","2026-10-03T13:35:38.380Z","","","true","Σ dailyNet[2024-10-02..asOf]","","","","not-configured","기준일 이후 누락: 누적순매수 미확정","true","false","2024-10-02","2026-10-02","","","cumulative","2024-10-02"
"aligned","KR","stock","001820","day","KRW","investmentTrust","2026-09-07","","주","한국투자증권 · 종목별 투자자매매동향(일별)","","2026-09-07","","2026-10-03T13:35:38.380Z","","","true","Σ dailyNet[2024-10-02..asOf]","","","","not-configured","기준일 이후 누락: 누적순매수 미확정","true","false","2024-10-02","2026-10-02","","","cumulative","2024-10-02"
"aligned","KR","stock","001820","day","KRW","investmentTrust","2026-09-08","","주","한국투자증권 · 종목별 투자자매매동향(일별)","","2026-09-08","","2026-10-03T13:35:38.380Z","","","true","Σ dailyNet[2024-10-02..asOf]","","","","not-configured","기준일 이후 누락: 누적순매수 미확정","true","false","2024-10-02","2026-10-02","","","cumulative","2024-10-02"
"aligned","KR","stock","001820","day","KRW","investmentTrust","2026-09-09","","주","한국투자증권 · 종목별 투자자매매동향(일별)","","2026-09-09","","2026-10-03T13:35:38.380Z","","","true","Σ dailyNet[2024-10-02..asOf]","","","","not-configured","기준일 이후 누락: 누적순매수 미확정","true","false","2024-10-02","2026-10-02","","","cumulative","2024-10-02"
"aligned","KR","stock","001820","day","KRW","investmentTrust","2026-09-10","","주","한국투자증권 · 종목별 투자자매매동향(일별)","","2026-09-10","","2026-10-03T13:35:38.380Z","","","true","Σ dailyNet[2024-10-02..asOf]","","","","not-configured","기준일 이후 누락: 누적순매수 미확정","true","false","2024-10-02","2026-10-02","","","cumulative","2024-10-02"
"aligned","KR","stock","001820","day","KRW","investmentTrust","2026-09-11","","주","한국투자증권 · 종목별 투자자매매동향(일별)","","2026-09-11","","2026-10-03T13:35:38.380Z","","","true","Σ dailyNet[2024-10-02..asOf]","","","","not-configured","기준일 이후 누락: 누적순매수 미확정","true","false","2024-10-02","2026-10-02","","","cumulative","2024-10-02"
"aligned","KR","stock","001820","day","KRW","investmentTrust","2026-09-14","","주","한국투자증권 · 종목별 투자자매매동향(일별)","","2026-09-14","","2026-10-03T13:35:38.380Z","","","true","Σ dailyNet[2024-10-02..asOf]","","","","not-configured","기준일 이후 누락: 누적순매수 미확정","true","false","2024-10-02","2026-10-02","","","cumulative","2024-10-02"
"aligned","KR","stock","001820","day","KRW","investmentTrust","2026-09-15","","주","한국투자증권 · 종목별 투자자매매동향(일별)","","2026-09-15","","2026-10-03T13:35:38.380Z","","","true","Σ dailyNet[2024-10-02..asOf]","","","","not-configured","기준일 이후 누락: 누적순매수 미확정","true","false","2024-10-02","2026-10-02","","","cumulative","2024-10-02"
"aligned","KR","stock","001820","day","KRW","investmentTrust","2026-09-16","","주","한국투자증권 · 종목별 투자자매매동향(일별)","","2026-09-16","","2026-10-03T13:35:38.380Z","","","true","Σ dailyNet[2024-10-02..asOf]","","","","not-configured","기준일 이후 누락: 누적순매수 미확정","true","false","2024-10-02","2026-10-02","","","cumulative","2024-10-02"
"aligned","KR","stock","001820","day","KRW","investmentTrust","2026-09-17","","주","한국투자증권 · 종목별 투자자매매동향(일별)","","2026-09-17","","2026-10-03T13:35:38.380Z","","","true","Σ dailyNet[2024-10-02..asOf]","","","","not-configured","기준일 이후 누락: 누적순매수 미확정","true","false","2024-10-02","2026-10-02","","","cumulative","2024-10-02"
"aligned","KR","stock","001820","day","KRW","investmentTrust","2026-09-18","","주","한국투자증권 · 종목별 투자자매매동향(일별)","","2026-09-18","","2026-10-03T13:35:38.380Z","","","true","Σ dailyNet[2024-10-02..asOf]","","","","not-configured","기준일 이후 누락: 누적순매수 미확정","true","false","2024-10-02","2026-10-02","","","cumulative","2024-10-02"
"aligned","KR","stock","001820","day","KRW","investmentTrust","2026-09-21","","주","한국투자증권 · 종목별 투자자매매동향(일별)","","2026-09-21","","2026-10-03T13:35:38.380Z","","","true","Σ dailyNet[2024-10-02..asOf]","","","","not-configured","기준일 이후 누락: 누적순매수 미확정","true","false","2024-10-02","2026-10-02","","","cumulative","2024-10-02"
"aligned","KR","stock","001820","day","KRW","investmentTrust","2026-09-22","","주","한국투자증권 · 종목별 투자자매매동향(일별)","","2026-09-22","","2026-10-03T13:35:38.380Z","","","true","Σ dailyNet[2024-10-02..asOf]","","","","not-configured","기준일 이후 누락: 누적순매수 미확정","true","false","2024-10-02","2026-10-02","","","cumulative","2024-10-02"
"aligned","KR","stock","001820","day","KRW","investmentTrust","2026-09-23","","주","한국투자증권 · 종목별 투자자매매동향(일별)","","2026-09-23","","2026-10-03T13:35:38.380Z","","","true","Σ dailyNet[2024-10-02..asOf]","","","","not-configured","기준일 이후 누락: 누적순매수 미확정","true","false","2024-10-02","2026-10-02","","","cumulative","2024-10-02"
"aligned","KR","stock","001820","day","KRW","investmentTrust","2026-09-28","","주","한국투자증권 · 종목별 투자자매매동향(일별)","","2026-09-28","","2026-10-03T13:35:38.380Z","","","true","Σ dailyNet[2024-10-02..asOf]","","","","not-configured","기준일 이후 누락: 누적순매수 미확정","true","false","2024-10-02","2026-10-02","","","cumulative","2024-10-02"
"aligned","KR","stock","001820","day","KRW","investmentTrust","2026-09-29","","주","한국투자증권 · 종목별 투자자매매동향(일별)","","2026-09-29","","2026-10-03T13:35:38.380Z","","","true","Σ dailyNet[2024-10-02..asOf]","","","","not-configured","기준일 이후 누락: 누적순매수 미확정","true","false","2024-10-02","2026-10-02","","","cumulative","2024-10-02"
"aligned","KR","stock","001820","day","KRW","investmentTrust","2026-09-30","","주","한국투자증권 · 종목별 투자자매매동향(일별)","","2026-09-30","","2026-10-03T13:35:38.380Z","","","true","Σ dailyNet[2024-10-02..asOf]","","","","not-configured","기준일 이후 누락: 누적순매수 미확정","true","false","2024-10-02","2026-10-02","","","cumulative","2024-10-02"
"aligned","KR","stock","001820","day","KRW","investmentTrust","2026-10-01","","주","한국투자증권 · 종목별 투자자매매동향(일별)","","2026-10-01","","2026-10-03T13:35:38.380Z","","","true","Σ dailyNet[2024-10-02..asOf]","","","","not-configured","기준일 이후 누락: 누적순매수 미확정","true","false","2024-10-02","2026-10-02","","","cumulative","2024-10-02"
"aligned","KR","stock","001820","day","KRW","investmentTrust","2026-10-02","","주","한국투자증권 · 종목별 투자자매매동향(일별)","","2026-10-02","","2026-10-03T13:35:38.380Z","","","true","Σ dailyNet[2024-10-02..asOf]","","","","not-configured","기준일 이후 누락: 누적순매수 미확정","true","false","2024-10-02","2026-10-02","","","cumulative","2024-10-02"